property_id,transaction_date,city,property_type,land_area,building_area,floors,bedrooms,bathrooms,carport,building_age,condition,certificate,road_width_m,distance_to_cbd_km,near_toll,near_transit,flood_prone,price
P000354,2022-01-02,bogor,rumah,195.0,290.0,2,7,5,1,9.0,sedang,HGB,2.5,23.0,0,0,0,1217.3
P000369,2022-01-02,tangerang_selatan,ruko,140.0,369.0,3,6,5,2,25.0,sedang,SHM,10.0,14.0,1,0,0,1832.3
P001438,2022-01-02,depok,rumah,90.0,87.0,2,2,2,1,8.0,baik,SHM,2.8,8.2,1,0,0,984.8
P001464,2022-01-02,tangerang_selatan,ruko,123.0,203.0,3,4,4,1,2.0,baik,SHM,10.0,9.4,1,0,0,2148.3
P001711,2022-01-02,surabaya,townhouse,144.0,184.0,2,4,3,2,1.0,baik,girik_ajb,5.3,16.1,0,1,0,1813.2
P002096,2022-01-02,tangerang_selatan,rumah,148.0,207.0,2,5,4,1,14.0,baik,HGB,2.7,11.6,0,0,0,1568.8
P002660,2022-01-02,tangerang_selatan,townhouse,130.0,223.0,2,6,4,1,7.0,baik,SHM,,7.9,1,0,0,2652.2
P003409,2022-01-02,depok,rumah,79.0,37.0,1,1,1,1,26.0,perlu_renovasi,HGB,3.2,5.6,1,1,1,524.0
P004536,2022-01-02,jakarta_selatan,rumah,97.0,139.0,3,5,5,2,4.0,sedang,SHM,4.8,11.8,0,0,0,2287.3
P005623,2022-01-02,bogor,rumah,90.0,38.0,1,1,1,2,1.0,baik,HGB,9.2,11.1,1,0,0,530.3
P006968,2022-01-02,jakarta_barat,rumah,191.0,108.0,1,2,2,2,19.0,baik,SHM,5.4,9.7,0,0,0,2709.3
P006972,2022-01-02,bekasi,townhouse,79.0,86.0,2,2,2,0,15.0,sedang,SHM,2.7,29.2,0,0,0,428.3
P008006,2022-01-02,bandung,ruko,84.0,110.0,2,1,1,2,30.0,perlu_renovasi,HGB,7.8,17.3,0,0,0,588.2
P000999,2022-01-03,yogyakarta,townhouse,66.0,98.0,2,2,2,1,15.0,perlu_renovasi,SHM,9.1,11.8,0,0,1,571.6
P001123,2022-01-03,surabaya,rumah,84.0,48.0,1,1,1,1,6.0,perlu_renovasi,SHM,14.5,17.6,0,0,1,504.1
P001525,2022-01-03,bandung,townhouse,61.0,112.0,3,3,2,1,11.0,sedang,HGB,,20.0,0,0,0,653.8
P005153,2022-01-03,depok,rumah,106.0,161.0,2,4,2,0,29.0,sedang,SHM,5.8,21.4,0,0,0,776.0
P006505,2022-01-03,surabaya,rumah,179.0,77.0,1,2,2,2,48.0,sedang,HGB,8.5,12.3,1,1,0,1567.4
P006776,2022-01-03,bekasi,rumah,157.0,58.0,1,2,1,3,17.0,perlu_renovasi,SHM,6.0,27.2,0,0,0,552.6
P006963,2022-01-03,bogor,rumah,274.0,347.0,2,9,6,3,9.0,sedang,HGB,8.3,11.4,0,0,0,2246.4
P007038,2022-01-03,bandung,rumah,113.0,67.0,1,2,2,1,12.0,baik,girik_ajb,5.1,4.9,1,1,0,1124.8
P007261,2022-01-03,semarang,townhouse,73.0,67.0,2,2,1,0,15.0,baik,HGB,5.9,13.2,0,0,0,471.6
P008520,2022-01-03,jakarta_selatan,rumah,187.0,128.0,2,3,3,2,5.0,baik,SHM,13.0,7.0,0,0,0,4973.3
P008586,2022-01-03,bekasi,rumah,131.0,52.0,1,2,2,2,,sedang,SHM,2.7,11.0,1,0,0,776.6
P009840,2022-01-03,yogyakarta,rumah,97.0,133.0,3,3,2,0,13.0,sedang,SHM,6.3,7.8,0,0,0,1021.3
P000246,2022-01-04,surabaya,rumah,146.0,151.0,2,5,5,1,35.0,perlu_renovasi,SHM,,20.1,1,1,0,737.1
P002563,2022-01-04,bandung,rumah,157.0,238.0,2,8,6,1,17.0,sedang,HGB,5.4,16.9,1,0,0,1451.3
P004246,2022-01-04,tangerang_selatan,rumah,94.0,166.0,3,4,4,0,13.0,baik,SHM,4.8,16.4,1,0,0,1060.5
P005039,2022-01-04,semarang,rumah,110.0,44.0,1,2,1,1,13.0,sedang,HGB,3.6,9.0,1,1,0,531.9
P005070,2022-01-04,depok,rumah,53.0,58.0,2,2,1,1,16.0,baik,HGB,4.1,13.0,1,0,0,512.2
P005795,2022-01-04,surabaya,ruko,64.0,84.0,3,0,1,0,5.0,baik,SHM,7.7,11.0,0,0,0,871.0
P002102,2022-01-05,jakarta_barat,rumah,211.0,203.0,2,5,5,2,18.0,sedang,SHM,9.1,10.2,1,1,0,2811.2
P002757,2022-01-05,surabaya,rumah,214.0,151.0,1,4,3,2,16.0,baik,SHM,3.3,7.4,0,0,0,2351.6
P003960,2022-01-05,bekasi,rumah,163.0,171.0,2,5,5,1,8.0,baik,SHM,7.6,7.2,0,0,0,1906.9
P007967,2022-01-05,depok,rumah,99.0,54.0,1,2,2,2,,baik,SHM,4.2,23.1,0,0,0,544.6
P009649,2022-01-05,jakarta_barat,rumah,99.0,141.0,3,4,4,1,13.0,sedang,HGB,9.1,10.3,1,1,0,1696.9
P009655,2022-01-05,surabaya,ruko,107.0,251.0,3,4,4,1,36.0,sedang,SHM,7.4,13.6,0,0,0,1281.3
P002128,2022-01-06,tangerang_selatan,rumah,187.0,84.0,1,2,2,2,22.0,sedang,girik_ajb,6.3,17.6,1,0,0,1161.8
P002506,2022-01-06,jakarta_selatan,townhouse,91.0,130.0,2,4,3,1,15.0,sedang,SHM,3.3,2.7,1,0,0,2529.4
P004881,2022-01-06,jakarta_barat,rumah,197.0,129.0,1,4,2,2,15.0,sedang,SHM,4.1,3.2,1,1,0,3266.0
P005471,2022-01-06,bogor,ruko,93.0,96.0,2,0,1,2,2.0,baik,SHM,,9.0,0,0,0,889.3
P006123,2022-01-06,bandung,ruko,138.0,280.0,4,5,5,2,5.0,baik,SHM,14.7,2.6,0,1,1,2230.7
P007575,2022-01-06,jakarta_selatan,rumah,61.0,111.0,3,4,3,2,9.0,sedang,SHM,6.2,11.4,0,1,0,1811.1
P007818,2022-01-06,bandung,rumah,242.0,182.0,1,4,4,2,1.0,baik,SHM,6.5,6.7,0,0,0,2346.3
P007928,2022-01-06,bekasi,rumah,192.0,96.0,1,3,2,4,6.0,baik,SHM,,27.8,1,0,0,906.2
P008372,2022-01-06,depok,townhouse,112.0,93.0,2,2,2,1,15.0,perlu_renovasi,SHM,10.2,7.9,0,0,0,856.4
P008836,2022-01-06,jakarta_selatan,rumah,171.0,170.0,2,5,5,2,5.0,baik,HGB,8.6,13.6,0,0,0,3079.6
P002371,2022-01-07,bekasi,rumah,90.0,50.0,1,1,1,2,7.0,baik,girik_ajb,4.5,27.3,0,0,0,304.8
P004796,2022-01-07,jakarta_barat,rumah,151.0,219.0,3,6,5,2,,sedang,SHM,4.9,14.0,0,0,0,1894.4
P005364,2022-01-07,semarang,rumah,71.0,124.0,2,4,3,0,6.0,baik,SHM,6.4,17.9,0,0,0,697.3
P006697,2022-01-07,tangerang_selatan,rumah,58.0,42.0,1,1,1,1,27.0,sedang,SHM,7.4,6.9,1,0,0,790.5
P007795,2022-01-07,bogor,rumah,172.0,130.0,2,3,3,1,23.0,baik,SHM,6.5,21.5,0,0,0,728.7
P009400,2022-01-07,bandung,rumah,107.0,64.0,1,1,1,2,23.0,baik,girik_ajb,2.2,10.5,0,0,0,497.8
P009511,2022-01-07,bogor,rumah,96.0,104.0,2,3,2,1,17.0,sedang,SHM,2.0,12.0,0,1,0,607.6
P009806,2022-01-07,surabaya,rumah,85.0,68.0,1,2,2,1,8.0,baik,HGB,5.6,18.2,0,0,0,695.0
P000016,2022-01-08,tangerang_selatan,rumah,195.0,89.0,1,3,2,2,8.0,baik,SHM,4.0,5.3,0,0,0,2380.3
P002443,2022-01-08,jakarta_barat,rumah,228.0,198.0,1,5,3,4,3.0,sedang,SHM,4.1,10.3,0,0,1,2410.7
P003194,2022-01-08,bandung,rumah,242.0,435.0,3,10,7,3,8.0,baik,girik_ajb,4.4,9.1,0,0,0,2490.9
P006457,2022-01-08,depok,townhouse,90.0,105.0,2,3,3,1,12.0,sedang,SHM,4.9,20.5,0,0,0,709.0
P007871,2022-01-08,jakarta_selatan,rumah,210.0,193.0,2,6,4,1,20.0,sedang,HGB,4.7,16.6,1,0,0,3132.9
P007898,2022-01-08,jakarta_selatan,rumah,104.0,37.0,1,1,1,3,13.0,perlu_renovasi,HGB,4.3,4.4,1,0,0,2362.2
P008083,2022-01-08,jakarta_selatan,townhouse,73.0,77.0,2,3,3,1,6.0,baik,SHM,4.3,17.4,0,0,0,1433.7
P009476,2022-01-08,yogyakarta,rumah,167.0,185.0,2,6,4,2,35.0,perlu_renovasi,HGB,4.5,17.5,0,0,0,697.2
P002210,2022-01-09,jakarta_selatan,townhouse,89.0,85.0,2,3,3,1,11.0,baik,HGB,4.5,4.4,1,0,0,2313.6
P005552,2022-01-09,jakarta_selatan,rumah,128.0,84.0,1,2,1,1,2.0,baik,SHM,8.5,8.0,0,0,0,3140.7
P006032,2022-01-09,bekasi,rumah,119.0,190.0,2,5,5,2,17.0,baik,HGB,5.3,25.4,0,1,0,1017.4
P000752,2022-01-10,tangerang_selatan,ruko,79.0,159.0,3,3,3,1,18.0,baik,HGB,8.2,8.8,1,0,0,1577.3
P001230,2022-01-10,jakarta_selatan,rumah,164.0,122.0,2,4,3,2,,baik,SHM,5.9,14.0,0,1,0,2581.5
P001645,2022-01-10,jakarta_barat,rumah,94.0,53.0,1,2,2,1,1.0,baik,SHM,4.8,13.0,1,1,0,1248.7
P002896,2022-01-10,jakarta_selatan,rumah,91.0,101.0,2,3,3,1,5.0,sedang,SHM,7.4,11.4,1,1,0,1965.4
P005438,2022-01-10,jakarta_barat,rumah,153.0,227.0,2,5,4,2,7.0,baik,SHM,2.6,11.6,0,0,0,2246.6
P006261,2022-01-10,semarang,rumah,79.0,35.0,1,1,1,2,18.0,baik,SHM,3.1,3.4,1,0,1,490.6
P006914,2022-01-10,bandung,rumah,119.0,215.0,3,6,4,1,5.0,baik,SHM,8.5,17.4,0,0,0,1431.5
P009823,2022-01-10,depok,townhouse,63.0,95.0,2,3,3,1,15.0,sedang,SHM,8.0,4.3,0,1,0,916.1
P000683,2022-01-11,jakarta_selatan,rumah,176.0,244.0,2,6,6,1,28.0,baik,SHM,4.7,15.0,1,0,0,2891.9
P002485,2022-01-11,surabaya,rumah,126.0,319.0,3,7,5,1,12.0,baik,SHM,3.8,15.4,1,0,0,2019.8
P004428,2022-01-11,jakarta_barat,rumah,123.0,54.0,1,1,1,1,,sedang,SHM,5.3,5.1,1,0,0,1919.8
P006075,2022-01-11,surabaya,townhouse,72.0,96.0,2,2,2,1,10.0,baik,HGB,5.6,17.4,1,0,0,881.7
P007439,2022-01-11,tangerang_selatan,rumah,74.0,71.0,2,2,1,0,19.0,sedang,SHM,2.8,6.2,1,1,0,897.8
P007647,2022-01-11,jakarta_selatan,rumah,180.0,123.0,1,4,3,2,12.0,baik,SHM,8.3,10.2,0,0,0,3465.8
P008002,2022-01-11,semarang,ruko,68.0,107.0,3,1,1,0,11.0,sedang,SHM,6.6,16.4,0,0,0,527.3
P008723,2022-01-11,bandung,rumah,116.0,138.0,2,3,2,2,11.0,sedang,SHM,4.9,18.5,1,0,0,779.4
P009084,2022-01-11,jakarta_barat,ruko,36.0,45.0,3,0,1,1,19.0,sedang,HGB,12.9,6.9,0,1,0,645.1
P000438,2022-01-12,depok,townhouse,65.0,86.0,2,2,2,1,15.0,baik,SHM,7.1,23.1,0,0,0,675.0
P000967,2022-01-12,yogyakarta,rumah,198.0,156.0,1,4,3,2,21.0,baik,SHM,6.4,11.2,0,0,0,1411.5
P002003,2022-01-12,yogyakarta,rumah,270.0,464.0,3,10,8,4,13.0,sedang,HGB,6.1,3.4,1,0,0,2948.0
P003614,2022-01-12,semarang,townhouse,67.0,78.0,2,2,2,2,12.0,sedang,SHM,7.4,14.5,0,1,0,635.2
P003817,2022-01-12,bekasi,townhouse,56.0,72.0,2,2,2,1,4.0,baik,SHM,10.5,16.5,0,0,0,485.0
P004167,2022-01-12,jakarta_selatan,ruko,59.0,147.0,4,3,3,1,9.0,baik,SHM,2.9,10.8,1,0,0,1821.7
P005037,2022-01-12,semarang,rumah,328.0,588.0,2,10,7,4,29.0,sedang,SHM,9.0,17.6,0,0,0,2051.3
P005271,2022-01-12,yogyakarta,ruko,94.0,276.0,4,6,6,1,38.0,sedang,SHM,6.6,7.7,1,0,0,1029.0
P005675,2022-01-12,depok,rumah,77.0,148.0,3,4,4,0,29.0,baik,SHM,10.1,6.7,0,1,0,914.3
P001354,2022-01-13,tangerang_selatan,rumah,75.0,51.0,1,1,1,2,13.0,baik,SHM,2.5,6.2,0,1,0,746.0
P003713,2022-01-13,yogyakarta,rumah,62.0,76.0,2,2,2,1,5.0,baik,HGB,5.6,19.6,0,0,0,528.8
P006940,2022-01-13,tangerang_selatan,townhouse,84.0,77.0,2,2,2,1,15.0,sedang,HGB,3.7,4.9,1,0,0,1075.7
P008034,2022-01-13,tangerang_selatan,ruko,91.0,133.0,3,1,1,1,16.0,sedang,SHM,7.7,23.0,0,0,0,1070.3
P009535,2022-01-13,semarang,ruko,214.0,277.0,2,6,4,2,,baik,girik_ajb,8.7,18.9,1,0,0,1351.7
P001553,2022-01-14,tangerang_selatan,ruko,55.0,136.0,4,2,2,1,10.0,baik,SHM,10.3,15.7,0,0,0,895.5
P003781,2022-01-14,jakarta_selatan,rumah,183.0,96.0,1,2,2,2,12.0,baik,SHM,12.3,8.4,1,0,1,4651.6
P004513,2022-01-14,semarang,ruko,58.0,105.0,3,1,1,0,9.0,baik,SHM,7.2,13.6,0,1,0,755.8
P004783,2022-01-14,semarang,rumah,72.0,41.0,1,1,1,1,7.0,baik,HGB,4.8,12.4,0,0,0,360.1
P005031,2022-01-14,jakarta_selatan,townhouse,112.0,129.0,2,5,5,1,15.0,baik,SHM,5.2,16.2,0,1,0,1956.6
P007375,2022-01-14,depok,ruko,63.0,132.0,3,2,2,1,31.0,perlu_renovasi,HGB,8.6,12.3,0,0,1,530.4
P007754,2022-01-14,surabaya,rumah,259.0,545.0,3,10,8,3,7.0,baik,SHM,5.7,7.8,1,0,0,4409.9
P007966,2022-01-14,surabaya,rumah,95.0,75.0,2,2,2,1,11.0,baik,SHM,7.1,19.4,0,0,0,736.7
P007992,2022-01-14,yogyakarta,townhouse,106.0,154.0,3,4,3,2,11.0,baik,SHM,8.2,5.7,1,1,0,1373.8
P008647,2022-01-14,bandung,rumah,262.0,354.0,3,9,6,3,17.0,sedang,HGB,6.4,8.7,0,1,0,2546.4
P008894,2022-01-14,tangerang_selatan,rumah,64.0,63.0,2,2,2,1,40.0,baik,SHM,6.6,5.5,0,1,0,1013.3
P009398,2022-01-14,surabaya,ruko,94.0,204.0,4,3,3,1,16.0,perlu_renovasi,SHM,8.4,4.0,0,0,0,1789.3
P009412,2022-01-14,bekasi,townhouse,72.0,91.0,2,3,3,1,,sedang,SHM,9.2,6.4,0,0,0,790.8
P000209,2022-01-15,jakarta_barat,rumah,127.0,74.0,1,2,1,2,6.0,baik,girik_ajb,4.7,7.4,1,0,0,1339.2
P002835,2022-01-15,bandung,ruko,64.0,113.0,3,2,1,0,6.0,baik,HGB,5.9,7.4,0,0,0,929.2
P005580,2022-01-15,bandung,ruko,70.0,95.0,2,1,1,1,16.0,sedang,HGB,7.6,11.2,0,0,0,744.0
P005863,2022-01-15,bogor,rumah,104.0,69.0,1,2,2,1,21.0,perlu_renovasi,SHM,5.8,14.0,1,0,0,535.3
P000701,2022-01-16,tangerang_selatan,ruko,63.0,81.0,4,0,1,1,9.0,sedang,HGB,6.9,19.8,0,0,1,549.6
P001019,2022-01-16,jakarta_selatan,rumah,143.0,156.0,3,5,5,1,8.0,baik,SHM,6.8,4.2,1,1,0,3422.8
P004087,2022-01-16,depok,rumah,204.0,151.0,1,4,4,3,23.0,baik,HGB,11.9,3.2,1,1,0,2156.8
P005413,2022-01-16,tangerang_selatan,ruko,56.0,76.0,3,0,1,1,17.0,perlu_renovasi,SHM,14.9,20.5,0,0,0,578.5
P006131,2022-01-16,tangerang_selatan,rumah,112.0,166.0,3,5,4,1,8.0,baik,SHM,7.0,3.6,1,1,1,1862.0
P006346,2022-01-16,bogor,ruko,60.0,126.0,3,2,1,1,10.0,baik,HGB,,4.1,1,0,0,866.4
P007081,2022-01-16,surabaya,rumah,97.0,102.0,2,2,2,1,33.0,perlu_renovasi,SHM,4.5,20.4,0,0,0,650.5
P007138,2022-01-16,tangerang_selatan,rumah,92.0,45.0,1,1,1,1,3.0,baik,SHM,7.0,7.2,0,1,0,1070.9
P009701,2022-01-16,jakarta_selatan,townhouse,43.0,71.0,3,2,2,0,15.0,sedang,SHM,6.3,5.1,0,0,0,1076.9
P004800,2022-01-17,bandung,rumah,212.0,311.0,2,10,6,2,34.0,baik,SHM,3.8,14.0,0,1,0,1511.4
P007837,2022-01-17,tangerang_selatan,ruko,94.0,78.0,2,1,1,1,11.0,baik,girik_ajb,3.6,3.4,1,0,0,1298.2
P009016,2022-01-17,surabaya,rumah,407.0,895.0,3,10,8,6,6.0,baik,SHM,6.8,13.4,0,0,0,5888.8
P009232,2022-01-17,surabaya,rumah,115.0,127.0,2,4,3,1,27.0,sedang,SHM,6.3,19.6,0,1,0,914.7
P009643,2022-01-17,semarang,rumah,80.0,28.0,1,1,1,2,6.0,perlu_renovasi,SHM,3.3,6.4,0,0,0,384.9
P001055,2022-01-18,tangerang_selatan,rumah,59.0,21.0,1,1,1,0,5.0,baik,HGB,4.1,10.0,0,1,0,702.9
P001178,2022-01-18,bekasi,townhouse,52.0,62.0,3,2,2,0,6.0,baik,HGB,4.6,21.9,0,0,0,420.7
P002017,2022-01-18,tangerang_selatan,rumah,89.0,160.0,3,4,3,1,34.0,perlu_renovasi,HGB,7.1,25.0,0,0,0,645.3
P006595,2022-01-18,yogyakarta,rumah,104.0,174.0,2,5,4,2,23.0,sedang,HGB,6.1,11.2,1,0,0,849.7
P008852,2022-01-18,jakarta_barat,ruko,103.0,189.0,3,2,2,1,5.0,baik,SHM,5.9,10.9,1,1,0,2825.0
P008913,2022-01-18,bogor,rumah,106.0,72.0,1,2,2,0,18.0,sedang,girik_ajb,3.4,29.6,1,0,0,351.5
P009180,2022-01-18,jakarta_selatan,rumah,57.0,70.0,2,2,2,1,20.0,sedang,SHM,2.4,5.6,0,0,1,1033.3
P004285,2022-01-19,semarang,rumah,112.0,60.0,1,1,1,1,36.0,sedang,SHM,6.3,11.6,0,0,0,556.7
P004304,2022-01-19,bekasi,rumah,203.0,309.0,2,10,8,3,35.0,perlu_renovasi,SHM,4.1,10.5,0,0,0,1273.9
P004308,2022-01-19,tangerang_selatan,ruko,40.0,83.0,3,0,1,0,17.0,sedang,girik_ajb,5.1,24.7,0,0,0,323.4
P004564,2022-01-19,surabaya,townhouse,56.0,58.0,2,2,2,0,4.0,sedang,SHM,2.9,20.0,0,0,0,427.2
P004882,2022-01-19,bogor,ruko,65.0,92.0,3,0,1,1,3.0,baik,SHM,3.8,23.6,0,1,1,538.3
P007546,2022-01-19,tangerang_selatan,ruko,76.0,157.0,3,2,2,0,11.0,baik,HGB,9.5,6.0,1,0,1,1361.9
P008826,2022-01-19,semarang,rumah,68.0,70.0,2,2,1,1,12.0,baik,SHM,4.0,11.9,1,0,1,455.2
P009190,2022-01-19,bandung,rumah,54.0,26.0,1,1,1,1,11.0,baik,HGB,5.7,13.3,0,0,0,309.7
P009375,2022-01-19,bogor,rumah,64.0,116.0,2,3,3,2,8.0,baik,SHM,4.8,14.8,0,0,0,590.3
P000169,2022-01-20,tangerang_selatan,rumah,114.0,125.0,2,4,4,0,18.0,sedang,HGB,4.9,22.6,0,0,0,785.9
P000703,2022-01-20,jakarta_barat,rumah,154.0,225.0,2,7,6,2,26.0,sedang,SHM,4.7,5.4,1,1,0,2869.8
P001443,2022-01-20,jakarta_barat,rumah,142.0,188.0,2,4,3,1,9.0,baik,HGB,4.1,7.6,1,0,0,2236.5
P003156,2022-01-20,tangerang_selatan,ruko,113.0,161.0,3,2,2,1,9.0,baik,SHM,11.7,20.9,0,0,0,1051.5
P006542,2022-01-20,tangerang_selatan,ruko,68.0,100.0,3,1,1,1,12.0,baik,SHM,,14.0,0,0,0,1121.4
P008757,2022-01-20,tangerang_selatan,townhouse,92.0,90.0,2,2,2,2,13.0,sedang,SHM,,13.7,1,0,0,912.3
P009198,2022-01-20,tangerang_selatan,rumah,134.0,73.0,1,2,2,3,7.0,baik,SHM,5.9,16.4,0,0,0,1097.9
P000868,2022-01-21,surabaya,rumah,111.0,90.0,2,3,3,1,10.0,baik,SHM,8.7,3.2,1,0,0,1543.5
P007652,2022-01-21,tangerang_selatan,ruko,70.0,136.0,3,3,2,0,10.0,baik,HGB,14.0,18.9,0,0,0,1034.6
P007826,2022-01-21,jakarta_barat,rumah,257.0,156.0,1,4,4,3,25.0,sedang,HGB,5.1,18.2,0,0,0,1724.4
P000227,2022-01-22,jakarta_selatan,townhouse,63.0,93.0,2,2,1,1,7.0,sedang,HGB,6.0,13.8,0,0,0,1287.5
P001338,2022-01-22,bogor,rumah,139.0,256.0,2,6,4,0,25.0,sedang,SHM,8.4,15.9,1,0,1,901.4
P003618,2022-01-22,jakarta_barat,ruko,75.0,96.0,2,1,1,1,4.0,perlu_renovasi,SHM,7.3,19.9,0,0,0,900.2
P004226,2022-01-22,semarang,rumah,72.0,92.0,2,2,2,1,17.0,sedang,SHM,7.1,19.5,0,0,0,425.9
P004884,2022-01-22,tangerang_selatan,townhouse,72.0,104.0,2,3,2,1,,baik,SHM,7.5,5.3,0,1,0,1262.2
P004902,2022-01-22,tangerang_selatan,rumah,156.0,68.0,1,2,2,2,25.0,baik,girik_ajb,3.9,11.9,0,1,0,1096.3
P006164,2022-01-22,bogor,ruko,76.0,131.0,3,2,2,0,,perlu_renovasi,SHM,10.7,6.8,0,0,0,799.7
P009397,2022-01-22,depok,ruko,58.0,88.0,3,0,1,0,9.0,baik,SHM,9.0,12.2,0,0,0,676.0
P000609,2022-01-23,bandung,rumah,62.0,26.0,1,1,1,0,6.0,baik,HGB,6.5,21.0,0,1,0,351.5
P001839,2022-01-23,surabaya,rumah,127.0,199.0,2,7,7,1,25.0,baik,SHM,6.5,16.6,0,0,0,1247.6
P002025,2022-01-23,bekasi,rumah,66.0,89.0,2,2,2,1,15.0,baik,SHM,7.6,20.7,1,0,0,589.8
P002987,2022-01-23,jakarta_selatan,rumah,113.0,52.0,1,1,1,2,37.0,sedang,girik_ajb,6.3,16.6,0,0,0,1365.0
P005510,2022-01-23,bogor,rumah,113.0,92.0,1,2,1,1,7.0,baik,SHM,5.1,11.8,0,0,0,813.1
P006499,2022-01-23,bekasi,townhouse,95.0,194.0,3,6,6,0,2.0,baik,girik_ajb,9.6,29.6,0,0,0,1438.1
P007694,2022-01-23,tangerang_selatan,ruko,85.0,128.0,3,1,1,1,22.0,sedang,SHM,9.5,15.3,0,0,0,1127.3
P010000,2022-01-23,depok,rumah,126.0,204.0,2,6,5,2,6.0,baik,SHM,4.0,6.1,1,1,0,1852.1
P000009,2022-01-24,jakarta_barat,townhouse,71.0,60.0,2,2,2,0,10.0,baik,SHM,12.5,6.1,1,0,0,1315.6
P000168,2022-01-24,surabaya,rumah,46.0,35.0,1,1,1,1,9.0,baik,SHM,6.3,21.0,0,0,0,340.7
P001792,2022-01-24,tangerang_selatan,rumah,324.0,364.0,2,9,8,4,29.0,perlu_renovasi,SHM,6.6,16.8,0,0,1,1949.5
P005642,2022-01-24,surabaya,rumah,201.0,132.0,1,3,3,1,32.0,perlu_renovasi,HGB,5.5,11.4,0,0,0,1337.6
P006513,2022-01-24,jakarta_barat,rumah,154.0,94.0,1,3,3,1,1.0,baik,SHM,1.7,8.4,0,0,0,1582.5
P007384,2022-01-24,jakarta_selatan,ruko,89.0,79.0,2,0,1,1,2.0,baik,SHM,8.4,14.8,1,0,0,2086.2
P007674,2022-01-24,bekasi,rumah,130.0,160.0,3,5,5,3,14.0,baik,girik_ajb,4.8,10.2,0,0,0,1038.6
P007861,2022-01-24,bogor,townhouse,123.0,137.0,2,5,5,2,15.0,baik,HGB,6.3,26.7,0,0,0,865.2
P008409,2022-01-24,semarang,ruko,59.0,143.0,4,1,1,0,13.0,sedang,SHM,17.8,3.8,1,0,0,871.3
P008661,2022-01-24,tangerang_selatan,ruko,93.0,162.0,3,2,2,1,4.0,baik,girik_ajb,9.2,15.7,0,1,0,1304.9
P009833,2022-01-24,bandung,rumah,90.0,49.0,1,1,1,2,24.0,baik,SHM,8.9,14.6,1,0,0,568.5
P000694,2022-01-25,tangerang_selatan,ruko,61.0,163.0,4,3,2,1,16.0,sedang,HGB,12.6,7.9,1,0,0,1331.9
P001930,2022-01-25,bekasi,rumah,145.0,283.0,3,7,7,4,5.0,baik,SHM,5.3,25.5,0,0,0,1538.3
P004532,2022-01-25,tangerang_selatan,rumah,127.0,78.0,1,3,2,0,21.0,perlu_renovasi,HGB,3.7,5.1,1,0,0,1535.7
P004565,2022-01-25,jakarta_barat,rumah,96.0,43.0,1,1,1,1,36.0,sedang,SHM,5.5,15.4,1,1,0,1003.3
P006361,2022-01-25,tangerang_selatan,rumah,288.0,204.0,2,5,4,3,17.0,sedang,HGB,4.3,7.4,0,0,0,2522.2
P009082,2022-01-25,bekasi,rumah,69.0,56.0,2,2,1,0,29.0,sedang,HGB,5.3,8.7,0,1,0,507.3
P009594,2022-01-25,bogor,ruko,78.0,105.0,3,1,1,0,25.0,sedang,SHM,6.7,10.8,0,1,0,731.5
P000786,2022-01-26,bekasi,rumah,229.0,166.0,1,6,6,4,5.0,baik,SHM,10.7,26.5,0,0,0,1153.1
P002865,2022-01-26,bekasi,rumah,111.0,71.0,1,2,2,1,7.0,sedang,SHM,11.3,19.6,0,0,0,560.4
P003586,2022-01-26,surabaya,rumah,83.0,33.0,1,1,1,1,,sedang,SHM,7.0,24.2,0,0,0,399.8
P005695,2022-01-26,bandung,rumah,240.0,338.0,2,9,7,3,12.0,baik,girik_ajb,5.5,19.7,0,0,1,1824.8
P006398,2022-01-26,jakarta_barat,townhouse,63.0,98.0,2,3,3,0,13.0,baik,SHM,2.1,12.9,0,0,0,835.3
P007889,2022-01-26,bandung,rumah,80.0,57.0,1,2,1,1,22.0,sedang,SHM,4.9,19.0,0,0,1,407.5
P000632,2022-01-27,surabaya,rumah,110.0,147.0,2,4,3,1,24.0,perlu_renovasi,SHM,3.4,8.9,0,1,0,1105.1
P002308,2022-01-27,bekasi,ruko,48.0,150.0,4,2,2,0,9.0,baik,SHM,15.4,25.5,0,0,0,689.2
P004359,2022-01-27,depok,ruko,69.0,122.0,3,2,2,0,22.0,sedang,SHM,10.8,5.8,0,0,0,982.9
P005117,2022-01-27,bogor,rumah,204.0,252.0,2,7,5,3,13.0,sedang,SHM,12.7,4.8,1,1,0,1874.3
P006435,2022-01-27,bogor,ruko,87.0,73.0,2,0,1,2,21.0,perlu_renovasi,SHM,9.2,7.6,0,0,0,746.0
P006743,2022-01-27,jakarta_selatan,rumah,110.0,96.0,2,2,2,2,5.0,baik,SHM,6.8,16.2,0,0,0,1763.3
P007082,2022-01-27,surabaya,rumah,151.0,79.0,1,2,2,2,16.0,sedang,SHM,7.1,10.3,1,0,0,1374.0
P000425,2022-01-28,bogor,townhouse,78.0,89.0,2,3,2,0,15.0,baik,SHM,3.0,19.6,0,0,0,631.3
P005314,2022-01-28,bogor,rumah,209.0,150.0,1,5,5,3,16.0,baik,HGB,5.8,22.9,0,0,0,862.4
P005847,2022-01-28,yogyakarta,rumah,83.0,49.0,1,2,2,0,6.0,baik,girik_ajb,6.0,7.6,1,0,0,627.8
P006877,2022-01-28,jakarta_selatan,townhouse,101.0,134.0,3,5,4,2,15.0,baik,HGB,7.8,12.7,0,0,1,1853.6
P008263,2022-01-28,surabaya,rumah,95.0,158.0,2,4,3,0,11.0,baik,HGB,4.0,15.9,0,0,0,1120.5
P000072,2022-01-29,bekasi,ruko,64.0,73.0,2,1,1,2,13.0,baik,HGB,7.3,27.5,0,0,0,414.1
P004847,2022-01-29,jakarta_barat,townhouse,69.0,77.0,2,2,2,1,9.0,sedang,SHM,3.7,6.6,0,0,0,1174.1
P006564,2022-01-29,yogyakarta,rumah,215.0,301.0,2,7,7,2,9.0,sedang,SHM,5.8,11.2,1,0,0,1920.5
P007891,2022-01-29,depok,rumah,177.0,282.0,3,9,8,1,23.0,sedang,HGB,7.3,6.1,0,0,0,1560.6
P003031,2022-02-01,surabaya,ruko,92.0,150.0,3,3,3,0,7.0,baik,SHM,4.7,2.1,1,0,1,1826.0
P006646,2022-02-01,jakarta_selatan,rumah,164.0,100.0,1,3,3,1,33.0,sedang,SHM,4.2,7.7,0,1,0,4030.7
P006869,2022-02-01,bogor,rumah,74.0,45.0,1,2,2,2,14.0,sedang,SHM,5.8,4.6,1,0,0,540.8
P000383,2022-02-02,surabaya,rumah,110.0,77.0,1,2,1,2,23.0,sedang,SHM,6.8,2.5,1,1,1,1290.6
P001251,2022-02-02,jakarta_selatan,rumah,53.0,45.0,2,1,1,1,29.0,sedang,SHM,5.2,9.4,1,0,0,1147.0
P001477,2022-02-02,bekasi,townhouse,95.0,161.0,2,5,3,1,4.0,sedang,SHM,2.8,7.1,1,1,0,1263.6
P003011,2022-02-02,tangerang_selatan,rumah,73.0,99.0,2,3,3,1,19.0,perlu_renovasi,SHM,6.2,13.0,0,1,0,735.9
P005890,2022-02-02,jakarta_selatan,townhouse,132.0,156.0,2,3,2,1,15.0,baik,HGB,5.5,3.6,1,0,0,2991.3
P007350,2022-02-02,jakarta_barat,ruko,62.0,108.0,3,2,2,1,6.0,baik,SHM,10.0,3.0,0,1,0,1920.3
P008657,2022-02-02,jakarta_barat,ruko,97.0,115.0,2,1,1,1,8.0,baik,SHM,11.0,17.0,0,0,1,1204.6
P009447,2022-02-02,depok,rumah,196.0,232.0,2,6,5,2,15.0,sedang,HGB,4.9,8.8,0,0,0,1731.0
P003434,2022-02-03,tangerang_selatan,rumah,80.0,49.0,1,1,1,2,3.0,sedang,SHM,,18.0,0,0,1,597.3
P003503,2022-02-03,jakarta_selatan,rumah,51.0,42.0,1,1,1,0,6.0,baik,HGB,2.3,11.1,0,1,0,786.9
P003787,2022-02-03,yogyakarta,rumah,103.0,48.0,1,1,1,1,8.0,baik,SHM,4.8,12.1,0,1,0,567.4
P005010,2022-02-03,bekasi,rumah,124.0,150.0,2,4,4,2,20.0,baik,SHM,3.4,14.9,0,0,0,1085.0
P005426,2022-02-03,bogor,rumah,168.0,117.0,2,3,3,2,9.0,baik,SHM,3.5,13.6,1,0,0,1066.4
P007002,2022-02-03,semarang,rumah,80.0,97.0,2,3,3,1,18.0,perlu_renovasi,SHM,3.7,4.3,0,0,0,519.9
P007139,2022-02-03,bandung,rumah,175.0,193.0,2,5,5,2,16.0,perlu_renovasi,SHM,4.9,13.8,0,0,1,1073.9
P007715,2022-02-03,tangerang_selatan,rumah,37.0,40.0,2,1,1,0,5.0,sedang,SHM,12.8,16.7,0,0,0,421.6
P008854,2022-02-03,bogor,ruko,88.0,203.0,3,4,4,1,20.0,perlu_renovasi,HGB,11.6,22.0,0,0,0,657.2
P000722,2022-02-04,bekasi,rumah,111.0,51.0,1,1,1,1,24.0,sedang,SHM,2.6,10.5,1,1,0,648.4
P003324,2022-02-04,surabaya,rumah,93.0,60.0,1,1,1,0,6.0,baik,SHM,6.9,24.6,0,0,0,642.3
P003582,2022-02-04,surabaya,rumah,221.0,111.0,1,3,3,3,9.0,sedang,SHM,5.0,8.3,0,1,1,2060.1
P003797,2022-02-04,bogor,rumah,195.0,89.0,1,3,3,3,15.0,perlu_renovasi,HGB,9.3,4.3,0,0,1,940.9
P004197,2022-02-04,jakarta_selatan,ruko,100.0,160.0,3,2,1,1,15.0,baik,SHM,7.7,5.0,0,1,0,3361.4
P006072,2022-02-04,jakarta_selatan,rumah,111.0,52.0,1,1,1,1,23.0,baik,SHM,7.2,8.9,0,0,0,2368.7
P006116,2022-02-04,surabaya,rumah,97.0,103.0,2,3,2,2,32.0,sedang,SHM,3.3,11.5,1,0,1,728.3
P008206,2022-02-04,bekasi,rumah,68.0,61.0,2,1,1,1,6.0,baik,girik_ajb,6.1,12.6,0,1,1,492.2
P008935,2022-02-04,surabaya,ruko,115.0,204.0,2,3,2,1,36.0,sedang,SHM,,19.8,0,0,0,999.4
P000230,2022-02-05,jakarta_selatan,rumah,215.0,118.0,1,3,3,2,11.0,baik,SHM,7.4,7.8,1,0,0,4626.6
P000240,2022-02-05,jakarta_selatan,rumah,119.0,71.0,1,2,1,1,36.0,perlu_renovasi,SHM,5.0,8.4,0,1,0,2462.0
P000593,2022-02-05,tangerang_selatan,rumah,138.0,191.0,2,5,5,2,30.0,perlu_renovasi,SHM,3.9,16.6,1,0,0,1183.8
P002064,2022-02-05,jakarta_selatan,rumah,172.0,98.0,1,2,2,1,11.0,sedang,SHM,6.3,14.7,1,0,0,2745.3
P002571,2022-02-05,jakarta_selatan,rumah,47.0,69.0,2,2,2,1,18.0,baik,SHM,6.2,12.9,1,1,0,1264.2
P004776,2022-02-05,jakarta_selatan,rumah,101.0,140.0,2,5,5,1,33.0,sedang,SHM,6.3,3.4,1,0,0,2575.7
P006197,2022-02-05,surabaya,ruko,106.0,207.0,4,3,3,2,8.0,baik,SHM,9.0,14.9,0,0,0,1802.6
P007688,2022-02-05,bandung,rumah,94.0,70.0,1,2,2,1,29.0,sedang,SHM,4.6,6.9,0,0,1,765.8
P008583,2022-02-05,depok,rumah,69.0,28.0,1,1,1,0,38.0,perlu_renovasi,SHM,2.2,8.1,0,0,0,364.8
P009538,2022-02-05,tangerang_selatan,rumah,65.0,49.0,1,1,1,1,22.0,sedang,HGB,2.3,9.4,0,0,1,385.8
P000384,2022-02-06,depok,ruko,84.0,200.0,3,3,2,1,12.0,baik,SHM,8.0,21.0,0,0,0,1129.9
P001202,2022-02-06,depok,rumah,126.0,51.0,1,1,1,1,24.0,sedang,HGB,4.1,5.6,0,0,0,739.8
P002335,2022-02-06,bekasi,rumah,143.0,95.0,1,3,3,2,31.0,perlu_renovasi,SHM,5.5,5.4,1,1,0,1201.3
P002777,2022-02-06,bogor,rumah,51.0,63.0,2,2,2,0,39.0,baik,SHM,4.0,11.9,1,1,1,236.0
P003001,2022-02-06,surabaya,ruko,63.0,111.0,3,1,1,1,28.0,sedang,HGB,9.3,10.9,0,0,0,812.7
P003236,2022-02-06,jakarta_barat,rumah,183.0,95.0,1,3,3,2,2.0,baik,SHM,7.8,6.5,0,0,0,3216.3
P004742,2022-02-06,tangerang_selatan,rumah,139.0,236.0,3,7,6,2,,baik,HGB,7.3,14.2,0,0,1,1761.3
P006618,2022-02-06,surabaya,ruko,77.0,78.0,2,0,1,2,7.0,baik,HGB,9.0,22.2,0,1,1,660.3
P007115,2022-02-06,surabaya,townhouse,82.0,70.0,2,2,2,1,15.0,perlu_renovasi,SHM,5.5,8.5,1,1,0,874.5
P007831,2022-02-06,yogyakarta,ruko,108.0,93.0,2,1,1,1,15.0,baik,SHM,10.7,14.3,0,0,0,935.2
P008411,2022-02-06,bandung,rumah,71.0,51.0,1,1,1,1,27.0,perlu_renovasi,SHM,5.7,18.1,1,0,0,437.1
P009843,2022-02-06,jakarta_barat,townhouse,72.0,78.0,2,2,2,1,15.0,baik,girik_ajb,5.9,19.6,0,0,0,593.3
P003456,2022-02-07,surabaya,rumah,101.0,55.0,1,2,1,1,15.0,baik,SHM,6.6,15.1,0,1,0,867.3
P003865,2022-02-07,yogyakarta,ruko,62.0,90.0,3,1,1,1,26.0,sedang,SHM,10.4,4.8,0,0,0,588.9
P003866,2022-02-07,tangerang_selatan,rumah,115.0,123.0,2,4,4,1,11.0,sedang,SHM,6.1,5.7,0,0,0,1753.1
P005275,2022-02-07,bekasi,rumah,92.0,44.0,1,1,1,2,23.0,sedang,SHM,2.7,19.8,0,0,0,358.7
P006541,2022-02-07,semarang,townhouse,76.0,101.0,2,3,3,1,4.0,baik,SHM,5.9,19.7,0,0,0,736.1
P003287,2022-02-08,bogor,rumah,90.0,77.0,2,2,1,0,,sedang,HGB,7.5,27.4,0,0,0,418.9
P003717,2022-02-08,bandung,rumah,117.0,47.0,1,1,1,3,6.0,sedang,SHM,5.1,14.8,0,0,1,601.6
P006312,2022-02-08,surabaya,rumah,180.0,284.0,2,7,7,2,8.0,baik,girik_ajb,5.3,19.5,0,0,0,2080.8
P001114,2022-02-09,yogyakarta,rumah,148.0,268.0,2,7,6,2,11.0,baik,HGB,2.7,9.7,0,0,0,1575.9
P001584,2022-02-09,tangerang_selatan,rumah,69.0,32.0,1,1,1,1,11.0,sedang,SHM,5.5,11.4,0,0,0,713.4
P002798,2022-02-09,bekasi,townhouse,79.0,128.0,2,3,3,0,15.0,sedang,SHM,4.9,4.3,0,0,0,801.3
P003621,2022-02-09,bogor,rumah,145.0,321.0,3,7,6,2,6.0,sedang,HGB,5.4,19.5,0,0,0,1195.3
P006964,2022-02-09,bekasi,rumah,116.0,233.0,3,8,5,2,23.0,baik,HGB,12.8,26.9,0,0,0,863.6
P009491,2022-02-09,bekasi,rumah,104.0,86.0,2,2,2,1,20.0,sedang,SHM,2.1,15.2,1,0,0,599.6
P009706,2022-02-09,jakarta_barat,rumah,89.0,112.0,2,3,3,0,23.0,sedang,HGB,2.7,13.4,1,0,0,795.6
P009716,2022-02-09,depok,rumah,204.0,285.0,2,8,8,2,4.0,baik,SHM,2.6,8.7,0,0,0,2256.9
P009812,2022-02-09,bekasi,rumah,203.0,118.0,1,4,4,2,8.0,baik,SHM,5.4,29.1,0,0,0,883.1
P000095,2022-02-10,tangerang_selatan,rumah,141.0,197.0,2,5,3,2,23.0,sedang,SHM,5.4,22.1,0,0,0,986.0
P000105,2022-02-10,surabaya,rumah,82.0,40.0,1,1,1,1,40.0,baik,girik_ajb,3.8,17.0,0,0,0,369.5
P003233,2022-02-10,depok,ruko,109.0,150.0,2,2,2,1,,sedang,HGB,4.3,17.8,0,0,0,811.9
P004367,2022-02-10,depok,rumah,263.0,339.0,2,10,7,3,16.0,baik,SHM,4.5,22.3,0,0,1,1847.5
P004752,2022-02-10,depok,rumah,269.0,269.0,2,6,5,3,25.0,baik,HGB,1.7,9.0,0,0,0,1794.9
P004961,2022-02-10,jakarta_barat,rumah,80.0,132.0,2,4,4,2,8.0,baik,SHM,4.9,7.0,1,1,0,1214.7
P006666,2022-02-10,bandung,rumah,111.0,138.0,2,4,3,2,2.0,sedang,SHM,4.6,4.3,0,0,0,1567.8
P007143,2022-02-10,surabaya,townhouse,75.0,79.0,2,2,2,1,10.0,sedang,SHM,4.5,14.2,0,0,0,722.5
P000203,2022-02-11,depok,ruko,90.0,127.0,3,2,2,1,13.0,baik,SHM,7.0,12.3,1,0,0,1193.9
P001517,2022-02-11,jakarta_selatan,townhouse,52.0,90.0,2,2,2,1,4.0,baik,SHM,5.8,17.8,0,0,0,1154.4
P004261,2022-02-11,yogyakarta,townhouse,118.0,186.0,2,6,5,2,7.0,sedang,SHM,3.5,11.7,1,1,0,1110.8
P005759,2022-02-11,tangerang_selatan,rumah,158.0,78.0,1,2,1,2,14.0,baik,SHM,5.7,18.6,0,0,0,1288.7
P006345,2022-02-11,tangerang_selatan,rumah,98.0,237.0,3,6,6,2,11.0,baik,SHM,5.6,16.7,0,0,0,1404.2
P006407,2022-02-11,yogyakarta,rumah,149.0,80.0,1,2,2,1,14.0,baik,SHM,5.8,7.5,0,0,0,1144.3
P006642,2022-02-11,surabaya,townhouse,75.0,89.0,3,3,2,1,12.0,baik,SHM,3.0,10.3,1,0,0,978.9
P006921,2022-02-11,bandung,rumah,128.0,219.0,2,6,5,1,21.0,sedang,HGB,3.1,5.3,1,0,0,1415.4
P007737,2022-02-11,bandung,rumah,136.0,53.0,1,1,1,1,12.0,baik,SHM,6.5,4.4,1,0,1,1152.3
P009965,2022-02-11,jakarta_selatan,rumah,60.0,21.0,1,1,1,0,25.0,baik,SHM,3.0,5.6,0,1,1,1428.6
P000274,2022-02-12,bogor,rumah,139.0,119.0,2,3,2,1,31.0,perlu_renovasi,SHM,7.1,12.6,0,1,0,751.4
P001936,2022-02-12,jakarta_selatan,townhouse,95.0,132.0,2,5,5,1,14.0,perlu_renovasi,SHM,2.9,12.3,0,0,0,1511.5
P003036,2022-02-12,bandung,rumah,207.0,293.0,2,8,7,3,10.0,baik,SHM,6.3,15.9,0,0,0,2286.9
P003104,2022-02-12,surabaya,townhouse,65.0,82.0,2,2,2,1,15.0,sedang,SHM,5.2,18.5,0,0,0,595.8
P005001,2022-02-12,jakarta_barat,ruko,126.0,200.0,2,4,3,2,21.0,baik,SHM,11.9,8.9,0,0,0,2613.3
P005085,2022-02-12,yogyakarta,rumah,118.0,145.0,2,4,3,2,11.0,sedang,SHM,4.6,7.7,1,1,1,942.0
P005910,2022-02-12,jakarta_barat,ruko,66.0,152.0,3,1,1,2,13.0,sedang,SHM,,10.3,0,0,0,1167.9
P006826,2022-02-12,depok,rumah,47.0,79.0,2,3,2,1,5.0,baik,SHM,6.0,15.2,0,0,0,764.6
P007256,2022-02-12,jakarta_selatan,townhouse,61.0,69.0,2,2,2,0,,baik,SHM,5.9,9.5,1,1,0,1442.2
P007257,2022-02-12,bekasi,rumah,85.0,75.0,2,3,3,0,6.0,baik,SHM,5.6,16.3,1,0,0,745.6
P007318,2022-02-12,yogyakarta,ruko,60.0,39.0,2,0,1,1,8.0,baik,HGB,4.8,5.8,1,0,0,655.8
P007742,2022-02-12,bekasi,rumah,230.0,125.0,1,4,4,2,18.0,perlu_renovasi,girik_ajb,3.5,22.5,0,0,0,759.5
P009071,2022-02-12,jakarta_barat,ruko,108.0,249.0,3,4,3,1,8.0,baik,SHM,13.3,11.4,0,0,1,1970.1
P004453,2022-02-13,bandung,rumah,100.0,40.0,1,1,1,0,16.0,sedang,HGB,4.4,3.6,0,0,0,722.4
P006436,2022-02-13,bekasi,rumah,139.0,213.0,2,6,4,2,13.0,baik,HGB,4.8,22.1,0,0,0,1210.4
P007802,2022-02-13,surabaya,rumah,211.0,233.0,2,7,7,2,32.0,perlu_renovasi,SHM,2.7,21.0,0,0,0,1001.5
P009179,2022-02-13,surabaya,townhouse,90.0,105.0,2,4,2,0,15.0,perlu_renovasi,HGB,7.6,19.4,0,0,0,608.2
P000056,2022-02-14,surabaya,rumah,302.0,281.0,2,7,7,4,16.0,baik,SHM,4.3,6.0,1,0,0,3590.4
P001137,2022-02-14,bekasi,rumah,251.0,442.0,2,10,7,3,18.0,sedang,SHM,6.3,26.3,0,0,0,1881.4
P001402,2022-02-14,jakarta_selatan,rumah,97.0,181.0,3,6,4,1,11.0,baik,SHM,3.0,11.2,0,0,0,2336.8
P001769,2022-02-14,jakarta_barat,ruko,77.0,124.0,3,1,1,1,9.0,baik,SHM,4.9,3.2,1,0,0,2624.7
P002078,2022-02-14,jakarta_barat,rumah,123.0,117.0,2,3,2,1,12.0,baik,SHM,9.0,19.8,0,0,0,1174.4
P004239,2022-02-14,depok,rumah,142.0,79.0,1,2,2,2,20.0,sedang,SHM,4.9,17.0,0,0,0,762.9
P004591,2022-02-14,tangerang_selatan,rumah,154.0,105.0,2,3,2,2,11.0,baik,SHM,5.3,23.4,0,0,1,1298.3
P008184,2022-02-14,jakarta_selatan,ruko,102.0,152.0,3,2,2,2,16.0,perlu_renovasi,SHM,13.7,15.3,0,0,0,2238.6
P001301,2022-02-15,jakarta_barat,rumah,61.0,73.0,2,2,2,1,34.0,sedang,SHM,3.3,11.5,0,0,0,708.9
P002182,2022-02-15,yogyakarta,rumah,75.0,40.0,1,1,1,2,9.0,sedang,SHM,5.9,16.6,0,1,1,380.6
P003511,2022-02-15,yogyakarta,ruko,85.0,72.0,2,0,1,1,13.0,baik,HGB,4.3,8.6,0,0,0,754.0
P004045,2022-02-15,depok,ruko,70.0,146.0,3,3,3,1,22.0,sedang,SHM,10.2,20.9,0,0,0,557.3
P004049,2022-02-15,bekasi,rumah,95.0,142.0,2,4,4,1,7.0,baik,SHM,6.0,14.6,0,0,0,970.0
P004099,2022-02-15,bandung,townhouse,104.0,133.0,2,4,4,0,12.0,baik,HGB,8.7,20.5,0,0,0,762.4
P007320,2022-02-15,tangerang_selatan,rumah,126.0,197.0,2,6,6,1,6.0,baik,HGB,4.9,24.3,0,0,0,1362.5
P008217,2022-02-15,surabaya,ruko,66.0,147.0,4,2,2,1,13.0,baik,SHM,6.1,17.4,0,0,0,1056.3
P008223,2022-02-15,tangerang_selatan,rumah,122.0,173.0,2,4,3,1,16.0,baik,SHM,2.8,6.1,1,0,0,1651.3
P008395,2022-02-15,jakarta_selatan,townhouse,83.0,131.0,3,3,2,1,10.0,sedang,SHM,3.5,7.6,1,0,0,2611.6
P008418,2022-02-15,surabaya,rumah,138.0,226.0,2,7,5,2,11.0,baik,SHM,6.6,17.8,0,0,0,1777.5
P008675,2022-02-15,jakarta_barat,rumah,152.0,102.0,1,4,4,1,28.0,baik,SHM,3.4,19.3,0,0,0,1264.7
P009047,2022-02-15,tangerang_selatan,rumah,184.0,145.0,1,3,3,2,6.0,baik,SHM,3.6,15.7,0,0,0,2089.5
P009688,2022-02-15,surabaya,townhouse,70.0,53.0,2,2,1,2,13.0,sedang,SHM,3.6,11.7,1,0,0,756.7
P000529,2022-02-16,surabaya,rumah,105.0,36.0,1,1,1,2,8.0,baik,SHM,7.0,4.5,1,1,0,1199.2
P002733,2022-02-16,depok,rumah,132.0,201.0,2,6,6,1,5.0,baik,HGB,11.4,8.4,0,0,0,1743.5
P002790,2022-02-16,bekasi,rumah,93.0,65.0,1,2,1,2,12.0,baik,HGB,8.0,10.3,1,0,0,680.5
P003778,2022-02-16,jakarta_selatan,rumah,102.0,143.0,2,3,3,1,4.0,baik,SHM,12.3,15.5,0,0,0,2175.2
P009137,2022-02-16,depok,rumah,106.0,55.0,1,2,1,1,5.0,sedang,SHM,3.0,22.1,0,0,0,647.1
P001679,2022-02-17,semarang,rumah,144.0,116.0,1,3,2,2,3.0,baik,SHM,3.3,11.1,1,0,1,917.9
P005367,2022-02-17,bekasi,ruko,103.0,234.0,4,4,4,2,7.0,sedang,HGB,5.1,24.8,0,0,0,983.8
P006477,2022-02-17,surabaya,rumah,273.0,442.0,3,10,7,3,21.0,sedang,SHM,10.8,21.0,0,0,1,2159.8
P001460,2022-02-18,bekasi,rumah,99.0,118.0,3,3,3,1,,baik,SHM,3.1,3.1,0,0,0,1184.2
P001805,2022-02-18,bandung,rumah,81.0,110.0,2,3,2,1,25.0,baik,SHM,5.9,15.5,0,0,0,674.8
P006570,2022-02-18,semarang,rumah,90.0,66.0,1,2,2,0,27.0,sedang,SHM,2.9,3.0,0,0,0,580.9
P007226,2022-02-18,jakarta_selatan,rumah,79.0,33.0,1,1,1,0,3.0,baik,SHM,2.4,6.6,1,0,0,1350.3
P007398,2022-02-18,tangerang_selatan,rumah,270.0,197.0,1,5,4,2,5.0,baik,SHM,6.5,21.6,0,0,0,2452.8
P008534,2022-02-18,yogyakarta,townhouse,64.0,52.0,2,1,1,1,8.0,baik,SHM,4.3,17.6,0,0,0,466.6
P000727,2022-02-19,tangerang_selatan,rumah,146.0,97.0,1,2,2,1,14.0,sedang,SHM,4.8,18.8,0,0,0,1157.9
P001471,2022-02-19,yogyakarta,rumah,112.0,44.0,1,1,1,2,4.0,sedang,SHM,7.0,9.2,1,0,0,749.4
P001759,2022-02-19,semarang,rumah,174.0,233.0,2,6,4,3,6.0,baik,SHM,7.2,7.4,0,0,1,1621.0
P002087,2022-02-19,bekasi,rumah,131.0,174.0,2,5,5,2,8.0,baik,SHM,3.8,20.0,0,0,0,1177.8
P004546,2022-02-19,tangerang_selatan,rumah,99.0,143.0,2,3,3,1,12.0,sedang,SHM,3.1,15.2,0,0,0,1199.0
P005549,2022-02-19,bandung,rumah,110.0,142.0,3,4,3,1,38.0,perlu_renovasi,SHM,3.7,17.0,0,0,0,630.1
P008379,2022-02-19,bekasi,rumah,90.0,34.0,1,1,1,1,34.0,sedang,HGB,4.7,28.1,0,0,0,251.4
P009141,2022-02-19,bekasi,ruko,118.0,133.0,2,1,1,1,8.0,baik,HGB,6.9,22.0,0,0,1,1135.2
P000018,2022-02-20,jakarta_selatan,rumah,104.0,90.0,2,3,2,1,2.0,baik,SHM,7.4,14.7,0,0,0,2020.8
P001197,2022-02-20,tangerang_selatan,rumah,32.0,47.0,2,1,1,0,5.0,baik,HGB,5.8,3.4,1,1,0,619.7
P004079,2022-02-20,jakarta_barat,rumah,97.0,77.0,2,2,2,1,17.0,sedang,SHM,6.3,10.3,1,0,0,1245.9
P004593,2022-02-20,bandung,rumah,66.0,35.0,1,1,1,1,2.0,baik,SHM,6.2,17.5,0,0,0,502.5
P004704,2022-02-20,bekasi,townhouse,65.0,125.0,3,4,3,1,15.0,sedang,HGB,4.4,3.5,1,0,0,969.7
P005240,2022-02-20,depok,ruko,64.0,59.0,2,0,1,0,2.0,sedang,SHM,9.1,9.3,1,0,0,725.4
P005783,2022-02-20,bekasi,rumah,59.0,56.0,2,1,1,0,2.0,baik,HGB,2.8,16.4,1,0,0,472.0
P006508,2022-02-20,jakarta_selatan,rumah,141.0,247.0,3,8,8,2,16.0,sedang,HGB,4.4,5.4,0,0,0,3047.0
P006623,2022-02-20,jakarta_selatan,ruko,55.0,164.0,4,2,2,0,6.0,baik,SHM,11.4,13.0,0,1,0,2020.4
P006926,2022-02-20,jakarta_barat,rumah,107.0,154.0,2,5,4,0,7.0,baik,HGB,5.8,19.9,0,1,0,1231.0
P000079,2022-02-21,depok,rumah,170.0,233.0,2,7,7,3,2.0,baik,HGB,6.0,18.8,1,0,0,1548.2
P001921,2022-02-21,depok,rumah,188.0,207.0,2,6,6,3,24.0,sedang,HGB,,19.3,0,0,0,1022.2
P002148,2022-02-21,yogyakarta,rumah,154.0,70.0,1,2,2,2,3.0,baik,SHM,6.6,15.9,0,0,1,807.8
P002536,2022-02-21,bogor,rumah,109.0,137.0,2,3,2,1,,baik,SHM,6.1,28.7,0,0,0,796.1
P003076,2022-02-21,semarang,ruko,107.0,342.0,4,6,6,2,8.0,baik,HGB,,17.6,0,0,0,1608.4
P003475,2022-02-21,depok,rumah,79.0,48.0,1,1,1,0,1.0,baik,SHM,5.9,12.8,1,0,0,718.9
P006680,2022-02-21,bekasi,townhouse,58.0,52.0,2,1,1,1,15.0,baik,SHM,3.2,13.2,0,0,0,476.4
P006915,2022-02-21,bandung,ruko,62.0,61.0,2,0,1,1,13.0,sedang,SHM,7.5,17.1,0,0,1,460.0
P007852,2022-02-21,surabaya,ruko,74.0,75.0,2,0,1,0,60.0,perlu_renovasi,SHM,12.9,16.7,0,0,0,604.7
P000884,2022-02-22,bekasi,rumah,89.0,37.0,1,1,1,2,16.0,baik,SHM,6.1,26.3,0,0,0,390.4
P002013,2022-02-22,jakarta_barat,rumah,160.0,59.0,1,2,2,2,2.0,sedang,girik_ajb,4.5,18.2,0,0,0,1058.2
P003006,2022-02-22,surabaya,ruko,83.0,176.0,3,4,2,0,28.0,sedang,SHM,6.8,15.3,0,0,1,942.5
P003022,2022-02-22,bandung,rumah,108.0,93.0,1,2,2,1,14.0,sedang,SHM,4.2,10.9,1,1,0,839.5
P007525,2022-02-22,jakarta_barat,ruko,156.0,438.0,4,6,4,1,12.0,baik,SHM,10.8,17.7,0,0,0,2816.9
P008568,2022-02-22,bekasi,ruko,92.0,178.0,3,3,2,2,25.0,baik,SHM,2.9,10.2,1,0,0,862.6
P008859,2022-02-22,tangerang_selatan,rumah,168.0,89.0,1,3,3,2,35.0,perlu_renovasi,SHM,4.1,8.3,0,0,0,1496.2
P001534,2022-02-23,bandung,rumah,85.0,145.0,3,4,3,1,31.0,perlu_renovasi,SHM,9.1,16.5,0,0,0,588.0
P002662,2022-02-23,bekasi,rumah,168.0,203.0,2,5,5,1,11.0,baik,SHM,8.4,11.8,1,0,0,1767.9
P002741,2022-02-23,jakarta_selatan,rumah,191.0,202.0,2,5,4,3,1.0,perlu_renovasi,SHM,5.9,16.1,0,0,1,3085.7
P004068,2022-02-23,bandung,rumah,118.0,174.0,3,5,3,2,9.0,sedang,SHM,11.3,17.1,0,0,0,1010.6
P005176,2022-02-23,jakarta_selatan,rumah,96.0,50.0,1,1,1,2,13.0,baik,SHM,5.0,16.3,0,0,0,1296.9
P007381,2022-02-23,bekasi,rumah,69.0,147.0,3,4,3,0,31.0,sedang,SHM,2.4,27.3,0,0,0,423.6
P008589,2022-02-23,depok,rumah,106.0,77.0,2,2,1,1,11.0,sedang,SHM,2.6,5.1,0,0,1,737.2
P000078,2022-02-24,bandung,rumah,141.0,204.0,2,5,5,2,25.0,baik,girik_ajb,4.3,5.5,1,1,0,1245.8
P003078,2022-02-24,bogor,ruko,108.0,171.0,3,2,2,2,2.0,sedang,HGB,8.3,24.1,0,0,0,948.6
P003222,2022-02-24,surabaya,ruko,106.0,266.0,4,6,5,2,33.0,perlu_renovasi,SHM,8.8,17.4,0,0,0,1113.7
P004497,2022-02-24,depok,rumah,118.0,127.0,2,4,3,0,,sedang,HGB,3.6,25.0,1,0,0,656.1
P007327,2022-02-24,yogyakarta,rumah,62.0,34.0,1,1,1,1,12.0,baik,SHM,3.7,17.2,1,0,0,276.4
P007447,2022-02-24,bogor,rumah,204.0,143.0,1,4,4,3,34.0,sedang,SHM,5.1,12.4,1,0,0,1085.1
P002105,2022-02-25,bogor,rumah,79.0,48.0,1,2,2,2,27.0,sedang,SHM,5.1,19.4,1,0,0,314.4
P002142,2022-02-25,bekasi,ruko,82.0,78.0,2,0,1,1,10.0,baik,SHM,11.3,20.3,0,0,0,733.6
P002464,2022-02-25,bogor,ruko,61.0,148.0,3,2,1,0,10.0,baik,HGB,7.8,5.1,1,0,0,901.6
P002885,2022-02-25,depok,rumah,204.0,135.0,1,4,4,2,10.0,baik,SHM,2.9,23.2,0,0,0,995.9
P004918,2022-02-25,bandung,rumah,126.0,67.0,1,2,2,0,20.0,sedang,girik_ajb,3.5,7.0,0,0,0,759.1
P005114,2022-02-25,yogyakarta,rumah,211.0,83.0,1,3,2,2,11.0,baik,SHM,5.1,18.4,0,0,0,987.1
P007234,2022-02-25,bekasi,rumah,145.0,134.0,2,3,3,1,28.0,sedang,SHM,4.5,23.1,1,0,0,697.9
P009525,2022-02-25,jakarta_selatan,rumah,116.0,195.0,2,7,6,1,18.0,baik,girik_ajb,3.9,14.9,0,0,0,1648.9
P001467,2022-02-26,bekasi,townhouse,84.0,104.0,2,2,2,2,15.0,baik,SHM,3.3,14.7,0,0,1,674.3
P008663,2022-02-26,yogyakarta,rumah,92.0,69.0,1,2,2,2,12.0,sedang,SHM,6.4,11.7,1,0,0,673.8
P009173,2022-02-26,jakarta_selatan,rumah,128.0,127.0,2,3,2,2,8.0,baik,HGB,3.6,6.3,0,0,0,3173.2
P009984,2022-02-26,bogor,rumah,216.0,238.0,2,7,5,2,18.0,baik,HGB,4.0,17.0,0,0,0,1417.1
P001018,2022-02-27,surabaya,ruko,62.0,58.0,2,0,1,1,4.0,baik,SHM,10.4,11.3,0,0,0,978.0
P003153,2022-02-27,bekasi,rumah,190.0,207.0,2,7,5,2,10.0,baik,SHM,,13.7,1,0,0,1302.6
P004594,2022-02-27,jakarta_barat,ruko,64.0,152.0,3,2,1,1,5.0,baik,HGB,8.7,18.6,1,1,0,1439.0
P004949,2022-02-27,bandung,ruko,40.0,44.0,2,0,1,0,21.0,sedang,SHM,,18.2,0,1,0,395.5
P006992,2022-02-27,tangerang_selatan,rumah,104.0,174.0,2,5,4,1,4.0,baik,HGB,9.5,10.0,0,0,0,1732.4
P007832,2022-02-27,bandung,rumah,147.0,200.0,3,7,4,1,6.0,baik,SHM,3.2,5.0,0,0,0,1874.8
P000187,2022-02-28,bekasi,rumah,137.0,126.0,2,3,3,1,22.0,baik,HGB,2.9,18.7,0,0,1,747.9
P001704,2022-02-28,bogor,rumah,87.0,114.0,3,4,4,0,14.0,sedang,SHM,6.0,16.6,1,0,0,731.7
P003138,2022-02-28,jakarta_selatan,rumah,105.0,187.0,3,5,3,1,16.0,sedang,SHM,4.5,5.3,1,0,0,2625.8
P003655,2022-02-28,tangerang_selatan,rumah,158.0,207.0,3,7,6,1,19.0,baik,SHM,,10.3,1,1,0,2589.3
P003761,2022-02-28,yogyakarta,rumah,190.0,126.0,1,4,4,2,,baik,SHM,3.4,10.2,1,0,0,1197.1
P004971,2022-02-28,bogor,rumah,80.0,86.0,2,2,1,1,9.0,baik,SHM,5.0,23.0,0,0,0,500.2
P005009,2022-02-28,bandung,rumah,99.0,95.0,2,2,2,1,17.0,baik,SHM,6.8,10.6,0,0,0,899.3
P006337,2022-02-28,bekasi,townhouse,74.0,63.0,2,2,2,1,15.0,baik,SHM,5.2,6.0,0,0,0,610.5
P008001,2022-02-28,depok,rumah,51.0,35.0,1,1,1,0,15.0,baik,SHM,4.5,6.0,0,1,0,409.1
P008790,2022-02-28,surabaya,rumah,52.0,72.0,2,2,2,1,5.0,baik,HGB,2.4,21.7,0,0,0,490.9
P009273,2022-02-28,semarang,rumah,105.0,51.0,1,2,2,1,12.0,baik,HGB,1.6,15.3,1,0,0,394.4
P005860,2022-03-03,tangerang_selatan,rumah,74.0,57.0,1,2,1,2,6.0,sedang,SHM,5.9,24.7,1,0,0,615.1
P006437,2022-03-03,depok,rumah,208.0,154.0,1,5,3,3,15.0,sedang,SHM,4.4,13.1,1,0,0,1350.6
P006603,2022-03-03,tangerang_selatan,ruko,56.0,76.0,2,0,1,1,10.0,baik,girik_ajb,7.6,5.8,1,1,0,951.2
P006735,2022-03-03,jakarta_selatan,rumah,117.0,94.0,2,3,2,2,4.0,baik,HGB,6.0,8.2,0,0,0,2598.9
P008404,2022-03-03,surabaya,rumah,102.0,146.0,2,4,3,1,24.0,sedang,SHM,8.7,3.2,1,0,0,1666.2
P008856,2022-03-03,jakarta_barat,rumah,30.0,39.0,2,1,1,1,12.0,baik,SHM,7.8,11.4,0,1,0,577.6
P000328,2022-03-04,depok,rumah,100.0,115.0,2,3,2,0,7.0,sedang,SHM,3.4,7.2,1,0,1,950.4
P003731,2022-03-04,yogyakarta,rumah,116.0,201.0,3,6,6,1,11.0,baik,SHM,6.1,13.1,0,1,1,1005.1
P006634,2022-03-04,bogor,ruko,53.0,134.0,4,1,1,1,22.0,sedang,SHM,7.5,6.6,0,0,0,608.1
P009474,2022-03-04,jakarta_selatan,townhouse,77.0,106.0,2,3,3,1,3.0,sedang,SHM,6.2,3.2,1,0,0,2886.3
P001005,2022-03-05,bogor,townhouse,106.0,74.0,2,2,2,1,11.0,baik,SHM,4.1,23.0,1,0,0,583.8
P001405,2022-03-05,jakarta_barat,rumah,252.0,232.0,2,6,6,3,14.0,sedang,SHM,5.4,13.4,0,0,0,2443.7
P002061,2022-03-05,yogyakarta,rumah,153.0,283.0,2,8,8,2,4.0,baik,SHM,5.1,4.1,1,0,0,2327.7
P002515,2022-03-05,tangerang_selatan,rumah,232.0,124.0,1,4,3,2,5.0,baik,HGB,4.2,14.2,1,0,0,1813.4
P002759,2022-03-05,bandung,rumah,95.0,109.0,2,3,3,1,15.0,sedang,SHM,3.1,9.6,0,0,0,803.4
P003026,2022-03-05,jakarta_barat,rumah,83.0,115.0,2,3,3,1,22.0,baik,HGB,3.4,4.1,0,0,1,1334.4
P005725,2022-03-05,surabaya,townhouse,105.0,129.0,2,3,2,1,6.0,baik,SHM,4.0,23.8,0,0,0,973.5
P005900,2022-03-05,jakarta_selatan,rumah,169.0,141.0,2,3,2,1,8.0,sedang,HGB,3.3,9.9,0,1,1,2719.6
P006567,2022-03-05,bogor,rumah,63.0,33.0,1,1,1,0,2.0,baik,SHM,6.7,7.3,1,0,0,464.7
P007130,2022-03-05,tangerang_selatan,rumah,125.0,87.0,2,2,2,1,23.0,sedang,HGB,3.9,4.9,1,0,0,1764.4
P007492,2022-03-05,yogyakarta,rumah,125.0,47.0,1,1,1,1,9.0,baik,HGB,5.2,15.0,1,1,0,603.7
P007760,2022-03-05,depok,townhouse,54.0,109.0,3,3,2,2,10.0,baik,HGB,3.4,3.7,1,0,0,896.6
P008467,2022-03-05,bekasi,rumah,105.0,144.0,2,3,3,1,20.0,baik,SHM,3.1,10.2,1,0,0,1157.5
P009766,2022-03-05,depok,rumah,110.0,123.0,2,3,3,1,19.0,sedang,SHM,4.0,22.7,0,0,0,614.1
P000226,2022-03-06,semarang,townhouse,82.0,93.0,2,2,2,1,15.0,perlu_renovasi,SHM,5.9,15.0,0,0,0,430.7
P001150,2022-03-06,semarang,rumah,128.0,46.0,1,1,1,1,4.0,sedang,HGB,4.4,14.4,0,0,1,444.8
P003270,2022-03-06,jakarta_barat,ruko,75.0,149.0,4,1,1,0,15.0,perlu_renovasi,SHM,7.5,16.3,0,0,0,1107.6
P003638,2022-03-06,jakarta_barat,rumah,185.0,284.0,2,7,4,3,,baik,SHM,2.0,7.4,1,1,0,4052.5
P003828,2022-03-06,tangerang_selatan,rumah,129.0,86.0,1,2,2,1,5.0,baik,SHM,5.6,17.5,0,0,0,1155.7
P005440,2022-03-06,jakarta_barat,rumah,105.0,77.0,1,2,2,0,16.0,sedang,HGB,4.4,13.5,1,0,0,1109.6
P007408,2022-03-06,bogor,rumah,90.0,134.0,2,3,3,0,27.0,baik,SHM,10.0,11.8,1,0,1,627.0
P008851,2022-03-06,bekasi,rumah,180.0,222.0,2,6,5,2,5.0,sedang,HGB,5.0,11.0,0,0,0,1846.1
P001499,2022-03-07,tangerang_selatan,townhouse,71.0,102.0,3,2,2,1,7.0,baik,SHM,3.2,14.7,0,0,0,1229.9
P001785,2022-03-07,tangerang_selatan,townhouse,103.0,112.0,2,3,2,2,15.0,sedang,SHM,4.7,17.1,1,0,0,988.9
P001916,2022-03-07,jakarta_barat,rumah,154.0,233.0,3,5,3,2,15.0,baik,SHM,5.7,16.9,0,0,0,2207.4
P002047,2022-03-07,bekasi,rumah,113.0,51.0,1,2,2,2,21.0,sedang,SHM,2.5,19.3,1,0,1,390.0
P002933,2022-03-07,depok,rumah,307.0,389.0,2,10,8,2,11.0,baik,SHM,5.9,13.4,0,0,0,2233.6
P002977,2022-03-07,bandung,rumah,113.0,143.0,3,3,3,1,12.0,baik,SHM,4.1,15.4,0,0,0,1160.9
P003492,2022-03-07,jakarta_selatan,rumah,94.0,197.0,3,6,5,1,5.0,baik,HGB,,14.4,0,0,0,2058.4
P004321,2022-03-07,surabaya,rumah,80.0,50.0,1,1,1,1,1.0,sedang,SHM,5.4,15.3,1,0,0,797.8
P004580,2022-03-07,jakarta_selatan,townhouse,64.0,44.0,2,2,1,1,15.0,sedang,SHM,7.4,6.4,1,0,1,1497.8
P006160,2022-03-07,yogyakarta,rumah,99.0,158.0,2,5,4,1,27.0,sedang,HGB,8.3,19.3,1,0,0,666.3
P008986,2022-03-07,bandung,rumah,88.0,45.0,1,1,1,1,16.0,baik,HGB,3.4,11.5,0,0,1,631.0
P001112,2022-03-08,bekasi,rumah,155.0,223.0,2,6,6,2,14.0,baik,SHM,5.2,17.0,0,0,0,1282.0
P003862,2022-03-08,jakarta_selatan,rumah,106.0,47.0,1,1,1,1,6.0,baik,SHM,8.4,15.3,0,0,0,1895.4
P004729,2022-03-08,bogor,rumah,287.0,287.0,2,7,6,3,5.0,sedang,SHM,6.6,28.6,0,0,0,1684.7
P004959,2022-03-08,bekasi,rumah,117.0,204.0,3,6,4,3,9.0,baik,HGB,6.1,26.7,0,0,0,1227.1
P004967,2022-03-08,bekasi,rumah,130.0,66.0,1,2,2,2,,baik,SHM,6.7,23.9,0,0,0,397.4
P005418,2022-03-08,yogyakarta,rumah,57.0,27.0,1,1,1,2,4.0,sedang,HGB,4.2,16.9,0,0,0,287.5
P007399,2022-03-08,yogyakarta,rumah,298.0,211.0,1,7,5,4,6.0,baik,SHM,3.1,16.4,0,0,0,1865.9
P000690,2022-03-09,depok,rumah,101.0,112.0,3,3,3,2,8.0,baik,SHM,4.4,24.7,0,0,0,775.4
P003523,2022-03-09,jakarta_selatan,rumah,194.0,271.0,2,7,8,2,8.0,baik,HGB,4.6,10.7,0,1,0,3963.5
P003970,2022-03-09,jakarta_barat,rumah,112.0,67.0,1,2,2,1,16.0,sedang,SHM,4.9,16.6,0,0,0,1007.8
P004471,2022-03-09,semarang,rumah,134.0,121.0,2,4,4,2,7.0,baik,HGB,3.5,7.9,0,1,0,938.1
P007815,2022-03-09,depok,rumah,234.0,165.0,1,4,3,2,17.0,sedang,SHM,3.0,21.3,0,0,1,1164.1
P000535,2022-03-10,jakarta_selatan,rumah,110.0,59.0,1,2,1,0,10.0,baik,HGB,8.8,4.5,0,0,0,2901.3
P000950,2022-03-10,tangerang_selatan,rumah,114.0,64.0,1,2,2,1,3.0,baik,SHM,5.8,7.6,1,1,0,1882.2
P000961,2022-03-10,depok,rumah,134.0,61.0,1,2,1,0,18.0,baik,SHM,3.7,7.8,1,1,1,982.4
P001226,2022-03-10,semarang,rumah,361.0,126.0,1,3,3,3,4.0,perlu_renovasi,SHM,4.7,6.5,1,1,1,1727.1
P001569,2022-03-10,depok,rumah,135.0,191.0,2,5,4,1,8.0,baik,SHM,6.9,12.7,0,0,0,1603.3
P003379,2022-03-10,bekasi,rumah,246.0,152.0,1,4,2,3,16.0,sedang,HGB,3.9,24.4,1,0,0,1009.7
P004429,2022-03-10,tangerang_selatan,ruko,76.0,170.0,3,3,3,1,6.0,sedang,SHM,14.1,11.8,1,0,0,1633.0
P006205,2022-03-10,jakarta_barat,townhouse,93.0,84.0,2,2,2,1,1.0,baik,HGB,5.0,12.7,0,0,0,1029.6
P001858,2022-03-11,tangerang_selatan,rumah,214.0,140.0,1,4,3,2,3.0,sedang,SHM,5.7,15.0,1,0,1,1657.8
P005590,2022-03-11,bogor,rumah,138.0,87.0,1,3,3,2,10.0,sedang,HGB,4.6,24.5,1,0,0,584.5
P006228,2022-03-11,tangerang_selatan,rumah,242.0,354.0,2,10,6,3,20.0,sedang,SHM,4.6,22.7,0,0,0,1813.6
P000606,2022-03-12,surabaya,rumah,173.0,110.0,1,4,3,2,21.0,perlu_renovasi,HGB,3.8,4.7,1,1,0,2034.0
P000763,2022-03-12,jakarta_selatan,rumah,54.0,26.0,1,1,1,0,8.0,baik,SHM,5.1,5.4,1,0,0,1106.4
P002073,2022-03-12,tangerang_selatan,rumah,150.0,142.0,2,4,3,2,26.0,baik,SHM,5.7,11.0,1,0,0,1567.4
P002863,2022-03-12,tangerang_selatan,ruko,61.0,60.0,2,0,1,1,20.0,sedang,SHM,8.8,8.3,0,0,0,1234.6
P003126,2022-03-12,jakarta_barat,rumah,53.0,71.0,2,2,2,0,9.0,baik,SHM,5.6,6.4,0,0,0,856.9
P004071,2022-03-12,bekasi,rumah,159.0,69.0,1,2,1,2,4.0,baik,SHM,7.9,22.4,0,0,0,964.5
P004356,2022-03-12,bandung,rumah,151.0,76.0,1,3,3,1,11.0,baik,SHM,5.0,17.5,1,0,0,981.7
P009821,2022-03-12,surabaya,rumah,135.0,94.0,1,3,3,0,6.0,baik,HGB,5.3,23.3,0,0,0,975.9
P000426,2022-03-13,surabaya,rumah,174.0,112.0,1,3,3,1,14.0,sedang,SHM,6.8,13.2,0,0,0,1426.1
P004360,2022-03-13,bandung,rumah,97.0,38.0,1,1,1,1,11.0,baik,SHM,4.4,11.1,1,0,0,726.6
P005397,2022-03-13,tangerang_selatan,rumah,204.0,134.0,1,3,2,3,27.0,sedang,HGB,7.8,21.1,0,0,0,1468.0
P006485,2022-03-13,yogyakarta,rumah,112.0,204.0,3,5,5,2,18.0,baik,SHM,6.3,19.5,0,0,0,1191.8
P007323,2022-03-13,bekasi,townhouse,94.0,142.0,2,3,2,1,15.0,baik,HGB,8.5,29.4,0,0,0,794.6
P009328,2022-03-13,jakarta_selatan,townhouse,84.0,113.0,2,3,3,1,13.0,sedang,girik_ajb,3.5,2.0,1,0,0,1999.4
P000718,2022-03-14,jakarta_selatan,townhouse,78.0,61.0,2,2,2,1,15.0,sedang,SHM,1.5,14.3,0,0,0,1065.3
P001838,2022-03-14,bekasi,ruko,49.0,127.0,4,2,2,1,5.0,sedang,SHM,12.2,27.9,0,0,0,651.4
P002215,2022-03-14,semarang,rumah,114.0,41.0,1,1,1,2,21.0,perlu_renovasi,HGB,,11.0,0,0,0,440.9
P002787,2022-03-14,bandung,rumah,117.0,177.0,2,4,3,1,12.0,baik,SHM,3.4,16.2,1,1,0,1287.6
P004383,2022-03-14,tangerang_selatan,rumah,70.0,27.0,1,1,1,0,43.0,perlu_renovasi,SHM,,18.6,1,0,0,440.9
P008141,2022-03-14,tangerang_selatan,rumah,68.0,90.0,2,2,1,0,14.0,sedang,SHM,3.3,17.0,0,0,0,671.2
P000898,2022-03-15,jakarta_barat,rumah,105.0,104.0,2,3,3,2,5.0,baik,SHM,5.2,15.9,0,0,0,1142.0
P002893,2022-03-15,bogor,rumah,40.0,51.0,2,2,2,1,14.0,sedang,SHM,4.2,10.5,1,1,0,399.1
P003247,2022-03-15,tangerang_selatan,townhouse,55.0,59.0,2,1,1,1,15.0,sedang,SHM,9.1,24.2,0,0,1,471.7
P005453,2022-03-15,bandung,rumah,99.0,89.0,1,3,3,0,15.0,sedang,SHM,5.6,19.7,0,0,0,661.5
P006184,2022-03-15,bandung,rumah,100.0,45.0,1,1,1,1,6.0,baik,SHM,5.8,2.9,0,0,0,914.8
P006880,2022-03-15,jakarta_selatan,rumah,100.0,98.0,2,2,2,2,12.0,sedang,HGB,3.5,11.9,0,0,0,1589.9
P008835,2022-03-15,bekasi,ruko,77.0,221.0,4,5,3,1,15.0,sedang,HGB,,8.3,0,1,0,1308.4
P004109,2022-03-16,semarang,rumah,135.0,75.0,1,2,2,2,19.0,perlu_renovasi,SHM,2.3,8.9,1,0,0,577.0
P004527,2022-03-16,bandung,rumah,122.0,66.0,1,2,2,2,4.0,baik,HGB,,20.9,0,0,0,695.0
P005059,2022-03-16,bogor,rumah,159.0,246.0,2,7,6,0,24.0,baik,SHM,4.3,26.8,0,0,0,1157.8
P006455,2022-03-16,bandung,rumah,84.0,86.0,2,2,2,1,15.0,sedang,HGB,2.8,3.9,1,0,0,906.3
P007569,2022-03-16,semarang,rumah,183.0,242.0,2,8,8,1,3.0,baik,SHM,5.8,4.4,0,0,0,2100.3
P001857,2022-03-17,tangerang_selatan,ruko,56.0,62.0,2,0,1,1,9.0,sedang,SHM,11.6,7.9,0,0,0,994.9
P003593,2022-03-17,surabaya,rumah,166.0,182.0,2,4,3,1,40.0,perlu_renovasi,girik_ajb,2.8,16.8,0,0,0,624.0
P005222,2022-03-17,depok,rumah,70.0,41.0,1,1,1,1,23.0,sedang,SHM,4.1,17.2,0,0,0,369.6
P000176,2022-03-18,jakarta_selatan,ruko,70.0,220.0,4,5,5,1,17.0,sedang,SHM,7.7,13.0,0,0,0,2034.3
P001092,2022-03-18,bogor,ruko,47.0,63.0,2,0,1,0,14.0,sedang,HGB,12.4,9.4,1,0,0,434.9
P003509,2022-03-18,bandung,rumah,145.0,132.0,2,4,4,0,15.0,perlu_renovasi,SHM,2.6,7.4,0,0,0,992.3
P005002,2022-03-18,bandung,ruko,60.0,64.0,3,0,1,1,9.0,sedang,SHM,8.4,4.1,0,0,0,1050.9
P005625,2022-03-18,jakarta_selatan,rumah,182.0,94.0,1,2,1,2,14.0,sedang,SHM,3.3,2.6,1,0,0,4563.2
P005634,2022-03-18,jakarta_selatan,townhouse,105.0,119.0,3,4,3,1,15.0,baik,HGB,7.7,16.1,1,1,0,1862.9
P006887,2022-03-18,bekasi,rumah,234.0,89.0,1,3,2,3,8.0,baik,SHM,7.3,21.5,1,0,0,1037.3
P000622,2022-03-19,depok,rumah,142.0,266.0,3,6,4,2,7.0,sedang,SHM,6.5,12.7,1,0,0,1862.9
P001281,2022-03-19,bekasi,rumah,132.0,72.0,1,2,2,1,19.0,baik,SHM,4.9,5.5,0,1,0,1122.7
P002906,2022-03-19,bogor,rumah,118.0,142.0,2,4,3,2,31.0,perlu_renovasi,HGB,4.5,27.0,0,0,0,368.8
P003417,2022-03-19,bogor,rumah,278.0,336.0,2,10,8,4,11.0,baik,SHM,6.7,26.8,0,0,0,1570.3
P004462,2022-03-19,bekasi,rumah,253.0,333.0,2,8,8,3,9.0,baik,HGB,,19.5,0,0,0,2133.7
P004610,2022-03-19,yogyakarta,rumah,64.0,58.0,2,2,2,0,16.0,perlu_renovasi,SHM,5.6,19.6,0,0,0,317.4
P005919,2022-03-19,surabaya,ruko,57.0,73.0,2,0,1,1,17.0,baik,SHM,8.4,5.5,0,0,1,932.0
P008417,2022-03-19,yogyakarta,rumah,127.0,57.0,1,2,2,1,42.0,perlu_renovasi,SHM,4.8,6.8,0,1,0,732.1
P009771,2022-03-19,bekasi,townhouse,61.0,145.0,3,5,4,1,2.0,baik,SHM,7.3,7.6,1,0,0,1223.2
P001690,2022-03-20,bekasi,rumah,110.0,38.0,1,1,1,1,15.0,sedang,SHM,3.5,20.7,0,1,0,609.8
P006111,2022-03-20,jakarta_selatan,rumah,56.0,43.0,1,1,1,1,14.0,baik,SHM,3.3,15.5,0,0,1,634.0
P006906,2022-03-20,surabaya,townhouse,47.0,35.0,2,1,1,1,15.0,baik,SHM,4.6,6.6,1,1,0,679.3
P009824,2022-03-20,bekasi,townhouse,129.0,115.0,2,3,3,2,4.0,baik,SHM,3.3,25.4,0,0,0,883.6
P000617,2022-03-21,bandung,rumah,146.0,203.0,2,5,3,2,10.0,sedang,HGB,3.4,8.0,0,0,0,1385.2
P002311,2022-03-21,yogyakarta,rumah,128.0,127.0,2,3,3,1,7.0,baik,HGB,3.9,18.5,0,0,1,767.4
P003465,2022-03-21,bandung,rumah,85.0,37.0,1,1,1,0,31.0,sedang,HGB,4.7,15.6,1,0,0,428.2
P005542,2022-03-21,depok,townhouse,83.0,80.0,2,2,2,1,15.0,baik,HGB,5.0,14.2,0,0,1,710.8
P006227,2022-03-21,depok,ruko,98.0,161.0,2,2,2,1,11.0,sedang,girik_ajb,9.5,24.7,1,0,1,740.6
P006745,2022-03-21,jakarta_selatan,rumah,102.0,91.0,1,2,2,0,3.0,sedang,SHM,7.9,3.2,1,0,0,3309.6
P002971,2022-03-22,bekasi,rumah,72.0,84.0,3,3,3,1,7.0,sedang,SHM,4.8,4.7,0,0,0,922.0
P004180,2022-03-22,semarang,rumah,83.0,64.0,1,2,2,1,12.0,baik,HGB,2.6,3.5,1,0,1,617.3
P004230,2022-03-22,tangerang_selatan,rumah,90.0,41.0,1,1,1,2,12.0,sedang,HGB,5.1,10.9,1,1,0,789.3
P004241,2022-03-22,surabaya,townhouse,71.0,66.0,2,2,2,1,5.0,baik,HGB,4.0,3.3,1,0,0,1012.9
P005238,2022-03-22,jakarta_selatan,rumah,57.0,51.0,2,1,1,1,17.0,sedang,SHM,2.8,12.0,0,0,0,886.5
P005492,2022-03-22,bandung,rumah,112.0,147.0,2,4,4,1,2.0,baik,SHM,7.7,3.2,0,0,0,1710.9
P006703,2022-03-22,yogyakarta,townhouse,53.0,90.0,3,3,2,1,6.0,baik,HGB,2.7,3.8,0,0,0,787.6
P007209,2022-03-22,jakarta_barat,townhouse,86.0,136.0,2,5,3,1,,baik,SHM,2.3,17.9,0,0,0,1024.3
P009995,2022-03-22,bekasi,ruko,78.0,261.0,4,5,4,1,18.0,baik,SHM,5.2,26.2,0,0,0,1021.9
P007918,2022-03-23,jakarta_selatan,rumah,100.0,134.0,3,4,4,0,16.0,baik,HGB,2.1,8.3,1,0,1,1860.8
P008560,2022-03-23,semarang,townhouse,114.0,195.0,3,5,4,1,10.0,baik,HGB,5.5,15.6,1,0,1,1063.4
P001634,2022-03-24,bandung,rumah,56.0,56.0,2,2,2,1,13.0,baik,SHM,,4.8,0,1,0,597.8
P002469,2022-03-24,bogor,rumah,71.0,64.0,1,2,2,0,11.0,baik,SHM,4.7,9.7,0,0,1,568.2
P004807,2022-03-24,bekasi,rumah,104.0,57.0,1,2,2,0,14.0,sedang,SHM,4.7,17.0,0,0,0,571.2
P005452,2022-03-24,bogor,rumah,183.0,207.0,2,5,4,1,26.0,baik,girik_ajb,6.7,20.8,0,0,1,760.3
P007836,2022-03-24,tangerang_selatan,rumah,305.0,549.0,2,10,8,4,,baik,SHM,5.0,21.3,0,0,0,3702.2
P009042,2022-03-24,jakarta_barat,rumah,115.0,77.0,1,2,1,1,9.0,sedang,SHM,7.6,8.2,0,0,0,1411.5
P009677,2022-03-24,bogor,rumah,122.0,86.0,1,2,1,1,4.0,sedang,SHM,3.8,19.5,1,0,0,711.4
P003377,2022-03-25,jakarta_selatan,ruko,79.0,62.0,2,0,1,2,11.0,baik,SHM,3.7,5.3,0,1,0,2943.7
P004163,2022-03-25,surabaya,rumah,125.0,169.0,2,5,3,1,24.0,perlu_renovasi,HGB,4.4,21.5,0,0,0,760.8
P005027,2022-03-25,bekasi,townhouse,111.0,99.0,2,2,2,1,8.0,baik,SHM,5.9,9.9,1,0,0,1166.9
P005971,2022-03-25,bekasi,rumah,142.0,168.0,2,4,4,2,9.0,baik,SHM,6.8,11.0,1,0,0,1418.1
P008912,2022-03-25,depok,rumah,264.0,200.0,1,5,3,3,23.0,sedang,HGB,8.1,10.6,0,0,0,2106.6
P000326,2022-03-26,bandung,townhouse,87.0,198.0,3,7,7,1,9.0,baik,SHM,4.6,2.1,0,0,0,1572.7
P001573,2022-03-26,depok,townhouse,55.0,80.0,2,3,2,1,13.0,baik,SHM,3.1,10.1,0,0,0,679.0
P002580,2022-03-26,semarang,townhouse,57.0,41.0,2,1,1,1,15.0,perlu_renovasi,SHM,5.8,10.4,1,1,0,368.0
P002590,2022-03-26,bekasi,rumah,112.0,184.0,2,6,5,2,11.0,sedang,SHM,3.5,23.8,1,0,1,962.1
P004228,2022-03-26,jakarta_barat,rumah,150.0,59.0,1,2,1,2,7.0,baik,girik_ajb,5.4,8.5,0,1,0,1316.3
P004886,2022-03-26,surabaya,rumah,292.0,149.0,1,4,3,4,15.0,perlu_renovasi,SHM,7.5,17.9,0,0,0,2001.9
P005387,2022-03-26,jakarta_selatan,rumah,350.0,504.0,2,10,8,4,20.0,baik,HGB,6.4,5.6,1,0,0,8869.9
P005652,2022-03-26,bekasi,townhouse,89.0,117.0,2,3,3,1,15.0,sedang,SHM,8.3,23.5,0,0,0,683.0
P008482,2022-03-26,jakarta_barat,townhouse,44.0,48.0,2,2,2,0,12.0,baik,SHM,5.7,9.3,0,1,0,660.4
P000664,2022-03-27,jakarta_selatan,rumah,117.0,137.0,2,5,4,1,12.0,baik,girik_ajb,3.9,14.4,0,0,1,1493.1
P001038,2022-03-27,bekasi,townhouse,73.0,98.0,2,3,2,1,6.0,sedang,SHM,6.6,15.3,0,0,0,772.1
P004934,2022-03-27,tangerang_selatan,ruko,74.0,105.0,3,1,1,2,15.0,perlu_renovasi,SHM,11.4,5.1,0,0,0,1299.3
P007024,2022-03-27,depok,townhouse,96.0,88.0,2,2,1,0,7.0,sedang,girik_ajb,3.7,20.6,0,0,1,646.0
P000688,2022-03-28,yogyakarta,rumah,308.0,198.0,1,5,4,4,7.0,sedang,SHM,4.0,17.7,0,0,0,2023.2
P002847,2022-03-28,tangerang_selatan,townhouse,90.0,68.0,2,2,2,1,3.0,baik,HGB,8.1,12.4,0,0,0,966.7
P003997,2022-03-28,jakarta_selatan,rumah,147.0,165.0,2,5,4,2,18.0,sedang,HGB,4.3,6.4,1,0,0,2792.3
P004313,2022-03-28,tangerang_selatan,rumah,155.0,166.0,2,5,4,2,11.0,baik,SHM,6.0,20.8,1,0,0,1528.3
P002696,2022-03-29,jakarta_barat,rumah,340.0,771.0,3,10,6,5,31.0,perlu_renovasi,SHM,5.9,16.7,0,0,0,3136.6
P002944,2022-03-29,jakarta_barat,rumah,100.0,65.0,1,2,2,2,7.0,sedang,HGB,6.6,17.1,0,0,0,870.8
P005579,2022-03-29,surabaya,ruko,118.0,274.0,3,6,6,2,4.0,baik,SHM,7.8,15.4,1,1,1,1978.8
P007697,2022-03-29,tangerang_selatan,rumah,166.0,257.0,2,6,4,2,8.0,baik,HGB,7.4,10.7,0,0,1,2560.7
P008163,2022-03-29,tangerang_selatan,ruko,75.0,79.0,2,0,1,0,19.0,sedang,SHM,11.6,24.8,0,0,0,713.0
P008273,2022-03-29,yogyakarta,rumah,146.0,100.0,1,3,3,1,7.0,baik,SHM,4.3,4.6,1,0,0,1167.2
P009490,2022-03-29,semarang,rumah,257.0,369.0,2,10,7,3,5.0,baik,SHM,5.7,18.3,0,0,0,2423.4
P000153,2022-03-30,jakarta_barat,ruko,50.0,71.0,2,0,1,1,23.0,sedang,SHM,8.0,3.7,1,0,1,938.1
P000942,2022-03-30,surabaya,rumah,113.0,59.0,1,2,1,1,,sedang,SHM,5.6,23.4,0,0,0,580.5
P001480,2022-03-30,depok,rumah,104.0,68.0,1,2,2,0,41.0,sedang,SHM,5.7,21.6,0,0,0,438.5
P003030,2022-03-30,bekasi,rumah,186.0,135.0,1,4,4,3,8.0,sedang,SHM,4.2,12.4,1,0,0,1585.8
P003050,2022-03-30,tangerang_selatan,rumah,98.0,67.0,1,2,2,1,27.0,sedang,SHM,5.1,4.6,1,0,0,1247.7
P005066,2022-03-30,depok,rumah,126.0,180.0,2,5,4,2,31.0,baik,HGB,12.8,17.2,0,0,1,848.2
P006635,2022-03-30,surabaya,rumah,62.0,69.0,2,2,2,1,3.0,baik,HGB,5.2,14.9,0,0,0,620.9
P000583,2022-04-03,jakarta_selatan,rumah,171.0,144.0,2,5,3,3,40.0,perlu_renovasi,HGB,11.2,10.1,0,0,1,2612.3
P003974,2022-04-03,jakarta_barat,rumah,127.0,73.0,1,2,2,2,33.0,sedang,HGB,9.2,10.3,1,0,0,1601.7
P004618,2022-04-03,depok,rumah,86.0,54.0,1,2,2,1,6.0,baik,SHM,5.4,18.7,0,0,0,516.9
P001751,2022-04-04,bogor,ruko,64.0,113.0,3,2,2,0,19.0,sedang,HGB,10.5,26.2,0,0,0,499.2
P001890,2022-04-04,bekasi,ruko,52.0,89.0,3,0,1,1,,baik,SHM,9.8,3.3,0,1,0,884.5
P002859,2022-04-04,bandung,townhouse,102.0,114.0,2,3,2,1,15.0,baik,SHM,2.5,17.7,0,0,1,670.2
P004510,2022-04-04,tangerang_selatan,rumah,136.0,76.0,1,3,2,2,1.0,sedang,SHM,5.8,23.3,0,0,0,934.2
P005980,2022-04-04,bandung,ruko,90.0,162.0,3,3,2,2,39.0,sedang,SHM,9.3,21.6,0,0,0,555.3
P007379,2022-04-04,bekasi,ruko,58.0,65.0,2,0,1,1,7.0,baik,SHM,15.5,22.9,0,0,0,472.2
P007460,2022-04-04,bandung,rumah,99.0,106.0,2,2,1,1,10.0,sedang,SHM,12.7,3.9,0,1,0,1349.1
P007610,2022-04-04,semarang,rumah,135.0,54.0,1,1,1,1,,baik,SHM,2.6,9.4,1,0,1,533.4
P000218,2022-04-05,jakarta_barat,townhouse,111.0,147.0,2,3,3,2,15.0,baik,SHM,8.1,3.0,0,0,0,2178.9
P003577,2022-04-05,surabaya,rumah,176.0,276.0,2,7,5,1,46.0,perlu_renovasi,SHM,12.9,11.5,0,0,0,1600.1
P003968,2022-04-05,jakarta_barat,rumah,162.0,206.0,2,6,4,3,15.0,perlu_renovasi,HGB,7.3,14.8,0,0,1,1613.9
P004427,2022-04-05,jakarta_barat,rumah,92.0,151.0,2,5,5,1,1.0,baik,girik_ajb,6.1,4.8,0,0,0,2193.3
P006241,2022-04-05,bogor,rumah,38.0,37.0,2,1,1,0,7.0,sedang,SHM,4.7,17.8,0,0,0,250.1
P006883,2022-04-05,bekasi,townhouse,54.0,101.0,3,3,2,0,9.0,baik,SHM,5.1,19.7,0,0,0,661.0
P004198,2022-04-06,semarang,ruko,49.0,110.0,3,1,1,0,28.0,sedang,SHM,5.2,7.6,0,0,0,471.3
P005327,2022-04-06,bogor,rumah,205.0,182.0,2,5,5,2,3.0,sedang,SHM,14.8,10.4,1,0,1,1423.3
P008818,2022-04-06,surabaya,rumah,93.0,125.0,2,3,2,0,1.0,baik,SHM,6.2,4.2,1,1,0,1646.6
P009353,2022-04-06,tangerang_selatan,rumah,157.0,91.0,1,2,2,2,9.0,baik,SHM,4.5,18.7,0,0,0,1081.2
P002661,2022-04-07,surabaya,rumah,67.0,93.0,2,3,3,0,,sedang,girik_ajb,4.7,23.9,0,0,0,483.9
P002674,2022-04-07,depok,townhouse,87.0,110.0,2,3,3,1,12.0,baik,SHM,4.7,16.4,0,0,0,811.0
P002695,2022-04-07,semarang,townhouse,88.0,69.0,2,2,2,2,8.0,baik,SHM,4.5,11.2,1,0,0,729.6
P003218,2022-04-07,jakarta_selatan,ruko,100.0,291.0,4,6,6,1,4.0,baik,HGB,6.1,11.3,1,0,0,3257.6
P003382,2022-04-07,surabaya,townhouse,69.0,176.0,3,4,4,0,4.0,baik,SHM,5.6,12.4,0,0,0,1346.3
P003460,2022-04-07,surabaya,ruko,72.0,122.0,3,2,1,1,5.0,sedang,girik_ajb,8.3,13.1,0,0,0,935.5
P005613,2022-04-07,tangerang_selatan,ruko,65.0,86.0,3,1,1,1,,perlu_renovasi,SHM,13.8,14.2,0,0,1,584.8
P006195,2022-04-07,jakarta_selatan,townhouse,93.0,72.0,2,2,2,1,15.0,sedang,HGB,5.6,9.7,0,0,0,1700.9
P006810,2022-04-07,surabaya,rumah,133.0,100.0,1,3,3,1,9.0,sedang,SHM,5.1,10.3,0,0,0,1536.7
P007015,2022-04-07,tangerang_selatan,townhouse,73.0,112.0,2,3,2,0,10.0,sedang,SHM,3.3,21.3,0,0,0,912.4
P000411,2022-04-08,bandung,rumah,46.0,38.0,2,1,1,0,22.0,sedang,SHM,12.7,12.1,0,0,0,308.3
P002883,2022-04-08,depok,rumah,213.0,474.0,3,10,8,3,3.0,baik,SHM,2.9,10.0,1,0,0,3394.5
P003383,2022-04-08,semarang,rumah,138.0,169.0,2,6,5,2,,sedang,SHM,7.5,6.0,0,1,0,1192.4
P003868,2022-04-08,tangerang_selatan,rumah,104.0,131.0,2,4,3,0,22.0,sedang,girik_ajb,6.9,21.2,0,0,0,748.3
P006121,2022-04-08,jakarta_selatan,ruko,58.0,153.0,3,3,2,1,,baik,girik_ajb,9.3,6.7,1,0,0,1734.5
P007572,2022-04-08,yogyakarta,rumah,172.0,194.0,2,4,4,2,8.0,sedang,HGB,4.4,5.2,0,0,0,1491.7
P007799,2022-04-08,bekasi,rumah,91.0,118.0,2,4,4,2,12.0,baik,SHM,6.4,4.1,1,0,0,1256.3
P008094,2022-04-08,yogyakarta,rumah,365.0,312.0,1,9,8,4,5.0,baik,HGB,6.5,9.2,1,0,0,3664.2
P008721,2022-04-08,surabaya,rumah,323.0,152.0,1,5,5,4,3.0,baik,SHM,5.6,23.6,0,0,0,1768.6
P008965,2022-04-08,bekasi,rumah,78.0,47.0,1,1,1,1,4.0,baik,HGB,10.3,16.1,1,0,1,458.2
P000200,2022-04-09,tangerang_selatan,townhouse,64.0,89.0,2,2,2,1,15.0,sedang,SHM,8.4,20.8,0,0,0,710.8
P004533,2022-04-09,bandung,rumah,249.0,187.0,2,6,4,3,47.0,sedang,SHM,6.5,13.7,0,0,0,1720.2
P007161,2022-04-09,bogor,rumah,146.0,192.0,2,5,5,1,14.0,sedang,SHM,5.0,24.5,0,0,0,817.6
P003350,2022-04-10,bekasi,rumah,167.0,231.0,2,5,5,2,17.0,baik,SHM,4.8,22.5,1,0,0,1038.7
P003387,2022-04-10,depok,rumah,141.0,159.0,2,4,4,2,13.0,sedang,HGB,4.5,8.5,0,0,0,1231.9
P004917,2022-04-10,bandung,rumah,223.0,188.0,1,5,4,2,9.0,sedang,SHM,10.1,17.5,0,0,0,1604.1
P005615,2022-04-10,bogor,ruko,59.0,78.0,2,0,1,1,48.0,sedang,SHM,4.4,19.5,0,0,0,260.7
P005649,2022-04-10,bekasi,rumah,81.0,114.0,2,3,3,2,20.0,sedang,SHM,6.1,19.3,0,0,0,571.9
P008646,2022-04-10,bekasi,rumah,190.0,171.0,2,5,4,2,24.0,baik,HGB,5.2,13.6,1,0,0,1635.5
P009635,2022-04-10,bogor,rumah,146.0,188.0,3,4,3,1,13.0,sedang,SHM,5.5,23.7,0,0,0,872.0
P000283,2022-04-11,tangerang_selatan,rumah,98.0,78.0,1,2,2,1,5.0,sedang,SHM,5.8,12.6,0,0,0,912.6
P000517,2022-04-11,tangerang_selatan,rumah,36.0,21.0,1,1,1,1,6.0,baik,HGB,6.1,4.4,1,1,0,560.8
P000548,2022-04-11,jakarta_selatan,rumah,84.0,51.0,1,1,1,1,13.0,sedang,SHM,5.7,8.3,1,0,0,1643.7
P000589,2022-04-11,jakarta_barat,rumah,84.0,116.0,2,4,4,2,8.0,sedang,SHM,5.0,5.4,0,1,1,1390.6
P001057,2022-04-11,semarang,ruko,64.0,63.0,2,0,1,1,5.0,baik,HGB,10.0,5.9,0,1,0,732.0
P002041,2022-04-11,tangerang_selatan,rumah,63.0,144.0,3,4,3,1,31.0,perlu_renovasi,SHM,2.2,4.5,1,0,0,765.6
P002198,2022-04-11,depok,rumah,130.0,109.0,2,3,3,2,15.0,baik,SHM,2.8,8.6,1,0,0,1074.9
P002876,2022-04-11,jakarta_barat,townhouse,89.0,84.0,2,2,2,1,10.0,baik,SHM,11.7,9.7,0,0,0,1489.8
P003159,2022-04-11,semarang,rumah,136.0,79.0,1,3,3,2,36.0,perlu_renovasi,SHM,9.7,18.0,1,0,0,435.0
P004759,2022-04-11,jakarta_selatan,rumah,172.0,263.0,2,9,7,2,5.0,baik,SHM,,2.5,0,0,1,4352.4
P006315,2022-04-11,bandung,rumah,111.0,98.0,1,2,2,1,15.0,baik,HGB,3.2,3.6,1,0,0,1149.2
P008747,2022-04-11,bandung,ruko,98.0,114.0,3,1,1,0,6.0,baik,girik_ajb,9.8,10.2,0,0,0,1048.9
P000435,2022-04-12,jakarta_selatan,rumah,118.0,56.0,1,1,1,2,5.0,baik,SHM,,6.8,0,0,0,2708.5
P002916,2022-04-12,jakarta_barat,rumah,152.0,91.0,1,2,2,2,30.0,sedang,SHM,6.1,18.9,0,0,0,1297.2
P003800,2022-04-12,tangerang_selatan,rumah,108.0,136.0,2,4,3,1,20.0,baik,SHM,5.3,16.3,1,0,0,970.4
P004093,2022-04-12,surabaya,rumah,84.0,56.0,1,1,1,2,17.0,baik,SHM,9.9,23.5,1,0,0,545.1
P000455,2022-04-13,jakarta_selatan,rumah,48.0,51.0,2,1,1,1,6.0,sedang,SHM,6.6,8.0,0,0,1,1267.3
P000560,2022-04-13,depok,rumah,178.0,151.0,1,5,4,2,16.0,sedang,SHM,4.4,21.5,0,0,1,948.0
P004577,2022-04-13,surabaya,rumah,89.0,46.0,1,1,1,1,34.0,perlu_renovasi,SHM,11.5,16.9,0,0,0,611.0
P007724,2022-04-13,bekasi,rumah,150.0,105.0,1,3,2,1,4.0,sedang,SHM,3.2,11.2,0,1,0,1101.0
P009234,2022-04-13,semarang,rumah,83.0,153.0,3,4,3,1,16.0,baik,SHM,2.7,17.9,1,0,0,589.6
P000647,2022-04-14,jakarta_selatan,townhouse,93.0,110.0,3,3,2,1,15.0,perlu_renovasi,SHM,5.2,10.0,0,1,0,2012.2
P001755,2022-04-14,tangerang_selatan,rumah,96.0,118.0,2,4,3,1,20.0,perlu_renovasi,SHM,4.1,17.7,0,0,0,774.2
P002270,2022-04-14,surabaya,rumah,103.0,164.0,2,5,5,2,20.0,sedang,SHM,5.8,5.3,0,0,0,1519.2
P004900,2022-04-14,surabaya,townhouse,73.0,87.0,3,2,2,0,15.0,baik,SHM,4.1,15.8,1,1,1,870.1
P005859,2022-04-14,depok,rumah,86.0,68.0,2,2,1,1,6.0,perlu_renovasi,SHM,11.4,18.4,0,0,0,530.5
P006078,2022-04-14,bekasi,rumah,82.0,71.0,1,2,2,1,4.0,sedang,SHM,5.3,12.4,1,0,0,621.5
P007072,2022-04-14,jakarta_barat,ruko,48.0,86.0,3,0,1,1,7.0,baik,SHM,8.0,7.2,0,0,0,1233.3
P008812,2022-04-14,yogyakarta,rumah,213.0,125.0,1,3,2,3,9.0,baik,SHM,5.9,15.6,0,0,0,1161.3
P009297,2022-04-14,jakarta_selatan,townhouse,63.0,84.0,2,3,3,1,,sedang,SHM,8.6,6.2,0,0,0,1749.5
P000065,2022-04-15,bogor,rumah,171.0,78.0,1,2,2,1,5.0,sedang,SHM,5.5,18.5,0,0,0,827.6
P000442,2022-04-15,jakarta_barat,townhouse,96.0,135.0,2,4,3,1,3.0,sedang,SHM,3.5,9.5,1,0,0,1559.9
P002188,2022-04-15,bogor,rumah,213.0,94.0,1,3,2,3,6.0,sedang,SHM,2.0,7.7,0,0,0,1139.2
P003219,2022-04-15,tangerang_selatan,ruko,62.0,123.0,3,2,1,1,16.0,sedang,SHM,10.8,16.5,1,0,1,962.9
P003277,2022-04-15,depok,ruko,87.0,153.0,4,3,2,0,4.0,baik,SHM,5.7,14.7,1,0,0,998.4
P005424,2022-04-15,jakarta_selatan,rumah,119.0,58.0,1,1,1,2,8.0,sedang,HGB,5.2,2.2,1,1,0,2956.0
P009052,2022-04-15,bogor,rumah,121.0,92.0,1,3,3,2,25.0,sedang,SHM,8.9,7.3,1,0,0,971.1
P009741,2022-04-15,depok,rumah,46.0,31.0,1,1,1,0,10.0,baik,girik_ajb,6.3,11.3,0,0,0,350.9
P001375,2022-04-16,yogyakarta,rumah,250.0,168.0,1,5,4,3,11.0,baik,HGB,4.1,3.1,0,0,0,2171.7
P002877,2022-04-16,tangerang_selatan,rumah,113.0,56.0,1,1,1,1,17.0,sedang,HGB,9.3,20.6,0,0,0,859.7
P003394,2022-04-16,jakarta_selatan,rumah,93.0,75.0,2,2,2,1,12.0,baik,SHM,5.9,3.7,0,0,0,2026.2
P005405,2022-04-16,depok,rumah,110.0,167.0,2,5,4,2,5.0,sedang,SHM,5.6,15.3,0,0,0,1278.2
P003737,2022-04-17,tangerang_selatan,ruko,80.0,131.0,3,2,2,1,7.0,baik,HGB,4.8,14.2,1,1,0,1385.9
P004827,2022-04-17,jakarta_barat,rumah,75.0,112.0,2,4,3,1,10.0,sedang,HGB,6.8,17.4,1,0,0,1061.6
P005508,2022-04-17,bekasi,ruko,69.0,126.0,4,1,1,1,20.0,perlu_renovasi,HGB,7.1,21.6,0,0,0,476.3
P006287,2022-04-17,depok,rumah,225.0,104.0,1,3,2,3,,sedang,SHM,6.6,13.2,1,0,0,1650.9
P006358,2022-04-17,yogyakarta,rumah,152.0,80.0,1,2,2,2,5.0,baik,SHM,3.0,8.1,0,0,0,1136.3
P007079,2022-04-17,jakarta_selatan,townhouse,49.0,50.0,2,1,1,2,,baik,SHM,3.8,15.2,0,0,0,950.1
P008493,2022-04-17,bekasi,rumah,132.0,101.0,2,3,3,1,30.0,perlu_renovasi,HGB,4.8,3.3,1,1,0,1099.6
P008510,2022-04-17,surabaya,rumah,86.0,144.0,3,4,3,2,12.0,baik,SHM,4.6,24.1,0,0,0,804.3
P000086,2022-04-18,jakarta_selatan,rumah,171.0,180.0,2,4,3,2,26.0,sedang,HGB,8.3,14.9,0,0,0,2795.0
P001107,2022-04-18,jakarta_selatan,ruko,67.0,94.0,2,1,1,0,25.0,baik,SHM,11.8,14.8,0,0,1,1319.2
P002360,2022-04-18,jakarta_barat,rumah,221.0,102.0,1,3,2,1,11.0,baik,girik_ajb,4.2,19.9,1,0,1,1329.9
P005160,2022-04-18,tangerang_selatan,townhouse,69.0,81.0,3,2,1,1,1.0,baik,HGB,9.3,6.2,0,0,0,1025.8
P005528,2022-04-18,jakarta_barat,rumah,88.0,60.0,1,2,2,1,13.0,baik,HGB,10.6,16.6,1,0,0,1083.9
P005882,2022-04-18,tangerang_selatan,rumah,147.0,183.0,2,5,5,2,23.0,sedang,SHM,4.6,12.4,0,0,0,1639.3
P005978,2022-04-18,tangerang_selatan,rumah,123.0,53.0,1,2,2,2,,baik,SHM,7.1,22.3,0,1,1,933.3
P006274,2022-04-18,jakarta_selatan,ruko,54.0,161.0,4,2,2,2,24.0,baik,SHM,7.8,12.5,0,0,1,1253.4
P006429,2022-04-18,bekasi,rumah,70.0,60.0,2,2,2,1,15.0,sedang,SHM,10.1,6.4,1,0,0,512.0
P007671,2022-04-18,yogyakarta,rumah,40.0,31.0,2,1,1,0,7.0,sedang,HGB,7.9,12.6,1,0,0,366.8
P008098,2022-04-18,depok,rumah,159.0,213.0,2,5,3,1,21.0,sedang,SHM,1.9,14.8,1,0,0,1078.5
P001633,2022-04-19,bogor,townhouse,101.0,85.0,2,2,2,1,15.0,baik,girik_ajb,5.4,9.2,1,1,0,660.5
P002109,2022-04-19,tangerang_selatan,townhouse,74.0,49.0,2,1,1,2,12.0,baik,girik_ajb,4.8,9.7,0,0,0,691.4
P002711,2022-04-19,yogyakarta,rumah,124.0,91.0,1,2,2,2,26.0,sedang,SHM,5.3,13.9,0,0,0,647.5
P002720,2022-04-19,depok,rumah,116.0,59.0,1,1,1,1,29.0,perlu_renovasi,HGB,5.0,8.1,0,0,0,782.0
P003949,2022-04-19,semarang,rumah,169.0,140.0,1,4,4,2,23.0,perlu_renovasi,SHM,3.3,19.1,0,0,0,729.8
P004066,2022-04-19,surabaya,townhouse,90.0,106.0,2,3,3,1,,baik,SHM,7.5,15.8,0,0,1,1137.7
P004362,2022-04-19,depok,townhouse,66.0,96.0,2,2,2,1,10.0,baik,HGB,4.6,6.3,1,0,0,859.3
P004642,2022-04-19,jakarta_selatan,ruko,76.0,91.0,2,0,1,0,17.0,sedang,SHM,13.3,13.5,0,1,0,2381.4
P005933,2022-04-19,tangerang_selatan,rumah,183.0,103.0,1,2,2,2,,sedang,HGB,6.4,4.7,1,1,0,3613.8
P005938,2022-04-19,bekasi,rumah,220.0,74.0,1,2,2,3,4.0,baik,SHM,6.4,18.6,0,0,0,1216.6
P005991,2022-04-19,jakarta_selatan,townhouse,80.0,134.0,2,4,3,1,6.0,baik,SHM,5.2,5.3,0,0,0,2535.8
P001241,2022-04-20,surabaya,rumah,119.0,157.0,2,5,5,1,18.0,baik,HGB,6.2,20.2,1,0,0,1070.9
P001737,2022-04-20,semarang,rumah,88.0,71.0,2,2,2,2,4.0,sedang,SHM,4.1,16.8,1,0,0,501.1
P003421,2022-04-20,surabaya,rumah,154.0,132.0,2,4,4,1,8.0,baik,SHM,4.8,10.9,1,0,0,1734.4
P003559,2022-04-20,bogor,rumah,146.0,160.0,3,4,4,2,11.0,baik,HGB,7.2,26.0,0,0,0,975.8
P003648,2022-04-20,bekasi,ruko,43.0,77.0,3,0,1,0,7.0,perlu_renovasi,SHM,8.5,23.5,0,0,0,324.6
P005300,2022-04-20,jakarta_selatan,rumah,195.0,84.0,1,2,2,2,19.0,perlu_renovasi,SHM,3.8,17.7,0,0,0,2140.7
P006163,2022-04-20,tangerang_selatan,rumah,87.0,81.0,2,2,2,2,12.0,baik,SHM,6.7,16.7,0,0,0,744.4
P008876,2022-04-20,tangerang_selatan,rumah,186.0,129.0,1,3,3,2,5.0,perlu_renovasi,SHM,4.0,15.0,0,0,0,1253.4
P009860,2022-04-20,depok,rumah,117.0,182.0,3,5,4,1,35.0,baik,HGB,6.1,9.0,1,1,0,1074.7
P000980,2022-04-21,jakarta_barat,townhouse,118.0,154.0,2,5,3,1,3.0,baik,SHM,,12.8,1,1,0,1894.8
P002518,2022-04-21,tangerang_selatan,rumah,140.0,83.0,1,2,2,1,4.0,baik,SHM,10.6,10.2,0,1,0,1703.4
P003303,2022-04-21,tangerang_selatan,rumah,63.0,31.0,1,1,1,1,29.0,baik,SHM,5.0,24.3,0,0,0,314.4
P005964,2022-04-21,tangerang_selatan,rumah,156.0,214.0,2,7,6,2,14.0,sedang,SHM,2.9,24.5,0,0,0,1336.2
P006517,2022-04-21,bandung,ruko,74.0,100.0,2,0,1,1,9.0,baik,HGB,14.1,13.7,1,0,1,738.9
P007180,2022-04-21,tangerang_selatan,rumah,205.0,166.0,1,4,3,2,3.0,baik,SHM,6.9,3.7,0,1,0,4166.8
P007404,2022-04-21,depok,rumah,58.0,125.0,3,3,2,1,13.0,baik,SHM,3.6,8.4,0,0,0,821.6
P007725,2022-04-21,surabaya,townhouse,88.0,121.0,3,4,3,1,3.0,baik,HGB,4.7,8.3,1,0,0,1308.4
P009768,2022-04-21,bandung,townhouse,88.0,122.0,2,4,3,1,15.0,sedang,HGB,6.4,8.6,1,1,0,962.7
P001341,2022-04-22,jakarta_selatan,townhouse,78.0,74.0,2,2,2,1,5.0,baik,SHM,2.4,11.8,1,0,0,1544.4
P001811,2022-04-22,tangerang_selatan,townhouse,101.0,182.0,3,5,5,1,8.0,baik,HGB,5.1,24.2,0,0,0,1240.3
P002152,2022-04-22,jakarta_selatan,townhouse,99.0,107.0,2,3,2,1,,sedang,SHM,12.2,16.4,0,1,0,1877.1
P003198,2022-04-22,jakarta_selatan,rumah,127.0,83.0,1,2,2,1,11.0,baik,HGB,,15.4,0,0,0,1804.5
P003419,2022-04-22,jakarta_selatan,rumah,200.0,529.0,3,10,8,3,11.0,sedang,SHM,3.3,5.9,0,0,0,5219.6
P003640,2022-04-22,depok,ruko,60.0,106.0,2,1,1,1,18.0,sedang,SHM,6.3,6.1,1,0,0,911.3
P003814,2022-04-22,jakarta_selatan,rumah,77.0,117.0,2,3,2,1,17.0,sedang,SHM,3.5,12.7,0,0,0,1663.7
P004174,2022-04-22,tangerang_selatan,rumah,149.0,84.0,1,2,1,1,6.0,baik,SHM,13.3,15.3,0,0,0,1828.2
P005370,2022-04-22,tangerang_selatan,ruko,74.0,71.0,2,0,1,1,5.0,sedang,SHM,,9.6,0,1,0,1024.7
P005375,2022-04-22,bandung,rumah,400.0,311.0,2,10,8,4,12.0,baik,HGB,8.4,16.8,0,1,0,2795.6
P006659,2022-04-22,surabaya,ruko,63.0,84.0,2,0,1,1,20.0,baik,SHM,5.4,16.4,0,0,0,702.8
P008115,2022-04-22,jakarta_barat,rumah,75.0,83.0,2,2,2,1,11.0,baik,SHM,10.8,6.9,1,0,0,1369.4
P009218,2022-04-22,yogyakarta,rumah,118.0,67.0,1,2,2,2,17.0,baik,HGB,4.3,14.5,0,0,0,548.2
P009250,2022-04-22,surabaya,rumah,841.0,600.0,2,10,7,6,23.0,sedang,SHM,3.3,4.5,0,0,0,8061.8
P000189,2022-04-23,bandung,rumah,90.0,62.0,1,2,2,1,30.0,baik,SHM,5.0,6.9,1,0,0,704.9
P001136,2022-04-23,tangerang_selatan,rumah,144.0,205.0,2,5,4,2,10.0,sedang,SHM,5.3,23.5,0,0,0,1200.8
P001152,2022-04-23,semarang,ruko,136.0,195.0,3,4,3,1,0.0,baik,SHM,5.8,4.6,0,0,0,1475.0
P002625,2022-04-23,bogor,rumah,127.0,182.0,2,5,4,2,14.0,baik,HGB,4.3,28.4,0,0,0,786.2
P003136,2022-04-23,surabaya,rumah,182.0,69.0,1,2,2,2,19.0,sedang,girik_ajb,5.5,23.4,0,0,1,595.0
P003763,2022-04-23,jakarta_selatan,rumah,129.0,145.0,2,4,3,1,12.0,baik,SHM,4.4,6.4,0,1,0,3147.5
P005032,2022-04-23,surabaya,rumah,87.0,63.0,1,1,1,1,13.0,baik,HGB,3.6,12.9,1,0,0,815.5
P006679,2022-04-23,jakarta_selatan,rumah,159.0,191.0,2,5,5,2,9.0,sedang,SHM,2.7,16.2,0,0,1,1506.8
P006710,2022-04-23,jakarta_barat,townhouse,111.0,135.0,3,4,3,0,12.0,sedang,girik_ajb,5.8,12.2,1,1,0,1388.4
P006953,2022-04-23,jakarta_selatan,townhouse,83.0,77.0,2,2,2,1,11.0,baik,girik_ajb,3.7,17.7,1,0,0,1272.8
P007197,2022-04-23,jakarta_barat,rumah,323.0,363.0,2,9,8,3,20.0,sedang,SHM,4.3,12.7,1,0,0,3643.5
P007565,2022-04-23,tangerang_selatan,rumah,108.0,53.0,1,1,1,1,11.0,baik,SHM,5.8,16.5,1,0,0,1014.8
P008056,2022-04-23,bogor,rumah,71.0,72.0,2,2,2,1,8.0,baik,HGB,12.6,8.0,1,0,0,598.3
P008402,2022-04-23,jakarta_barat,rumah,100.0,73.0,2,2,2,2,17.0,sedang,SHM,6.8,10.2,0,1,0,1248.8
P000785,2022-04-24,yogyakarta,rumah,213.0,122.0,1,4,3,3,12.0,baik,SHM,3.7,19.8,0,0,0,978.5
P003143,2022-04-24,yogyakarta,rumah,169.0,265.0,2,8,8,1,18.0,sedang,SHM,5.7,5.3,1,0,0,1760.7
P003642,2022-04-24,jakarta_selatan,ruko,99.0,105.0,2,1,1,1,31.0,sedang,SHM,11.8,13.8,0,0,0,2387.4
P003942,2022-04-24,jakarta_barat,townhouse,76.0,59.0,2,1,1,1,8.0,sedang,SHM,4.4,8.8,0,1,0,1143.8
P004909,2022-04-24,bandung,rumah,197.0,189.0,2,4,4,1,15.0,sedang,girik_ajb,9.7,10.4,0,0,0,1451.9
P004925,2022-04-24,depok,ruko,59.0,49.0,2,0,1,1,11.0,baik,SHM,8.6,5.3,0,0,0,858.8
P005131,2022-04-24,tangerang_selatan,rumah,64.0,30.0,1,1,1,1,2.0,sedang,SHM,5.6,20.3,0,0,0,434.6
P005237,2022-04-24,jakarta_barat,townhouse,102.0,117.0,2,3,2,1,15.0,perlu_renovasi,SHM,4.0,14.5,1,0,0,1190.3
P006750,2022-04-24,bandung,rumah,209.0,311.0,2,7,7,3,13.0,sedang,HGB,4.7,13.1,0,0,0,1618.3
P008308,2022-04-24,bandung,rumah,69.0,95.0,2,3,3,1,9.0,baik,HGB,4.5,7.4,0,0,0,826.7
P008853,2022-04-24,jakarta_barat,rumah,162.0,119.0,1,4,3,1,11.0,sedang,girik_ajb,3.4,13.9,1,1,0,1557.2
P009061,2022-04-24,surabaya,ruko,53.0,116.0,3,1,1,0,2.0,sedang,SHM,4.7,12.2,0,0,0,848.8
P000224,2022-04-25,yogyakarta,ruko,52.0,70.0,2,0,1,0,15.0,baik,SHM,10.5,14.7,1,0,0,538.5
P000249,2022-04-25,bekasi,rumah,64.0,83.0,3,2,2,0,10.0,baik,SHM,13.6,4.0,0,0,0,789.8
P001209,2022-04-25,tangerang_selatan,rumah,202.0,275.0,3,8,6,2,15.0,baik,HGB,2.5,20.9,1,0,1,1728.2
P004955,2022-04-25,tangerang_selatan,rumah,94.0,139.0,2,5,5,2,8.0,baik,HGB,6.9,19.0,0,0,0,1062.9
P009520,2022-04-25,jakarta_barat,ruko,78.0,113.0,3,1,1,1,11.0,baik,HGB,9.1,10.4,0,1,0,1704.7
P009545,2022-04-25,bogor,ruko,94.0,204.0,4,3,2,2,46.0,perlu_renovasi,HGB,10.2,7.5,0,0,0,575.8
P009554,2022-04-25,jakarta_selatan,rumah,46.0,41.0,2,1,1,0,15.0,sedang,SHM,4.7,4.7,0,0,0,1240.0
P009689,2022-04-25,jakarta_selatan,rumah,103.0,221.0,3,6,5,1,17.0,perlu_renovasi,SHM,3.6,4.1,0,1,0,2908.4
P001478,2022-04-26,yogyakarta,rumah,167.0,202.0,2,6,5,1,1.0,sedang,SHM,7.8,17.4,0,0,0,1217.2
P002496,2022-04-26,depok,townhouse,77.0,58.0,2,2,2,1,5.0,baik,SHM,7.4,23.2,1,0,0,592.9
P003275,2022-04-26,bandung,rumah,191.0,187.0,2,5,5,3,8.0,baik,SHM,3.7,14.4,0,0,0,1714.9
P003595,2022-04-26,jakarta_selatan,townhouse,94.0,198.0,3,6,5,2,15.0,sedang,HGB,7.6,14.7,1,0,0,2021.8
P004117,2022-04-26,bogor,rumah,128.0,182.0,2,6,5,1,22.0,baik,SHM,5.3,26.2,0,0,0,626.2
P005899,2022-04-26,depok,rumah,84.0,47.0,1,1,1,1,7.0,baik,SHM,2.8,4.2,1,1,0,857.9
P006423,2022-04-26,bandung,rumah,86.0,29.0,1,1,1,2,11.0,baik,HGB,,14.2,1,0,0,417.0
P009000,2022-04-26,bogor,townhouse,95.0,112.0,2,3,3,1,14.0,baik,SHM,3.0,19.7,1,0,1,666.6
P009853,2022-04-26,bekasi,rumah,81.0,125.0,2,4,3,1,4.0,baik,SHM,7.2,13.6,0,0,0,1272.6
P000439,2022-04-27,bandung,rumah,95.0,156.0,3,5,4,1,14.0,sedang,SHM,7.0,20.4,0,0,0,773.5
P002379,2022-04-27,jakarta_barat,rumah,175.0,129.0,1,4,3,2,15.0,sedang,SHM,1.6,16.3,0,0,0,1397.4
P003149,2022-04-27,surabaya,rumah,145.0,78.0,1,2,2,2,20.0,sedang,SHM,2.7,13.7,1,0,0,1000.3
P006737,2022-04-27,jakarta_selatan,rumah,136.0,131.0,2,3,3,1,25.0,baik,SHM,2.0,13.2,1,0,0,2018.0
P007397,2022-04-27,bekasi,ruko,70.0,127.0,3,2,1,1,40.0,sedang,HGB,13.4,3.1,1,1,0,841.4
P007545,2022-04-27,depok,rumah,43.0,46.0,2,1,1,0,15.0,sedang,SHM,4.9,16.7,0,0,1,311.5
P007747,2022-04-27,depok,rumah,84.0,94.0,2,3,2,1,22.0,sedang,SHM,7.0,23.3,0,0,1,530.2
P008595,2022-04-27,jakarta_selatan,rumah,89.0,120.0,2,4,4,1,20.0,sedang,SHM,4.9,3.0,0,0,0,2293.9
P008612,2022-04-27,bandung,rumah,96.0,101.0,2,2,2,1,34.0,sedang,SHM,6.4,15.7,1,0,0,701.8
P001138,2022-04-28,bekasi,ruko,73.0,135.0,4,2,2,0,6.0,baik,SHM,7.1,27.5,0,0,0,759.0
P001179,2022-04-28,jakarta_barat,rumah,126.0,103.0,2,4,4,1,11.0,baik,HGB,8.7,18.7,0,0,0,1430.6
P003612,2022-04-28,tangerang_selatan,rumah,108.0,140.0,2,3,3,2,12.0,sedang,SHM,4.4,13.7,0,0,0,1247.6
P005419,2022-04-28,jakarta_barat,rumah,141.0,111.0,2,3,3,1,5.0,baik,HGB,6.6,8.6,0,0,0,1920.9
P007722,2022-04-28,surabaya,rumah,134.0,73.0,1,2,1,3,13.0,sedang,SHM,3.1,2.9,0,0,0,1492.8
P007974,2022-04-28,jakarta_selatan,rumah,75.0,25.0,1,1,1,1,7.0,baik,SHM,6.5,16.0,0,1,1,1267.8
P000499,2022-04-29,bekasi,rumah,93.0,56.0,1,2,2,1,5.0,sedang,HGB,4.2,20.8,0,0,0,461.4
P000900,2022-04-29,depok,rumah,79.0,117.0,2,3,2,1,5.0,baik,SHM,6.5,5.3,0,0,0,1177.8
P006908,2022-04-29,surabaya,rumah,107.0,59.0,1,2,2,1,15.0,perlu_renovasi,SHM,5.8,22.6,0,0,0,485.1
P009977,2022-04-29,bandung,rumah,115.0,63.0,1,2,2,0,6.0,sedang,SHM,8.0,16.2,0,0,0,766.2
P001099,2022-04-30,surabaya,ruko,60.0,133.0,4,2,2,1,12.0,baik,HGB,8.8,5.6,1,1,0,1174.3
P003125,2022-04-30,jakarta_barat,rumah,123.0,147.0,2,5,4,0,14.0,sedang,SHM,2.9,18.9,0,0,0,1106.0
P003265,2022-04-30,tangerang_selatan,rumah,107.0,122.0,2,3,2,1,10.0,sedang,SHM,5.6,7.4,0,0,1,1451.7
P005850,2022-04-30,surabaya,ruko,101.0,137.0,2,3,3,2,6.0,baik,SHM,10.1,23.7,0,0,0,1070.8
P006045,2022-04-30,depok,rumah,93.0,42.0,1,1,1,1,5.0,baik,SHM,,20.6,0,1,0,518.2
P006756,2022-04-30,jakarta_selatan,townhouse,99.0,165.0,2,5,3,1,4.0,baik,SHM,3.1,10.0,0,0,0,2519.8
P007201,2022-04-30,bekasi,rumah,174.0,268.0,3,6,4,3,,baik,SHM,2.8,26.9,0,0,0,1459.0
P001399,2022-05-03,depok,ruko,59.0,92.0,3,0,1,1,21.0,baik,SHM,2.0,6.3,1,0,1,782.9
P001878,2022-05-03,tangerang_selatan,rumah,176.0,355.0,3,10,7,2,2.0,sedang,HGB,3.5,3.9,1,1,1,2861.5
P002989,2022-05-03,jakarta_barat,rumah,88.0,47.0,1,1,1,0,10.0,baik,HGB,7.9,13.7,0,0,1,851.4
P007817,2022-05-03,depok,rumah,108.0,129.0,2,3,2,2,13.0,sedang,HGB,8.0,16.7,0,0,0,875.6
P008771,2022-05-03,jakarta_selatan,rumah,118.0,112.0,2,4,4,1,14.0,sedang,HGB,4.0,9.6,1,0,0,2391.2
P001643,2022-05-04,bekasi,rumah,197.0,286.0,2,9,8,1,5.0,baik,SHM,7.5,13.9,0,0,0,2041.1
P001804,2022-05-04,bandung,rumah,186.0,140.0,1,3,3,2,22.0,baik,HGB,2.4,16.8,0,0,0,974.8
P002551,2022-05-04,depok,townhouse,85.0,113.0,2,3,2,2,15.0,baik,HGB,3.7,14.8,0,0,0,834.9
P004227,2022-05-04,bogor,rumah,221.0,73.0,1,2,2,3,8.0,baik,girik_ajb,4.9,3.4,0,0,0,999.2
P007175,2022-05-04,bekasi,rumah,129.0,126.0,2,3,2,1,3.0,sedang,SHM,4.9,13.1,0,0,0,1130.9
P007211,2022-05-04,depok,rumah,70.0,29.0,1,1,1,1,18.0,perlu_renovasi,SHM,10.8,20.1,0,0,0,315.3
P007752,2022-05-04,tangerang_selatan,rumah,98.0,33.0,1,1,1,2,5.0,baik,SHM,3.8,10.5,0,0,0,872.4
P009017,2022-05-04,bandung,rumah,216.0,170.0,1,6,6,2,,sedang,SHM,3.1,14.4,0,0,1,1383.8
P002145,2022-05-05,tangerang_selatan,ruko,65.0,89.0,2,1,1,0,2.0,sedang,HGB,9.8,11.5,0,0,0,1004.6
P002461,2022-05-05,semarang,rumah,305.0,550.0,2,10,8,3,2.0,sedang,SHM,9.4,16.5,0,0,0,3335.5
P004387,2022-05-05,tangerang_selatan,rumah,89.0,108.0,2,3,3,1,10.0,baik,SHM,7.7,14.8,0,0,0,955.8
P006907,2022-05-05,bandung,townhouse,103.0,121.0,2,3,2,2,8.0,baik,HGB,1.6,10.8,0,0,0,977.8
P007199,2022-05-05,bandung,ruko,55.0,174.0,4,3,3,1,28.0,baik,girik_ajb,7.3,9.9,0,1,1,613.2
P008823,2022-05-05,bogor,ruko,72.0,87.0,2,1,1,1,39.0,perlu_renovasi,girik_ajb,9.3,25.7,1,0,0,208.4
P001398,2022-05-06,semarang,rumah,54.0,21.0,1,1,1,0,3.0,baik,SHM,3.7,14.9,0,0,1,260.6
P001960,2022-05-06,bogor,townhouse,69.0,101.0,2,3,2,1,4.0,baik,SHM,5.4,8.6,1,1,0,800.3
P002583,2022-05-06,jakarta_selatan,ruko,116.0,150.0,3,2,2,2,10.0,baik,SHM,5.1,11.7,1,0,0,2723.0
P002631,2022-05-06,jakarta_selatan,rumah,66.0,107.0,3,3,2,1,3.0,sedang,SHM,7.3,7.4,0,1,0,2079.3
P004072,2022-05-06,bogor,rumah,106.0,51.0,1,1,1,1,24.0,baik,SHM,8.0,21.6,0,0,0,445.6
P004804,2022-05-06,bekasi,rumah,48.0,36.0,2,1,1,1,8.0,sedang,SHM,3.2,4.9,0,0,0,541.6
P000660,2022-05-07,bekasi,rumah,278.0,203.0,1,6,5,4,8.0,baik,HGB,6.2,15.9,0,0,1,1823.8
P000825,2022-05-07,surabaya,rumah,85.0,57.0,1,2,1,1,8.0,baik,HGB,3.0,8.5,0,1,0,890.2
P001516,2022-05-07,tangerang_selatan,rumah,144.0,117.0,2,3,3,2,3.0,baik,SHM,5.1,10.8,0,1,0,1693.8
P002484,2022-05-07,tangerang_selatan,townhouse,82.0,82.0,2,2,1,1,15.0,sedang,HGB,5.4,20.8,0,0,0,668.8
P007042,2022-05-07,jakarta_barat,rumah,63.0,62.0,2,2,1,1,5.0,sedang,girik_ajb,2.8,16.5,0,0,0,484.7
P007573,2022-05-07,jakarta_selatan,rumah,45.0,21.0,1,1,1,1,14.0,sedang,SHM,4.4,11.4,0,0,0,737.2
P009147,2022-05-07,tangerang_selatan,rumah,158.0,126.0,1,3,3,2,18.0,baik,HGB,7.5,18.3,1,0,0,1483.0
P009949,2022-05-07,bogor,rumah,142.0,163.0,2,4,3,0,21.0,sedang,girik_ajb,5.7,12.1,0,0,0,736.0
P002065,2022-05-08,bekasi,townhouse,93.0,89.0,2,3,2,1,12.0,baik,SHM,5.6,11.8,1,0,0,917.4
P002149,2022-05-08,surabaya,rumah,170.0,174.0,2,4,4,1,13.0,sedang,SHM,4.4,6.5,1,1,1,1943.3
P002463,2022-05-08,jakarta_selatan,rumah,83.0,153.0,2,4,3,0,7.0,baik,HGB,5.0,4.0,1,0,0,2457.2
P006309,2022-05-08,tangerang_selatan,rumah,102.0,91.0,2,2,1,2,5.0,baik,HGB,3.8,24.1,1,0,0,860.1
P007107,2022-05-08,bogor,rumah,155.0,217.0,2,5,3,1,8.0,baik,HGB,4.2,26.6,0,0,0,1234.8
P008224,2022-05-08,semarang,rumah,94.0,43.0,1,1,1,0,10.0,sedang,SHM,10.1,18.2,1,0,0,469.6
P008468,2022-05-08,depok,townhouse,91.0,113.0,2,3,2,2,11.0,baik,HGB,7.5,4.9,0,1,0,1183.4
P008667,2022-05-08,bekasi,rumah,41.0,21.0,1,1,1,0,14.0,baik,HGB,3.7,10.9,0,1,0,305.2
P008702,2022-05-08,depok,townhouse,63.0,96.0,2,3,3,1,1.0,sedang,HGB,3.9,18.3,0,0,0,683.8
P000921,2022-05-09,jakarta_selatan,rumah,66.0,92.0,2,3,3,1,32.0,baik,SHM,2.4,10.4,1,0,0,947.2
P003253,2022-05-09,tangerang_selatan,rumah,93.0,104.0,2,3,2,1,26.0,sedang,SHM,8.3,11.9,0,0,0,972.4
P004247,2022-05-09,surabaya,rumah,185.0,222.0,2,6,4,2,7.0,baik,SHM,2.5,15.4,0,0,0,1523.6
P006829,2022-05-09,bogor,rumah,93.0,53.0,1,2,2,2,22.0,sedang,SHM,9.2,23.6,0,0,0,374.2
P007352,2022-05-09,jakarta_barat,rumah,209.0,178.0,1,5,4,2,4.0,baik,girik_ajb,4.4,12.3,1,0,0,2312.5
P008488,2022-05-09,jakarta_selatan,townhouse,70.0,75.0,2,2,1,2,15.0,sedang,SHM,12.0,5.5,1,0,0,1998.6
P009890,2022-05-09,semarang,ruko,58.0,118.0,3,1,1,0,39.0,perlu_renovasi,SHM,7.8,4.6,1,0,0,518.0
P000205,2022-05-10,jakarta_selatan,rumah,183.0,104.0,1,2,2,3,3.0,baik,HGB,5.9,13.2,0,0,0,2628.9
P002722,2022-05-10,surabaya,rumah,106.0,90.0,1,2,2,1,8.0,baik,girik_ajb,7.8,4.2,1,0,0,1168.0
P003437,2022-05-10,tangerang_selatan,rumah,120.0,97.0,2,2,2,2,14.0,perlu_renovasi,SHM,4.4,10.3,0,0,0,1405.5
P004573,2022-05-10,jakarta_barat,ruko,64.0,78.0,2,0,1,1,6.0,sedang,girik_ajb,15.6,7.1,1,0,1,1166.3
P008097,2022-05-10,jakarta_selatan,rumah,100.0,44.0,1,1,1,1,33.0,baik,SHM,3.4,5.7,0,0,0,1546.2
P009428,2022-05-10,bekasi,ruko,60.0,77.0,3,0,1,1,18.0,baik,HGB,6.5,20.1,0,0,0,535.7
P001177,2022-05-11,bekasi,rumah,249.0,295.0,2,7,7,2,7.0,baik,SHM,4.5,14.5,0,0,0,1967.5
P002642,2022-05-11,bandung,rumah,373.0,558.0,2,10,7,3,15.0,sedang,HGB,5.4,12.3,0,1,0,4142.0
P005784,2022-05-11,surabaya,ruko,65.0,118.0,3,1,1,0,21.0,sedang,SHM,11.7,7.0,1,0,0,972.7
P006035,2022-05-11,yogyakarta,rumah,89.0,41.0,1,1,1,0,14.0,baik,HGB,3.0,6.7,0,0,0,586.3
P007938,2022-05-11,tangerang_selatan,rumah,242.0,164.0,2,5,5,3,2.0,baik,SHM,7.0,17.2,0,0,0,2322.8
P009257,2022-05-11,depok,rumah,157.0,108.0,1,3,2,1,3.0,baik,SHM,4.3,10.1,1,1,0,1368.5
P009663,2022-05-11,tangerang_selatan,rumah,170.0,144.0,1,4,3,3,3.0,baik,HGB,7.6,13.6,0,0,0,2167.5
P001216,2022-05-12,depok,townhouse,74.0,56.0,2,2,2,1,15.0,baik,SHM,4.3,5.0,1,0,1,855.9
P001969,2022-05-12,depok,rumah,46.0,44.0,2,1,1,0,2.0,baik,SHM,,14.4,1,0,0,432.3
P003908,2022-05-12,semarang,townhouse,86.0,74.0,2,2,2,2,15.0,baik,SHM,3.5,10.1,0,0,0,518.4
P004082,2022-05-12,tangerang_selatan,ruko,72.0,92.0,3,1,1,1,10.0,sedang,SHM,5.2,5.4,1,1,1,1355.6
P004853,2022-05-12,surabaya,rumah,120.0,179.0,2,4,3,0,25.0,sedang,SHM,2.6,17.8,1,0,0,921.1
P007456,2022-05-12,depok,ruko,51.0,75.0,4,0,1,1,14.0,sedang,girik_ajb,11.3,23.3,0,0,0,377.5
P007522,2022-05-12,bekasi,rumah,147.0,61.0,1,1,1,2,28.0,sedang,HGB,3.9,16.5,0,0,0,652.7
P002306,2022-05-13,tangerang_selatan,rumah,205.0,267.0,2,8,7,2,7.0,sedang,SHM,7.9,11.3,0,1,0,2606.2
P002956,2022-05-13,tangerang_selatan,rumah,171.0,111.0,1,4,4,3,25.0,baik,HGB,2.7,9.6,0,0,0,1178.2
P003228,2022-05-13,jakarta_barat,rumah,102.0,147.0,2,4,3,1,8.0,sedang,HGB,6.0,12.3,1,0,0,1549.6
P005682,2022-05-13,bekasi,rumah,242.0,434.0,3,10,8,3,12.0,baik,HGB,7.0,14.1,0,1,0,3105.5
P006738,2022-05-13,bogor,townhouse,68.0,121.0,3,4,3,1,9.0,sedang,SHM,6.0,29.1,1,0,0,577.0
P008565,2022-05-13,bekasi,rumah,272.0,337.0,2,10,8,4,8.0,baik,SHM,6.8,19.3,0,0,0,2800.4
P009318,2022-05-13,tangerang_selatan,rumah,141.0,228.0,2,6,5,2,22.0,baik,SHM,1.8,6.5,0,1,1,1882.1
P009698,2022-05-13,bekasi,townhouse,74.0,84.0,2,2,1,1,,baik,HGB,2.7,3.1,0,0,1,683.0
P009830,2022-05-13,depok,townhouse,83.0,140.0,2,4,3,1,15.0,sedang,SHM,3.9,22.1,0,0,1,797.3
P000379,2022-05-14,bekasi,rumah,130.0,84.0,1,2,2,1,12.0,baik,SHM,4.1,17.1,0,0,0,828.3
P001987,2022-05-14,tangerang_selatan,rumah,178.0,103.0,1,2,1,3,19.0,sedang,SHM,2.6,5.4,1,0,0,1727.1
P003989,2022-05-14,yogyakarta,rumah,74.0,127.0,3,3,3,1,8.0,baik,SHM,5.7,17.1,1,0,0,853.4
P006181,2022-05-14,jakarta_selatan,rumah,244.0,163.0,1,5,3,3,5.0,baik,HGB,6.3,16.8,0,0,0,3810.7
P006892,2022-05-14,tangerang_selatan,rumah,88.0,77.0,1,3,3,1,9.0,baik,SHM,4.2,10.2,0,0,0,1160.8
P009032,2022-05-14,semarang,rumah,82.0,118.0,3,4,4,1,28.0,sedang,HGB,2.3,15.7,0,1,0,483.9
P001884,2022-05-15,bandung,townhouse,95.0,97.0,2,3,3,0,6.0,baik,SHM,5.4,21.0,1,0,0,803.8
P003545,2022-05-15,tangerang_selatan,ruko,118.0,179.0,3,2,1,0,31.0,sedang,SHM,3.8,5.1,1,1,0,2157.7
P004027,2022-05-15,bandung,rumah,59.0,126.0,3,3,3,1,9.0,baik,SHM,3.4,12.4,1,0,0,967.5
P004302,2022-05-15,bandung,rumah,210.0,190.0,2,6,4,2,9.0,baik,HGB,7.6,15.1,0,1,1,1672.9
P008055,2022-05-15,yogyakarta,rumah,116.0,98.0,2,2,2,0,37.0,sedang,HGB,6.3,4.1,1,0,0,899.7
P009345,2022-05-15,bogor,rumah,238.0,254.0,2,6,4,4,9.0,baik,HGB,5.6,20.5,0,0,1,1469.8
P000382,2022-05-16,yogyakarta,townhouse,44.0,85.0,3,2,2,0,11.0,baik,SHM,4.9,13.1,0,0,0,595.3
P000400,2022-05-16,bekasi,rumah,212.0,198.0,2,5,4,2,29.0,sedang,SHM,9.1,24.7,0,0,0,968.3
P000649,2022-05-16,bandung,rumah,115.0,144.0,2,5,4,1,,baik,SHM,3.3,7.3,0,0,0,1401.8
P000928,2022-05-16,surabaya,rumah,135.0,142.0,2,5,5,2,21.0,sedang,girik_ajb,10.3,23.1,0,0,0,1012.7
P001533,2022-05-16,depok,rumah,106.0,144.0,2,4,3,0,24.0,sedang,SHM,5.7,4.3,0,0,1,922.9
P001887,2022-05-16,jakarta_barat,ruko,87.0,148.0,3,2,2,2,22.0,sedang,SHM,9.7,19.6,0,0,0,1148.6
P002471,2022-05-16,bekasi,rumah,102.0,49.0,1,1,1,1,18.0,sedang,SHM,6.5,22.8,0,0,0,466.3
P002921,2022-05-16,yogyakarta,ruko,69.0,131.0,3,2,2,0,,sedang,SHM,5.8,12.0,1,0,0,658.5
P003494,2022-05-16,bogor,ruko,83.0,83.0,2,0,1,1,,sedang,SHM,12.8,13.8,0,0,0,574.6
P004575,2022-05-16,surabaya,rumah,265.0,368.0,3,10,8,3,9.0,baik,SHM,,13.2,0,0,1,2514.3
P004624,2022-05-16,semarang,rumah,181.0,145.0,2,3,3,2,2.0,sedang,SHM,9.3,15.5,1,0,0,1205.1
P005600,2022-05-16,depok,townhouse,95.0,97.0,2,2,1,2,15.0,sedang,HGB,,17.7,1,0,0,731.0
P008421,2022-05-16,tangerang_selatan,ruko,101.0,319.0,4,6,4,1,13.0,perlu_renovasi,SHM,10.4,23.2,0,0,0,1274.5
P000759,2022-05-17,jakarta_selatan,rumah,96.0,153.0,3,5,5,1,26.0,sedang,SHM,5.8,16.9,1,0,0,1578.7
P003269,2022-05-17,yogyakarta,rumah,98.0,60.0,1,2,2,2,6.0,baik,HGB,4.0,9.7,1,0,0,693.5
P004113,2022-05-17,surabaya,townhouse,85.0,94.0,2,3,3,2,15.0,sedang,SHM,11.8,13.4,0,0,0,884.1
P006230,2022-05-17,bekasi,townhouse,54.0,88.0,2,2,2,1,7.0,perlu_renovasi,HGB,6.3,27.6,0,0,1,369.3
P006718,2022-05-17,surabaya,rumah,118.0,105.0,1,3,3,0,8.0,baik,SHM,3.3,8.3,1,1,0,1488.1
P008198,2022-05-17,jakarta_barat,ruko,58.0,76.0,3,0,1,0,13.0,perlu_renovasi,HGB,14.4,4.1,0,0,0,1099.5
P008416,2022-05-17,surabaya,rumah,65.0,84.0,2,2,1,1,5.0,baik,SHM,2.5,13.5,1,0,0,776.6
P009673,2022-05-17,semarang,ruko,52.0,58.0,3,0,1,0,13.0,sedang,SHM,15.9,18.2,0,0,0,334.2
P000406,2022-05-18,semarang,ruko,53.0,61.0,2,0,1,0,1.0,sedang,HGB,9.4,5.6,0,1,0,580.2
P000991,2022-05-18,bogor,rumah,75.0,79.0,2,2,2,0,6.0,baik,HGB,5.6,19.4,0,0,0,559.1
P001044,2022-05-18,bandung,rumah,105.0,49.0,1,1,1,1,3.0,baik,SHM,4.6,7.7,1,0,0,903.7
P001049,2022-05-18,surabaya,rumah,140.0,90.0,1,3,2,2,29.0,sedang,HGB,5.4,10.5,1,0,0,1172.6
P001700,2022-05-18,bandung,rumah,177.0,78.0,1,3,2,3,7.0,baik,SHM,2.2,18.3,0,0,0,870.6
P001743,2022-05-18,jakarta_selatan,rumah,205.0,156.0,1,4,4,3,10.0,baik,HGB,5.8,17.9,0,0,0,2235.4
P003707,2022-05-18,tangerang_selatan,rumah,90.0,58.0,1,1,1,1,12.0,baik,SHM,5.5,4.4,1,0,0,1293.4
P004232,2022-05-18,jakarta_selatan,rumah,75.0,72.0,2,2,2,1,12.0,baik,SHM,4.8,5.5,0,0,0,1735.2
P004522,2022-05-18,bekasi,rumah,94.0,78.0,1,2,2,1,17.0,sedang,SHM,12.4,11.1,0,1,0,834.4
P006015,2022-05-18,jakarta_barat,rumah,88.0,64.0,1,2,2,1,17.0,baik,SHM,3.7,11.9,1,0,0,913.6
P006432,2022-05-18,bekasi,ruko,79.0,293.0,4,5,4,1,15.0,sedang,SHM,8.8,9.1,0,0,1,1382.5
P007040,2022-05-18,semarang,rumah,89.0,71.0,2,2,2,1,14.0,sedang,SHM,4.4,15.2,0,0,0,440.9
P007048,2022-05-18,tangerang_selatan,rumah,94.0,172.0,3,4,3,1,56.0,perlu_renovasi,HGB,5.7,22.0,0,0,1,559.7
P009310,2022-05-18,bogor,rumah,108.0,83.0,1,3,3,1,10.0,baik,SHM,2.8,21.4,0,1,0,556.6
P000380,2022-05-19,bandung,rumah,299.0,208.0,2,5,5,4,17.0,sedang,SHM,12.3,2.3,1,0,0,3227.3
P001193,2022-05-19,semarang,rumah,206.0,86.0,1,2,2,2,18.0,baik,SHM,4.4,13.9,1,0,0,986.4
P002510,2022-05-19,bogor,townhouse,88.0,172.0,3,6,5,2,15.0,baik,SHM,5.8,21.4,0,0,0,981.7
P003331,2022-05-19,yogyakarta,rumah,130.0,179.0,2,6,4,1,,perlu_renovasi,SHM,6.1,6.7,1,1,0,1017.2
P003723,2022-05-19,surabaya,rumah,65.0,52.0,2,1,1,1,10.0,baik,HGB,4.5,17.7,0,0,0,478.1
P006318,2022-05-19,bandung,rumah,83.0,40.0,1,1,1,2,5.0,baik,SHM,4.9,13.9,0,0,1,455.9
P006342,2022-05-19,semarang,ruko,57.0,53.0,2,0,1,0,28.0,sedang,SHM,5.8,14.2,0,0,0,279.7
P008659,2022-05-19,depok,ruko,69.0,102.0,3,1,1,0,8.0,baik,SHM,5.0,10.9,0,0,0,872.0
P009782,2022-05-19,depok,rumah,100.0,144.0,2,4,4,1,5.0,sedang,SHM,12.2,18.4,0,0,0,987.5
P009907,2022-05-19,depok,ruko,49.0,134.0,4,2,1,1,2.0,baik,SHM,2.3,16.6,1,0,1,695.4
P001008,2022-05-20,tangerang_selatan,ruko,66.0,81.0,3,0,1,1,12.0,sedang,SHM,10.6,17.2,0,0,0,728.2
P001243,2022-05-20,bekasi,rumah,168.0,82.0,1,2,2,1,7.0,baik,HGB,,16.5,0,1,1,826.7
P003808,2022-05-20,bogor,rumah,142.0,173.0,3,5,4,1,14.0,baik,SHM,3.8,11.3,1,0,0,1256.0
P006592,2022-05-20,bandung,rumah,244.0,192.0,1,4,3,3,7.0,baik,HGB,,16.2,0,0,0,2065.7
P007189,2022-05-20,jakarta_barat,rumah,151.0,72.0,1,2,2,2,5.0,sedang,HGB,2.8,4.8,0,1,0,1733.6
P008599,2022-05-20,bekasi,rumah,70.0,62.0,2,2,2,1,4.0,sedang,SHM,5.6,7.0,0,1,0,647.4
P002709,2022-05-21,jakarta_barat,rumah,51.0,39.0,2,1,1,0,8.0,baik,SHM,7.4,8.9,0,0,1,741.9
P003789,2022-05-21,tangerang_selatan,rumah,239.0,97.0,1,3,3,2,6.0,sedang,SHM,1.9,6.3,1,0,0,2253.1
P004998,2022-05-21,depok,rumah,52.0,91.0,2,2,2,0,25.0,baik,SHM,2.5,5.5,0,0,0,504.9
P007667,2022-05-21,surabaya,rumah,192.0,196.0,2,5,4,2,3.0,baik,SHM,4.9,9.8,1,1,0,2182.4
P008116,2022-05-21,yogyakarta,rumah,122.0,112.0,2,3,2,2,19.0,sedang,SHM,6.3,3.0,0,0,0,1127.0
P000984,2022-05-22,bekasi,rumah,132.0,98.0,2,3,2,2,8.0,baik,SHM,6.4,6.8,0,0,0,1185.3
P001642,2022-05-22,jakarta_selatan,rumah,93.0,44.0,1,1,1,1,8.0,baik,SHM,8.1,3.2,1,0,0,2928.9
P002857,2022-05-22,bandung,rumah,137.0,192.0,2,5,5,1,7.0,baik,SHM,4.2,2.8,1,1,0,2316.7
P003919,2022-05-22,bandung,rumah,127.0,93.0,2,2,2,0,35.0,perlu_renovasi,HGB,3.7,8.6,1,0,1,774.6
P005384,2022-05-22,jakarta_barat,rumah,77.0,160.0,3,6,5,2,2.0,baik,SHM,12.6,17.1,0,0,1,1422.6
P005400,2022-05-22,jakarta_selatan,rumah,111.0,161.0,2,5,4,1,,sedang,HGB,4.0,6.3,0,0,0,2963.3
P005678,2022-05-22,bogor,rumah,103.0,179.0,3,5,4,1,5.0,baik,SHM,6.2,3.4,0,1,0,1620.7
P005708,2022-05-22,surabaya,rumah,69.0,122.0,3,3,2,1,11.0,sedang,HGB,4.4,24.4,0,0,0,728.2
P006395,2022-05-22,bogor,townhouse,105.0,97.0,2,3,2,2,7.0,sedang,HGB,6.9,4.9,1,0,0,1006.3
P007250,2022-05-22,bogor,rumah,109.0,66.0,1,2,1,3,11.0,sedang,SHM,3.6,25.0,0,0,0,382.3
P009989,2022-05-22,tangerang_selatan,ruko,94.0,173.0,4,3,2,1,15.0,sedang,SHM,3.9,15.6,0,0,0,1465.8
P001172,2022-05-23,bandung,townhouse,81.0,92.0,3,2,1,2,4.0,baik,SHM,3.6,16.2,0,0,0,710.2
P001640,2022-05-23,bandung,rumah,77.0,91.0,2,3,2,1,13.0,sedang,SHM,3.0,21.4,0,0,1,601.1
P001738,2022-05-23,jakarta_barat,rumah,104.0,90.0,2,2,2,0,10.0,baik,HGB,4.1,16.8,0,1,0,1254.1
P007563,2022-05-23,jakarta_barat,rumah,101.0,170.0,3,4,4,0,8.0,baik,HGB,8.3,18.0,0,0,0,1394.2
P000869,2022-05-24,jakarta_selatan,rumah,124.0,225.0,3,8,8,2,35.0,sedang,SHM,5.7,13.1,1,0,0,2020.0
P001951,2022-05-24,yogyakarta,rumah,121.0,89.0,1,2,2,2,9.0,baik,HGB,5.4,17.4,0,0,0,673.1
P002076,2022-05-24,depok,rumah,87.0,112.0,2,3,3,1,13.0,sedang,SHM,2.7,24.9,1,0,0,671.9
P004392,2022-05-24,surabaya,rumah,203.0,196.0,2,5,3,3,8.0,sedang,SHM,6.6,11.7,1,0,0,2442.3
P005346,2022-05-24,jakarta_selatan,rumah,128.0,55.0,1,2,1,1,25.0,perlu_renovasi,SHM,7.4,17.3,0,0,0,1744.3
P006087,2022-05-24,depok,rumah,62.0,32.0,1,1,1,1,8.0,baik,SHM,5.8,9.9,1,0,1,399.1
P000375,2022-05-25,jakarta_barat,rumah,144.0,192.0,2,5,4,2,17.0,baik,HGB,2.4,15.3,1,0,0,1768.9
P003822,2022-05-25,bogor,rumah,140.0,77.0,1,2,2,1,11.0,baik,SHM,5.1,27.6,0,0,0,439.2
P004899,2022-05-25,semarang,rumah,252.0,408.0,2,10,8,3,,perlu_renovasi,SHM,7.0,2.7,1,0,0,2526.9
P009661,2022-05-25,bekasi,rumah,221.0,226.0,2,6,5,2,8.0,baik,SHM,4.8,14.9,0,1,0,1977.5
P009854,2022-05-25,jakarta_barat,ruko,73.0,102.0,2,1,1,1,13.0,baik,SHM,6.6,17.4,0,0,0,1013.7
P001935,2022-05-26,bandung,rumah,52.0,35.0,2,1,1,0,7.0,baik,SHM,6.3,19.7,0,0,0,399.6
P003956,2022-05-26,bogor,rumah,74.0,39.0,1,1,1,1,9.0,sedang,HGB,4.0,20.0,0,0,0,318.6
P007253,2022-05-26,surabaya,rumah,186.0,262.0,2,7,6,2,19.0,baik,SHM,1.9,24.9,0,0,0,1380.4
P009288,2022-05-26,depok,rumah,108.0,45.0,1,1,1,1,19.0,sedang,HGB,3.7,13.5,1,0,0,713.6
P009357,2022-05-26,yogyakarta,ruko,82.0,142.0,3,2,2,1,18.0,sedang,SHM,,6.1,0,1,0,1093.8
P009617,2022-05-26,jakarta_selatan,rumah,142.0,196.0,2,6,5,2,2.0,baik,HGB,3.5,16.1,0,0,0,2706.8
P000211,2022-05-27,bandung,ruko,107.0,103.0,2,1,1,1,34.0,sedang,SHM,10.6,2.2,0,1,0,1336.3
P000745,2022-05-27,depok,rumah,226.0,130.0,1,3,3,1,3.0,baik,SHM,6.5,20.0,0,0,0,1440.5
P002290,2022-05-27,tangerang_selatan,ruko,99.0,161.0,2,3,2,1,14.0,perlu_renovasi,SHM,6.6,10.5,0,1,0,1788.8
P002693,2022-05-27,semarang,rumah,159.0,73.0,1,3,2,2,8.0,baik,SHM,5.8,18.8,1,0,0,758.0
P003795,2022-05-27,depok,rumah,131.0,88.0,1,2,2,2,38.0,baik,SHM,4.2,8.5,0,1,0,975.7
P003951,2022-05-27,bekasi,rumah,72.0,102.0,2,2,2,1,16.0,perlu_renovasi,SHM,4.8,27.4,0,1,0,407.5
P004883,2022-05-27,bogor,townhouse,99.0,102.0,2,3,2,2,9.0,baik,SHM,7.0,5.3,1,0,0,847.7
P006837,2022-05-27,jakarta_selatan,rumah,55.0,66.0,3,2,1,0,17.0,baik,SHM,4.9,10.1,0,0,0,1076.9
P007242,2022-05-27,tangerang_selatan,rumah,76.0,82.0,2,2,2,1,24.0,perlu_renovasi,SHM,2.3,16.3,0,0,0,556.3
P007497,2022-05-27,tangerang_selatan,rumah,91.0,134.0,2,5,3,0,10.0,baik,HGB,6.5,23.3,0,0,0,1257.3
P008760,2022-05-27,jakarta_barat,rumah,171.0,277.0,2,7,7,3,14.0,sedang,HGB,5.6,6.8,0,1,0,3267.5
P009464,2022-05-27,jakarta_barat,rumah,105.0,115.0,2,3,3,0,9.0,baik,SHM,3.6,4.2,1,1,0,1909.3
P009473,2022-05-27,jakarta_selatan,rumah,71.0,37.0,1,1,1,1,16.0,sedang,SHM,7.0,9.0,1,0,1,1445.0
P000093,2022-05-28,bekasi,rumah,98.0,106.0,2,3,2,1,,baik,HGB,4.7,7.0,0,1,0,967.3
P000127,2022-05-28,tangerang_selatan,rumah,166.0,214.0,2,7,4,1,5.0,baik,SHM,,3.2,0,1,0,2543.1
P000292,2022-05-28,jakarta_selatan,rumah,79.0,60.0,2,2,2,2,9.0,baik,SHM,2.3,14.1,0,0,0,1381.4
P004872,2022-05-28,tangerang_selatan,rumah,76.0,40.0,1,1,1,0,11.0,baik,SHM,8.0,23.6,0,1,0,511.0
P005478,2022-05-28,bekasi,rumah,98.0,139.0,2,4,3,0,19.0,baik,SHM,11.2,24.6,0,0,0,717.1
P008029,2022-05-28,yogyakarta,rumah,83.0,75.0,2,2,2,0,30.0,sedang,girik_ajb,6.1,12.0,1,0,0,432.8
P009197,2022-05-28,depok,rumah,107.0,78.0,1,2,2,1,21.0,baik,SHM,9.6,6.0,0,0,0,983.9
P009526,2022-05-28,bogor,rumah,38.0,42.0,3,1,1,0,4.0,sedang,SHM,4.8,23.9,1,0,0,209.1
P000352,2022-05-29,jakarta_barat,rumah,156.0,148.0,2,3,3,2,22.0,baik,HGB,4.9,11.4,0,0,0,1938.8
P000790,2022-05-29,bogor,rumah,70.0,64.0,2,2,2,2,22.0,sedang,SHM,5.0,7.7,0,0,1,417.5
P001491,2022-05-29,jakarta_selatan,rumah,139.0,290.0,3,8,8,2,20.0,baik,SHM,4.4,3.7,0,1,0,3848.3
P001502,2022-05-29,yogyakarta,rumah,89.0,73.0,1,2,1,2,27.0,sedang,SHM,3.1,11.4,0,0,0,476.9
P002289,2022-05-29,jakarta_barat,rumah,83.0,120.0,2,3,3,1,20.0,sedang,SHM,3.8,19.0,0,0,1,859.4
P002559,2022-05-29,bekasi,rumah,229.0,418.0,2,10,8,2,11.0,baik,SHM,4.5,19.4,1,0,0,2597.0
P003576,2022-05-29,bekasi,townhouse,76.0,85.0,2,2,2,0,11.0,baik,SHM,7.3,25.4,0,0,0,591.3
P003744,2022-05-29,depok,rumah,138.0,250.0,3,7,4,1,15.0,sedang,HGB,13.6,18.7,0,0,0,1168.2
P007140,2022-05-29,jakarta_barat,rumah,150.0,154.0,2,4,3,2,27.0,baik,SHM,8.4,6.1,0,1,0,2322.1
P007537,2022-05-29,depok,rumah,73.0,43.0,1,1,1,1,7.0,sedang,SHM,4.7,18.7,0,0,1,388.8
P008625,2022-05-29,tangerang_selatan,rumah,54.0,59.0,2,2,1,1,3.0,baik,SHM,3.0,11.7,0,0,0,676.3
P009238,2022-05-29,bandung,townhouse,71.0,67.0,2,1,1,2,15.0,baik,HGB,4.0,6.7,1,0,0,622.1
P000500,2022-05-30,depok,rumah,90.0,56.0,1,2,2,1,7.0,baik,SHM,8.9,20.0,0,0,0,591.0
P002980,2022-05-30,semarang,rumah,87.0,159.0,3,4,3,1,10.0,baik,SHM,1.7,16.5,0,0,0,838.4
P004243,2022-05-30,depok,rumah,78.0,101.0,2,3,2,1,9.0,sedang,HGB,5.8,21.0,0,0,0,634.5
P005034,2022-05-30,depok,rumah,223.0,135.0,1,3,3,2,27.0,baik,HGB,4.2,7.7,0,0,0,1520.6
P005274,2022-05-30,surabaya,rumah,137.0,194.0,2,5,4,3,6.0,sedang,SHM,6.1,17.6,0,0,0,1564.0
P005448,2022-05-30,bekasi,rumah,134.0,97.0,1,3,3,2,23.0,baik,SHM,3.4,15.9,1,0,0,799.6
P008119,2022-05-30,bekasi,rumah,125.0,317.0,3,8,8,2,18.0,sedang,SHM,7.1,13.0,1,0,1,1550.1
P009289,2022-05-30,bekasi,rumah,281.0,429.0,2,10,7,2,16.0,sedang,SHM,5.6,10.4,1,0,0,2953.6
P002085,2022-06-03,bandung,rumah,128.0,84.0,1,2,2,1,10.0,baik,SHM,8.7,19.7,0,0,0,720.1
P002634,2022-06-03,bogor,rumah,125.0,97.0,2,2,1,1,14.0,sedang,HGB,4.0,14.9,0,1,0,741.5
P003140,2022-06-03,bekasi,rumah,73.0,60.0,1,1,1,1,6.0,baik,HGB,4.2,25.3,0,0,1,349.2
P003464,2022-06-03,tangerang_selatan,townhouse,70.0,54.0,2,2,2,1,15.0,sedang,SHM,4.5,8.8,0,1,0,907.4
P003837,2022-06-03,bandung,rumah,335.0,731.0,3,10,8,5,4.0,baik,HGB,9.2,18.1,1,0,0,4769.0
P005342,2022-06-03,jakarta_selatan,rumah,124.0,71.0,1,2,2,2,4.0,baik,SHM,4.1,17.7,0,0,0,1806.5
P005904,2022-06-03,surabaya,rumah,55.0,21.0,1,1,1,0,31.0,sedang,HGB,4.6,23.8,0,0,0,233.1
P007649,2022-06-03,tangerang_selatan,ruko,74.0,76.0,2,1,1,2,7.0,sedang,SHM,9.8,12.5,1,0,0,1283.6
P009018,2022-06-03,bekasi,ruko,55.0,87.0,3,0,1,1,18.0,sedang,HGB,8.3,11.1,1,1,1,555.0
P009456,2022-06-03,jakarta_barat,rumah,53.0,72.0,2,2,1,0,18.0,sedang,HGB,9.2,18.2,1,0,0,638.9
P000053,2022-06-04,surabaya,townhouse,58.0,66.0,2,2,1,0,15.0,sedang,SHM,4.2,17.9,0,0,0,647.5
P001012,2022-06-04,bogor,ruko,56.0,104.0,3,1,1,1,6.0,baik,SHM,9.1,26.0,0,0,0,541.2
P002619,2022-06-04,surabaya,rumah,62.0,60.0,2,2,2,1,16.0,sedang,HGB,4.1,8.3,0,0,0,652.0
P002670,2022-06-04,bekasi,rumah,331.0,226.0,1,7,6,4,,sedang,SHM,5.3,27.1,0,0,0,966.8
P004496,2022-06-04,bekasi,townhouse,82.0,178.0,3,5,4,2,9.0,baik,HGB,6.3,20.3,0,0,0,1173.9
P006012,2022-06-04,bandung,rumah,419.0,253.0,1,7,7,5,10.0,baik,HGB,4.8,10.8,0,0,0,3130.9
P007380,2022-06-04,bekasi,rumah,149.0,120.0,1,4,3,2,18.0,perlu_renovasi,SHM,5.8,16.2,0,0,0,721.1
P009101,2022-06-04,tangerang_selatan,townhouse,63.0,87.0,2,2,2,1,2.0,baik,SHM,,4.1,0,1,0,1446.5
P001847,2022-06-05,tangerang_selatan,rumah,66.0,56.0,2,1,1,1,6.0,baik,SHM,3.2,19.9,0,0,0,633.5
P001982,2022-06-05,bekasi,rumah,78.0,34.0,1,1,1,0,6.0,baik,SHM,4.1,9.3,1,0,0,513.2
P002368,2022-06-05,bekasi,rumah,197.0,229.0,2,5,4,1,8.0,baik,SHM,3.3,8.8,1,1,0,2104.4
P005067,2022-06-05,bogor,rumah,123.0,101.0,1,3,3,2,,sedang,SHM,3.9,25.4,1,0,0,640.8
P006370,2022-06-05,bandung,rumah,92.0,46.0,1,1,1,1,23.0,sedang,SHM,3.4,7.5,1,0,0,798.8
P008253,2022-06-05,bandung,rumah,77.0,54.0,1,1,1,1,27.0,sedang,SHM,5.3,12.9,0,0,0,553.4
P008716,2022-06-05,jakarta_selatan,rumah,91.0,121.0,2,4,3,1,50.0,sedang,HGB,3.0,16.3,0,0,0,1222.6
P000585,2022-06-06,semarang,rumah,104.0,60.0,1,1,1,0,11.0,baik,SHM,3.5,9.8,0,0,0,635.4
P004709,2022-06-06,jakarta_barat,rumah,67.0,39.0,1,1,1,1,9.0,sedang,HGB,2.9,12.0,0,0,0,633.9
P007526,2022-06-06,tangerang_selatan,townhouse,111.0,125.0,2,4,3,1,5.0,baik,SHM,8.0,11.9,0,0,1,1337.9
P000888,2022-06-07,jakarta_barat,rumah,118.0,80.0,1,2,2,1,21.0,baik,HGB,3.2,17.4,0,0,0,1060.8
P001781,2022-06-07,jakarta_barat,rumah,90.0,92.0,2,3,3,1,9.0,baik,girik_ajb,3.2,3.8,0,1,0,1513.8
P002200,2022-06-07,bandung,townhouse,83.0,128.0,3,3,2,2,11.0,baik,SHM,6.8,17.2,0,0,0,920.9
P002240,2022-06-07,depok,rumah,70.0,30.0,1,1,1,1,9.0,baik,SHM,4.2,19.8,0,0,0,396.2
P002913,2022-06-07,depok,rumah,79.0,112.0,2,3,2,0,20.0,sedang,girik_ajb,6.1,9.4,0,1,0,719.1
P003080,2022-06-07,tangerang_selatan,rumah,179.0,264.0,2,6,6,2,11.0,sedang,girik_ajb,4.8,24.9,0,0,0,1524.8
P003637,2022-06-07,surabaya,rumah,114.0,188.0,2,7,6,1,10.0,baik,SHM,6.8,2.2,0,0,0,2521.6
P003646,2022-06-07,bandung,rumah,148.0,86.0,1,2,2,2,10.0,sedang,girik_ajb,6.6,17.9,0,0,0,797.3
P006004,2022-06-07,jakarta_barat,townhouse,82.0,71.0,2,2,2,1,,baik,SHM,5.6,4.4,1,1,0,1591.8
P006469,2022-06-07,yogyakarta,rumah,88.0,111.0,2,3,3,1,13.0,baik,SHM,4.2,8.5,0,1,0,830.4
P002032,2022-06-08,depok,rumah,134.0,84.0,1,3,2,2,10.0,sedang,SHM,3.5,16.8,0,0,0,1106.4
P007236,2022-06-08,surabaya,townhouse,113.0,91.0,2,3,3,0,15.0,sedang,SHM,4.1,3.6,0,0,0,1572.5
P009313,2022-06-08,tangerang_selatan,rumah,83.0,119.0,2,4,4,1,4.0,baik,HGB,6.6,20.2,0,0,0,1080.4
P000607,2022-06-09,surabaya,rumah,131.0,106.0,1,3,3,1,5.0,baik,SHM,5.4,10.6,0,0,0,1406.7
P003361,2022-06-09,tangerang_selatan,rumah,162.0,98.0,1,3,3,2,22.0,perlu_renovasi,SHM,2.5,6.7,0,0,0,1264.8
P003517,2022-06-09,bogor,rumah,116.0,104.0,2,3,2,2,33.0,baik,SHM,2.5,12.2,0,0,0,462.7
P005306,2022-06-09,bogor,townhouse,48.0,93.0,3,2,2,2,3.0,baik,HGB,8.0,21.2,0,0,0,553.2
P007932,2022-06-09,depok,rumah,133.0,183.0,2,5,5,1,42.0,perlu_renovasi,SHM,,12.0,1,0,0,783.3
P008256,2022-06-09,jakarta_barat,ruko,81.0,77.0,2,0,1,1,,baik,SHM,4.3,8.2,0,0,1,1138.5
P002782,2022-06-10,jakarta_selatan,rumah,96.0,129.0,2,4,4,1,4.0,baik,SHM,3.2,13.8,0,0,0,1934.6
P005456,2022-06-10,depok,rumah,81.0,50.0,1,2,2,2,,baik,SHM,3.5,23.9,0,0,0,553.5
P006124,2022-06-10,tangerang_selatan,rumah,155.0,136.0,1,4,4,2,19.0,sedang,HGB,6.5,7.1,1,1,0,1850.3
P008462,2022-06-10,bandung,rumah,77.0,36.0,1,1,1,1,6.0,sedang,SHM,5.7,9.7,1,1,0,713.7
P004790,2022-06-11,bandung,townhouse,56.0,82.0,2,2,1,1,15.0,perlu_renovasi,HGB,4.2,13.2,0,0,0,462.8
P005024,2022-06-11,bogor,rumah,50.0,33.0,1,1,1,1,11.0,baik,SHM,4.2,21.1,0,0,0,264.0
P005108,2022-06-11,tangerang_selatan,ruko,55.0,102.0,3,1,1,0,38.0,perlu_renovasi,SHM,9.7,8.2,1,0,0,877.6
P007016,2022-06-11,yogyakarta,rumah,153.0,153.0,2,5,5,2,,baik,SHM,3.2,2.4,0,0,0,1301.5
P008203,2022-06-11,tangerang_selatan,rumah,180.0,203.0,2,5,5,3,31.0,perlu_renovasi,SHM,1.6,9.8,0,1,0,1756.5
P008257,2022-06-11,surabaya,townhouse,105.0,133.0,2,4,3,1,15.0,sedang,SHM,4.9,13.3,0,0,0,1057.7
P008433,2022-06-11,semarang,rumah,77.0,34.0,1,1,1,1,,sedang,SHM,4.8,11.8,1,0,0,341.4
P002075,2022-06-12,bekasi,townhouse,66.0,94.0,2,2,2,1,8.0,baik,SHM,6.2,18.0,0,0,1,720.9
P003931,2022-06-12,depok,townhouse,108.0,128.0,2,4,4,0,11.0,baik,SHM,4.1,21.7,0,0,0,919.6
P007922,2022-06-12,bekasi,townhouse,82.0,169.0,3,5,4,1,8.0,baik,HGB,5.4,28.1,0,1,1,1149.6
P000471,2022-06-13,bekasi,townhouse,107.0,120.0,2,3,3,0,8.0,baik,HGB,3.6,9.4,0,0,0,1161.2
P006830,2022-06-13,bandung,rumah,190.0,273.0,2,7,6,1,15.0,sedang,SHM,4.2,15.0,1,0,0,1858.1
P006854,2022-06-13,bekasi,ruko,66.0,57.0,2,0,1,1,36.0,sedang,SHM,13.6,19.9,0,0,0,425.6
P007096,2022-06-13,tangerang_selatan,ruko,70.0,54.0,2,0,1,1,22.0,sedang,HGB,12.6,19.4,1,0,0,688.0
P007924,2022-06-13,bogor,ruko,83.0,153.0,3,3,3,1,30.0,baik,HGB,5.3,16.4,1,1,1,592.2
P009124,2022-06-13,tangerang_selatan,rumah,134.0,66.0,1,2,2,2,25.0,sedang,SHM,4.5,3.4,0,1,0,1732.3
P009848,2022-06-13,bekasi,rumah,124.0,59.0,1,2,2,2,11.0,baik,SHM,5.0,20.1,0,0,0,621.9
P001803,2022-06-14,jakarta_barat,townhouse,113.0,160.0,2,5,5,1,15.0,baik,SHM,3.4,14.9,0,0,0,1426.7
P003991,2022-06-14,yogyakarta,rumah,74.0,53.0,1,2,1,1,49.0,sedang,HGB,4.3,15.1,0,0,0,287.5
P004270,2022-06-14,bandung,rumah,76.0,41.0,1,1,1,1,1.0,baik,SHM,6.8,12.8,1,1,0,748.9
P005057,2022-06-14,depok,rumah,104.0,68.0,1,2,2,1,12.0,sedang,HGB,3.6,20.7,1,0,0,622.9
P006873,2022-06-14,bekasi,rumah,78.0,77.0,2,2,1,0,39.0,sedang,SHM,8.2,15.5,1,0,0,370.5
P007132,2022-06-14,bandung,rumah,69.0,104.0,2,3,3,0,45.0,sedang,SHM,5.1,5.3,1,0,0,618.3
P007169,2022-06-14,depok,rumah,126.0,104.0,1,2,1,1,11.0,baik,SHM,6.7,19.1,1,0,1,652.2
P007859,2022-06-14,surabaya,rumah,142.0,80.0,1,2,1,2,9.0,baik,SHM,5.5,3.9,0,0,0,1588.4
P008584,2022-06-14,jakarta_selatan,rumah,318.0,418.0,2,10,7,3,51.0,perlu_renovasi,SHM,7.5,17.9,0,0,0,4254.5
P009242,2022-06-14,depok,ruko,55.0,43.0,2,0,1,0,5.0,baik,SHM,11.2,21.5,1,0,0,472.9
P009883,2022-06-14,bogor,rumah,143.0,131.0,2,3,2,2,15.0,baik,SHM,4.1,3.9,1,0,0,1230.1
P000115,2022-06-15,jakarta_barat,rumah,179.0,89.0,1,3,3,2,14.0,perlu_renovasi,SHM,4.1,3.2,1,0,0,2382.8
P002356,2022-06-15,surabaya,rumah,45.0,25.0,1,1,1,1,6.0,baik,SHM,3.0,11.9,0,0,0,415.0
P003108,2022-06-15,bogor,rumah,184.0,109.0,1,3,3,1,4.0,baik,SHM,6.7,12.2,1,0,0,1276.6
P004502,2022-06-15,bekasi,rumah,136.0,82.0,1,2,2,1,16.0,perlu_renovasi,HGB,11.9,28.1,0,1,0,639.9
P004592,2022-06-15,depok,rumah,227.0,115.0,1,3,3,3,3.0,sedang,SHM,5.0,24.6,1,0,1,866.6
P005128,2022-06-15,jakarta_barat,rumah,84.0,72.0,2,2,1,0,7.0,sedang,SHM,12.3,6.1,1,1,0,1501.2
P005299,2022-06-15,tangerang_selatan,rumah,193.0,350.0,2,10,8,2,10.0,baik,girik_ajb,8.9,4.7,1,1,0,3748.5
P008600,2022-06-15,bekasi,rumah,135.0,84.0,1,3,2,1,10.0,baik,girik_ajb,5.2,12.9,1,0,0,816.2
P008729,2022-06-15,jakarta_barat,townhouse,82.0,137.0,3,4,3,2,15.0,sedang,SHM,2.8,11.3,0,0,0,977.1
P009363,2022-06-15,bogor,rumah,151.0,156.0,2,5,5,3,15.0,perlu_renovasi,SHM,12.1,19.5,0,0,0,766.4
P003921,2022-06-16,jakarta_barat,rumah,159.0,323.0,3,10,6,2,5.0,baik,HGB,,15.8,0,0,0,2717.5
P004628,2022-06-16,tangerang_selatan,rumah,182.0,208.0,2,6,6,2,24.0,sedang,HGB,5.2,15.1,1,0,1,1427.0
P004845,2022-06-16,bekasi,townhouse,104.0,102.0,2,3,2,2,7.0,baik,girik_ajb,6.2,4.0,1,0,0,988.2
P006326,2022-06-16,jakarta_barat,rumah,121.0,215.0,2,6,5,1,23.0,sedang,HGB,5.5,11.4,0,0,0,1636.3
P008132,2022-06-16,semarang,rumah,154.0,110.0,1,3,3,2,19.0,perlu_renovasi,SHM,5.3,2.1,0,1,0,1016.9
P008561,2022-06-16,tangerang_selatan,rumah,116.0,87.0,2,3,3,1,14.0,perlu_renovasi,SHM,11.5,12.0,1,0,0,1509.3
P008887,2022-06-16,jakarta_selatan,rumah,99.0,60.0,1,1,1,1,7.0,sedang,girik_ajb,4.9,11.3,0,0,0,1456.4
P000530,2022-06-17,tangerang_selatan,ruko,68.0,182.0,3,3,2,0,15.0,sedang,girik_ajb,12.9,14.2,1,0,0,1092.7
P003176,2022-06-17,jakarta_selatan,ruko,72.0,97.0,3,0,1,1,16.0,sedang,SHM,12.4,3.9,1,0,0,3102.8
P004545,2022-06-17,bekasi,rumah,135.0,136.0,2,4,4,1,10.0,baik,HGB,2.2,4.8,0,1,0,1127.0
P005793,2022-06-17,jakarta_barat,rumah,210.0,174.0,1,4,4,2,12.0,baik,SHM,4.4,19.0,0,0,0,2260.0
P007809,2022-06-17,yogyakarta,townhouse,92.0,67.0,2,2,1,1,15.0,perlu_renovasi,HGB,7.2,5.8,1,1,0,683.0
P001393,2022-06-18,jakarta_selatan,rumah,118.0,98.0,1,3,3,0,21.0,baik,HGB,5.2,13.2,1,0,0,1917.0
P002059,2022-06-18,jakarta_barat,rumah,87.0,64.0,2,2,2,1,,baik,SHM,3.3,9.6,0,0,0,1097.9
P002507,2022-06-18,yogyakarta,rumah,162.0,178.0,2,6,4,2,7.0,sedang,SHM,6.9,14.7,1,0,1,1196.9
P003562,2022-06-18,depok,townhouse,75.0,57.0,2,1,1,0,15.0,baik,SHM,12.8,4.5,0,1,0,943.6
P004153,2022-06-18,bekasi,ruko,55.0,98.0,2,0,1,1,11.0,baik,SHM,1.6,27.6,0,0,1,451.0
P006997,2022-06-18,bandung,rumah,128.0,93.0,1,3,2,2,18.0,perlu_renovasi,HGB,3.2,20.9,0,0,0,600.2
P007516,2022-06-18,depok,rumah,68.0,59.0,2,1,1,0,11.0,baik,SHM,2.6,8.9,0,0,0,543.1
P007920,2022-06-18,bekasi,rumah,219.0,112.0,1,3,3,3,3.0,baik,SHM,5.7,12.4,0,0,0,1417.6
P008220,2022-06-18,surabaya,townhouse,76.0,166.0,3,4,3,1,3.0,sedang,SHM,10.8,7.4,0,0,1,1215.9
P008699,2022-06-18,jakarta_barat,rumah,95.0,153.0,2,4,3,1,8.0,baik,SHM,4.7,9.2,1,0,1,1445.5
P001552,2022-06-19,bekasi,rumah,195.0,134.0,1,4,4,3,15.0,sedang,SHM,6.2,26.2,0,0,0,854.2
P003224,2022-06-19,bandung,townhouse,61.0,142.0,3,4,4,0,14.0,sedang,girik_ajb,2.3,6.3,0,0,0,776.1
P004178,2022-06-19,yogyakarta,rumah,90.0,94.0,2,3,2,1,21.0,sedang,girik_ajb,2.7,16.7,0,0,0,476.3
P005591,2022-06-19,bekasi,ruko,45.0,58.0,3,0,1,0,12.0,baik,SHM,13.0,17.4,0,0,0,433.0
P007631,2022-06-19,depok,rumah,94.0,97.0,2,3,2,1,25.0,sedang,SHM,7.6,15.2,1,0,0,690.9
P009804,2022-06-19,bandung,rumah,126.0,108.0,2,4,3,0,19.0,sedang,SHM,2.7,15.7,0,0,0,784.7
P002411,2022-06-20,bandung,rumah,92.0,95.0,2,2,2,1,16.0,baik,SHM,3.8,15.7,0,0,0,792.9
P005242,2022-06-20,tangerang_selatan,rumah,118.0,172.0,2,4,3,1,3.0,baik,SHM,4.0,20.6,0,0,1,1265.0
P007593,2022-06-20,surabaya,rumah,78.0,50.0,1,1,1,1,17.0,sedang,SHM,2.0,4.5,1,0,0,915.0
P007665,2022-06-20,jakarta_barat,rumah,60.0,58.0,2,1,1,0,23.0,baik,SHM,3.7,6.6,1,0,0,1053.1
P007753,2022-06-20,semarang,rumah,111.0,81.0,1,2,1,2,10.0,baik,SHM,4.7,19.0,1,0,0,540.0
P009602,2022-06-20,jakarta_barat,rumah,118.0,75.0,1,2,1,3,7.0,baik,SHM,3.7,19.7,0,1,0,1348.9
P002830,2022-06-21,bandung,rumah,90.0,80.0,2,3,3,1,18.0,baik,SHM,6.9,4.7,1,0,1,1075.5
P003606,2022-06-21,jakarta_selatan,rumah,88.0,36.0,1,1,1,2,2.0,baik,SHM,10.9,12.5,1,0,0,1896.5
P003802,2022-06-21,jakarta_barat,rumah,124.0,63.0,1,2,1,1,14.0,baik,SHM,5.5,16.1,1,0,0,1105.1
P006174,2022-06-21,bekasi,townhouse,57.0,61.0,2,2,2,0,11.0,baik,SHM,5.9,4.8,1,0,0,667.9
P006200,2022-06-21,yogyakarta,rumah,173.0,261.0,2,7,5,2,6.0,sedang,HGB,7.4,7.3,1,0,0,1876.6
P006233,2022-06-21,surabaya,rumah,70.0,70.0,2,2,2,0,10.0,sedang,SHM,9.7,6.2,0,1,0,1080.2
P008435,2022-06-21,surabaya,rumah,230.0,175.0,2,6,4,3,41.0,baik,SHM,7.2,21.7,0,0,0,1313.6
P000497,2022-06-22,bekasi,ruko,96.0,124.0,2,2,2,2,21.0,sedang,SHM,10.3,12.3,0,0,0,1072.2
P002242,2022-06-22,jakarta_selatan,rumah,154.0,253.0,2,7,5,2,18.0,sedang,HGB,5.7,5.6,1,1,0,3879.2
P002694,2022-06-22,yogyakarta,rumah,49.0,42.0,2,1,1,1,17.0,perlu_renovasi,girik_ajb,10.3,7.2,1,0,1,259.6
P004301,2022-06-22,depok,rumah,107.0,143.0,2,5,4,2,3.0,perlu_renovasi,SHM,4.1,24.1,0,0,0,767.7
P005164,2022-06-22,bekasi,rumah,194.0,74.0,1,2,2,2,8.0,baik,SHM,10.7,12.9,0,1,1,948.5
P005778,2022-06-22,depok,rumah,162.0,98.0,1,3,3,2,18.0,baik,SHM,7.9,24.8,0,0,0,853.5
P006507,2022-06-22,yogyakarta,rumah,89.0,74.0,2,2,2,1,6.0,sedang,HGB,3.2,7.1,1,1,0,726.2
P006978,2022-06-22,jakarta_barat,rumah,81.0,60.0,1,2,2,0,10.0,sedang,SHM,3.8,15.7,0,0,1,746.4
P001423,2022-06-23,bekasi,rumah,246.0,162.0,1,4,2,3,32.0,perlu_renovasi,SHM,5.1,20.6,0,0,0,856.1
P004061,2022-06-23,yogyakarta,rumah,174.0,113.0,1,4,3,2,15.0,sedang,SHM,4.6,4.8,1,0,0,1282.6
P004982,2022-06-23,tangerang_selatan,rumah,87.0,40.0,1,1,1,0,13.0,sedang,SHM,2.6,18.9,0,0,0,574.9
P005810,2022-06-23,bandung,rumah,255.0,286.0,2,9,5,2,16.0,baik,SHM,4.9,6.0,0,0,0,2267.6
P006402,2022-06-23,jakarta_barat,ruko,88.0,94.0,2,0,1,1,39.0,sedang,SHM,8.2,7.7,1,1,0,1738.1
P009191,2022-06-23,bekasi,rumah,40.0,21.0,1,1,1,1,7.0,sedang,HGB,4.8,28.3,0,0,0,180.7
P009627,2022-06-23,tangerang_selatan,townhouse,99.0,154.0,2,3,3,1,9.0,baik,HGB,7.0,18.5,0,0,0,1391.3
P000355,2022-06-24,bekasi,rumah,200.0,298.0,2,7,5,3,8.0,baik,SHM,4.6,15.7,0,0,0,1868.0
P000873,2022-06-24,yogyakarta,rumah,139.0,303.0,3,8,6,2,22.0,sedang,SHM,5.6,16.7,0,1,0,1402.4
P002578,2022-06-24,surabaya,townhouse,58.0,91.0,3,2,2,1,7.0,baik,SHM,6.5,24.5,0,0,0,794.4
P008839,2022-06-24,jakarta_barat,rumah,146.0,80.0,1,3,2,1,0.0,baik,SHM,7.0,3.9,0,1,0,2708.2
P000611,2022-06-25,depok,rumah,129.0,88.0,1,2,2,2,28.0,baik,HGB,3.5,7.5,1,0,0,957.2
P000714,2022-06-25,semarang,rumah,126.0,73.0,1,2,2,2,28.0,baik,SHM,4.9,5.2,1,1,0,805.9
P000911,2022-06-25,surabaya,rumah,389.0,473.0,2,10,8,4,14.0,baik,SHM,4.5,18.3,1,0,0,2993.4
P001851,2022-06-25,tangerang_selatan,ruko,112.0,295.0,4,5,4,1,13.0,baik,SHM,4.8,5.8,1,1,0,3333.2
P003767,2022-06-25,depok,rumah,131.0,122.0,2,4,4,1,23.0,baik,HGB,9.7,17.6,0,0,0,944.2
P005157,2022-06-25,tangerang_selatan,rumah,139.0,70.0,1,2,2,3,7.0,baik,SHM,4.9,10.0,0,0,0,1270.9
P008221,2022-06-25,tangerang_selatan,rumah,70.0,103.0,2,2,1,1,1.0,sedang,SHM,5.2,17.8,1,0,0,986.1
P001835,2022-06-26,jakarta_barat,rumah,107.0,130.0,2,4,3,1,4.0,sedang,HGB,4.8,7.5,1,0,0,1661.6
P002337,2022-06-26,surabaya,rumah,30.0,39.0,2,1,1,0,9.0,baik,HGB,5.1,4.1,1,0,0,529.6
P002907,2022-06-26,yogyakarta,rumah,125.0,156.0,2,4,3,1,27.0,perlu_renovasi,HGB,5.0,15.8,1,0,0,560.3
P003075,2022-06-26,surabaya,rumah,129.0,105.0,1,2,2,1,30.0,sedang,SHM,5.7,2.4,1,0,0,1488.6
P003105,2022-06-26,bogor,rumah,154.0,119.0,1,3,3,2,2.0,baik,SHM,3.0,12.8,1,0,0,1168.3
P006067,2022-06-26,depok,rumah,68.0,37.0,1,1,1,2,13.0,baik,SHM,5.7,6.6,1,0,0,674.6
P006588,2022-06-26,yogyakarta,rumah,133.0,116.0,2,3,3,1,9.0,baik,SHM,4.1,20.0,0,0,0,673.1
P008749,2022-06-26,surabaya,townhouse,86.0,85.0,2,2,2,1,15.0,baik,girik_ajb,,4.5,0,0,0,918.2
P009487,2022-06-26,bogor,rumah,239.0,283.0,2,8,6,2,23.0,perlu_renovasi,HGB,,21.4,0,0,0,968.3
P002141,2022-06-27,semarang,rumah,110.0,172.0,2,4,3,1,5.0,baik,SHM,2.1,8.9,1,1,0,1260.8
P002504,2022-06-27,surabaya,townhouse,90.0,104.0,2,3,2,2,5.0,baik,SHM,3.0,22.4,0,0,0,770.0
P003029,2022-06-27,bogor,rumah,93.0,64.0,1,2,1,1,14.0,sedang,HGB,2.4,9.6,0,1,0,433.9
P003376,2022-06-27,bekasi,rumah,151.0,131.0,2,4,3,2,2.0,baik,SHM,4.3,27.5,0,0,0,929.7
P007252,2022-06-27,depok,townhouse,101.0,145.0,2,5,3,2,15.0,perlu_renovasi,SHM,9.4,22.1,0,0,1,634.7
P007542,2022-06-27,bekasi,rumah,30.0,21.0,1,1,1,0,7.0,baik,HGB,8.9,7.8,0,0,1,247.2
P008609,2022-06-27,tangerang_selatan,rumah,142.0,195.0,2,6,6,1,8.0,baik,SHM,5.1,24.5,0,0,0,1497.0
P002813,2022-06-28,bandung,rumah,155.0,258.0,2,8,8,1,12.0,baik,HGB,6.5,2.7,0,1,0,2324.1
P003306,2022-06-28,jakarta_selatan,townhouse,63.0,65.0,2,2,1,1,11.0,baik,SHM,3.8,5.3,0,1,0,1819.4
P004291,2022-06-28,jakarta_selatan,rumah,139.0,167.0,2,5,3,1,12.0,baik,SHM,4.0,16.1,1,0,0,2563.9
P007018,2022-06-28,jakarta_selatan,townhouse,79.0,86.0,3,3,2,1,15.0,sedang,HGB,3.7,9.8,0,0,0,1487.3
P007111,2022-06-28,yogyakarta,ruko,91.0,151.0,3,3,2,0,,baik,SHM,10.9,11.5,0,0,0,1284.0
P007856,2022-06-28,surabaya,rumah,134.0,115.0,1,4,4,0,41.0,perlu_renovasi,SHM,5.0,8.7,0,0,0,1045.2
P009007,2022-06-28,jakarta_selatan,ruko,86.0,166.0,3,3,3,1,,baik,girik_ajb,6.3,16.7,0,0,0,1577.8
P000064,2022-06-29,surabaya,rumah,238.0,225.0,2,5,3,2,9.0,baik,SHM,5.8,3.6,1,0,0,3305.0
P001510,2022-06-29,bandung,ruko,88.0,186.0,3,4,3,1,26.0,baik,SHM,7.0,8.1,0,0,0,1130.9
P001918,2022-06-29,bandung,rumah,140.0,79.0,1,2,1,2,19.0,sedang,HGB,7.5,15.4,0,0,0,815.5
P004468,2022-06-29,bandung,ruko,73.0,137.0,4,2,2,1,6.0,baik,girik_ajb,8.7,6.0,0,1,1,906.3
P005243,2022-06-29,tangerang_selatan,rumah,117.0,158.0,2,4,4,1,7.0,baik,SHM,6.4,5.0,0,0,0,1984.7
P005826,2022-06-29,jakarta_barat,rumah,121.0,104.0,2,3,3,1,2.0,baik,girik_ajb,6.3,13.5,1,0,0,1395.7
P008238,2022-06-29,depok,ruko,78.0,55.0,2,0,1,1,23.0,baik,SHM,6.0,17.1,0,0,0,700.0
P009580,2022-06-29,jakarta_selatan,rumah,64.0,101.0,2,3,3,0,38.0,perlu_renovasi,SHM,4.5,6.7,1,0,0,1341.9
P009932,2022-06-29,bandung,rumah,66.0,109.0,2,4,4,0,8.0,sedang,SHM,2.3,12.4,0,0,1,633.7
P000348,2022-06-30,tangerang_selatan,ruko,55.0,73.0,3,0,1,2,20.0,sedang,SHM,6.0,15.4,0,0,0,676.2
P002354,2022-06-30,depok,ruko,64.0,122.0,4,1,1,0,10.0,baik,HGB,5.1,16.6,0,0,0,620.4
P004760,2022-06-30,yogyakarta,rumah,143.0,125.0,2,3,2,3,30.0,sedang,SHM,7.0,9.6,0,1,0,953.0
P006146,2022-06-30,bandung,rumah,210.0,457.0,3,10,7,1,8.0,baik,SHM,4.0,6.4,1,0,0,3272.7
P002804,2022-07-03,bogor,ruko,75.0,111.0,4,1,1,0,2.0,sedang,SHM,12.4,7.0,0,0,0,1028.3
P004026,2022-07-03,yogyakarta,rumah,108.0,92.0,1,3,2,2,13.0,sedang,SHM,4.6,8.7,0,0,0,968.1
P004266,2022-07-03,depok,rumah,128.0,135.0,2,3,3,2,31.0,perlu_renovasi,HGB,8.4,16.7,0,0,1,704.9
P006847,2022-07-03,tangerang_selatan,rumah,35.0,29.0,2,1,1,1,17.0,sedang,SHM,5.3,8.6,1,0,0,494.9
P007887,2022-07-03,tangerang_selatan,rumah,65.0,84.0,2,3,2,0,20.0,sedang,SHM,5.2,20.7,0,0,1,577.9
P009815,2022-07-03,yogyakarta,rumah,111.0,60.0,1,2,2,1,4.0,baik,SHM,5.2,14.6,0,1,0,660.7
P001836,2022-07-04,jakarta_selatan,rumah,134.0,117.0,2,3,3,3,15.0,perlu_renovasi,SHM,6.1,15.8,0,1,0,2475.9
P002688,2022-07-04,bandung,ruko,87.0,116.0,2,1,1,1,7.0,sedang,HGB,10.9,7.9,0,0,0,1132.7
P006097,2022-07-04,jakarta_selatan,townhouse,50.0,48.0,2,1,1,0,15.0,perlu_renovasi,SHM,10.0,8.3,1,0,0,1257.2
P000516,2022-07-05,jakarta_barat,rumah,69.0,25.0,1,1,1,1,2.0,baik,SHM,3.9,5.9,0,1,1,907.6
P000894,2022-07-05,jakarta_selatan,ruko,75.0,132.0,3,3,2,0,41.0,baik,SHM,6.5,9.4,0,0,0,1952.1
P001228,2022-07-05,depok,rumah,170.0,76.0,1,2,2,1,6.0,baik,SHM,3.5,18.8,0,0,0,1055.0
P007718,2022-07-05,surabaya,townhouse,58.0,73.0,2,2,2,0,15.0,sedang,SHM,13.4,14.9,0,0,1,517.9
P007726,2022-07-05,bekasi,rumah,122.0,82.0,1,2,1,1,8.0,baik,SHM,4.4,21.7,0,0,0,689.1
P008452,2022-07-05,jakarta_selatan,rumah,182.0,90.0,1,2,2,2,9.0,sedang,SHM,3.4,16.9,1,0,0,2785.7
P009697,2022-07-05,bekasi,rumah,62.0,113.0,3,3,3,1,4.0,baik,SHM,2.4,21.1,0,0,0,654.8
P000570,2022-07-06,depok,ruko,87.0,99.0,2,1,1,1,10.0,baik,HGB,4.9,23.6,0,0,0,676.4
P003025,2022-07-06,tangerang_selatan,rumah,66.0,93.0,2,2,1,2,3.0,baik,SHM,3.6,5.4,1,1,0,1470.2
P008393,2022-07-06,bekasi,rumah,53.0,51.0,2,1,1,0,27.0,sedang,HGB,2.9,8.8,1,0,0,398.0
P009972,2022-07-06,jakarta_selatan,rumah,92.0,65.0,1,2,2,2,12.0,baik,SHM,7.4,15.4,0,1,0,1800.2
P001667,2022-07-07,surabaya,rumah,97.0,193.0,3,5,4,1,17.0,baik,SHM,3.2,18.1,0,0,0,1153.3
P002181,2022-07-07,surabaya,ruko,78.0,176.0,3,3,3,0,14.0,perlu_renovasi,SHM,10.6,9.0,1,0,0,1380.6
P002635,2022-07-07,depok,rumah,117.0,161.0,2,5,3,0,2.0,baik,SHM,3.9,5.1,0,0,0,1538.7
P002881,2022-07-07,jakarta_barat,rumah,574.0,756.0,2,10,7,6,4.0,baik,SHM,9.8,4.8,1,0,1,11087.4
P003398,2022-07-07,jakarta_selatan,rumah,275.0,240.0,1,5,4,3,1.0,baik,SHM,3.6,8.3,1,0,0,5822.7
P003540,2022-07-07,tangerang_selatan,townhouse,65.0,71.0,2,2,1,0,15.0,perlu_renovasi,SHM,4.7,22.8,0,0,0,510.0
P000758,2022-07-08,yogyakarta,rumah,75.0,35.0,1,1,1,0,8.0,sedang,SHM,4.8,10.7,1,0,0,532.8
P001412,2022-07-08,yogyakarta,townhouse,76.0,139.0,2,3,2,1,4.0,baik,girik_ajb,12.7,3.4,1,1,0,1199.4
P001865,2022-07-08,bogor,rumah,107.0,161.0,2,4,3,2,47.0,baik,SHM,3.3,12.9,0,0,0,458.5
P001939,2022-07-08,tangerang_selatan,rumah,86.0,108.0,2,4,3,0,13.0,baik,SHM,4.8,10.9,0,0,0,1215.8
P002543,2022-07-08,tangerang_selatan,rumah,222.0,170.0,1,6,4,3,6.0,sedang,SHM,2.9,4.8,0,1,0,2640.2
P002745,2022-07-08,bekasi,ruko,48.0,103.0,4,0,1,1,2.0,baik,HGB,5.7,25.8,0,0,0,577.1
P003765,2022-07-08,jakarta_selatan,rumah,295.0,316.0,2,7,5,4,16.0,sedang,SHM,1.9,12.5,0,0,0,4294.5
P004138,2022-07-08,surabaya,townhouse,80.0,100.0,2,3,2,1,15.0,baik,SHM,5.8,24.4,0,0,0,815.2
P009182,2022-07-08,jakarta_selatan,townhouse,86.0,94.0,2,3,2,1,,baik,SHM,4.0,11.0,0,0,0,2006.6
P001530,2022-07-09,tangerang_selatan,rumah,178.0,121.0,1,3,3,1,21.0,sedang,HGB,4.7,16.3,1,0,0,1506.8
P002426,2022-07-09,bandung,ruko,104.0,161.0,3,3,2,2,19.0,sedang,SHM,12.0,2.6,1,1,0,1743.4
P003396,2022-07-09,semarang,rumah,192.0,212.0,2,5,4,2,16.0,sedang,SHM,3.2,18.5,0,0,0,1101.4
P003435,2022-07-09,jakarta_selatan,rumah,66.0,87.0,2,3,2,1,5.0,baik,HGB,10.1,15.3,0,1,0,1514.2
P004005,2022-07-09,depok,rumah,94.0,130.0,2,3,3,2,21.0,sedang,HGB,7.6,3.9,0,1,0,979.9
P004299,2022-07-09,depok,rumah,105.0,75.0,1,2,1,0,11.0,baik,SHM,6.3,5.1,1,1,0,1220.5
P000315,2022-07-10,bekasi,ruko,78.0,217.0,3,4,4,1,9.0,baik,HGB,4.5,22.2,1,0,0,911.0
P002134,2022-07-10,semarang,rumah,149.0,68.0,1,2,2,0,3.0,baik,SHM,4.1,16.4,0,0,0,662.8
P005112,2022-07-10,bogor,rumah,108.0,158.0,2,5,4,0,8.0,baik,HGB,3.1,12.9,1,0,0,956.9
P006284,2022-07-10,jakarta_selatan,rumah,102.0,56.0,1,2,2,1,18.0,sedang,SHM,5.5,9.5,1,0,0,2035.6
P006807,2022-07-10,depok,rumah,113.0,112.0,2,3,2,1,6.0,baik,SHM,4.0,16.7,0,1,0,962.5
P007202,2022-07-10,tangerang_selatan,townhouse,67.0,130.0,3,3,2,1,10.0,baik,HGB,7.8,4.5,0,1,0,1331.4
P008276,2022-07-10,bekasi,rumah,341.0,284.0,2,7,6,4,23.0,baik,HGB,5.4,10.8,0,0,0,2580.8
P009639,2022-07-10,bogor,rumah,75.0,94.0,2,3,2,1,32.0,perlu_renovasi,SHM,3.9,13.0,0,0,0,376.8
P000094,2022-07-11,bekasi,rumah,88.0,78.0,2,3,2,1,4.0,baik,HGB,10.7,20.1,1,0,0,853.0
P003916,2022-07-11,tangerang_selatan,ruko,94.0,200.0,3,5,5,0,2.0,baik,HGB,9.8,16.8,0,0,0,1621.5
P003928,2022-07-11,surabaya,ruko,119.0,281.0,4,6,6,2,10.0,baik,HGB,17.6,9.5,0,0,0,2135.7
P004062,2022-07-11,bandung,townhouse,68.0,75.0,2,2,1,0,15.0,sedang,SHM,4.9,6.1,0,0,0,675.1
P005136,2022-07-11,depok,rumah,184.0,242.0,2,6,6,1,15.0,baik,HGB,5.7,15.4,0,0,0,1648.8
P006389,2022-07-11,yogyakarta,rumah,91.0,105.0,2,3,2,1,4.0,sedang,SHM,9.4,13.7,0,0,0,911.5
P006699,2022-07-11,bandung,rumah,99.0,159.0,2,5,4,1,18.0,sedang,HGB,4.2,17.7,0,0,0,817.9
P007051,2022-07-11,yogyakarta,rumah,83.0,57.0,1,2,2,2,9.0,baik,SHM,8.0,11.2,0,1,1,678.8
P007191,2022-07-11,depok,rumah,97.0,52.0,1,1,1,2,37.0,sedang,SHM,3.3,17.2,0,0,0,384.2
P009693,2022-07-11,bandung,rumah,100.0,57.0,1,2,2,0,11.0,baik,SHM,3.6,16.1,0,0,0,656.1
P000234,2022-07-12,bogor,rumah,134.0,120.0,2,4,3,1,18.0,sedang,HGB,13.9,10.4,0,0,1,745.5
P000245,2022-07-12,bogor,townhouse,75.0,133.0,2,4,4,1,11.0,baik,HGB,8.0,11.5,1,0,0,869.1
P004046,2022-07-12,tangerang_selatan,rumah,148.0,116.0,2,3,2,2,8.0,baik,SHM,4.4,9.1,1,0,0,1725.2
P006684,2022-07-12,surabaya,rumah,119.0,59.0,1,2,2,1,13.0,baik,SHM,5.2,16.3,1,0,0,858.6
P006857,2022-07-12,tangerang_selatan,rumah,156.0,53.0,1,2,1,1,8.0,baik,SHM,3.6,8.4,1,0,0,1593.6
P008045,2022-07-12,yogyakarta,rumah,191.0,117.0,1,3,3,2,25.0,baik,SHM,9.0,18.2,0,0,0,1129.4
P008542,2022-07-12,jakarta_selatan,rumah,119.0,92.0,1,3,2,1,10.0,sedang,SHM,6.5,13.3,1,0,1,1850.4
P009505,2022-07-12,bogor,rumah,149.0,111.0,1,3,2,2,8.0,baik,SHM,3.6,28.1,0,0,0,847.1
P000028,2022-07-13,jakarta_selatan,rumah,91.0,81.0,1,3,3,0,4.0,baik,SHM,9.3,4.6,0,0,0,3127.7
P002090,2022-07-13,bekasi,townhouse,92.0,142.0,2,4,4,1,15.0,baik,girik_ajb,7.9,19.6,0,0,0,756.7
P006687,2022-07-13,yogyakarta,rumah,125.0,72.0,1,2,2,2,17.0,sedang,HGB,6.6,19.2,1,0,0,551.9
P008031,2022-07-13,bogor,rumah,109.0,79.0,1,2,1,1,2.0,baik,HGB,5.1,10.4,0,0,0,803.2
P001142,2022-07-14,surabaya,ruko,58.0,83.0,2,1,1,0,22.0,sedang,SHM,4.3,8.7,0,0,0,783.7
P002433,2022-07-14,bogor,ruko,108.0,338.0,4,6,6,2,6.0,baik,SHM,11.5,6.1,1,1,1,1883.1
P002970,2022-07-14,jakarta_barat,rumah,136.0,55.0,1,2,1,1,36.0,perlu_renovasi,SHM,7.2,9.3,0,0,1,1396.8
P003468,2022-07-14,tangerang_selatan,ruko,75.0,104.0,3,1,1,0,,baik,HGB,7.0,19.2,0,0,0,899.4
P005599,2022-07-14,bogor,rumah,299.0,220.0,1,6,6,4,5.0,sedang,SHM,7.3,21.6,0,0,0,1642.8
P007378,2022-07-14,yogyakarta,rumah,136.0,61.0,1,2,1,1,14.0,sedang,SHM,2.1,16.3,1,0,0,624.3
P008111,2022-07-14,tangerang_selatan,rumah,118.0,54.0,1,1,1,1,8.0,baik,SHM,7.8,18.9,1,0,0,929.8
P008331,2022-07-14,jakarta_barat,rumah,194.0,94.0,1,3,3,2,22.0,sedang,SHM,3.4,4.4,1,0,0,3053.9
P002780,2022-07-15,jakarta_barat,rumah,230.0,145.0,1,5,4,3,5.0,sedang,SHM,1.8,16.0,1,0,0,2045.3
P004024,2022-07-15,semarang,rumah,80.0,77.0,2,2,1,1,22.0,sedang,SHM,4.2,8.8,1,0,1,432.6
P004708,2022-07-15,bekasi,rumah,132.0,64.0,1,2,2,1,6.0,baik,HGB,3.6,12.3,0,0,0,803.8
P005673,2022-07-15,bekasi,rumah,138.0,134.0,2,4,3,2,9.0,baik,girik_ajb,5.1,20.1,0,0,0,920.9
P006836,2022-07-15,jakarta_barat,rumah,131.0,52.0,1,1,1,2,8.0,baik,SHM,9.4,11.3,0,0,1,1459.1
P009634,2022-07-15,tangerang_selatan,rumah,96.0,108.0,2,3,3,1,32.0,perlu_renovasi,SHM,6.1,6.7,0,1,0,1587.1
P000651,2022-07-16,bekasi,rumah,252.0,476.0,3,10,8,3,21.0,sedang,SHM,3.4,22.6,0,0,0,1778.9
P000734,2022-07-16,bekasi,townhouse,61.0,97.0,2,3,3,1,7.0,baik,SHM,2.4,29.6,0,0,0,578.8
P001068,2022-07-16,bandung,rumah,225.0,271.0,2,8,7,2,,baik,SHM,2.6,10.6,1,0,0,1622.7
P002352,2022-07-16,surabaya,rumah,85.0,93.0,2,3,3,1,26.0,sedang,SHM,10.7,13.6,0,0,0,738.6
P002992,2022-07-16,surabaya,rumah,254.0,311.0,2,9,8,3,4.0,sedang,SHM,,11.8,0,0,0,3070.6
P003141,2022-07-16,tangerang_selatan,townhouse,74.0,66.0,2,2,1,0,5.0,baik,girik_ajb,2.6,18.4,0,0,0,566.5
P005325,2022-07-16,jakarta_barat,townhouse,65.0,119.0,3,3,2,0,13.0,sedang,SHM,6.1,18.7,0,0,0,1018.0
P005873,2022-07-16,jakarta_selatan,rumah,125.0,225.0,2,8,7,1,7.0,baik,SHM,2.9,3.6,0,1,0,3129.3
P009024,2022-07-16,depok,rumah,157.0,215.0,2,6,6,2,1.0,baik,SHM,4.0,14.3,0,0,0,2033.6
P009794,2022-07-16,jakarta_selatan,rumah,101.0,173.0,2,4,3,0,13.0,sedang,HGB,6.2,3.2,0,1,0,3051.8
P009810,2022-07-16,surabaya,townhouse,64.0,82.0,2,3,2,1,5.0,baik,SHM,3.2,13.0,1,0,0,834.1
P000350,2022-07-17,jakarta_selatan,rumah,298.0,198.0,1,7,6,3,23.0,baik,HGB,1.9,15.3,0,0,0,3612.1
P000975,2022-07-17,tangerang_selatan,ruko,39.0,32.0,2,0,1,0,10.0,baik,SHM,10.1,16.4,0,0,0,495.4
P002762,2022-07-17,semarang,ruko,79.0,182.0,3,3,3,2,20.0,baik,SHM,10.6,12.2,0,0,0,1000.6
P007432,2022-07-17,bogor,rumah,98.0,54.0,1,1,1,1,8.0,baik,SHM,3.0,7.6,1,0,0,712.4
P008043,2022-07-17,surabaya,rumah,113.0,156.0,3,3,3,1,35.0,sedang,SHM,6.1,15.0,0,0,0,1202.6
P008918,2022-07-17,jakarta_barat,rumah,89.0,84.0,2,2,2,1,9.0,sedang,HGB,4.1,14.6,1,0,0,1023.7
P009835,2022-07-17,surabaya,townhouse,63.0,80.0,2,2,2,0,15.0,baik,HGB,6.7,20.5,0,0,1,533.3
P002462,2022-07-18,bandung,rumah,260.0,136.0,1,3,2,3,3.0,baik,SHM,5.7,9.1,1,0,0,1879.7
P002851,2022-07-18,bekasi,rumah,187.0,306.0,3,8,8,3,18.0,perlu_renovasi,SHM,5.1,22.2,1,0,0,1135.1
P004970,2022-07-18,bogor,rumah,182.0,174.0,2,5,4,2,15.0,baik,SHM,3.1,29.0,0,0,0,1002.4
P005583,2022-07-18,tangerang_selatan,rumah,89.0,77.0,2,2,2,0,20.0,perlu_renovasi,SHM,4.5,18.3,0,0,0,630.2
P009055,2022-07-18,surabaya,townhouse,61.0,61.0,2,2,2,1,12.0,baik,HGB,7.0,2.0,0,1,1,990.3
P009844,2022-07-18,bogor,ruko,55.0,62.0,3,0,1,2,17.0,baik,SHM,4.7,17.3,0,0,0,368.2
P009916,2022-07-18,tangerang_selatan,rumah,95.0,191.0,3,4,4,1,18.0,perlu_renovasi,SHM,5.9,21.0,0,0,1,882.1
P000204,2022-07-19,jakarta_barat,ruko,43.0,64.0,3,0,1,0,8.0,baik,HGB,,11.3,1,0,1,721.6
P001450,2022-07-19,jakarta_barat,rumah,162.0,169.0,2,4,3,1,12.0,sedang,HGB,4.5,12.2,0,0,1,1817.6
P004245,2022-07-19,bandung,rumah,75.0,67.0,2,2,2,2,18.0,sedang,SHM,6.1,8.6,0,0,0,953.6
P004992,2022-07-19,surabaya,townhouse,36.0,32.0,2,1,1,0,9.0,baik,SHM,4.6,5.4,1,0,0,461.9
P005892,2022-07-19,bogor,rumah,110.0,56.0,1,2,2,1,10.0,baik,SHM,6.1,20.0,1,0,0,502.9
P006736,2022-07-19,yogyakarta,rumah,137.0,119.0,2,4,3,1,7.0,sedang,HGB,5.4,19.0,0,0,1,891.9
P007699,2022-07-19,jakarta_selatan,ruko,110.0,251.0,4,6,4,1,9.0,perlu_renovasi,SHM,5.7,13.5,1,1,0,3096.9
P008873,2022-07-19,jakarta_selatan,ruko,60.0,143.0,3,3,2,1,16.0,perlu_renovasi,SHM,10.2,13.5,0,0,0,1531.2
P008890,2022-07-19,jakarta_selatan,rumah,110.0,45.0,1,2,1,2,4.0,baik,HGB,7.4,14.5,0,0,0,1723.5
P000475,2022-07-20,tangerang_selatan,townhouse,96.0,157.0,3,4,3,2,4.0,baik,SHM,2.6,11.7,1,0,0,1488.9
P002116,2022-07-20,semarang,rumah,100.0,158.0,2,4,3,2,12.0,baik,SHM,2.6,7.5,0,0,0,881.3
P002664,2022-07-20,tangerang_selatan,rumah,119.0,161.0,2,4,4,1,27.0,sedang,SHM,2.8,18.4,1,0,0,929.4
P002796,2022-07-20,bogor,rumah,209.0,110.0,1,3,3,2,22.0,sedang,HGB,4.2,20.1,0,0,0,752.2
P004567,2022-07-20,bandung,rumah,41.0,21.0,1,1,1,0,3.0,baik,SHM,6.2,15.3,1,0,0,358.9
P006136,2022-07-20,tangerang_selatan,rumah,318.0,491.0,2,10,8,3,9.0,sedang,SHM,5.8,18.6,0,0,0,3779.4
P006961,2022-07-20,bekasi,rumah,181.0,176.0,2,5,4,2,12.0,baik,SHM,3.7,27.7,0,0,0,1054.7
P007166,2022-07-20,bekasi,rumah,141.0,133.0,2,4,3,1,12.0,baik,girik_ajb,5.6,21.9,0,0,0,897.3
P007264,2022-07-20,jakarta_selatan,rumah,258.0,166.0,1,5,4,2,6.0,perlu_renovasi,SHM,5.4,11.3,0,0,0,4905.4
P007372,2022-07-20,surabaya,rumah,62.0,65.0,2,2,2,0,11.0,baik,SHM,5.2,12.2,1,0,1,758.1
P008003,2022-07-20,tangerang_selatan,rumah,127.0,77.0,1,2,2,0,36.0,sedang,SHM,7.8,24.7,1,0,0,692.7
P008086,2022-07-20,surabaya,rumah,139.0,95.0,1,3,3,1,5.0,sedang,SHM,5.9,5.7,0,1,0,1648.3
P008245,2022-07-20,yogyakarta,rumah,72.0,53.0,1,1,1,1,9.0,baik,SHM,2.5,5.2,0,1,0,544.5
P008650,2022-07-20,bogor,rumah,71.0,71.0,2,2,2,0,,baik,HGB,3.2,8.1,0,0,0,588.0
P004622,2022-07-21,yogyakarta,rumah,103.0,87.0,2,3,2,2,16.0,perlu_renovasi,SHM,6.9,11.4,1,1,0,705.9
P005195,2022-07-21,semarang,townhouse,140.0,234.0,2,7,6,1,4.0,baik,SHM,5.4,12.7,1,0,0,1941.0
P008025,2022-07-21,tangerang_selatan,rumah,105.0,85.0,1,2,2,0,17.0,perlu_renovasi,SHM,3.4,21.6,0,0,0,644.9
P008979,2022-07-21,bandung,rumah,100.0,133.0,2,3,3,0,7.0,sedang,SHM,3.4,4.4,0,1,0,1540.0
P009316,2022-07-21,yogyakarta,rumah,122.0,79.0,1,2,1,3,2.0,sedang,SHM,3.0,4.8,1,0,0,1085.7
P009620,2022-07-21,bandung,rumah,181.0,171.0,2,4,4,2,,baik,SHM,3.6,16.2,0,0,0,1387.3
P002074,2022-07-22,surabaya,townhouse,60.0,97.0,2,3,3,0,13.0,perlu_renovasi,SHM,5.9,3.0,1,1,1,820.4
P003284,2022-07-22,jakarta_selatan,townhouse,93.0,155.0,2,4,3,2,15.0,baik,HGB,3.7,5.8,0,0,1,2310.4
P006538,2022-07-22,bogor,rumah,121.0,104.0,2,2,2,1,9.0,baik,SHM,4.5,26.8,0,0,0,632.7
P000784,2022-07-23,bogor,rumah,148.0,61.0,1,2,2,2,15.0,perlu_renovasi,SHM,7.2,9.7,0,1,0,902.2
P002935,2022-07-23,bandung,rumah,234.0,157.0,1,5,5,2,6.0,baik,HGB,6.9,21.8,0,0,0,1437.9
P005183,2022-07-23,jakarta_selatan,rumah,69.0,33.0,1,1,1,1,31.0,perlu_renovasi,SHM,5.5,14.7,0,1,0,1083.9
P005651,2022-07-23,semarang,townhouse,93.0,123.0,3,4,4,0,9.0,sedang,HGB,5.5,13.1,0,0,0,679.9
P006217,2022-07-23,depok,rumah,252.0,124.0,1,4,3,3,8.0,baik,HGB,5.1,17.6,0,0,1,1347.3
P006248,2022-07-23,yogyakarta,rumah,241.0,240.0,2,7,4,4,,sedang,SHM,4.7,3.3,0,1,0,2035.8
P008406,2022-07-23,surabaya,rumah,103.0,158.0,2,4,3,3,15.0,sedang,SHM,5.9,18.6,0,0,0,944.4
P009189,2022-07-23,bandung,rumah,101.0,95.0,2,2,1,1,18.0,perlu_renovasi,HGB,4.3,14.9,0,0,0,548.8
P002391,2022-07-24,bogor,rumah,81.0,150.0,2,5,5,1,23.0,perlu_renovasi,SHM,2.4,12.6,0,0,1,473.8
P002491,2022-07-24,yogyakarta,rumah,107.0,44.0,1,1,1,2,35.0,perlu_renovasi,HGB,3.2,2.0,0,1,0,761.2
P003858,2022-07-24,bekasi,rumah,141.0,282.0,3,7,7,1,26.0,baik,SHM,1.9,11.5,0,1,0,1384.1
P004186,2022-07-24,surabaya,rumah,107.0,83.0,2,2,2,0,24.0,perlu_renovasi,SHM,5.3,5.6,0,0,0,1080.1
P004446,2022-07-24,bekasi,rumah,165.0,178.0,2,5,4,2,2.0,baik,SHM,12.4,12.1,0,0,0,1952.9
P005913,2022-07-24,depok,rumah,176.0,235.0,2,6,5,2,46.0,perlu_renovasi,SHM,5.1,8.9,0,0,0,1128.9
P006465,2022-07-24,depok,rumah,197.0,263.0,2,9,8,2,4.0,sedang,SHM,5.1,9.9,0,1,0,2259.9
P007986,2022-07-24,jakarta_barat,ruko,146.0,209.0,3,3,3,1,7.0,baik,SHM,9.6,8.6,0,1,0,3126.0
P008570,2022-07-24,surabaya,townhouse,89.0,100.0,2,3,3,1,5.0,baik,SHM,7.8,13.2,0,0,1,1111.1
P005177,2022-07-25,jakarta_barat,rumah,73.0,34.0,1,1,1,0,11.0,sedang,girik_ajb,9.7,7.6,0,1,0,969.6
P008158,2022-07-25,jakarta_barat,ruko,90.0,139.0,3,3,2,2,24.0,baik,SHM,6.6,15.3,0,0,0,1402.9
P009048,2022-07-25,bekasi,rumah,129.0,118.0,1,3,3,1,10.0,sedang,HGB,6.0,10.7,1,0,1,1086.5
P000456,2022-07-26,jakarta_barat,rumah,139.0,79.0,1,2,2,2,14.0,baik,SHM,3.3,16.3,1,0,0,1570.0
P000754,2022-07-26,depok,rumah,142.0,103.0,1,4,3,2,11.0,sedang,SHM,4.6,6.9,0,0,0,1316.9
P004408,2022-07-26,bekasi,rumah,77.0,101.0,2,2,1,0,31.0,perlu_renovasi,SHM,3.2,20.1,0,0,0,427.7
P006308,2022-07-26,surabaya,townhouse,129.0,132.0,2,3,2,1,7.0,sedang,SHM,4.5,12.8,0,0,0,1306.2
P007834,2022-07-26,bandung,rumah,161.0,96.0,1,3,3,2,6.0,baik,SHM,7.7,4.8,0,1,0,1767.7
P008681,2022-07-26,jakarta_barat,ruko,55.0,71.0,3,0,1,1,45.0,perlu_renovasi,SHM,16.2,18.9,0,0,0,615.7
P000880,2022-07-27,bogor,rumah,88.0,48.0,1,1,1,1,13.0,baik,SHM,,24.0,0,0,0,422.7
P001565,2022-07-27,surabaya,townhouse,90.0,132.0,2,4,3,1,4.0,baik,SHM,7.6,5.5,1,1,0,1477.6
P001656,2022-07-27,bekasi,rumah,225.0,181.0,2,6,4,3,13.0,sedang,HGB,8.0,19.2,0,0,0,1571.5
P002675,2022-07-27,bogor,rumah,52.0,32.0,1,1,1,0,4.0,baik,HGB,3.4,11.3,0,0,0,340.2
P003057,2022-07-27,bogor,rumah,334.0,287.0,1,7,6,3,2.0,sedang,SHM,8.8,3.7,1,0,0,2791.2
P003225,2022-07-27,jakarta_barat,rumah,148.0,81.0,1,2,2,2,23.0,baik,HGB,6.2,12.9,1,0,0,1687.0
P003688,2022-07-27,yogyakarta,rumah,295.0,118.0,1,3,2,4,7.0,baik,HGB,5.5,7.8,0,0,0,1953.3
P004778,2022-07-27,jakarta_selatan,ruko,78.0,65.0,2,0,1,1,17.0,baik,SHM,7.9,6.0,1,0,0,2614.3
P005273,2022-07-27,surabaya,townhouse,62.0,98.0,2,3,2,1,12.0,baik,HGB,2.7,3.5,0,1,1,894.1
P009108,2022-07-27,bekasi,rumah,125.0,42.0,1,1,1,2,7.0,baik,HGB,2.6,17.3,0,1,0,563.9
P001454,2022-07-28,yogyakarta,rumah,100.0,163.0,2,6,6,1,60.0,perlu_renovasi,HGB,2.1,3.6,1,0,0,695.2
P001511,2022-07-28,jakarta_barat,ruko,67.0,89.0,2,1,1,1,9.0,sedang,SHM,8.3,7.6,1,1,0,1454.5
P002492,2022-07-28,bekasi,rumah,108.0,58.0,1,2,2,1,33.0,perlu_renovasi,girik_ajb,7.0,10.0,0,0,0,578.1
P005556,2022-07-28,semarang,rumah,73.0,101.0,2,2,2,1,13.0,baik,SHM,5.5,12.4,0,0,0,612.7
P006473,2022-07-28,yogyakarta,rumah,139.0,64.0,1,2,1,2,5.0,perlu_renovasi,SHM,5.8,5.9,0,0,0,808.0
P006501,2022-07-28,semarang,townhouse,84.0,108.0,3,4,4,0,,sedang,HGB,8.3,17.1,0,0,0,688.7
P006606,2022-07-28,jakarta_selatan,townhouse,102.0,132.0,2,4,4,1,15.0,perlu_renovasi,HGB,9.7,3.7,1,0,1,2539.5
P008076,2022-07-28,depok,rumah,105.0,205.0,3,5,3,1,12.0,baik,HGB,4.3,20.8,0,0,0,1055.8
P009378,2022-07-28,jakarta_barat,rumah,141.0,74.0,1,2,2,2,28.0,sedang,SHM,9.8,19.1,0,0,0,1156.3
P009415,2022-07-28,surabaya,rumah,309.0,393.0,2,10,7,4,34.0,sedang,HGB,5.0,7.9,1,1,0,3021.3
P009489,2022-07-28,yogyakarta,rumah,103.0,101.0,2,2,2,1,14.0,perlu_renovasi,SHM,5.9,4.5,0,0,0,881.3
P001207,2022-07-29,bogor,rumah,76.0,51.0,1,1,1,1,4.0,baik,SHM,5.3,16.7,0,0,0,457.8
P001223,2022-07-29,semarang,rumah,67.0,32.0,1,1,1,1,3.0,baik,SHM,4.0,3.4,0,0,0,437.2
P001735,2022-07-29,surabaya,ruko,121.0,212.0,2,3,3,1,10.0,sedang,SHM,,21.2,0,0,0,1226.4
P002727,2022-07-29,surabaya,rumah,118.0,76.0,1,2,2,1,4.0,baik,SHM,4.9,22.0,1,0,0,856.1
P002998,2022-07-29,jakarta_barat,townhouse,98.0,90.0,2,3,3,2,7.0,sedang,HGB,6.8,9.0,1,0,0,1477.4
P004320,2022-07-29,bekasi,rumah,121.0,108.0,2,3,3,1,18.0,sedang,SHM,3.2,17.3,1,0,0,878.8
P004811,2022-07-29,depok,ruko,53.0,91.0,2,1,1,1,8.0,baik,SHM,,23.4,0,0,0,538.7
P005718,2022-07-29,yogyakarta,rumah,121.0,177.0,3,5,4,2,29.0,sedang,SHM,4.4,16.9,1,0,0,972.4
P006977,2022-07-29,surabaya,townhouse,74.0,85.0,2,2,2,0,15.0,baik,HGB,5.3,2.9,0,1,0,1254.3
P007266,2022-07-29,jakarta_selatan,rumah,63.0,46.0,1,1,1,1,6.0,baik,SHM,7.4,10.9,1,1,0,1580.9
P008014,2022-07-29,bekasi,rumah,82.0,99.0,2,3,3,1,24.0,baik,SHM,3.3,4.6,0,1,0,807.5
P008053,2022-07-29,semarang,rumah,188.0,293.0,2,8,6,2,2.0,baik,SHM,6.3,19.8,0,0,0,1725.6
P008090,2022-07-29,jakarta_selatan,rumah,67.0,41.0,1,1,1,0,23.0,sedang,SHM,2.5,7.9,1,0,0,1105.4
P008335,2022-07-29,jakarta_barat,townhouse,72.0,75.0,2,2,2,1,10.0,baik,SHM,3.8,7.4,0,0,0,1303.5
P001981,2022-07-30,surabaya,rumah,209.0,163.0,1,4,3,2,13.0,perlu_renovasi,SHM,2.0,13.9,1,0,1,1313.4
P003250,2022-07-30,depok,townhouse,64.0,158.0,3,4,2,0,15.0,sedang,SHM,7.3,6.1,0,0,1,970.2
P003411,2022-07-30,bandung,townhouse,55.0,49.0,2,1,1,1,15.0,sedang,SHM,4.0,18.1,0,0,0,481.4
P006706,2022-07-30,depok,ruko,58.0,63.0,2,0,1,0,45.0,baik,SHM,11.5,12.4,0,0,0,500.6
P009336,2022-07-30,surabaya,townhouse,105.0,147.0,2,3,2,1,10.0,baik,SHM,5.0,5.6,0,0,0,1553.4
P001844,2022-08-03,yogyakarta,rumah,109.0,40.0,1,1,1,2,18.0,sedang,HGB,2.8,11.6,0,1,0,544.9
P003400,2022-08-03,bogor,rumah,83.0,72.0,2,2,2,2,25.0,baik,SHM,7.7,8.7,1,1,0,754.7
P003533,2022-08-03,depok,rumah,105.0,153.0,3,5,4,2,18.0,perlu_renovasi,SHM,6.2,7.5,0,0,0,832.2
P006047,2022-08-03,bekasi,rumah,91.0,69.0,1,2,2,2,13.0,sedang,HGB,5.8,15.5,0,0,0,455.9
P009075,2022-08-03,bandung,townhouse,109.0,134.0,2,4,4,2,15.0,sedang,SHM,6.2,5.1,0,0,0,1290.4
P000083,2022-08-04,surabaya,rumah,156.0,58.0,1,1,1,2,32.0,perlu_renovasi,SHM,2.4,5.0,0,1,0,1518.0
P000213,2022-08-04,jakarta_barat,rumah,140.0,221.0,2,6,6,1,44.0,perlu_renovasi,SHM,3.6,3.0,0,0,0,2437.6
P001299,2022-08-04,bandung,rumah,121.0,85.0,2,2,2,1,2.0,baik,HGB,5.9,16.7,1,0,0,1028.9
P001913,2022-08-04,semarang,rumah,60.0,88.0,2,2,2,0,3.0,sedang,SHM,4.4,18.6,0,0,1,451.0
P003258,2022-08-04,tangerang_selatan,ruko,119.0,132.0,2,1,1,0,13.0,sedang,HGB,4.6,18.3,0,0,0,986.3
P005350,2022-08-04,jakarta_barat,townhouse,91.0,124.0,2,3,2,1,15.0,baik,HGB,5.2,7.8,1,0,0,1215.1
P006624,2022-08-04,bekasi,townhouse,70.0,114.0,3,3,2,0,4.0,baik,HGB,5.7,20.9,0,0,0,781.1
P001973,2022-08-05,bandung,rumah,99.0,39.0,1,1,1,1,15.0,baik,SHM,6.2,20.8,0,0,1,502.1
P002253,2022-08-05,bekasi,rumah,67.0,29.0,1,1,1,1,8.0,baik,HGB,5.0,23.5,0,0,0,252.4
P003238,2022-08-05,tangerang_selatan,townhouse,73.0,99.0,3,3,2,0,13.0,perlu_renovasi,SHM,3.7,17.7,0,0,0,740.1
P003625,2022-08-05,bandung,rumah,56.0,33.0,1,1,1,0,6.0,baik,HGB,2.9,2.9,0,1,1,403.5
P004503,2022-08-05,bogor,townhouse,75.0,80.0,2,2,2,1,15.0,perlu_renovasi,SHM,9.4,16.2,0,0,0,423.7
P005447,2022-08-05,surabaya,townhouse,53.0,80.0,2,2,2,0,5.0,sedang,SHM,6.6,13.9,0,0,0,643.6
P007183,2022-08-05,bandung,rumah,94.0,80.0,2,2,2,2,10.0,sedang,SHM,4.8,18.8,0,0,0,693.9
P007361,2022-08-05,depok,rumah,167.0,102.0,1,3,3,2,11.0,baik,SHM,3.6,23.8,0,0,0,960.5
P008923,2022-08-05,jakarta_selatan,rumah,158.0,108.0,1,3,2,2,9.0,baik,SHM,6.7,16.5,0,0,1,2659.7
P000740,2022-08-06,bekasi,rumah,186.0,182.0,2,4,2,2,8.0,baik,SHM,4.2,13.2,0,0,0,1513.2
P000994,2022-08-06,jakarta_barat,townhouse,53.0,91.0,2,3,3,0,7.0,sedang,HGB,3.3,6.1,0,0,0,926.4
P001248,2022-08-06,jakarta_barat,rumah,105.0,77.0,1,3,3,2,6.0,baik,HGB,4.8,11.3,0,0,0,1142.9
P003232,2022-08-06,jakarta_selatan,rumah,179.0,138.0,1,5,5,3,17.0,sedang,SHM,5.9,10.8,1,1,0,3344.7
P004684,2022-08-06,bandung,townhouse,102.0,102.0,2,3,2,1,10.0,sedang,SHM,6.4,16.4,1,0,0,968.2
P005696,2022-08-06,tangerang_selatan,rumah,166.0,334.0,3,10,8,2,8.0,sedang,SHM,2.4,19.6,1,0,1,1956.9
P006331,2022-08-06,bekasi,ruko,44.0,111.0,3,0,1,0,7.0,baik,SHM,7.9,10.0,0,1,0,891.0
P007434,2022-08-06,jakarta_barat,ruko,119.0,182.0,3,4,4,1,19.0,perlu_renovasi,SHM,8.1,8.6,1,0,0,2336.3
P009569,2022-08-06,jakarta_selatan,ruko,98.0,300.0,4,5,5,1,9.0,baik,SHM,11.5,17.3,0,0,0,2708.8
P009684,2022-08-06,tangerang_selatan,rumah,173.0,96.0,1,3,3,1,2.0,baik,SHM,6.0,7.7,0,0,1,1683.5
P002367,2022-08-07,tangerang_selatan,rumah,143.0,79.0,1,2,1,3,10.0,baik,SHM,3.9,23.3,0,0,1,860.2
P008928,2022-08-07,yogyakarta,rumah,63.0,53.0,1,1,1,0,10.0,baik,HGB,5.8,12.9,1,0,0,473.4
P009301,2022-08-07,surabaya,rumah,184.0,116.0,1,3,3,1,4.0,baik,SHM,,18.5,0,0,0,1591.2
P009732,2022-08-07,bekasi,rumah,154.0,198.0,2,6,7,2,17.0,perlu_renovasi,HGB,3.7,8.9,0,0,0,1148.8
P000195,2022-08-08,jakarta_barat,rumah,148.0,93.0,1,3,2,2,12.0,perlu_renovasi,SHM,3.5,3.0,1,0,0,2427.2
P000705,2022-08-08,tangerang_selatan,rumah,221.0,405.0,2,10,7,2,7.0,sedang,SHM,8.2,7.0,0,1,0,3992.4
P001125,2022-08-08,bekasi,ruko,86.0,125.0,2,2,2,1,14.0,baik,SHM,9.9,28.8,0,0,0,736.4
P003294,2022-08-08,depok,rumah,101.0,124.0,2,3,3,1,3.0,baik,SHM,10.7,7.3,1,0,0,1526.0
P004931,2022-08-08,bandung,ruko,76.0,129.0,2,1,1,1,,baik,HGB,11.5,8.0,0,1,0,1109.8
P005330,2022-08-08,tangerang_selatan,rumah,282.0,263.0,2,6,6,3,24.0,baik,HGB,7.9,8.8,1,0,1,3267.7
P005659,2022-08-08,jakarta_barat,rumah,179.0,80.0,1,2,2,2,1.0,baik,SHM,2.9,14.6,0,0,0,1751.5
P001093,2022-08-09,tangerang_selatan,rumah,111.0,80.0,1,2,1,1,13.0,sedang,HGB,5.8,17.9,0,0,0,866.6
P001716,2022-08-09,surabaya,rumah,69.0,31.0,1,1,1,1,9.0,baik,SHM,8.1,22.0,0,0,0,410.5
P003227,2022-08-09,bandung,rumah,80.0,102.0,2,3,2,1,20.0,sedang,SHM,6.3,14.7,0,0,1,559.8
P005741,2022-08-09,bandung,rumah,101.0,76.0,1,2,2,2,26.0,baik,SHM,4.0,13.1,0,0,0,678.4
P005856,2022-08-09,surabaya,rumah,182.0,129.0,2,3,2,3,6.0,sedang,SHM,2.1,22.7,0,0,0,1046.8
P006760,2022-08-09,tangerang_selatan,rumah,112.0,146.0,2,4,3,1,6.0,baik,SHM,5.5,21.7,0,0,0,1291.4
P007338,2022-08-09,depok,rumah,123.0,134.0,2,5,5,1,24.0,sedang,SHM,4.4,16.9,0,0,0,714.3
P009151,2022-08-09,tangerang_selatan,ruko,88.0,179.0,3,3,2,0,5.0,baik,HGB,7.5,11.0,0,1,0,1702.6
P009529,2022-08-09,surabaya,ruko,70.0,153.0,3,1,1,0,10.0,baik,SHM,11.7,16.3,0,0,0,1062.4
P000277,2022-08-10,tangerang_selatan,rumah,135.0,98.0,1,3,2,1,23.0,sedang,HGB,3.8,19.4,1,0,0,899.2
P002532,2022-08-10,bogor,townhouse,67.0,131.0,3,3,3,1,15.0,baik,HGB,4.1,18.1,0,0,0,612.1
P002761,2022-08-10,bandung,townhouse,72.0,54.0,2,1,1,0,13.0,baik,SHM,13.5,18.3,0,0,0,570.3
P002820,2022-08-10,semarang,rumah,79.0,77.0,2,3,2,0,14.0,baik,HGB,4.9,11.5,1,0,1,498.0
P003245,2022-08-10,jakarta_selatan,rumah,154.0,112.0,1,3,3,2,14.0,sedang,SHM,4.5,6.8,0,0,0,2890.1
P004404,2022-08-10,tangerang_selatan,rumah,55.0,90.0,2,2,2,0,13.0,baik,HGB,2.8,19.2,0,0,0,632.1
P006732,2022-08-10,depok,rumah,94.0,44.0,1,1,1,1,9.0,baik,SHM,4.6,14.7,0,0,0,682.1
P003657,2022-08-11,jakarta_barat,rumah,124.0,84.0,1,2,2,1,11.0,baik,SHM,8.3,19.2,1,0,0,1234.5
P005146,2022-08-11,surabaya,rumah,42.0,32.0,1,1,1,0,3.0,baik,SHM,5.7,4.4,0,0,1,497.9
P007955,2022-08-11,surabaya,rumah,144.0,138.0,2,5,3,2,3.0,sedang,girik_ajb,5.5,24.8,0,1,0,1061.4
P007968,2022-08-11,surabaya,rumah,114.0,76.0,1,2,2,1,,baik,SHM,2.7,14.7,1,0,1,713.3
P008265,2022-08-11,bandung,rumah,163.0,82.0,1,3,2,2,22.0,sedang,SHM,6.6,11.0,0,0,0,1272.8
P008571,2022-08-11,bogor,rumah,88.0,233.0,3,6,4,1,8.0,sedang,SHM,7.7,23.6,0,0,1,998.0
P009356,2022-08-11,tangerang_selatan,rumah,104.0,44.0,1,2,2,1,25.0,perlu_renovasi,SHM,3.9,3.2,0,1,0,1337.1
P009772,2022-08-11,bandung,rumah,147.0,190.0,2,6,5,2,6.0,baik,HGB,9.9,3.4,1,0,0,2065.4
P000324,2022-08-12,depok,rumah,112.0,84.0,1,2,2,2,9.0,baik,SHM,6.8,15.8,0,0,1,790.3
P002058,2022-08-12,depok,townhouse,57.0,56.0,2,2,1,1,9.0,sedang,HGB,2.4,23.0,0,1,0,368.4
P002114,2022-08-12,bogor,rumah,75.0,94.0,2,2,2,1,16.0,perlu_renovasi,SHM,2.4,7.5,1,1,0,547.6
P002538,2022-08-12,bekasi,rumah,84.0,52.0,1,2,2,2,,baik,HGB,5.4,17.6,0,0,0,541.5
P002763,2022-08-12,jakarta_selatan,townhouse,80.0,110.0,2,3,3,1,15.0,sedang,HGB,5.7,8.8,1,0,0,1946.8
P006300,2022-08-12,yogyakarta,rumah,258.0,317.0,2,8,8,4,14.0,sedang,SHM,2.6,9.3,1,0,1,1822.3
P006797,2022-08-12,surabaya,rumah,57.0,121.0,3,3,2,0,17.0,sedang,SHM,5.1,14.8,0,1,0,825.4
P006944,2022-08-12,bogor,rumah,50.0,86.0,2,3,2,1,9.0,baik,HGB,4.1,29.4,0,0,0,470.3
P009922,2022-08-12,depok,townhouse,101.0,143.0,2,3,3,2,15.0,sedang,girik_ajb,4.7,22.2,0,0,0,825.6
P002170,2022-08-13,depok,rumah,222.0,343.0,3,10,8,2,5.0,sedang,HGB,9.0,16.5,0,0,0,2152.5
P002453,2022-08-13,bogor,rumah,44.0,69.0,2,2,1,0,23.0,sedang,girik_ajb,3.0,21.7,0,0,1,236.7
P002862,2022-08-13,depok,ruko,73.0,87.0,2,0,1,1,19.0,baik,SHM,16.3,22.4,0,0,0,656.0
P003491,2022-08-13,bogor,ruko,104.0,283.0,4,5,3,2,7.0,baik,SHM,10.9,8.1,0,0,0,1772.6
P003785,2022-08-13,depok,rumah,138.0,80.0,1,2,2,2,11.0,perlu_renovasi,HGB,3.7,21.5,0,0,1,448.5
P005208,2022-08-13,semarang,townhouse,70.0,93.0,2,3,2,1,15.0,baik,SHM,3.8,17.5,0,0,0,568.7
P005451,2022-08-13,jakarta_selatan,rumah,127.0,75.0,1,2,2,1,5.0,baik,SHM,6.4,7.3,0,0,0,3062.8
P006483,2022-08-13,surabaya,ruko,49.0,150.0,4,2,2,0,8.0,baik,HGB,14.9,15.0,0,0,1,816.9
P009589,2022-08-13,surabaya,rumah,196.0,199.0,2,5,4,3,20.0,baik,SHM,6.4,9.3,1,0,0,2412.1
P000689,2022-08-14,bandung,rumah,294.0,418.0,2,10,8,3,49.0,perlu_renovasi,HGB,3.4,11.6,0,0,1,1263.7
P002111,2022-08-14,depok,rumah,190.0,98.0,1,3,3,2,10.0,sedang,HGB,6.7,13.0,0,0,0,1254.6
P004034,2022-08-14,depok,rumah,193.0,91.0,1,2,2,3,6.0,sedang,SHM,5.7,13.5,1,0,0,1318.3
P005831,2022-08-14,bandung,ruko,80.0,263.0,4,5,3,1,21.0,sedang,SHM,3.9,18.0,0,0,0,1061.8
P006558,2022-08-14,jakarta_barat,townhouse,53.0,45.0,2,1,1,1,3.0,sedang,SHM,4.1,12.0,0,0,0,685.3
P008731,2022-08-14,tangerang_selatan,rumah,59.0,73.0,2,2,2,0,17.0,sedang,SHM,4.6,22.7,1,0,0,593.0
P009455,2022-08-14,depok,rumah,135.0,153.0,2,3,3,2,17.0,sedang,HGB,4.3,15.5,0,0,1,863.4
P005210,2022-08-15,jakarta_selatan,rumah,111.0,226.0,3,6,6,0,12.0,baik,HGB,3.6,14.0,0,0,1,1990.9
P006396,2022-08-15,bandung,rumah,61.0,34.0,1,1,1,1,19.0,sedang,girik_ajb,5.7,7.5,0,0,0,409.3
P001602,2022-08-16,jakarta_barat,rumah,259.0,375.0,2,10,8,4,11.0,baik,SHM,7.4,5.2,0,0,1,5021.3
P005697,2022-08-16,jakarta_barat,ruko,31.0,37.0,2,0,1,1,21.0,sedang,SHM,10.4,19.6,1,0,0,435.7
P006459,2022-08-16,depok,rumah,104.0,89.0,1,3,2,1,9.0,baik,HGB,7.7,22.5,0,0,0,740.4
P008133,2022-08-16,surabaya,townhouse,63.0,57.0,2,2,2,2,15.0,perlu_renovasi,HGB,2.9,6.2,1,0,0,574.9
P008762,2022-08-16,jakarta_selatan,rumah,118.0,82.0,1,2,1,1,35.0,sedang,HGB,6.7,2.3,0,0,0,3025.3
P009747,2022-08-16,bandung,ruko,94.0,197.0,3,4,4,0,6.0,baik,HGB,11.4,14.8,0,0,0,1347.4
P002163,2022-08-17,bekasi,rumah,86.0,91.0,2,3,2,0,14.0,perlu_renovasi,SHM,,7.6,0,1,0,773.5
P002620,2022-08-17,semarang,rumah,177.0,237.0,2,8,8,1,7.0,baik,HGB,4.2,19.7,0,0,0,1474.8
P003183,2022-08-17,depok,rumah,172.0,152.0,2,5,4,2,22.0,sedang,SHM,4.2,6.6,1,1,0,1508.1
P003645,2022-08-17,jakarta_selatan,rumah,184.0,229.0,2,6,5,2,6.0,baik,HGB,5.4,5.7,1,1,0,4445.8
P004164,2022-08-17,bekasi,rumah,45.0,39.0,2,1,1,0,20.0,perlu_renovasi,SHM,8.9,21.9,0,0,0,208.5
P004809,2022-08-17,bekasi,rumah,110.0,159.0,2,4,4,1,9.0,baik,SHM,2.5,18.6,0,0,0,899.1
P005262,2022-08-17,bogor,rumah,67.0,38.0,1,1,1,1,11.0,baik,SHM,4.3,28.4,0,0,0,247.3
P006572,2022-08-17,depok,rumah,100.0,121.0,2,3,3,1,35.0,perlu_renovasi,SHM,5.5,18.9,0,0,1,451.1
P007043,2022-08-17,jakarta_selatan,rumah,151.0,82.0,1,2,2,3,18.0,sedang,SHM,7.3,4.3,1,0,0,3716.9
P008040,2022-08-17,surabaya,rumah,257.0,290.0,2,7,7,3,17.0,sedang,SHM,3.7,14.4,0,0,0,2825.6
P008142,2022-08-17,tangerang_selatan,rumah,102.0,71.0,1,2,1,2,12.0,baik,SHM,,13.9,0,0,0,1050.4
P000504,2022-08-18,depok,ruko,52.0,114.0,3,2,2,1,39.0,perlu_renovasi,SHM,9.2,16.6,0,0,0,447.5
P001071,2022-08-18,semarang,ruko,57.0,59.0,2,0,1,1,7.0,sedang,SHM,1.5,19.4,0,0,0,314.5
P001864,2022-08-18,depok,rumah,133.0,169.0,2,5,4,2,26.0,baik,SHM,6.3,20.7,0,0,0,1156.0
P002875,2022-08-18,jakarta_selatan,rumah,98.0,95.0,2,3,2,1,17.0,perlu_renovasi,girik_ajb,5.1,7.8,1,0,0,1777.0
P003161,2022-08-18,yogyakarta,rumah,279.0,557.0,3,10,8,3,13.0,sedang,HGB,4.1,2.4,1,0,0,3678.3
P003597,2022-08-18,surabaya,rumah,225.0,212.0,2,7,8,1,16.0,perlu_renovasi,HGB,3.4,9.5,0,0,0,1991.2
P004885,2022-08-18,surabaya,ruko,79.0,181.0,4,3,3,1,23.0,sedang,SHM,8.4,20.0,1,0,1,931.7
P004976,2022-08-18,bekasi,ruko,73.0,108.0,2,1,1,2,32.0,perlu_renovasi,SHM,12.8,23.2,0,0,0,357.1
P005505,2022-08-18,semarang,rumah,172.0,77.0,1,2,2,1,28.0,baik,SHM,6.5,5.2,1,0,0,1009.5
P005611,2022-08-18,jakarta_selatan,townhouse,113.0,112.0,3,3,3,0,14.0,sedang,HGB,4.6,4.4,1,0,1,1968.4
P008010,2022-08-18,bogor,rumah,111.0,84.0,1,2,1,1,,sedang,SHM,6.3,6.2,0,1,0,939.4
P004337,2022-08-19,jakarta_selatan,rumah,190.0,197.0,2,5,3,2,15.0,sedang,HGB,3.0,8.9,0,0,0,4161.7
P006328,2022-08-19,bogor,rumah,100.0,147.0,2,4,4,0,1.0,sedang,SHM,4.1,20.2,1,0,0,844.0
P008151,2022-08-19,depok,rumah,75.0,64.0,1,1,1,1,24.0,sedang,HGB,4.9,18.8,0,1,0,454.9
P008868,2022-08-19,bekasi,rumah,88.0,61.0,1,2,1,1,3.0,baik,SHM,3.6,21.4,0,0,0,544.8
P008896,2022-08-19,jakarta_selatan,rumah,148.0,93.0,1,3,2,1,18.0,sedang,HGB,3.4,8.6,0,0,0,2989.9
P009228,2022-08-19,surabaya,rumah,99.0,83.0,2,2,1,1,23.0,sedang,HGB,7.9,10.1,1,0,0,954.8
P009437,2022-08-19,tangerang_selatan,rumah,171.0,260.0,2,9,8,2,7.0,baik,SHM,9.1,17.1,0,1,0,2298.3
P009912,2022-08-19,bogor,rumah,101.0,126.0,2,3,2,1,34.0,perlu_renovasi,SHM,5.8,14.6,0,0,0,572.5
P000130,2022-08-20,bogor,rumah,153.0,58.0,1,2,2,2,2.0,sedang,HGB,,13.3,1,0,0,812.5
P000395,2022-08-20,jakarta_selatan,ruko,58.0,77.0,2,0,1,0,9.0,baik,SHM,6.6,12.3,0,0,0,1706.5
P002248,2022-08-20,bogor,rumah,103.0,59.0,1,1,1,1,8.0,baik,SHM,8.7,21.8,0,0,0,516.9
P002303,2022-08-20,depok,rumah,126.0,189.0,2,5,3,1,14.0,baik,HGB,10.1,22.3,0,0,0,1240.5
P002541,2022-08-20,depok,rumah,146.0,83.0,1,3,3,1,19.0,sedang,SHM,2.4,10.1,1,0,0,976.7
P002990,2022-08-20,bogor,rumah,171.0,115.0,1,3,2,2,10.0,baik,SHM,6.3,8.9,0,0,0,1320.1
P007324,2022-08-20,yogyakarta,ruko,79.0,104.0,2,1,1,1,60.0,sedang,HGB,11.8,3.9,1,1,1,899.0
P008869,2022-08-20,bekasi,rumah,116.0,103.0,2,4,4,1,3.0,sedang,HGB,4.3,5.9,1,0,0,1140.6
P009887,2022-08-20,bandung,rumah,157.0,228.0,2,7,6,1,9.0,baik,SHM,3.1,8.2,0,0,0,2364.8
P003903,2022-08-21,bandung,rumah,176.0,185.0,2,5,5,2,6.0,sedang,SHM,5.7,15.0,0,0,0,1506.3
P004553,2022-08-21,jakarta_selatan,ruko,46.0,54.0,2,0,1,1,13.0,sedang,SHM,5.1,8.8,0,0,0,1160.3
P005736,2022-08-21,yogyakarta,ruko,49.0,74.0,3,0,1,1,9.0,baik,SHM,5.4,16.4,0,0,0,467.4
P009185,2022-08-21,bandung,rumah,113.0,155.0,2,4,3,1,7.0,baik,HGB,,19.6,0,0,0,1087.9
P001271,2022-08-22,yogyakarta,rumah,203.0,408.0,3,10,8,2,8.0,baik,SHM,4.2,7.7,1,0,0,2694.4
P001863,2022-08-22,yogyakarta,rumah,71.0,43.0,1,1,1,1,5.0,perlu_renovasi,SHM,4.6,17.1,1,1,0,396.2
P002236,2022-08-22,semarang,rumah,143.0,151.0,2,5,5,2,20.0,baik,SHM,6.1,18.3,1,0,0,901.3
P003018,2022-08-22,jakarta_selatan,rumah,134.0,58.0,1,1,1,2,29.0,perlu_renovasi,HGB,4.5,9.2,0,0,0,2018.4
P005836,2022-08-22,jakarta_selatan,rumah,180.0,122.0,2,4,2,2,29.0,baik,SHM,6.1,13.7,0,0,0,3370.5
P006202,2022-08-22,depok,rumah,228.0,216.0,2,5,3,3,27.0,sedang,HGB,4.9,15.3,0,0,0,1328.4
P006711,2022-08-22,jakarta_barat,rumah,147.0,131.0,2,3,2,2,1.0,baik,HGB,5.0,5.8,1,0,0,2348.6
P007329,2022-08-22,tangerang_selatan,rumah,78.0,44.0,1,1,1,1,39.0,perlu_renovasi,HGB,6.0,4.3,0,0,1,690.4
P009857,2022-08-22,bandung,ruko,95.0,129.0,2,2,2,0,9.0,baik,SHM,11.1,16.3,1,0,0,1159.5
P000270,2022-08-23,jakarta_selatan,rumah,239.0,434.0,2,10,8,3,14.0,baik,SHM,6.3,5.6,1,1,1,5866.4
P002423,2022-08-23,surabaya,rumah,119.0,127.0,2,4,3,2,20.0,sedang,HGB,5.1,13.1,0,0,0,1128.5
P002652,2022-08-23,bekasi,rumah,206.0,198.0,2,5,4,1,10.0,baik,SHM,11.0,23.5,0,0,0,1318.7
P002736,2022-08-23,bekasi,rumah,128.0,62.0,1,2,1,2,17.0,sedang,SHM,4.3,29.8,0,0,0,431.8
P003602,2022-08-23,jakarta_barat,rumah,79.0,89.0,2,2,2,0,4.0,baik,SHM,7.4,3.9,0,1,0,1814.7
P004638,2022-08-23,bandung,rumah,119.0,164.0,2,5,4,2,8.0,baik,SHM,5.2,13.2,0,0,0,1110.0
P005868,2022-08-23,bandung,ruko,93.0,249.0,4,4,3,1,9.0,sedang,HGB,7.3,3.0,0,1,0,2023.6
P006149,2022-08-23,semarang,rumah,86.0,100.0,3,2,2,2,10.0,baik,HGB,5.0,6.5,1,0,0,810.0
P008264,2022-08-23,yogyakarta,townhouse,92.0,136.0,2,4,4,1,14.0,sedang,SHM,9.6,10.3,0,1,0,1016.9
P002382,2022-08-24,tangerang_selatan,rumah,144.0,112.0,1,3,2,2,10.0,baik,SHM,6.6,12.3,0,0,0,1467.1
P004735,2022-08-24,semarang,rumah,237.0,156.0,1,4,3,3,13.0,baik,SHM,5.6,14.1,0,0,0,1427.2
P004932,2022-08-24,bogor,rumah,317.0,179.0,1,6,5,4,23.0,baik,SHM,5.0,8.4,0,1,1,1423.5
P005351,2022-08-24,semarang,rumah,264.0,179.0,1,5,5,4,4.0,baik,SHM,6.3,4.9,1,0,1,2046.1
P005356,2022-08-24,semarang,ruko,64.0,79.0,3,1,1,1,10.0,baik,SHM,7.6,9.2,0,0,0,698.8
P001528,2022-08-25,depok,townhouse,82.0,136.0,3,3,3,1,14.0,baik,SHM,3.8,18.9,0,0,0,791.4
P001674,2022-08-25,jakarta_barat,rumah,70.0,159.0,3,5,5,1,9.0,baik,SHM,6.4,16.2,1,0,0,1362.4
P006040,2022-08-25,bekasi,ruko,72.0,63.0,2,0,1,1,2.0,baik,SHM,10.9,5.1,1,0,0,963.7
P008205,2022-08-25,tangerang_selatan,rumah,136.0,161.0,2,4,4,2,35.0,baik,SHM,10.2,3.3,0,0,0,1838.7
P009170,2022-08-25,tangerang_selatan,ruko,85.0,167.0,3,3,2,1,5.0,baik,SHM,9.5,14.2,0,0,0,1628.0
P001143,2022-08-26,surabaya,ruko,75.0,75.0,2,0,1,0,9.0,sedang,SHM,5.3,18.5,0,0,0,783.8
P001734,2022-08-26,tangerang_selatan,rumah,119.0,44.0,1,1,1,2,11.0,baik,HGB,7.3,5.6,1,1,1,1471.6
P001763,2022-08-26,jakarta_barat,rumah,113.0,100.0,2,2,2,1,12.0,baik,SHM,4.2,4.2,0,1,0,1803.5
P002218,2022-08-26,semarang,rumah,85.0,46.0,1,1,1,2,47.0,sedang,HGB,4.6,8.2,0,0,0,328.5
P003187,2022-08-26,bandung,rumah,102.0,85.0,1,2,2,1,6.0,baik,SHM,5.6,5.7,1,1,0,1148.9
P005062,2022-08-26,jakarta_barat,ruko,97.0,106.0,3,0,1,1,5.0,sedang,SHM,4.4,19.6,1,0,0,1384.4
P005255,2022-08-26,bandung,rumah,88.0,48.0,1,2,1,0,31.0,perlu_renovasi,SHM,2.5,5.2,0,0,0,562.3
P006301,2022-08-26,jakarta_barat,rumah,99.0,116.0,2,4,3,1,16.0,baik,SHM,4.0,6.2,0,0,0,1793.4
P006518,2022-08-26,bandung,rumah,176.0,118.0,1,3,3,2,11.0,baik,SHM,5.3,12.8,0,0,0,1369.3
P002009,2022-08-27,jakarta_barat,rumah,88.0,71.0,2,2,2,1,34.0,sedang,HGB,10.1,16.0,0,0,0,822.2
P002516,2022-08-27,surabaya,rumah,129.0,76.0,1,2,2,1,20.0,baik,HGB,4.3,19.2,0,0,0,889.7
P008870,2022-08-27,bogor,rumah,66.0,73.0,2,2,1,0,6.0,baik,SHM,1.7,6.1,0,0,0,632.1
P009237,2022-08-27,bekasi,rumah,129.0,66.0,1,2,2,1,17.0,perlu_renovasi,SHM,4.3,21.3,0,0,0,468.5
P009241,2022-08-27,tangerang_selatan,rumah,100.0,73.0,1,2,2,1,39.0,sedang,SHM,2.5,18.7,0,0,0,612.5
P001433,2022-08-28,jakarta_selatan,rumah,211.0,173.0,2,6,6,3,10.0,baik,SHM,,13.5,0,0,0,3668.4
P003373,2022-08-28,surabaya,rumah,87.0,60.0,1,1,1,0,12.0,sedang,SHM,6.8,2.8,0,0,0,1099.1
P004271,2022-08-28,yogyakarta,ruko,64.0,118.0,3,1,1,1,14.0,baik,SHM,7.9,18.5,0,0,0,596.4
P006060,2022-08-28,semarang,rumah,148.0,244.0,2,8,6,3,,perlu_renovasi,SHM,5.9,9.6,1,0,0,1135.9
P006211,2022-08-28,jakarta_selatan,rumah,105.0,41.0,1,1,1,2,40.0,perlu_renovasi,SHM,3.4,13.8,0,0,0,1373.5
P008531,2022-08-28,bogor,ruko,147.0,257.0,3,5,4,1,4.0,sedang,SHM,5.5,29.1,0,0,0,1045.9
P000089,2022-08-29,jakarta_barat,rumah,155.0,120.0,1,4,3,2,3.0,baik,HGB,4.2,5.8,1,1,0,2919.5
P000742,2022-08-29,jakarta_selatan,ruko,54.0,60.0,2,0,1,1,4.0,baik,SHM,13.5,14.6,0,0,0,1203.2
P001688,2022-08-29,depok,townhouse,77.0,198.0,3,5,4,2,7.0,baik,SHM,9.1,8.9,0,0,0,1420.0
P003209,2022-08-29,jakarta_selatan,ruko,62.0,115.0,3,1,1,0,8.0,sedang,HGB,6.5,10.6,0,0,0,1968.4
P004020,2022-08-29,bandung,rumah,61.0,22.0,1,1,1,1,9.0,baik,SHM,6.3,18.4,0,0,0,350.5
P004030,2022-08-29,semarang,rumah,111.0,74.0,1,2,1,1,4.0,baik,SHM,6.0,15.6,0,0,0,751.7
P004075,2022-08-29,jakarta_selatan,rumah,227.0,113.0,1,3,3,4,16.0,sedang,SHM,10.1,9.4,1,0,0,5979.6
P006554,2022-08-29,jakarta_selatan,rumah,127.0,52.0,1,2,2,1,21.0,sedang,HGB,3.4,17.5,0,0,0,1705.0
P007194,2022-08-29,depok,rumah,323.0,191.0,1,6,5,4,16.0,perlu_renovasi,HGB,5.7,9.7,0,0,0,1934.7
P007988,2022-08-29,yogyakarta,rumah,112.0,41.0,1,1,1,1,19.0,baik,HGB,7.2,7.0,1,0,0,704.4
P002521,2022-08-30,jakarta_barat,rumah,117.0,105.0,2,3,2,2,4.0,sedang,SHM,4.5,9.8,1,0,0,1539.6
P008313,2022-08-30,jakarta_selatan,rumah,100.0,158.0,2,4,4,1,8.0,baik,SHM,4.9,11.6,0,0,0,2325.6
P009038,2022-08-30,depok,rumah,93.0,70.0,1,2,2,1,51.0,sedang,SHM,5.1,5.2,1,0,0,804.2
P009735,2022-08-30,jakarta_selatan,rumah,215.0,322.0,2,7,5,2,14.0,sedang,SHM,6.4,12.1,0,0,0,4232.5
P000531,2022-09-02,bandung,rumah,148.0,246.0,2,8,8,1,32.0,perlu_renovasi,HGB,3.7,15.9,0,1,0,912.3
P003453,2022-09-02,jakarta_selatan,rumah,142.0,57.0,1,2,2,0,32.0,sedang,SHM,5.7,7.9,0,0,0,2407.4
P004166,2022-09-02,tangerang_selatan,rumah,149.0,132.0,2,4,3,1,7.0,baik,SHM,7.4,11.1,1,1,0,2404.3
P005221,2022-09-02,jakarta_selatan,rumah,101.0,160.0,2,4,3,2,26.0,sedang,SHM,6.8,4.9,1,1,0,2832.1
P007835,2022-09-02,bogor,rumah,106.0,180.0,2,4,4,2,7.0,sedang,SHM,,20.0,1,0,0,952.7
P009510,2022-09-02,jakarta_selatan,rumah,168.0,229.0,2,7,7,2,11.0,baik,HGB,5.0,12.4,0,0,0,2770.9
P009770,2022-09-02,jakarta_selatan,rumah,146.0,213.0,2,5,5,2,22.0,baik,SHM,10.2,2.2,1,0,0,4277.1
P003714,2022-09-03,bandung,ruko,70.0,77.0,2,0,1,1,7.0,baik,SHM,11.0,9.7,0,0,1,868.0
P004770,2022-09-03,bandung,rumah,85.0,115.0,2,3,2,1,7.0,baik,SHM,3.8,8.4,0,1,0,1082.5
P005218,2022-09-03,jakarta_selatan,rumah,115.0,159.0,2,4,4,0,19.0,perlu_renovasi,SHM,2.9,14.4,0,0,1,1408.5
P005734,2022-09-03,semarang,rumah,53.0,55.0,2,2,2,1,7.0,sedang,SHM,3.8,14.5,1,0,0,351.3
P005915,2022-09-03,tangerang_selatan,rumah,131.0,73.0,1,2,2,2,22.0,sedang,SHM,4.6,23.9,0,0,0,956.4
P005959,2022-09-03,bandung,rumah,147.0,211.0,2,7,7,2,6.0,baik,girik_ajb,2.9,7.6,0,0,0,1591.6
P008940,2022-09-03,yogyakarta,rumah,86.0,73.0,1,2,2,1,33.0,baik,SHM,6.3,19.9,1,0,0,423.8
P009895,2022-09-03,depok,rumah,223.0,157.0,1,5,5,3,4.0,baik,SHM,3.7,18.6,0,1,0,1723.2
P001082,2022-09-04,semarang,townhouse,90.0,124.0,2,4,2,0,7.0,baik,SHM,2.8,14.4,1,0,0,869.8
P003692,2022-09-04,bogor,townhouse,57.0,63.0,2,2,2,0,10.0,sedang,SHM,2.6,21.6,0,0,0,416.1
P003913,2022-09-04,surabaya,townhouse,71.0,97.0,2,2,2,1,15.0,baik,SHM,6.6,22.1,1,0,0,938.0
P004353,2022-09-04,bandung,rumah,193.0,120.0,1,3,3,2,15.0,sedang,SHM,2.0,13.5,0,0,0,1075.4
P007917,2022-09-04,semarang,townhouse,99.0,77.0,2,2,1,2,15.0,sedang,HGB,4.3,11.0,1,1,0,612.2
P002490,2022-09-05,bogor,townhouse,103.0,162.0,3,4,4,2,15.0,baik,SHM,4.5,8.8,1,1,0,1115.7
P002690,2022-09-05,depok,townhouse,107.0,96.0,2,2,2,0,4.0,baik,SHM,6.6,17.1,1,0,0,1071.9
P003118,2022-09-05,bandung,rumah,93.0,219.0,3,7,7,1,1.0,baik,SHM,6.2,20.9,0,0,0,1303.1
P005436,2022-09-05,jakarta_selatan,ruko,49.0,65.0,2,0,1,0,2.0,baik,HGB,7.5,8.1,0,0,0,1557.1
P005728,2022-09-05,tangerang_selatan,rumah,122.0,142.0,2,3,2,2,,baik,HGB,2.7,17.6,1,0,0,1169.1
P007475,2022-09-05,bekasi,rumah,118.0,69.0,1,2,2,2,,sedang,SHM,11.0,15.7,0,1,0,842.2
P008999,2022-09-05,yogyakarta,rumah,72.0,74.0,3,2,1,2,31.0,perlu_renovasi,SHM,3.5,13.8,0,1,0,465.1
P009079,2022-09-05,jakarta_selatan,rumah,120.0,166.0,2,4,3,1,38.0,perlu_renovasi,SHM,3.0,3.2,1,1,1,3019.5
P009168,2022-09-05,jakarta_barat,ruko,53.0,42.0,2,0,1,0,18.0,sedang,SHM,8.2,11.2,1,0,1,788.9
P009195,2022-09-05,depok,ruko,56.0,74.0,2,0,1,0,,baik,SHM,12.1,23.7,0,0,0,456.4
P000604,2022-09-06,bandung,ruko,90.0,202.0,3,5,4,1,9.0,perlu_renovasi,SHM,10.1,17.8,0,0,0,894.9
P001922,2022-09-06,tangerang_selatan,rumah,193.0,198.0,2,6,4,2,10.0,baik,SHM,3.7,18.4,0,0,1,1962.7
P001947,2022-09-06,jakarta_barat,ruko,96.0,191.0,3,4,3,2,12.0,baik,SHM,5.6,5.4,0,0,0,2001.9
P002488,2022-09-06,surabaya,rumah,83.0,51.0,1,2,1,1,6.0,sedang,HGB,5.3,12.1,0,0,0,771.0
P002582,2022-09-06,surabaya,ruko,133.0,167.0,3,2,2,1,11.0,sedang,HGB,7.4,6.1,0,1,0,2067.9
P002766,2022-09-06,yogyakarta,rumah,62.0,58.0,2,2,2,1,12.0,baik,HGB,5.0,4.3,0,1,0,605.2
P003958,2022-09-06,yogyakarta,rumah,250.0,317.0,2,10,8,3,22.0,sedang,girik_ajb,7.7,9.0,0,0,0,1690.8
P004977,2022-09-06,bekasi,rumah,281.0,177.0,1,6,4,4,6.0,baik,SHM,3.4,12.8,0,0,0,2036.9
P009065,2022-09-06,jakarta_barat,rumah,91.0,62.0,1,2,2,0,26.0,perlu_renovasi,SHM,4.8,9.4,1,0,0,1380.7
P009563,2022-09-06,jakarta_selatan,ruko,43.0,61.0,3,0,1,1,4.0,baik,HGB,3.5,2.1,1,1,0,2263.9
P000157,2022-09-07,tangerang_selatan,rumah,116.0,73.0,1,2,2,3,5.0,sedang,SHM,5.2,13.7,1,0,0,1483.1
P000259,2022-09-07,jakarta_selatan,rumah,153.0,214.0,2,6,5,2,31.0,baik,SHM,10.7,8.0,1,1,0,4395.0
P002755,2022-09-07,semarang,rumah,195.0,91.0,1,2,2,2,,baik,HGB,5.4,18.7,0,0,0,814.7
P002886,2022-09-07,tangerang_selatan,rumah,50.0,41.0,2,1,1,1,21.0,sedang,SHM,2.9,21.7,0,0,0,369.1
P004200,2022-09-07,jakarta_selatan,rumah,52.0,35.0,1,1,1,0,8.0,baik,SHM,3.6,11.6,0,0,1,795.3
P004822,2022-09-07,tangerang_selatan,rumah,182.0,178.0,2,4,3,2,6.0,sedang,SHM,5.7,15.8,0,0,0,1479.1
P004987,2022-09-07,bogor,rumah,74.0,79.0,2,2,1,1,13.0,sedang,SHM,7.8,26.3,0,0,0,389.2
P005895,2022-09-07,jakarta_selatan,townhouse,63.0,52.0,2,1,1,1,11.0,baik,SHM,5.6,14.4,1,0,1,1183.0
P006867,2022-09-07,depok,rumah,187.0,215.0,2,6,4,2,,baik,SHM,4.9,11.6,0,1,0,2232.7
P009199,2022-09-07,tangerang_selatan,rumah,125.0,115.0,1,3,2,1,16.0,perlu_renovasi,HGB,6.7,19.3,0,1,0,1061.9
P000148,2022-09-08,depok,rumah,61.0,81.0,2,2,2,1,23.0,sedang,SHM,4.4,4.2,0,0,0,686.8
P001740,2022-09-08,surabaya,ruko,66.0,155.0,3,2,2,1,19.0,sedang,HGB,9.2,18.4,0,0,0,764.1
P003474,2022-09-08,bekasi,ruko,130.0,240.0,4,5,5,1,21.0,sedang,SHM,10.4,6.4,0,1,0,1797.7
P004910,2022-09-08,jakarta_barat,rumah,80.0,101.0,2,3,3,1,5.0,baik,girik_ajb,3.8,13.9,0,0,0,901.7
P005906,2022-09-08,semarang,rumah,117.0,73.0,1,2,2,2,12.0,baik,SHM,4.4,2.0,1,1,0,979.9
P006001,2022-09-08,bekasi,rumah,78.0,56.0,1,2,2,1,6.0,baik,SHM,5.2,20.8,0,1,0,561.0
P007163,2022-09-08,bogor,rumah,269.0,438.0,2,10,8,3,31.0,sedang,SHM,5.1,14.5,0,0,0,1880.4
P009864,2022-09-08,semarang,rumah,179.0,124.0,2,3,2,2,8.0,baik,HGB,4.3,19.5,0,0,0,830.0
P000541,2022-09-09,yogyakarta,rumah,134.0,102.0,2,2,2,1,12.0,baik,HGB,6.0,18.7,0,0,0,982.1
P001088,2022-09-09,surabaya,rumah,274.0,179.0,1,6,4,3,37.0,sedang,SHM,5.1,15.6,0,0,0,1995.8
P001485,2022-09-09,bogor,rumah,92.0,120.0,2,3,3,1,16.0,sedang,SHM,4.7,10.6,1,0,0,593.9
P002786,2022-09-09,bandung,rumah,231.0,372.0,2,10,8,3,8.0,baik,HGB,7.0,8.7,1,1,0,3309.3
P005922,2022-09-09,jakarta_selatan,rumah,66.0,71.0,2,2,2,0,13.0,baik,SHM,6.1,13.9,1,0,0,1323.1
P008233,2022-09-09,semarang,rumah,166.0,73.0,1,2,1,2,15.0,sedang,girik_ajb,15.8,16.1,0,0,0,623.3
P009156,2022-09-09,semarang,rumah,225.0,149.0,1,4,3,3,17.0,sedang,SHM,3.3,18.1,0,0,0,871.1
P000501,2022-09-10,bandung,ruko,56.0,81.0,3,0,1,1,8.0,perlu_renovasi,HGB,7.5,9.3,0,0,1,545.2
P003333,2022-09-10,jakarta_selatan,rumah,111.0,100.0,2,3,3,1,52.0,perlu_renovasi,girik_ajb,4.4,9.3,0,0,0,1885.3
P004218,2022-09-10,jakarta_selatan,rumah,115.0,76.0,1,2,2,3,10.0,baik,SHM,3.4,12.6,1,0,0,2283.0
P005745,2022-09-10,bandung,rumah,141.0,91.0,1,2,2,2,18.0,sedang,SHM,5.6,3.5,1,1,0,1317.9
P006039,2022-09-10,tangerang_selatan,rumah,124.0,48.0,1,1,1,2,18.0,baik,SHM,5.0,14.4,0,0,0,1002.4
P006601,2022-09-10,jakarta_selatan,rumah,54.0,54.0,2,2,2,1,14.0,perlu_renovasi,SHM,4.1,7.3,1,0,1,938.2
P007421,2022-09-10,jakarta_selatan,rumah,44.0,21.0,1,1,1,1,59.0,sedang,SHM,8.0,11.0,0,0,0,864.3
P008152,2022-09-10,depok,rumah,71.0,95.0,2,3,3,0,5.0,baik,HGB,,6.1,0,1,0,866.5
P008513,2022-09-10,depok,rumah,177.0,75.0,1,3,3,2,21.0,sedang,HGB,1.9,24.7,0,1,0,565.3
P009127,2022-09-10,tangerang_selatan,rumah,91.0,51.0,1,1,1,1,10.0,baik,HGB,5.4,6.0,1,0,0,1041.9
P009431,2022-09-10,depok,rumah,89.0,70.0,1,2,2,1,6.0,sedang,SHM,6.0,10.5,0,0,0,870.6
P001432,2022-09-11,bogor,ruko,92.0,231.0,4,3,2,1,15.0,perlu_renovasi,HGB,9.7,3.9,0,0,0,1087.8
P003882,2022-09-11,semarang,rumah,112.0,85.0,1,2,2,2,24.0,sedang,SHM,8.6,5.5,0,1,0,722.4
P003954,2022-09-11,bandung,ruko,66.0,107.0,4,0,1,0,8.0,baik,HGB,5.2,18.7,0,0,0,704.7
P004107,2022-09-11,bandung,rumah,67.0,78.0,2,2,1,1,41.0,baik,SHM,5.5,17.4,1,0,0,337.0
P004171,2022-09-11,yogyakarta,rumah,89.0,52.0,1,2,2,2,5.0,baik,HGB,4.3,17.1,0,0,0,577.8
P004892,2022-09-11,tangerang_selatan,townhouse,62.0,114.0,2,3,3,0,15.0,sedang,SHM,5.9,10.9,0,0,0,941.5
P005409,2022-09-11,tangerang_selatan,townhouse,85.0,96.0,2,3,3,1,15.0,baik,SHM,5.5,10.9,0,0,0,1107.7
P005761,2022-09-11,jakarta_selatan,rumah,139.0,260.0,2,6,7,1,23.0,perlu_renovasi,SHM,4.6,6.8,1,1,0,3135.4
P006890,2022-09-11,bogor,rumah,161.0,80.0,1,3,2,2,8.0,baik,HGB,7.9,24.2,0,0,0,670.4
P009393,2022-09-11,depok,ruko,106.0,198.0,3,5,3,1,29.0,perlu_renovasi,SHM,5.5,13.2,0,0,0,801.7
P001614,2022-09-12,bekasi,rumah,48.0,74.0,2,2,2,0,28.0,baik,SHM,6.0,24.0,0,1,0,372.8
P002617,2022-09-12,jakarta_barat,rumah,149.0,219.0,2,6,4,2,20.0,sedang,HGB,3.0,12.5,0,0,0,2033.8
P005040,2022-09-12,surabaya,rumah,69.0,124.0,2,4,3,1,14.0,baik,HGB,2.4,20.4,0,0,0,775.9
P006329,2022-09-12,bekasi,rumah,108.0,101.0,2,3,2,2,22.0,perlu_renovasi,HGB,2.9,6.9,0,0,0,623.3
P006540,2022-09-12,bandung,rumah,112.0,179.0,2,5,3,1,6.0,sedang,SHM,7.0,4.2,0,0,0,1764.5
P007730,2022-09-12,jakarta_barat,rumah,83.0,109.0,2,4,3,1,22.0,sedang,SHM,5.2,10.8,1,1,0,1097.3
P007847,2022-09-12,depok,rumah,120.0,99.0,1,3,2,1,5.0,perlu_renovasi,SHM,2.2,23.2,0,0,0,773.2
P008939,2022-09-12,bekasi,rumah,187.0,247.0,2,6,6,3,49.0,perlu_renovasi,SHM,2.1,10.0,0,0,0,940.7
P009729,2022-09-12,bogor,rumah,60.0,54.0,2,1,1,1,13.0,baik,HGB,4.2,3.7,0,0,0,593.4
P009858,2022-09-12,bogor,rumah,114.0,83.0,1,2,2,2,28.0,baik,SHM,3.2,23.3,0,0,0,417.6
P002784,2022-09-13,bekasi,rumah,80.0,130.0,2,4,4,1,,sedang,SHM,2.6,16.6,1,0,0,718.4
P004381,2022-09-13,depok,rumah,115.0,55.0,1,2,2,1,9.0,baik,SHM,4.2,15.2,1,0,0,845.6
P006310,2022-09-13,bandung,rumah,121.0,168.0,2,5,3,2,5.0,baik,SHM,3.1,21.1,0,0,0,1221.8
P006490,2022-09-13,yogyakarta,rumah,57.0,81.0,2,2,2,2,10.0,sedang,HGB,6.5,8.8,1,0,1,465.3
P008266,2022-09-13,yogyakarta,rumah,68.0,42.0,1,1,1,0,13.0,baik,HGB,,14.9,0,0,0,357.8
P002616,2022-09-14,depok,rumah,121.0,173.0,2,4,3,1,8.0,perlu_renovasi,HGB,6.7,20.5,0,0,0,839.0
P002651,2022-09-14,yogyakarta,townhouse,65.0,142.0,3,4,3,1,10.0,sedang,SHM,8.3,4.4,0,0,0,1077.1
P003841,2022-09-14,bandung,townhouse,66.0,95.0,2,2,2,1,15.0,sedang,SHM,6.1,4.3,0,1,1,835.9
P005110,2022-09-14,surabaya,rumah,88.0,56.0,1,1,1,2,15.0,baik,SHM,,21.5,0,0,0,543.0
P005817,2022-09-14,tangerang_selatan,rumah,142.0,108.0,1,4,3,2,35.0,sedang,SHM,4.7,13.6,0,1,0,1309.3
P007192,2022-09-14,tangerang_selatan,rumah,108.0,103.0,2,3,2,2,15.0,sedang,SHM,4.4,14.3,0,0,1,839.6
P007838,2022-09-14,bandung,rumah,221.0,213.0,2,5,3,2,22.0,baik,SHM,5.2,11.1,0,1,0,1938.5
P007888,2022-09-14,jakarta_barat,rumah,121.0,122.0,2,3,3,1,22.0,perlu_renovasi,SHM,3.1,14.9,1,0,0,1096.8
P008225,2022-09-14,tangerang_selatan,rumah,120.0,147.0,2,5,3,1,2.0,sedang,SHM,5.1,13.2,1,1,0,1485.7
P009647,2022-09-14,bekasi,rumah,133.0,208.0,2,5,3,2,18.0,sedang,HGB,6.5,26.6,0,0,0,870.2
P000719,2022-09-15,bandung,ruko,121.0,319.0,3,6,5,1,15.0,baik,HGB,9.8,2.4,0,0,0,2251.1
P000776,2022-09-15,surabaya,ruko,63.0,55.0,2,0,1,0,20.0,baik,SHM,11.5,9.7,0,0,0,1009.7
P000851,2022-09-15,jakarta_barat,rumah,258.0,365.0,2,10,8,3,,baik,HGB,4.0,10.7,1,1,0,3857.1
P001113,2022-09-15,bogor,rumah,107.0,63.0,1,2,2,2,20.0,sedang,SHM,2.9,5.9,0,0,0,701.2
P003024,2022-09-15,bogor,rumah,44.0,27.0,1,1,1,1,18.0,sedang,SHM,3.3,6.0,1,0,0,281.8
P003071,2022-09-15,jakarta_selatan,townhouse,49.0,65.0,3,2,2,0,4.0,sedang,SHM,5.6,12.6,1,0,0,1163.9
P003909,2022-09-15,depok,rumah,86.0,141.0,2,4,4,0,6.0,baik,SHM,3.9,13.0,1,1,0,1249.5
P007729,2022-09-15,bogor,townhouse,62.0,105.0,3,2,2,0,,sedang,HGB,7.0,29.7,0,0,0,475.7
P009636,2022-09-15,jakarta_selatan,rumah,122.0,194.0,2,4,4,1,16.0,sedang,HGB,3.3,15.1,1,0,0,2275.7
P009796,2022-09-15,bogor,ruko,78.0,126.0,2,2,2,2,,sedang,SHM,12.8,7.9,1,0,0,946.3
P001514,2022-09-16,bandung,rumah,239.0,97.0,1,3,3,3,15.0,sedang,HGB,4.1,4.5,0,0,0,1869.2
P004409,2022-09-16,semarang,townhouse,82.0,140.0,3,4,3,0,12.0,baik,SHM,5.1,8.8,0,1,1,878.1
P005349,2022-09-16,bandung,rumah,159.0,91.0,1,2,2,0,17.0,perlu_renovasi,SHM,4.5,11.2,0,0,0,796.0
P005936,2022-09-16,depok,rumah,113.0,195.0,3,5,5,2,8.0,baik,girik_ajb,4.2,3.0,0,1,0,1295.7
P006875,2022-09-16,tangerang_selatan,rumah,106.0,196.0,2,6,4,1,13.0,baik,SHM,2.1,18.1,0,0,0,1318.0
P007144,2022-09-16,jakarta_selatan,rumah,82.0,134.0,2,5,4,1,9.0,sedang,SHM,4.8,3.0,0,1,0,2450.3
P001033,2022-09-17,depok,rumah,462.0,181.0,1,5,3,5,4.0,baik,HGB,8.1,24.9,0,0,0,2357.5
P001736,2022-09-17,bandung,rumah,88.0,131.0,2,4,4,1,8.0,baik,HGB,3.6,20.2,0,0,0,900.3
P002704,2022-09-17,surabaya,rumah,190.0,123.0,1,4,3,2,8.0,baik,girik_ajb,7.2,17.4,1,0,1,1142.6
P003390,2022-09-17,tangerang_selatan,townhouse,83.0,120.0,2,4,3,1,12.0,baik,SHM,4.1,24.9,0,0,0,787.4
P004083,2022-09-17,bandung,rumah,160.0,249.0,2,7,4,2,10.0,baik,SHM,4.9,8.8,0,0,0,1872.8
P005199,2022-09-17,bandung,rumah,66.0,44.0,1,1,1,0,5.0,baik,HGB,7.1,5.0,0,0,0,739.4
P005701,2022-09-17,surabaya,rumah,105.0,120.0,2,4,3,1,25.0,sedang,SHM,4.3,22.9,0,0,0,612.6
P005939,2022-09-17,bandung,townhouse,79.0,85.0,2,2,2,1,3.0,baik,SHM,2.7,16.7,0,0,0,837.0
P007506,2022-09-17,bandung,ruko,68.0,164.0,3,2,2,1,20.0,sedang,SHM,8.3,14.9,0,0,0,999.5
P007931,2022-09-17,tangerang_selatan,rumah,53.0,69.0,3,2,1,0,10.0,sedang,SHM,5.3,12.1,0,0,1,513.4
P008112,2022-09-17,tangerang_selatan,rumah,113.0,262.0,3,6,5,1,6.0,baik,SHM,3.9,23.7,0,0,0,1682.3
P008610,2022-09-17,jakarta_barat,townhouse,66.0,97.0,2,3,3,1,8.0,baik,SHM,2.7,19.0,0,0,0,808.5
P008866,2022-09-17,depok,rumah,143.0,143.0,2,3,2,0,20.0,perlu_renovasi,SHM,5.8,5.8,0,0,0,1286.6
P000464,2022-09-18,tangerang_selatan,rumah,92.0,93.0,2,2,1,2,9.0,baik,SHM,5.3,18.5,1,0,0,995.2
P000654,2022-09-18,tangerang_selatan,rumah,80.0,36.0,1,1,1,2,8.0,baik,SHM,3.7,6.2,0,1,1,1031.0
P002545,2022-09-18,depok,rumah,73.0,89.0,2,3,2,1,5.0,sedang,SHM,2.5,12.5,0,0,0,678.5
P002682,2022-09-18,surabaya,rumah,170.0,98.0,1,2,1,1,21.0,sedang,SHM,3.3,9.3,1,0,0,1766.4
P003192,2022-09-18,jakarta_selatan,rumah,186.0,185.0,2,5,5,2,10.0,sedang,HGB,4.5,17.7,0,0,0,2336.9
P003289,2022-09-18,jakarta_selatan,rumah,91.0,112.0,3,3,3,1,1.0,baik,SHM,4.7,11.1,0,0,0,2015.7
P005584,2022-09-18,bandung,rumah,84.0,42.0,1,1,1,1,10.0,sedang,SHM,4.1,4.2,1,1,1,767.6
P008180,2022-09-18,bekasi,ruko,67.0,134.0,3,1,1,1,18.0,sedang,HGB,14.5,25.9,0,0,0,587.0
P008559,2022-09-18,tangerang_selatan,ruko,73.0,114.0,3,1,1,1,23.0,sedang,SHM,3.5,10.0,1,0,0,960.8
P009960,2022-09-18,tangerang_selatan,ruko,68.0,81.0,3,0,1,0,15.0,perlu_renovasi,SHM,5.4,22.1,1,0,0,666.5
P001384,2022-09-19,yogyakarta,rumah,121.0,296.0,3,8,5,2,6.0,baik,SHM,5.8,11.6,0,0,1,1544.8
P002340,2022-09-19,jakarta_selatan,rumah,109.0,72.0,1,2,2,2,20.0,sedang,SHM,7.5,11.9,1,1,0,2084.9
P003488,2022-09-19,bandung,townhouse,82.0,148.0,3,4,3,2,2.0,perlu_renovasi,SHM,5.4,5.0,0,0,0,1154.1
P003992,2022-09-19,bekasi,rumah,68.0,109.0,3,4,2,0,20.0,baik,SHM,4.4,3.0,1,0,0,723.9
P004037,2022-09-19,tangerang_selatan,rumah,104.0,120.0,2,3,2,2,10.0,baik,SHM,4.4,23.1,1,0,0,941.6
P006672,2022-09-19,tangerang_selatan,rumah,53.0,22.0,1,1,1,0,12.0,baik,SHM,8.5,23.0,1,0,0,546.6
P008068,2022-09-19,bekasi,ruko,77.0,81.0,2,0,1,2,1.0,baik,SHM,8.0,16.9,1,0,0,739.8
P008886,2022-09-19,jakarta_barat,rumah,237.0,165.0,1,4,4,3,8.0,sedang,SHM,6.6,15.2,1,0,1,2214.4
P009230,2022-09-19,bekasi,rumah,94.0,66.0,2,2,1,1,30.0,perlu_renovasi,HGB,3.0,5.8,0,0,0,618.4
P009657,2022-09-19,bekasi,townhouse,104.0,113.0,2,3,2,1,15.0,sedang,SHM,4.1,22.0,0,0,0,870.1
P000123,2022-09-20,jakarta_selatan,ruko,96.0,246.0,3,6,7,2,9.0,baik,HGB,4.5,3.4,0,0,0,3516.0
P000371,2022-09-20,surabaya,rumah,77.0,85.0,2,2,1,0,4.0,sedang,SHM,3.5,7.4,1,1,0,1109.8
P002138,2022-09-20,surabaya,rumah,146.0,251.0,2,8,5,2,33.0,sedang,SHM,4.9,19.3,1,0,0,1069.7
P002841,2022-09-20,surabaya,rumah,31.0,21.0,1,1,1,0,4.0,perlu_renovasi,SHM,,15.0,0,0,0,280.5
P003877,2022-09-20,jakarta_selatan,townhouse,87.0,118.0,2,3,2,3,9.0,baik,girik_ajb,5.2,4.8,0,1,0,2065.4
P003892,2022-09-20,bandung,rumah,133.0,342.0,3,9,7,2,13.0,baik,girik_ajb,2.3,19.9,1,0,0,1620.0
P004952,2022-09-20,bandung,townhouse,88.0,67.0,2,2,2,1,15.0,sedang,SHM,3.9,16.1,0,0,0,563.9
P006236,2022-09-20,jakarta_selatan,rumah,79.0,183.0,3,5,5,1,18.0,sedang,SHM,7.5,3.6,1,1,1,2622.1
P009990,2022-09-20,tangerang_selatan,townhouse,105.0,157.0,2,4,3,1,10.0,baik,SHM,5.8,12.6,1,0,1,1448.8
P001619,2022-09-21,yogyakarta,rumah,66.0,47.0,2,2,1,1,10.0,sedang,SHM,7.1,7.2,0,1,1,509.8
P002407,2022-09-21,depok,townhouse,116.0,111.0,2,3,3,1,15.0,baik,HGB,4.2,14.6,0,0,0,867.0
P004921,2022-09-21,bekasi,rumah,133.0,85.0,1,2,1,2,11.0,sedang,SHM,7.3,15.8,0,0,0,1005.2
P005404,2022-09-21,jakarta_barat,townhouse,81.0,65.0,2,2,1,1,4.0,baik,SHM,2.1,14.7,1,0,0,907.0
P005523,2022-09-21,bekasi,rumah,73.0,74.0,2,2,2,1,3.0,sedang,SHM,6.0,14.5,0,0,0,651.8
P007090,2022-09-21,tangerang_selatan,rumah,98.0,124.0,2,3,2,1,11.0,baik,SHM,4.5,18.0,0,0,1,1027.4
P009302,2022-09-21,bekasi,rumah,59.0,61.0,2,2,1,0,8.0,baik,SHM,5.2,27.6,0,0,1,430.8
P009407,2022-09-21,depok,townhouse,110.0,100.0,2,2,2,1,9.0,baik,HGB,7.7,21.1,1,0,0,977.7
P001014,2022-09-22,yogyakarta,rumah,87.0,68.0,2,2,1,0,19.0,perlu_renovasi,HGB,2.9,7.2,0,1,0,558.1
P001651,2022-09-22,tangerang_selatan,townhouse,94.0,133.0,2,3,3,1,15.0,sedang,HGB,6.7,12.3,0,0,0,1211.2
P001653,2022-09-22,tangerang_selatan,rumah,57.0,58.0,2,2,2,0,22.0,baik,HGB,6.4,15.4,0,0,0,622.7
P008280,2022-09-22,tangerang_selatan,ruko,81.0,114.0,2,1,1,1,24.0,sedang,girik_ajb,11.0,8.8,0,0,0,819.6
P008517,2022-09-22,semarang,ruko,63.0,81.0,3,1,1,1,25.0,sedang,HGB,10.1,14.8,0,1,1,407.6
P009001,2022-09-22,semarang,townhouse,62.0,109.0,2,3,3,1,15.0,sedang,SHM,3.8,2.2,0,0,0,683.1
P009068,2022-09-22,bogor,townhouse,61.0,50.0,2,1,1,1,8.0,baik,SHM,4.2,23.6,0,0,0,381.4
P009427,2022-09-22,jakarta_barat,townhouse,72.0,129.0,3,3,3,1,15.0,perlu_renovasi,HGB,11.8,16.6,0,0,0,1017.1
P000653,2022-09-23,bandung,ruko,91.0,227.0,3,3,3,1,13.0,perlu_renovasi,SHM,8.2,18.3,1,0,0,778.3
P001201,2022-09-23,depok,rumah,150.0,100.0,1,3,3,1,13.0,baik,HGB,8.2,19.2,0,0,0,1059.6
P002729,2022-09-23,bekasi,rumah,121.0,111.0,2,3,3,1,4.0,sedang,SHM,6.4,14.8,0,0,0,1001.3
P003251,2022-09-23,yogyakarta,rumah,112.0,177.0,2,5,4,0,2.0,sedang,girik_ajb,3.8,15.7,0,0,0,1099.3
P003853,2022-09-23,bekasi,rumah,84.0,112.0,2,3,3,1,16.0,baik,SHM,2.6,10.3,0,0,0,814.4
P004280,2022-09-23,bandung,rumah,98.0,33.0,1,1,1,0,11.0,baik,HGB,3.6,10.6,1,1,0,785.9
P004895,2022-09-23,bandung,rumah,90.0,78.0,2,2,2,2,11.0,baik,SHM,6.8,10.3,0,0,0,826.8
P005487,2022-09-23,semarang,townhouse,70.0,70.0,2,2,2,1,15.0,sedang,SHM,5.0,4.1,1,0,0,579.4
P007282,2022-09-23,jakarta_selatan,rumah,116.0,88.0,1,3,2,2,23.0,sedang,SHM,5.5,16.9,0,0,0,2068.6
P007934,2022-09-23,jakarta_barat,rumah,161.0,110.0,1,3,2,2,3.0,sedang,HGB,4.1,19.4,0,0,0,1279.2
P008041,2022-09-23,jakarta_barat,rumah,175.0,258.0,2,6,7,2,6.0,sedang,SHM,6.9,4.6,1,0,1,3094.9
P009012,2022-09-23,bandung,rumah,153.0,318.0,3,8,7,1,10.0,sedang,SHM,8.2,15.4,1,0,0,2289.7
P009968,2022-09-23,bogor,rumah,104.0,64.0,1,2,2,2,12.0,baik,SHM,4.3,3.1,1,0,0,803.1
P000099,2022-09-24,jakarta_selatan,rumah,89.0,43.0,1,1,1,1,11.0,sedang,SHM,6.5,4.2,1,0,0,2398.9
P000561,2022-09-24,jakarta_selatan,ruko,69.0,79.0,3,0,1,1,9.0,baik,SHM,4.3,7.4,0,1,0,2458.2
P003699,2022-09-24,jakarta_selatan,rumah,89.0,94.0,2,2,1,2,7.0,baik,HGB,5.6,5.9,0,0,0,1873.3
P008296,2022-09-24,bekasi,ruko,57.0,55.0,2,0,1,1,47.0,perlu_renovasi,SHM,11.2,28.3,0,0,1,237.2
P003128,2022-09-25,jakarta_barat,rumah,219.0,313.0,2,9,7,3,45.0,sedang,SHM,8.1,13.8,1,0,0,2644.9
P003260,2022-09-25,jakarta_selatan,rumah,181.0,96.0,1,2,2,3,13.0,perlu_renovasi,SHM,5.7,16.4,0,0,0,2563.2
P003502,2022-09-25,bogor,rumah,95.0,159.0,2,4,3,1,5.0,baik,SHM,8.0,11.3,1,0,1,893.5
P004094,2022-09-25,jakarta_barat,rumah,302.0,155.0,1,4,3,4,38.0,sedang,HGB,,14.1,1,0,0,2777.6
P006081,2022-09-25,jakarta_barat,rumah,170.0,103.0,1,3,3,2,38.0,sedang,SHM,4.0,6.5,0,0,0,2240.3
P006866,2022-09-25,bekasi,rumah,153.0,67.0,1,2,2,1,9.0,sedang,SHM,7.6,15.8,1,0,0,851.5
P009780,2022-09-25,surabaya,rumah,81.0,53.0,1,2,2,1,18.0,sedang,HGB,3.6,6.0,0,1,0,779.3
P001329,2022-09-26,tangerang_selatan,rumah,126.0,219.0,2,6,7,2,3.0,sedang,HGB,7.9,21.3,1,0,0,1453.3
P001380,2022-09-26,bekasi,ruko,61.0,110.0,4,2,2,0,13.0,baik,SHM,6.6,10.8,1,0,0,796.0
P002351,2022-09-26,jakarta_selatan,rumah,90.0,112.0,2,3,3,0,14.0,sedang,SHM,4.0,16.0,0,0,0,1276.5
P005162,2022-09-26,yogyakarta,townhouse,109.0,125.0,2,3,3,1,15.0,sedang,HGB,8.2,6.5,0,0,0,943.6
P007004,2022-09-26,depok,rumah,390.0,163.0,1,6,6,5,16.0,sedang,SHM,4.4,24.0,0,0,0,1606.6
P007698,2022-09-26,surabaya,rumah,146.0,132.0,2,3,3,2,11.0,baik,girik_ajb,2.7,20.3,0,0,0,918.0
P007771,2022-09-26,jakarta_selatan,rumah,164.0,219.0,2,5,3,2,9.0,baik,HGB,8.8,16.5,0,0,0,3178.0
P008237,2022-09-26,semarang,townhouse,56.0,99.0,2,3,3,1,15.0,sedang,SHM,3.0,13.7,0,0,0,482.3
P008247,2022-09-26,jakarta_barat,townhouse,90.0,97.0,2,3,2,0,3.0,baik,SHM,5.2,15.0,0,0,0,1250.1
P009834,2022-09-26,bandung,rumah,213.0,128.0,1,3,2,2,9.0,baik,SHM,4.4,8.1,0,1,1,1791.6
P000330,2022-09-27,tangerang_selatan,townhouse,85.0,81.0,2,2,2,0,14.0,sedang,SHM,5.0,22.5,0,0,0,807.8
P000668,2022-09-27,yogyakarta,ruko,55.0,75.0,3,0,1,1,2.0,baik,SHM,6.2,2.5,1,1,0,950.8
P003067,2022-09-27,bekasi,rumah,83.0,39.0,1,1,1,1,28.0,sedang,SHM,,24.1,0,0,0,332.6
P003788,2022-09-27,jakarta_barat,ruko,95.0,189.0,3,5,4,2,7.0,sedang,HGB,8.1,7.0,1,0,0,2138.4
P004374,2022-09-27,jakarta_barat,rumah,89.0,72.0,2,2,2,1,6.0,sedang,SHM,9.6,5.1,0,0,1,1209.3
P005154,2022-09-27,jakarta_barat,rumah,88.0,82.0,2,2,2,0,20.0,baik,HGB,7.9,6.6,0,1,0,1428.2
P005671,2022-09-27,bogor,rumah,137.0,192.0,2,5,4,2,,sedang,SHM,3.2,25.2,0,0,0,708.2
P008309,2022-09-27,bekasi,rumah,121.0,93.0,1,3,3,1,24.0,baik,SHM,5.9,14.2,0,0,0,825.4
P008629,2022-09-27,bekasi,rumah,40.0,42.0,2,1,1,0,29.0,baik,SHM,4.6,8.0,1,0,0,378.1
P008893,2022-09-27,bandung,rumah,194.0,161.0,2,5,4,3,23.0,sedang,SHM,6.6,17.8,0,0,0,1353.8
P009625,2022-09-27,surabaya,rumah,128.0,55.0,1,1,1,1,19.0,sedang,HGB,5.5,2.0,1,1,0,1590.8
P000042,2022-09-28,surabaya,rumah,230.0,130.0,1,4,4,2,6.0,sedang,SHM,3.3,13.5,1,0,0,1850.2
P004508,2022-09-28,jakarta_barat,rumah,173.0,191.0,2,5,3,2,9.0,baik,girik_ajb,4.2,4.1,1,0,0,2716.1
P005548,2022-09-28,bogor,townhouse,143.0,146.0,2,3,2,2,4.0,sedang,SHM,4.9,12.6,1,0,0,1093.2
P007675,2022-09-28,bekasi,rumah,216.0,93.0,1,2,2,3,15.0,sedang,SHM,12.4,22.2,0,1,0,1053.5
P009396,2022-09-28,bandung,townhouse,60.0,84.0,2,2,2,0,7.0,baik,SHM,6.9,16.1,0,0,0,717.7
P001905,2022-09-29,bogor,rumah,53.0,73.0,2,2,2,0,4.0,baik,SHM,3.9,10.5,1,0,0,521.2
P001975,2022-09-29,jakarta_barat,townhouse,64.0,84.0,2,2,1,1,1.0,sedang,SHM,5.6,4.8,1,1,1,1343.7
P003019,2022-09-29,tangerang_selatan,rumah,115.0,68.0,1,2,2,1,7.0,sedang,SHM,8.9,11.5,0,0,0,1347.0
P003082,2022-09-29,jakarta_selatan,rumah,79.0,42.0,1,1,1,1,18.0,sedang,SHM,3.5,8.8,1,0,0,1669.8
P003891,2022-09-29,jakarta_barat,rumah,110.0,249.0,3,6,6,1,5.0,baik,HGB,9.7,18.6,0,0,1,1762.3
P005050,2022-09-29,yogyakarta,rumah,133.0,170.0,2,6,6,2,12.0,baik,HGB,5.5,19.6,0,0,0,1034.1
P005068,2022-09-29,bekasi,rumah,119.0,92.0,1,2,2,2,15.0,baik,SHM,3.7,24.9,0,0,0,546.6
P006377,2022-09-29,tangerang_selatan,rumah,172.0,222.0,2,8,5,2,,sedang,SHM,7.0,6.6,0,1,1,2043.1
P007636,2022-09-29,jakarta_selatan,ruko,73.0,198.0,3,3,2,2,3.0,sedang,SHM,5.2,12.6,0,1,0,2432.8
P008386,2022-09-29,bekasi,rumah,108.0,46.0,1,1,1,0,8.0,perlu_renovasi,SHM,5.7,10.3,1,1,0,923.6
P009227,2022-09-29,yogyakarta,rumah,186.0,87.0,1,2,2,1,4.0,sedang,SHM,5.2,2.9,0,1,0,1434.4
P009352,2022-09-29,depok,rumah,127.0,268.0,3,8,8,2,9.0,sedang,SHM,5.0,3.8,0,1,0,1825.5
P000008,2022-10-02,surabaya,rumah,84.0,114.0,2,3,3,0,12.0,baik,SHM,4.9,24.5,0,0,0,778.4
P001971,2022-10-02,tangerang_selatan,rumah,119.0,173.0,2,4,3,1,,sedang,HGB,2.8,20.0,0,0,0,865.5
P005838,2022-10-02,depok,rumah,88.0,113.0,2,3,3,1,30.0,sedang,SHM,9.3,22.3,0,0,0,623.5
P006306,2022-10-02,jakarta_selatan,rumah,89.0,40.0,1,1,1,1,10.0,baik,HGB,2.6,14.2,0,0,0,1326.6
P006462,2022-10-02,bandung,rumah,83.0,58.0,1,1,1,1,6.0,baik,SHM,4.9,19.9,0,0,0,533.8
P006502,2022-10-02,tangerang_selatan,rumah,102.0,83.0,1,2,2,1,13.0,sedang,SHM,2.4,6.8,0,1,0,1119.4
P008008,2022-10-02,surabaya,rumah,79.0,64.0,2,2,2,1,17.0,perlu_renovasi,SHM,8.3,11.8,0,0,0,759.9
P001016,2022-10-03,jakarta_barat,rumah,97.0,149.0,3,5,3,1,11.0,baik,HGB,3.4,12.7,1,0,0,1462.7
P002824,2022-10-03,yogyakarta,ruko,98.0,173.0,4,4,4,2,7.0,sedang,HGB,,13.6,0,0,0,914.5
P003144,2022-10-03,jakarta_selatan,rumah,75.0,49.0,1,1,1,2,5.0,baik,SHM,7.3,14.0,0,0,0,1369.3
P004916,2022-10-03,surabaya,rumah,147.0,65.0,1,2,2,1,15.0,baik,SHM,2.0,7.1,0,1,0,1164.3
P005398,2022-10-03,tangerang_selatan,rumah,135.0,92.0,1,3,3,2,15.0,baik,SHM,4.9,8.8,1,1,0,1642.6
P006055,2022-10-03,jakarta_selatan,rumah,115.0,162.0,2,4,3,1,12.0,baik,SHM,5.9,8.8,1,0,1,2482.0
P007709,2022-10-03,bekasi,rumah,124.0,61.0,1,1,1,2,20.0,perlu_renovasi,SHM,7.4,25.7,0,0,0,421.4
P008942,2022-10-03,jakarta_selatan,rumah,71.0,85.0,2,2,1,1,6.0,baik,SHM,10.9,3.9,0,0,0,2429.8
P009420,2022-10-03,yogyakarta,townhouse,71.0,77.0,2,2,1,2,,baik,SHM,9.0,17.4,0,1,0,689.8
P009902,2022-10-03,jakarta_barat,townhouse,79.0,70.0,2,2,1,1,4.0,baik,SHM,1.7,9.7,0,1,1,1002.2
P000729,2022-10-04,bekasi,ruko,76.0,112.0,3,1,1,1,21.0,sedang,SHM,10.5,24.0,0,0,0,628.9
P002493,2022-10-04,jakarta_selatan,townhouse,61.0,127.0,3,3,2,0,4.0,baik,HGB,,9.8,1,1,0,1905.6
P003427,2022-10-04,jakarta_selatan,rumah,107.0,99.0,2,3,2,0,7.0,baik,girik_ajb,3.5,17.6,0,0,0,1665.0
P006472,2022-10-04,bogor,ruko,86.0,269.0,4,6,4,3,14.0,perlu_renovasi,HGB,6.6,24.1,0,0,0,655.7
P008540,2022-10-04,tangerang_selatan,rumah,67.0,54.0,1,1,1,1,8.0,sedang,SHM,4.0,8.2,0,1,0,897.8
P009863,2022-10-04,jakarta_selatan,rumah,105.0,115.0,2,3,3,0,27.0,perlu_renovasi,SHM,7.3,16.0,0,0,0,1629.7
P009944,2022-10-04,bogor,rumah,84.0,34.0,1,1,1,2,10.0,sedang,HGB,6.2,12.1,0,0,0,429.8
P001518,2022-10-05,yogyakarta,townhouse,73.0,112.0,2,4,4,1,3.0,baik,SHM,,9.8,0,1,1,906.5
P003710,2022-10-05,bandung,rumah,133.0,141.0,2,4,4,0,10.0,baik,HGB,4.9,5.2,0,1,1,1699.4
P004152,2022-10-05,depok,rumah,317.0,210.0,1,7,7,5,2.0,baik,SHM,3.7,12.8,1,0,0,2639.2
P004843,2022-10-05,tangerang_selatan,rumah,217.0,139.0,1,3,3,3,27.0,sedang,SHM,9.7,10.4,0,1,0,1936.7
P006134,2022-10-05,tangerang_selatan,townhouse,86.0,126.0,2,4,3,0,11.0,baik,SHM,4.8,7.4,0,0,0,1510.0
P006519,2022-10-05,jakarta_barat,ruko,52.0,84.0,3,0,1,1,18.0,sedang,SHM,2.2,11.2,0,0,0,741.6
P006950,2022-10-05,semarang,rumah,186.0,119.0,1,3,3,3,1.0,baik,HGB,4.7,5.3,0,1,0,1548.4
P007414,2022-10-05,bogor,rumah,131.0,62.0,1,1,1,2,18.0,sedang,SHM,4.7,9.6,1,0,0,616.6
P008396,2022-10-05,depok,rumah,65.0,65.0,2,2,2,1,22.0,sedang,SHM,5.3,21.4,0,0,0,362.0
P008446,2022-10-05,jakarta_selatan,townhouse,78.0,141.0,3,5,5,2,15.0,sedang,SHM,3.9,3.0,0,0,0,2286.2
P009030,2022-10-05,jakarta_selatan,rumah,227.0,390.0,2,9,6,1,5.0,baik,SHM,2.8,15.3,0,0,0,4071.1
P009773,2022-10-05,bandung,rumah,129.0,190.0,2,6,5,2,2.0,baik,SHM,,12.2,0,0,0,1769.1
P003489,2022-10-06,jakarta_barat,rumah,175.0,85.0,1,2,1,2,13.0,baik,HGB,5.8,11.9,0,1,1,1926.0
P004004,2022-10-06,tangerang_selatan,rumah,245.0,174.0,1,6,4,2,26.0,baik,SHM,4.3,8.3,0,0,0,2632.1
P009541,2022-10-06,yogyakarta,townhouse,59.0,88.0,2,3,2,1,15.0,sedang,SHM,4.4,2.6,1,0,0,656.0
P000510,2022-10-07,jakarta_selatan,rumah,90.0,113.0,2,3,3,0,28.0,sedang,SHM,3.2,14.5,0,0,0,1346.0
P001043,2022-10-07,bandung,ruko,81.0,164.0,3,3,3,0,10.0,baik,SHM,6.3,16.8,1,0,0,1066.6
P003633,2022-10-07,bogor,ruko,43.0,47.0,2,0,1,0,14.0,sedang,SHM,4.4,28.5,0,0,0,195.7
P004714,2022-10-07,semarang,ruko,100.0,173.0,3,2,2,1,7.0,baik,SHM,14.8,5.3,1,0,0,1273.3
P004771,2022-10-07,bogor,ruko,119.0,126.0,3,2,2,1,5.0,sedang,HGB,12.8,10.5,0,0,0,1141.2
P007103,2022-10-07,bogor,townhouse,68.0,75.0,2,2,1,1,7.0,baik,HGB,6.3,26.2,0,0,0,486.3
P009290,2022-10-07,jakarta_selatan,rumah,87.0,59.0,1,1,1,0,16.0,baik,girik_ajb,4.4,4.2,0,0,0,1724.0
P000964,2022-10-08,jakarta_barat,rumah,79.0,56.0,2,1,1,1,9.0,sedang,SHM,1.6,14.7,0,0,0,668.6
P001489,2022-10-08,semarang,rumah,65.0,57.0,2,2,1,1,10.0,baik,girik_ajb,7.7,6.2,1,1,0,574.0
P002697,2022-10-08,surabaya,rumah,158.0,167.0,2,4,3,1,26.0,baik,SHM,2.8,17.9,1,1,0,1215.2
P003286,2022-10-08,bogor,rumah,123.0,79.0,1,2,2,1,3.0,baik,HGB,4.9,20.6,1,0,0,556.3
P003510,2022-10-08,tangerang_selatan,townhouse,135.0,192.0,2,5,4,1,3.0,baik,SHM,6.9,21.0,0,0,0,2014.9
P004710,2022-10-08,tangerang_selatan,rumah,124.0,155.0,2,3,3,0,,perlu_renovasi,SHM,4.9,18.2,1,0,0,1017.1
P001242,2022-10-09,tangerang_selatan,rumah,109.0,163.0,2,4,3,1,10.0,baik,girik_ajb,6.0,4.7,1,1,0,1822.4
P001583,2022-10-09,bekasi,ruko,98.0,207.0,3,3,3,1,31.0,perlu_renovasi,SHM,3.1,12.0,0,0,0,897.6
P001773,2022-10-09,bogor,rumah,84.0,76.0,1,2,2,0,14.0,sedang,SHM,4.1,12.2,0,0,1,474.8
P003821,2022-10-09,surabaya,rumah,85.0,51.0,1,1,1,1,9.0,baik,girik_ajb,6.6,24.9,1,0,1,465.5
P006594,2022-10-09,surabaya,townhouse,78.0,50.0,2,2,2,1,15.0,sedang,SHM,4.9,7.2,1,0,1,675.2
P007431,2022-10-09,surabaya,rumah,87.0,111.0,2,3,3,1,10.0,baik,SHM,7.4,6.2,0,0,0,1162.4
P009486,2022-10-09,tangerang_selatan,rumah,107.0,86.0,1,2,2,1,24.0,baik,HGB,4.2,22.2,0,0,0,663.2
P000036,2022-10-10,jakarta_barat,rumah,53.0,44.0,2,1,1,1,4.0,baik,HGB,4.7,19.0,0,0,0,527.1
P000366,2022-10-10,bekasi,townhouse,63.0,120.0,3,3,2,0,11.0,baik,SHM,5.7,8.9,1,0,0,783.9
P000573,2022-10-10,depok,rumah,110.0,60.0,1,2,1,1,12.0,sedang,HGB,8.4,12.3,1,1,0,906.5
P001075,2022-10-10,surabaya,rumah,67.0,77.0,2,2,2,0,28.0,sedang,SHM,3.4,24.0,0,0,0,419.0
P001203,2022-10-10,surabaya,townhouse,65.0,70.0,2,2,2,2,4.0,baik,SHM,2.8,17.4,0,0,0,642.7
P001416,2022-10-10,surabaya,rumah,282.0,137.0,1,4,3,3,,baik,SHM,4.8,19.2,1,0,0,1913.1
P004864,2022-10-10,surabaya,rumah,64.0,100.0,2,3,2,1,13.0,sedang,girik_ajb,5.8,5.5,0,1,1,684.8
P005089,2022-10-10,yogyakarta,rumah,91.0,141.0,2,3,3,1,11.0,baik,SHM,3.8,5.3,1,1,0,1344.5
P005730,2022-10-10,tangerang_selatan,townhouse,94.0,83.0,2,2,1,0,3.0,baik,SHM,12.0,24.8,0,0,0,1036.8
P008925,2022-10-10,bekasi,rumah,69.0,104.0,2,3,3,1,,perlu_renovasi,HGB,4.9,8.1,0,0,0,430.0
P009958,2022-10-10,jakarta_barat,rumah,72.0,45.0,1,1,1,1,6.0,baik,SHM,3.5,6.6,1,0,0,979.2
P000812,2022-10-11,jakarta_selatan,ruko,100.0,177.0,3,4,3,1,,baik,SHM,6.4,11.4,0,0,0,3190.4
P001072,2022-10-11,bogor,rumah,152.0,154.0,2,4,3,1,17.0,sedang,SHM,3.6,6.2,1,1,0,1133.7
P006114,2022-10-11,yogyakarta,townhouse,95.0,166.0,2,4,4,1,14.0,sedang,HGB,3.4,18.7,0,0,0,880.1
P009700,2022-10-11,tangerang_selatan,rumah,37.0,55.0,2,2,2,0,14.0,baik,HGB,4.1,16.7,0,0,0,432.8
P009915,2022-10-11,tangerang_selatan,townhouse,78.0,75.0,2,2,2,1,15.0,sedang,SHM,2.4,7.8,0,0,0,1022.2
P000035,2022-10-12,bekasi,townhouse,78.0,107.0,3,3,2,1,1.0,baik,SHM,3.1,30.0,1,0,0,746.8
P000312,2022-10-12,bekasi,rumah,129.0,66.0,1,2,2,1,3.0,baik,HGB,4.7,16.2,0,0,1,802.9
P000410,2022-10-12,yogyakarta,rumah,56.0,25.0,1,1,1,1,15.0,sedang,SHM,2.7,6.8,0,0,0,300.6
P002983,2022-10-12,jakarta_selatan,townhouse,92.0,79.0,2,2,1,1,13.0,sedang,SHM,5.5,14.0,1,0,0,1816.2
P005614,2022-10-12,bandung,rumah,154.0,217.0,2,7,7,0,14.0,perlu_renovasi,SHM,6.3,2.6,0,1,0,1950.0
P007499,2022-10-12,bandung,rumah,66.0,45.0,1,1,1,1,12.0,sedang,SHM,3.8,4.2,0,0,0,713.7
P009233,2022-10-12,bogor,rumah,49.0,61.0,2,1,1,1,9.0,perlu_renovasi,SHM,6.7,18.4,1,0,1,301.3
P009543,2022-10-12,bekasi,townhouse,74.0,137.0,2,3,3,0,12.0,baik,SHM,4.8,22.9,0,0,1,907.8
P002229,2022-10-13,jakarta_selatan,rumah,160.0,59.0,1,1,1,2,5.0,sedang,HGB,5.0,16.0,0,0,1,1819.8
P004273,2022-10-13,surabaya,rumah,123.0,79.0,1,2,2,1,1.0,sedang,HGB,2.5,22.3,0,0,0,688.3
P004866,2022-10-13,jakarta_selatan,rumah,104.0,91.0,2,2,2,1,13.0,perlu_renovasi,SHM,5.2,4.0,1,1,0,2042.6
P005501,2022-10-13,jakarta_barat,ruko,39.0,36.0,2,0,1,1,,sedang,SHM,9.6,13.1,0,0,0,752.5
P007558,2022-10-13,tangerang_selatan,rumah,98.0,83.0,2,2,2,1,4.0,baik,HGB,8.2,22.5,0,0,0,740.3
P008139,2022-10-13,surabaya,rumah,43.0,50.0,2,1,1,1,30.0,sedang,HGB,4.0,13.1,0,0,0,416.9
P008601,2022-10-13,depok,rumah,307.0,448.0,2,10,8,5,13.0,baik,HGB,13.5,23.3,0,0,1,2592.3
P009049,2022-10-13,yogyakarta,townhouse,72.0,118.0,2,3,2,0,2.0,baik,SHM,3.2,7.9,1,0,0,994.0
P009696,2022-10-13,bekasi,rumah,230.0,107.0,1,3,2,2,12.0,baik,HGB,10.4,10.6,1,1,0,1720.4
P000021,2022-10-14,bandung,ruko,50.0,66.0,3,0,1,2,11.0,baik,SHM,8.5,5.4,1,0,0,683.2
P000131,2022-10-14,jakarta_barat,rumah,185.0,260.0,2,9,7,1,11.0,sedang,SHM,5.8,18.0,0,0,0,2362.5
P001292,2022-10-14,bandung,rumah,182.0,88.0,1,2,1,2,11.0,perlu_renovasi,girik_ajb,4.7,9.2,0,0,0,902.8
P005498,2022-10-14,tangerang_selatan,ruko,152.0,293.0,3,5,3,2,,sedang,HGB,6.6,9.7,1,0,0,2545.6
P006657,2022-10-14,bogor,ruko,110.0,167.0,3,2,1,1,,baik,HGB,7.7,14.0,0,0,0,1151.5
P008347,2022-10-14,bogor,rumah,89.0,64.0,1,2,2,1,14.0,perlu_renovasi,SHM,6.0,20.7,0,0,0,392.6
P008861,2022-10-14,jakarta_barat,rumah,53.0,96.0,2,3,3,1,8.0,baik,HGB,3.4,15.1,1,0,0,615.4
P001246,2022-10-15,tangerang_selatan,townhouse,66.0,74.0,2,2,2,0,15.0,baik,HGB,2.2,13.2,1,0,0,750.0
P002345,2022-10-15,bandung,rumah,45.0,70.0,2,2,2,0,22.0,sedang,HGB,6.7,18.0,0,0,0,357.7
P003033,2022-10-15,tangerang_selatan,rumah,101.0,105.0,2,3,3,1,9.0,baik,SHM,3.4,5.6,1,0,0,1272.4
P005284,2022-10-15,bekasi,rumah,99.0,54.0,1,2,1,0,25.0,baik,SHM,5.1,25.0,0,0,0,454.9
P006150,2022-10-15,bandung,ruko,45.0,55.0,2,0,1,0,1.0,baik,SHM,10.7,4.2,1,1,0,922.4
P007501,2022-10-15,depok,rumah,229.0,162.0,1,4,3,2,20.0,sedang,HGB,2.7,13.0,0,0,0,1284.1
P008241,2022-10-15,jakarta_selatan,rumah,64.0,35.0,1,1,1,0,17.0,sedang,SHM,3.5,9.1,1,0,0,1281.4
P009939,2022-10-15,surabaya,ruko,74.0,174.0,3,4,4,1,11.0,baik,girik_ajb,11.0,10.1,1,0,0,1166.5
P009955,2022-10-15,bandung,ruko,140.0,238.0,3,3,2,2,6.0,baik,HGB,10.7,16.4,0,0,1,1695.8
P000161,2022-10-16,jakarta_selatan,rumah,125.0,91.0,1,2,2,1,,sedang,SHM,7.3,4.3,1,1,0,3683.2
P001469,2022-10-16,bandung,ruko,79.0,68.0,2,0,1,0,1.0,baik,SHM,11.7,18.3,0,0,0,760.4
P001523,2022-10-16,semarang,rumah,113.0,141.0,2,4,4,1,43.0,perlu_renovasi,SHM,6.9,17.5,1,0,0,423.0
P002449,2022-10-16,bogor,rumah,118.0,75.0,1,2,2,2,20.0,sedang,SHM,,24.9,0,0,0,473.6
P003722,2022-10-16,depok,ruko,94.0,203.0,3,3,2,1,17.0,sedang,SHM,12.2,8.2,1,0,0,1435.8
P004067,2022-10-16,tangerang_selatan,rumah,272.0,425.0,2,10,8,3,1.0,baik,SHM,6.0,24.1,0,0,0,3037.5
P004464,2022-10-16,yogyakarta,rumah,190.0,302.0,2,8,8,2,5.0,baik,SHM,3.0,6.5,1,1,0,2176.2
P005685,2022-10-16,bekasi,rumah,140.0,102.0,1,3,3,1,4.0,baik,SHM,5.9,6.4,1,0,1,1159.0
P007001,2022-10-16,bandung,rumah,53.0,44.0,1,1,1,0,16.0,perlu_renovasi,SHM,7.7,13.9,1,0,0,514.5
P007231,2022-10-16,tangerang_selatan,rumah,128.0,102.0,1,3,2,3,49.0,perlu_renovasi,SHM,5.0,7.1,0,0,0,1290.1
P008239,2022-10-16,bandung,ruko,86.0,92.0,2,1,1,2,9.0,baik,SHM,5.3,9.0,0,1,0,1093.4
P000322,2022-10-17,depok,ruko,143.0,250.0,2,6,4,1,4.0,baik,HGB,11.5,14.6,1,0,0,1778.8
P003519,2022-10-17,depok,rumah,100.0,150.0,2,3,3,1,14.0,sedang,girik_ajb,3.9,12.2,0,0,0,859.1
P003881,2022-10-17,bandung,rumah,221.0,179.0,2,6,5,2,18.0,baik,SHM,5.7,15.9,0,0,0,1598.6
P003947,2022-10-17,jakarta_barat,rumah,63.0,70.0,2,2,2,0,15.0,sedang,HGB,10.8,16.7,0,1,0,699.4
P005076,2022-10-17,tangerang_selatan,rumah,245.0,137.0,1,4,4,3,13.0,perlu_renovasi,HGB,4.2,16.8,1,0,0,1905.0
P005324,2022-10-17,jakarta_selatan,rumah,141.0,80.0,1,3,3,1,8.0,baik,SHM,6.3,3.2,1,0,0,4006.7
P006221,2022-10-17,bekasi,rumah,73.0,83.0,2,2,2,1,10.0,baik,SHM,7.5,9.5,0,0,1,809.0
P006415,2022-10-17,depok,rumah,193.0,116.0,1,4,3,2,,baik,HGB,4.6,14.6,1,0,0,1234.9
P007655,2022-10-17,jakarta_barat,rumah,102.0,67.0,1,2,2,1,26.0,sedang,SHM,2.8,6.4,0,0,0,1039.1
P008451,2022-10-17,yogyakarta,rumah,107.0,156.0,2,4,3,1,7.0,sedang,SHM,3.3,4.5,0,1,0,1346.0
P008558,2022-10-17,bandung,rumah,142.0,139.0,2,3,3,1,,baik,HGB,6.7,6.5,0,1,1,1481.8
P008690,2022-10-17,surabaya,rumah,115.0,42.0,1,1,1,1,8.0,baik,SHM,5.4,3.1,1,0,1,976.7
P009236,2022-10-17,tangerang_selatan,rumah,115.0,67.0,1,2,1,1,4.0,sedang,HGB,5.2,3.8,0,0,0,1227.4
P000595,2022-10-18,jakarta_selatan,rumah,86.0,60.0,1,2,2,2,13.0,sedang,SHM,4.5,14.8,0,0,0,1214.7
P001029,2022-10-18,bandung,townhouse,103.0,86.0,2,2,1,1,3.0,baik,girik_ajb,5.3,11.9,0,0,0,764.9
P004375,2022-10-18,bogor,townhouse,78.0,112.0,3,3,3,1,15.0,baik,SHM,,7.6,0,0,0,762.9
P004570,2022-10-18,bogor,townhouse,93.0,132.0,3,3,3,1,7.0,baik,HGB,3.2,29.6,0,0,0,775.5
P005842,2022-10-18,tangerang_selatan,townhouse,63.0,78.0,3,2,2,0,15.0,sedang,HGB,5.1,16.2,0,0,0,684.2
P006353,2022-10-18,surabaya,rumah,141.0,176.0,2,6,4,1,13.0,perlu_renovasi,HGB,7.0,8.4,0,1,0,1482.2
P006424,2022-10-18,surabaya,rumah,293.0,398.0,2,10,7,2,20.0,sedang,SHM,5.7,13.1,1,1,1,2936.7
P009133,2022-10-18,bekasi,rumah,126.0,59.0,1,2,2,2,19.0,sedang,SHM,6.5,23.2,0,0,1,516.0
P001062,2022-10-19,bogor,rumah,117.0,67.0,1,2,1,2,5.0,sedang,SHM,10.3,18.6,0,0,0,697.7
P001237,2022-10-19,jakarta_barat,rumah,217.0,159.0,1,4,4,2,6.0,sedang,SHM,4.3,10.5,0,0,0,2424.3
P002418,2022-10-19,depok,rumah,124.0,230.0,3,6,4,1,13.0,sedang,HGB,3.6,3.1,0,1,0,1702.1
P002801,2022-10-19,yogyakarta,rumah,109.0,45.0,1,1,1,1,29.0,sedang,SHM,7.7,18.8,1,0,0,540.9
P004676,2022-10-19,jakarta_barat,rumah,90.0,64.0,2,2,1,1,22.0,sedang,SHM,3.2,4.5,0,1,0,1394.7
P005441,2022-10-19,jakarta_barat,rumah,108.0,91.0,2,3,2,2,13.0,perlu_renovasi,HGB,3.2,8.3,0,0,0,1249.7
P005619,2022-10-19,bogor,rumah,105.0,60.0,1,1,1,1,7.0,baik,SHM,5.0,8.6,1,0,0,662.0
P006580,2022-10-19,yogyakarta,townhouse,99.0,153.0,2,3,3,2,9.0,sedang,SHM,6.2,2.7,0,0,0,1455.5
P008562,2022-10-19,tangerang_selatan,rumah,62.0,75.0,2,2,2,1,38.0,sedang,HGB,4.1,19.1,1,0,0,508.5
P002297,2022-10-20,bandung,townhouse,98.0,114.0,2,3,2,1,15.0,perlu_renovasi,SHM,3.4,22.0,0,0,1,573.6
P005072,2022-10-20,tangerang_selatan,rumah,95.0,80.0,2,3,2,1,2.0,baik,girik_ajb,13.0,22.5,0,0,0,982.6
P006271,2022-10-20,bekasi,rumah,183.0,278.0,3,8,6,2,14.0,sedang,SHM,5.5,29.4,0,0,0,1479.5
P006366,2022-10-20,bekasi,rumah,144.0,214.0,3,5,4,2,2.0,sedang,SHM,2.3,4.0,0,1,0,1779.9
P006945,2022-10-20,bekasi,townhouse,100.0,148.0,3,5,4,1,7.0,sedang,SHM,14.1,28.4,1,0,0,809.5
P007552,2022-10-20,bandung,rumah,111.0,51.0,1,1,1,1,,baik,HGB,4.0,4.7,0,0,0,891.0
P007643,2022-10-20,tangerang_selatan,rumah,97.0,138.0,2,3,2,2,18.0,baik,SHM,4.0,14.1,1,0,0,1193.3
P009373,2022-10-20,bandung,rumah,145.0,61.0,1,2,1,1,4.0,baik,HGB,2.5,17.1,0,0,0,689.3
P009421,2022-10-20,jakarta_selatan,rumah,190.0,317.0,2,8,7,2,8.0,sedang,HGB,4.4,15.9,0,0,0,3255.7
P001490,2022-10-21,depok,ruko,51.0,69.0,2,0,1,0,4.0,baik,girik_ajb,8.0,19.2,0,0,0,513.0
P001582,2022-10-21,tangerang_selatan,townhouse,69.0,102.0,2,3,3,1,1.0,perlu_renovasi,SHM,10.1,19.8,1,1,0,1016.3
P002121,2022-10-21,tangerang_selatan,rumah,115.0,137.0,2,5,3,1,11.0,baik,SHM,5.7,11.6,1,1,0,1553.2
P002829,2022-10-21,surabaya,rumah,89.0,80.0,2,3,3,2,26.0,baik,SHM,4.8,19.1,0,0,0,705.1
P003384,2022-10-21,depok,rumah,150.0,87.0,1,2,2,2,16.0,sedang,SHM,10.4,3.5,0,1,0,1661.0
P007101,2022-10-21,tangerang_selatan,rumah,93.0,38.0,1,1,1,1,19.0,baik,HGB,4.0,9.2,1,0,0,917.0
P007505,2022-10-21,depok,rumah,125.0,204.0,2,7,5,2,14.0,sedang,SHM,3.8,10.5,1,0,0,1356.3
P007821,2022-10-21,bogor,rumah,63.0,116.0,3,3,3,1,10.0,baik,SHM,5.1,21.0,0,0,0,608.0
P007884,2022-10-21,bandung,rumah,105.0,36.0,1,1,1,1,20.0,sedang,SHM,6.4,2.1,0,0,0,981.1
P008036,2022-10-21,surabaya,rumah,91.0,58.0,1,2,2,0,8.0,baik,SHM,5.5,2.0,1,1,0,1263.5
P000747,2022-10-22,tangerang_selatan,rumah,96.0,64.0,1,2,2,1,12.0,baik,SHM,5.3,13.9,1,0,0,1077.8
P002421,2022-10-22,jakarta_barat,rumah,125.0,103.0,1,2,1,1,2.0,baik,SHM,4.9,8.0,0,0,0,1856.9
P003569,2022-10-22,surabaya,rumah,126.0,122.0,2,3,3,2,7.0,sedang,HGB,4.6,10.9,0,1,0,1339.9
P004040,2022-10-22,surabaya,rumah,118.0,64.0,1,2,2,0,34.0,perlu_renovasi,SHM,4.7,9.2,0,1,0,1262.0
P004504,2022-10-22,bekasi,ruko,63.0,109.0,3,1,1,1,5.0,baik,HGB,10.8,27.1,0,0,0,616.2
P006157,2022-10-22,bekasi,rumah,155.0,117.0,1,3,2,2,8.0,baik,SHM,5.2,9.9,0,0,0,1388.3
P006548,2022-10-22,depok,rumah,104.0,50.0,1,1,1,2,9.0,baik,HGB,5.0,13.6,0,1,0,719.5
P009167,2022-10-22,bogor,rumah,83.0,35.0,1,1,1,0,14.0,sedang,SHM,4.1,25.7,0,0,0,266.6
P009284,2022-10-22,jakarta_barat,rumah,42.0,23.0,1,1,1,0,21.0,sedang,SHM,3.7,7.9,0,0,0,530.5
P001445,2022-10-23,jakarta_barat,townhouse,56.0,55.0,2,2,2,0,9.0,baik,girik_ajb,5.2,7.8,0,0,0,761.9
P002184,2022-10-23,jakarta_barat,rumah,107.0,200.0,3,5,5,2,10.0,baik,SHM,6.8,13.7,0,0,0,1973.8
P002441,2022-10-23,yogyakarta,rumah,57.0,66.0,3,2,1,0,11.0,baik,SHM,6.0,17.2,0,0,0,541.6
P004229,2022-10-23,depok,rumah,178.0,79.0,1,2,1,2,15.0,sedang,SHM,,20.0,0,0,0,1056.1
P005638,2022-10-23,bandung,rumah,60.0,63.0,2,2,1,1,13.0,baik,HGB,5.3,6.9,1,1,0,662.1
P006340,2022-10-23,bandung,rumah,169.0,114.0,1,4,3,2,9.0,baik,SHM,3.9,4.0,1,0,0,1544.8
P007419,2022-10-23,bekasi,rumah,183.0,88.0,1,3,3,1,32.0,sedang,SHM,5.8,4.3,0,0,0,1709.2
P008686,2022-10-23,jakarta_barat,rumah,114.0,127.0,2,3,2,1,7.0,sedang,SHM,7.6,6.9,0,1,0,2331.5
P009861,2022-10-23,jakarta_barat,rumah,266.0,377.0,2,10,8,3,27.0,baik,HGB,5.3,4.0,1,0,0,3315.5
P000139,2022-10-24,surabaya,rumah,172.0,133.0,2,4,4,2,20.0,sedang,SHM,3.3,10.3,0,0,1,1332.1
P002523,2022-10-24,bekasi,rumah,125.0,51.0,1,2,2,1,3.0,baik,SHM,6.5,28.3,0,0,0,530.5
P004511,2022-10-24,bogor,rumah,99.0,81.0,2,2,2,0,7.0,baik,HGB,8.7,28.8,0,0,0,504.4
P004920,2022-10-24,bekasi,rumah,80.0,33.0,1,1,1,1,4.0,baik,SHM,6.6,15.6,0,1,0,620.7
P007735,2022-10-24,surabaya,ruko,73.0,77.0,2,0,1,1,24.0,sedang,HGB,5.8,23.5,0,0,1,496.6
P008101,2022-10-24,jakarta_barat,rumah,76.0,64.0,1,2,1,1,12.0,baik,HGB,4.4,9.5,0,0,0,1043.1
P000388,2022-10-25,yogyakarta,rumah,203.0,514.0,3,10,8,2,14.0,sedang,SHM,6.8,12.8,0,1,0,2184.2
P000552,2022-10-25,jakarta_barat,rumah,147.0,75.0,1,2,2,1,,sedang,HGB,12.5,6.6,0,0,0,2139.1
P004560,2022-10-25,bandung,rumah,120.0,71.0,1,2,1,2,,sedang,SHM,5.3,8.1,0,1,0,1240.7
P004669,2022-10-25,semarang,rumah,101.0,131.0,3,4,3,0,33.0,baik,HGB,6.5,4.0,1,1,0,732.4
P005569,2022-10-25,jakarta_barat,rumah,117.0,89.0,1,3,2,2,14.0,perlu_renovasi,HGB,1.9,9.2,0,0,0,1138.1
P007493,2022-10-25,surabaya,rumah,124.0,75.0,1,2,1,2,45.0,perlu_renovasi,SHM,7.4,19.9,0,0,1,598.8
P007769,2022-10-25,yogyakarta,rumah,233.0,165.0,2,4,3,2,22.0,sedang,SHM,6.6,6.9,0,1,0,1776.0
P009755,2022-10-25,bogor,rumah,90.0,133.0,2,4,2,1,16.0,baik,HGB,5.4,14.2,0,0,0,781.0
P002350,2022-10-26,jakarta_selatan,rumah,94.0,52.0,1,1,1,1,23.0,baik,SHM,3.6,5.7,0,0,0,2055.3
P003375,2022-10-26,depok,rumah,104.0,135.0,2,3,2,0,11.0,baik,SHM,4.2,23.6,0,0,0,930.3
P005827,2022-10-26,bandung,rumah,112.0,56.0,1,2,1,1,7.0,baik,SHM,5.6,10.7,0,0,0,918.9
P005911,2022-10-26,yogyakarta,townhouse,61.0,91.0,2,2,2,0,15.0,baik,SHM,9.5,19.0,0,0,1,514.0
P007108,2022-10-26,depok,rumah,81.0,53.0,1,2,1,1,4.0,sedang,SHM,5.7,3.1,1,1,0,948.7
P008499,2022-10-26,depok,rumah,156.0,285.0,2,9,8,1,13.0,baik,HGB,1.7,23.0,0,0,0,1647.3
P009966,2022-10-26,jakarta_selatan,rumah,182.0,67.0,1,2,2,2,,baik,SHM,5.6,12.4,1,0,1,2592.3
P000700,2022-10-27,tangerang_selatan,rumah,52.0,51.0,2,2,2,1,7.0,baik,HGB,5.8,21.6,0,0,0,405.5
P000847,2022-10-27,bekasi,rumah,70.0,31.0,1,1,1,1,5.0,baik,SHM,3.8,22.1,0,1,0,446.3
P002174,2022-10-27,jakarta_barat,rumah,93.0,53.0,1,1,1,1,23.0,baik,HGB,3.0,12.4,0,0,0,926.2
P005407,2022-10-27,bekasi,townhouse,111.0,170.0,2,5,3,1,,baik,SHM,2.5,9.5,0,0,0,1414.0
P006238,2022-10-27,bandung,rumah,173.0,210.0,2,7,5,2,9.0,perlu_renovasi,SHM,7.3,11.9,1,0,0,1678.6
P002307,2022-10-28,depok,rumah,51.0,42.0,1,1,1,1,6.0,baik,SHM,3.0,10.0,0,0,0,455.5
P004201,2022-10-28,jakarta_barat,ruko,49.0,51.0,3,0,1,1,5.0,baik,SHM,8.4,12.2,0,0,0,900.8
P009394,2022-10-28,jakarta_barat,rumah,126.0,95.0,1,2,1,2,8.0,baik,SHM,2.7,10.7,1,0,0,1437.9
P001421,2022-10-29,bandung,ruko,77.0,250.0,4,4,4,1,10.0,baik,SHM,10.8,16.4,0,0,0,1206.6
P002160,2022-10-29,jakarta_selatan,rumah,287.0,401.0,2,10,8,4,18.0,sedang,SHM,10.8,17.7,0,0,1,4362.1
P003180,2022-10-29,depok,townhouse,66.0,87.0,2,3,2,1,15.0,sedang,SHM,2.6,24.1,0,0,0,609.0
P004541,2022-10-29,jakarta_selatan,rumah,66.0,122.0,2,3,2,1,24.0,sedang,HGB,6.2,14.7,0,1,0,1196.5
P004738,2022-10-29,jakarta_selatan,rumah,123.0,77.0,1,2,1,2,7.0,sedang,SHM,6.4,10.1,0,0,0,2665.9
P006753,2022-10-29,surabaya,rumah,108.0,49.0,1,1,1,0,6.0,baik,SHM,6.1,9.9,0,0,0,1135.8
P007272,2022-10-29,semarang,rumah,78.0,104.0,2,3,3,0,13.0,sedang,HGB,11.5,10.5,1,0,0,558.6
P008134,2022-10-29,surabaya,rumah,55.0,99.0,2,3,2,0,10.0,baik,SHM,4.7,10.2,0,0,1,757.3
P008279,2022-10-29,semarang,ruko,45.0,47.0,2,0,1,0,3.0,baik,HGB,11.8,5.2,1,0,0,552.1
P000788,2022-11-02,tangerang_selatan,rumah,137.0,90.0,1,3,2,2,2.0,baik,SHM,4.6,6.0,0,0,0,1718.4
P004340,2022-11-02,surabaya,rumah,85.0,182.0,3,4,4,2,,sedang,SHM,8.0,11.8,0,0,0,1093.4
P005870,2022-11-02,jakarta_barat,rumah,235.0,99.0,1,3,2,3,18.0,sedang,HGB,3.8,18.6,0,0,0,1849.3
P006382,2022-11-02,semarang,rumah,101.0,70.0,2,2,1,0,5.0,baik,SHM,9.1,7.9,0,0,0,754.5
P009884,2022-11-02,tangerang_selatan,rumah,81.0,63.0,2,2,1,1,15.0,sedang,SHM,4.5,13.7,0,0,0,768.1
P000412,2022-11-03,bandung,rumah,167.0,240.0,3,6,5,2,15.0,sedang,SHM,8.0,2.5,1,1,1,2102.6
P001210,2022-11-03,bekasi,rumah,242.0,252.0,2,9,8,2,8.0,baik,SHM,3.4,6.5,1,1,0,3197.5
P001312,2022-11-03,semarang,ruko,63.0,130.0,4,1,1,1,9.0,perlu_renovasi,HGB,,12.6,0,0,0,567.0
P003773,2022-11-03,bandung,rumah,260.0,224.0,1,6,6,3,39.0,perlu_renovasi,girik_ajb,4.6,14.1,1,1,0,1125.3
P004364,2022-11-03,yogyakarta,rumah,109.0,117.0,2,3,2,2,23.0,sedang,SHM,5.9,12.3,1,0,1,591.8
P007692,2022-11-03,bekasi,ruko,67.0,112.0,2,1,1,1,24.0,sedang,girik_ajb,9.3,3.5,1,0,0,746.5
P000755,2022-11-04,bandung,rumah,77.0,43.0,1,1,1,1,2.0,sedang,SHM,2.9,14.9,0,0,0,378.6
P002294,2022-11-04,tangerang_selatan,rumah,174.0,219.0,2,6,6,1,6.0,baik,SHM,4.3,16.8,0,1,0,1967.9
P003439,2022-11-04,jakarta_selatan,rumah,92.0,200.0,3,7,5,1,20.0,baik,SHM,4.7,7.2,0,0,0,2434.8
P004538,2022-11-04,surabaya,rumah,183.0,241.0,2,6,7,2,5.0,baik,HGB,6.5,24.6,0,0,0,1899.2
P004569,2022-11-04,depok,rumah,126.0,94.0,1,2,2,1,18.0,sedang,HGB,3.7,8.9,1,0,0,1000.0
P004906,2022-11-04,bogor,townhouse,77.0,104.0,2,4,3,0,15.0,sedang,SHM,4.9,20.4,0,0,0,494.6
P005291,2022-11-04,tangerang_selatan,rumah,133.0,64.0,1,2,1,1,8.0,baik,HGB,3.1,18.9,0,0,0,975.4
P007541,2022-11-04,yogyakarta,townhouse,100.0,206.0,3,7,6,1,15.0,sedang,HGB,5.3,19.0,0,0,0,1143.9
P007719,2022-11-04,surabaya,rumah,89.0,42.0,1,1,1,1,,baik,HGB,4.1,7.1,1,0,1,809.9
P008524,2022-11-04,bekasi,rumah,169.0,100.0,1,3,3,3,16.0,sedang,SHM,5.0,6.5,0,1,0,1237.8
P000872,2022-11-05,jakarta_selatan,rumah,119.0,117.0,2,3,3,2,13.0,baik,HGB,3.0,4.4,0,0,0,3278.8
P001521,2022-11-05,tangerang_selatan,ruko,88.0,127.0,2,1,1,1,,baik,SHM,6.4,11.9,0,0,0,1653.1
P001946,2022-11-05,semarang,townhouse,109.0,100.0,2,3,2,1,4.0,baik,HGB,2.5,13.4,0,0,0,755.9
P002381,2022-11-05,surabaya,rumah,59.0,22.0,1,1,1,1,,baik,SHM,6.1,20.0,0,0,0,448.6
P002687,2022-11-05,tangerang_selatan,rumah,144.0,212.0,2,6,7,1,5.0,baik,SHM,3.9,19.4,0,0,0,1888.3
P003274,2022-11-05,bandung,townhouse,69.0,80.0,2,2,2,1,15.0,sedang,girik_ajb,4.4,6.4,0,0,0,606.3
P006232,2022-11-05,depok,rumah,166.0,145.0,2,4,3,2,7.0,baik,SHM,2.3,21.8,0,0,0,1073.2
P008439,2022-11-05,yogyakarta,ruko,104.0,239.0,3,5,4,0,15.0,sedang,HGB,11.4,5.9,1,0,0,1631.5
P009144,2022-11-05,bandung,rumah,139.0,124.0,2,4,4,2,19.0,sedang,SHM,6.8,17.7,1,0,0,952.3
P009924,2022-11-05,jakarta_selatan,ruko,82.0,179.0,4,3,3,1,32.0,perlu_renovasi,SHM,10.4,11.5,1,0,0,2358.3
P007196,2022-11-06,yogyakarta,ruko,70.0,81.0,2,0,1,1,26.0,baik,HGB,4.3,17.6,0,0,0,527.1
P007228,2022-11-06,tangerang_selatan,rumah,72.0,102.0,2,3,3,2,16.0,perlu_renovasi,SHM,8.7,15.0,0,1,0,837.0
P009383,2022-11-06,depok,rumah,57.0,28.0,1,1,1,0,9.0,baik,SHM,4.4,12.2,1,0,0,479.6
P001145,2022-11-07,bekasi,townhouse,68.0,64.0,2,2,2,1,5.0,baik,SHM,6.2,6.8,0,0,0,889.2
P002850,2022-11-07,bekasi,rumah,76.0,117.0,3,4,4,0,9.0,perlu_renovasi,SHM,4.7,19.7,0,0,1,578.7
P003054,2022-11-07,surabaya,ruko,73.0,175.0,3,4,3,1,,baik,SHM,6.5,10.8,0,0,0,1543.3
P003653,2022-11-07,tangerang_selatan,ruko,82.0,278.0,4,5,4,1,5.0,baik,SHM,2.7,6.7,1,1,0,1677.2
P004875,2022-11-07,depok,ruko,58.0,142.0,4,2,2,1,23.0,baik,SHM,7.4,12.2,1,1,0,861.9
P006860,2022-11-07,jakarta_selatan,rumah,356.0,305.0,2,10,7,3,3.0,baik,girik_ajb,3.1,15.0,0,0,0,4781.4
P008432,2022-11-07,jakarta_selatan,rumah,348.0,175.0,1,6,4,5,29.0,perlu_renovasi,HGB,5.0,11.3,1,0,1,4288.0
P000810,2022-11-08,yogyakarta,rumah,70.0,75.0,2,2,2,1,5.0,baik,HGB,2.1,18.8,0,0,0,487.2
P003803,2022-11-08,tangerang_selatan,rumah,96.0,143.0,2,5,5,0,7.0,baik,HGB,3.5,5.5,0,0,0,1232.1
P003843,2022-11-08,bandung,rumah,116.0,98.0,1,2,2,2,11.0,baik,SHM,6.4,16.4,0,0,0,1066.4
P004680,2022-11-08,semarang,ruko,110.0,151.0,3,2,2,2,10.0,baik,SHM,10.8,13.5,1,0,1,891.1
P004763,2022-11-08,semarang,rumah,142.0,67.0,1,2,1,1,8.0,baik,SHM,5.2,12.1,0,0,0,742.7
P004965,2022-11-08,tangerang_selatan,rumah,116.0,155.0,2,5,4,1,5.0,baik,SHM,,14.8,0,0,0,1619.8
P006356,2022-11-08,depok,rumah,267.0,255.0,2,7,7,2,2.0,baik,SHM,10.1,11.9,0,1,1,2307.0
P008707,2022-11-08,jakarta_barat,townhouse,58.0,69.0,2,2,1,0,15.0,sedang,SHM,4.2,12.3,1,0,0,898.4
P000409,2022-11-09,jakarta_selatan,rumah,113.0,68.0,1,2,2,0,17.0,sedang,SHM,12.2,12.4,0,0,0,2019.4
P003838,2022-11-09,jakarta_selatan,townhouse,79.0,130.0,2,4,2,0,2.0,baik,SHM,3.7,8.0,1,0,0,2086.9
P006820,2022-11-09,yogyakarta,rumah,84.0,89.0,2,3,2,1,36.0,perlu_renovasi,SHM,4.2,13.9,0,0,0,427.9
P007263,2022-11-09,depok,rumah,68.0,30.0,1,1,1,1,2.0,sedang,SHM,6.5,5.6,1,1,0,809.1
P009901,2022-11-09,tangerang_selatan,rumah,92.0,43.0,1,1,1,1,5.0,sedang,HGB,3.5,10.0,0,1,1,680.7
P002967,2022-11-10,tangerang_selatan,rumah,214.0,299.0,2,10,8,2,24.0,baik,SHM,5.2,15.8,1,0,0,2484.7
P004276,2022-11-10,jakarta_selatan,rumah,192.0,81.0,1,2,2,4,9.0,baik,SHM,10.3,13.5,1,1,0,3287.9
P004785,2022-11-10,yogyakarta,rumah,95.0,132.0,2,5,5,1,6.0,baik,SHM,3.5,4.0,0,0,0,1235.6
P005807,2022-11-10,bandung,townhouse,62.0,112.0,3,3,3,1,15.0,perlu_renovasi,SHM,6.5,18.5,0,0,0,597.9
P008282,2022-11-10,bogor,rumah,180.0,115.0,1,4,3,2,3.0,baik,HGB,6.3,11.9,0,0,1,1194.1
P000301,2022-11-11,surabaya,ruko,79.0,97.0,3,0,1,1,37.0,perlu_renovasi,HGB,10.4,7.6,0,0,0,924.1
P009200,2022-11-11,depok,townhouse,93.0,131.0,3,4,3,1,15.0,perlu_renovasi,SHM,2.9,11.2,0,0,0,810.3
P009852,2022-11-11,bandung,rumah,102.0,114.0,2,3,3,0,14.0,sedang,SHM,6.6,19.0,0,0,0,830.1
P000163,2022-11-12,tangerang_selatan,rumah,201.0,163.0,2,4,4,2,10.0,sedang,SHM,7.7,11.3,1,1,0,2476.3
P002124,2022-11-12,jakarta_barat,rumah,51.0,48.0,2,1,1,0,1.0,baik,SHM,6.0,19.1,0,0,0,649.2
P002685,2022-11-12,tangerang_selatan,rumah,81.0,48.0,1,1,1,1,10.0,baik,SHM,4.7,5.6,1,0,0,1220.6
P002952,2022-11-12,surabaya,townhouse,90.0,131.0,3,3,2,2,5.0,baik,SHM,8.3,5.0,0,1,0,1762.3
P005446,2022-11-12,tangerang_selatan,rumah,134.0,178.0,3,4,3,1,,baik,HGB,5.3,10.6,1,0,0,2015.8
P006333,2022-11-12,depok,rumah,193.0,141.0,1,4,3,3,7.0,baik,HGB,6.7,23.5,0,1,0,1292.5
P006683,2022-11-12,bogor,townhouse,71.0,104.0,2,3,3,0,6.0,sedang,SHM,,12.6,0,0,0,782.9
P006899,2022-11-12,bogor,townhouse,97.0,140.0,2,5,4,2,15.0,sedang,SHM,3.0,28.2,0,0,0,654.7
P007097,2022-11-12,depok,rumah,81.0,101.0,2,2,2,1,26.0,sedang,HGB,6.1,9.9,0,0,0,775.9
P007712,2022-11-12,surabaya,rumah,86.0,73.0,2,2,1,1,3.0,sedang,SHM,5.4,12.9,0,0,0,882.8
P008019,2022-11-12,tangerang_selatan,rumah,116.0,165.0,2,5,3,1,9.0,sedang,SHM,6.0,17.3,0,0,0,1246.7
P008199,2022-11-12,bekasi,ruko,62.0,106.0,3,1,1,0,11.0,sedang,SHM,8.3,25.6,0,0,1,510.4
P008329,2022-11-12,surabaya,ruko,50.0,108.0,4,1,1,1,9.0,sedang,SHM,8.6,8.4,0,0,0,993.3
P008666,2022-11-12,bandung,rumah,128.0,93.0,1,3,2,1,2.0,baik,HGB,2.8,12.0,0,0,0,1054.6
P009624,2022-11-12,bandung,townhouse,71.0,193.0,3,5,3,1,13.0,baik,SHM,6.1,4.0,1,1,0,1511.2
P009712,2022-11-12,bekasi,ruko,58.0,78.0,2,0,1,0,7.0,baik,HGB,8.0,3.2,0,0,0,927.1
P001194,2022-11-13,yogyakarta,rumah,115.0,159.0,2,4,4,2,16.0,sedang,HGB,4.9,12.7,1,0,0,904.6
P001636,2022-11-13,bekasi,rumah,127.0,69.0,1,2,2,1,9.0,sedang,SHM,3.6,16.8,1,0,0,831.9
P003004,2022-11-13,bandung,rumah,76.0,37.0,1,1,1,1,13.0,sedang,SHM,,11.7,1,0,1,431.5
P003950,2022-11-13,tangerang_selatan,rumah,67.0,27.0,1,1,1,0,4.0,sedang,SHM,4.6,12.8,0,0,0,606.4
P004908,2022-11-13,jakarta_barat,rumah,63.0,28.0,1,1,1,1,3.0,sedang,HGB,10.1,4.8,0,0,0,975.5
P005551,2022-11-13,tangerang_selatan,rumah,151.0,68.0,1,2,2,2,2.0,sedang,SHM,6.2,18.4,0,0,0,1311.6
P008326,2022-11-13,jakarta_barat,rumah,92.0,146.0,2,3,3,1,23.0,perlu_renovasi,SHM,8.5,14.1,0,0,0,1221.5
P009181,2022-11-13,bekasi,rumah,135.0,196.0,2,4,4,2,4.0,baik,SHM,3.2,19.0,1,0,1,1209.3
P009295,2022-11-13,jakarta_barat,ruko,63.0,87.0,3,1,1,0,32.0,perlu_renovasi,SHM,12.9,5.7,0,1,0,1855.9
P009390,2022-11-13,jakarta_selatan,rumah,89.0,41.0,1,1,1,1,23.0,sedang,girik_ajb,6.0,7.0,1,0,0,1621.2
P000429,2022-11-14,jakarta_selatan,rumah,135.0,241.0,2,7,8,2,25.0,baik,SHM,5.5,8.8,1,0,0,3481.0
P000513,2022-11-14,jakarta_selatan,rumah,122.0,154.0,2,4,4,2,13.0,baik,SHM,4.1,4.6,1,0,0,3074.1
P000707,2022-11-14,surabaya,rumah,200.0,235.0,2,6,4,2,5.0,baik,SHM,2.7,24.6,0,0,0,1602.2
P001413,2022-11-14,surabaya,townhouse,64.0,93.0,2,2,2,0,15.0,sedang,SHM,7.1,20.9,0,0,0,723.8
P002726,2022-11-14,bandung,rumah,72.0,110.0,2,4,4,1,18.0,sedang,SHM,4.3,4.5,1,1,0,1020.9
P002892,2022-11-14,yogyakarta,rumah,72.0,92.0,2,3,3,1,6.0,sedang,HGB,5.0,16.9,1,0,0,643.6
P005318,2022-11-14,semarang,rumah,192.0,102.0,1,3,2,3,24.0,sedang,SHM,2.6,3.1,0,0,0,1145.8
P005421,2022-11-14,bekasi,rumah,43.0,66.0,2,2,1,0,9.0,baik,SHM,12.2,20.8,1,0,0,485.1
P005564,2022-11-14,jakarta_barat,rumah,178.0,117.0,1,4,4,2,8.0,perlu_renovasi,SHM,4.9,18.6,1,0,0,1528.2
P007119,2022-11-14,tangerang_selatan,rumah,85.0,132.0,2,4,4,1,26.0,baik,SHM,4.8,24.2,0,0,0,678.1
P007672,2022-11-14,jakarta_barat,ruko,103.0,123.0,2,1,1,0,18.0,sedang,HGB,12.6,11.2,0,1,0,2044.7
P000307,2022-11-15,bekasi,rumah,104.0,81.0,1,3,3,1,5.0,baik,SHM,3.7,16.7,0,0,0,819.9
P000524,2022-11-15,bogor,rumah,185.0,200.0,2,6,4,1,12.0,baik,SHM,9.9,16.0,0,0,0,1333.8
P001793,2022-11-15,jakarta_barat,townhouse,84.0,108.0,2,3,2,0,9.0,baik,HGB,5.4,14.1,0,0,0,1174.6
P003676,2022-11-15,semarang,rumah,161.0,70.0,1,2,2,1,5.0,sedang,SHM,8.2,19.9,0,0,0,707.3
P004203,2022-11-15,jakarta_selatan,rumah,105.0,96.0,2,2,2,1,20.0,perlu_renovasi,SHM,5.1,16.0,1,0,0,1714.0
P004325,2022-11-15,jakarta_barat,rumah,132.0,112.0,1,2,2,2,11.0,sedang,SHM,9.1,10.8,0,0,0,1706.6
P004644,2022-11-15,jakarta_selatan,rumah,107.0,51.0,1,2,2,2,11.0,baik,HGB,4.5,13.5,1,0,0,1810.2
P004915,2022-11-15,tangerang_selatan,rumah,69.0,87.0,2,2,2,1,27.0,baik,SHM,5.6,3.7,1,1,0,1172.9
P007176,2022-11-15,jakarta_selatan,rumah,52.0,80.0,3,2,1,0,,baik,SHM,8.7,7.7,0,1,0,1617.2
P008383,2022-11-15,jakarta_selatan,rumah,152.0,98.0,1,2,2,2,6.0,baik,HGB,4.3,7.0,1,0,0,3150.7
P008842,2022-11-15,jakarta_barat,rumah,170.0,123.0,1,4,4,1,9.0,baik,HGB,6.3,10.1,1,0,0,2711.2
P009703,2022-11-15,yogyakarta,rumah,89.0,119.0,2,4,3,1,22.0,sedang,SHM,10.5,13.5,0,0,0,598.2
P009919,2022-11-15,jakarta_selatan,rumah,88.0,101.0,2,3,2,1,7.0,baik,SHM,5.6,2.7,1,1,0,2949.0
P009970,2022-11-15,depok,rumah,63.0,27.0,1,1,1,0,28.0,baik,SHM,7.2,7.9,0,0,0,542.0
P001255,2022-11-16,jakarta_barat,rumah,113.0,49.0,1,1,1,1,36.0,sedang,SHM,2.5,11.1,1,1,0,1045.1
P001515,2022-11-16,semarang,rumah,323.0,480.0,2,10,8,3,,baik,HGB,7.2,6.8,1,0,0,3109.3
P007014,2022-11-16,bandung,rumah,58.0,41.0,1,1,1,0,6.0,baik,SHM,4.6,14.5,1,0,0,415.0
P007045,2022-11-16,yogyakarta,rumah,56.0,40.0,1,1,1,1,22.0,sedang,SHM,5.2,14.6,0,0,0,322.7
P009825,2022-11-16,bekasi,rumah,258.0,172.0,1,5,4,1,11.0,sedang,HGB,4.9,10.8,0,0,0,1777.5
P001260,2022-11-17,yogyakarta,rumah,109.0,85.0,2,2,1,1,23.0,baik,SHM,6.3,6.8,0,0,0,968.3
P002837,2022-11-17,bogor,ruko,58.0,137.0,4,2,1,0,21.0,sedang,HGB,6.1,28.2,0,0,1,442.2
P006526,2022-11-17,yogyakarta,rumah,168.0,263.0,2,8,7,2,10.0,baik,HGB,4.6,11.2,0,0,0,2097.5
P007669,2022-11-17,bogor,rumah,139.0,92.0,1,3,3,1,14.0,sedang,SHM,4.7,16.9,0,0,0,659.6
P008389,2022-11-17,bekasi,rumah,144.0,147.0,2,4,3,2,22.0,sedang,HGB,4.9,24.7,1,0,0,672.6
P000178,2022-11-18,yogyakarta,townhouse,120.0,185.0,2,6,6,1,6.0,sedang,SHM,,15.2,0,0,0,1175.1
P001346,2022-11-18,bogor,rumah,191.0,250.0,2,7,5,2,5.0,baik,SHM,3.7,16.9,1,0,0,1606.9
P002037,2022-11-18,yogyakarta,rumah,40.0,71.0,2,2,2,0,3.0,baik,SHM,3.2,11.1,0,0,0,447.6
P003483,2022-11-18,surabaya,ruko,84.0,128.0,4,2,2,1,2.0,baik,SHM,5.8,8.1,1,1,0,1231.1
P003755,2022-11-18,bekasi,rumah,228.0,101.0,1,3,3,2,3.0,baik,SHM,5.6,10.8,0,1,0,1676.1
P003774,2022-11-18,surabaya,rumah,79.0,56.0,1,1,1,1,10.0,baik,SHM,6.2,14.0,1,0,0,871.7
P004743,2022-11-18,surabaya,townhouse,96.0,116.0,2,3,2,1,12.0,baik,HGB,9.0,19.8,0,0,0,1014.8
P006730,2022-11-18,bogor,rumah,128.0,199.0,3,5,3,2,57.0,perlu_renovasi,SHM,7.2,25.0,0,0,0,396.2
P009767,2022-11-18,tangerang_selatan,rumah,112.0,108.0,2,3,2,0,21.0,sedang,HGB,6.0,11.2,0,0,0,1172.9
P000232,2022-11-19,bekasi,townhouse,79.0,106.0,2,3,2,1,4.0,sedang,SHM,3.5,23.6,0,0,1,630.3
P001508,2022-11-19,bekasi,rumah,334.0,419.0,2,10,7,3,5.0,baik,SHM,5.1,3.1,0,0,0,3934.4
P003854,2022-11-19,bekasi,rumah,151.0,387.0,3,10,6,3,20.0,sedang,SHM,5.9,12.8,0,0,0,1715.4
P004161,2022-11-19,depok,rumah,148.0,252.0,2,7,5,2,17.0,sedang,HGB,6.4,14.0,0,1,0,1701.9
P005215,2022-11-19,bekasi,rumah,84.0,42.0,1,1,1,2,24.0,perlu_renovasi,HGB,4.9,10.4,0,0,0,504.3
P007238,2022-11-19,bogor,rumah,111.0,53.0,1,1,1,2,15.0,sedang,HGB,5.6,17.0,1,0,0,552.1
P007389,2022-11-19,jakarta_selatan,ruko,75.0,191.0,3,4,3,1,14.0,perlu_renovasi,SHM,9.4,11.6,0,1,0,2193.5
P007789,2022-11-19,depok,rumah,151.0,71.0,1,2,2,1,16.0,sedang,HGB,3.4,21.3,0,0,0,650.7
P002398,2022-11-20,jakarta_barat,townhouse,127.0,223.0,2,5,3,2,2.0,baik,SHM,4.1,9.4,0,0,0,2373.4
P005225,2022-11-20,depok,ruko,118.0,125.0,2,1,1,2,30.0,baik,SHM,14.2,14.9,1,0,0,877.1
P005488,2022-11-20,jakarta_barat,rumah,135.0,165.0,2,5,4,1,1.0,baik,SHM,3.9,13.3,0,0,0,1858.6
P006372,2022-11-20,jakarta_selatan,rumah,61.0,53.0,1,1,1,0,14.0,baik,HGB,6.4,12.3,0,0,0,1282.2
P007440,2022-11-20,semarang,rumah,238.0,94.0,1,2,1,3,3.0,perlu_renovasi,SHM,3.2,17.8,1,0,0,833.0
P008566,2022-11-20,bekasi,rumah,102.0,143.0,2,4,4,0,10.0,sedang,HGB,5.0,19.2,0,0,0,849.6
P000317,2022-11-21,bekasi,ruko,74.0,199.0,3,4,3,1,21.0,perlu_renovasi,HGB,6.5,12.4,0,1,0,937.3
P000368,2022-11-21,bandung,rumah,143.0,53.0,1,1,1,2,8.0,baik,SHM,5.5,10.7,0,0,0,1122.7
P000620,2022-11-21,jakarta_selatan,rumah,83.0,79.0,2,2,1,1,16.0,perlu_renovasi,SHM,6.1,14.4,0,0,0,1617.1
P001396,2022-11-21,jakarta_barat,rumah,206.0,287.0,2,9,7,3,10.0,sedang,SHM,3.5,14.6,0,0,0,2629.8
P004216,2022-11-21,jakarta_barat,rumah,159.0,80.0,1,2,1,0,9.0,baik,SHM,7.2,8.5,0,0,1,2303.1
P005917,2022-11-21,surabaya,rumah,156.0,244.0,3,9,6,2,9.0,baik,SHM,8.0,20.8,1,0,0,1937.7
P007278,2022-11-21,bandung,rumah,100.0,45.0,1,2,1,0,31.0,perlu_renovasi,SHM,8.2,9.4,0,0,0,706.8
P008129,2022-11-21,bogor,rumah,56.0,26.0,1,1,1,1,19.0,baik,SHM,6.1,29.4,0,1,0,206.8
P001356,2022-11-22,jakarta_selatan,rumah,123.0,190.0,2,5,3,2,31.0,perlu_renovasi,SHM,5.7,4.5,0,1,0,2788.4
P002261,2022-11-22,bandung,rumah,251.0,261.0,2,7,5,3,13.0,sedang,HGB,5.5,10.4,0,0,0,2275.7
P004419,2022-11-22,jakarta_selatan,rumah,53.0,82.0,2,3,3,1,27.0,perlu_renovasi,SHM,6.9,8.6,0,0,0,1291.8
P005656,2022-11-22,jakarta_barat,townhouse,110.0,169.0,2,4,3,1,15.0,sedang,HGB,3.7,13.3,0,0,0,1671.7
P005787,2022-11-22,semarang,ruko,71.0,90.0,2,1,1,2,10.0,baik,HGB,6.4,20.0,0,1,0,516.7
P006531,2022-11-22,tangerang_selatan,townhouse,104.0,112.0,2,3,2,1,7.0,baik,SHM,2.1,15.6,0,0,0,1228.8
P007498,2022-11-22,depok,rumah,102.0,133.0,2,3,3,0,11.0,baik,HGB,2.7,20.2,1,0,0,749.9
P008711,2022-11-22,bandung,rumah,97.0,52.0,1,1,1,1,5.0,sedang,SHM,7.3,11.9,0,1,0,764.4
P000103,2022-11-23,tangerang_selatan,rumah,84.0,107.0,2,3,2,0,13.0,baik,SHM,7.0,23.6,0,0,0,826.7
P002676,2022-11-23,depok,rumah,91.0,68.0,2,2,2,1,15.0,perlu_renovasi,HGB,2.7,7.0,1,0,0,620.1
P005179,2022-11-23,depok,rumah,68.0,74.0,2,2,2,1,19.0,baik,SHM,6.8,15.4,0,0,0,684.0
P005774,2022-11-23,depok,rumah,275.0,201.0,1,7,6,3,18.0,sedang,SHM,7.3,5.6,0,0,0,2590.8
P006191,2022-11-23,surabaya,rumah,126.0,108.0,1,4,4,1,10.0,baik,SHM,7.6,8.3,1,1,0,1973.5
P006216,2022-11-23,jakarta_barat,rumah,118.0,112.0,2,3,2,2,24.0,sedang,SHM,5.8,14.3,0,0,0,1486.6
P007933,2022-11-23,jakarta_selatan,rumah,100.0,68.0,1,2,1,1,20.0,sedang,SHM,7.3,3.3,0,0,0,3143.2
P000242,2022-11-24,surabaya,rumah,172.0,189.0,2,4,3,3,22.0,sedang,SHM,5.7,2.1,0,1,0,2622.0
P000817,2022-11-24,semarang,townhouse,82.0,105.0,2,3,3,0,15.0,baik,HGB,5.5,15.4,1,0,0,647.5
P000830,2022-11-24,tangerang_selatan,ruko,36.0,66.0,3,0,1,0,5.0,baik,SHM,7.2,12.5,1,0,0,841.1
P000992,2022-11-24,bandung,ruko,77.0,106.0,2,1,1,0,2.0,baik,girik_ajb,17.0,16.3,0,0,0,818.3
P002220,2022-11-24,tangerang_selatan,rumah,77.0,79.0,2,3,3,1,5.0,baik,SHM,4.0,18.2,0,0,0,931.1
P003020,2022-11-24,tangerang_selatan,rumah,154.0,121.0,1,3,3,2,12.0,baik,SHM,3.9,7.5,1,0,0,1894.4
P004044,2022-11-24,semarang,rumah,321.0,305.0,2,10,8,5,5.0,baik,SHM,3.4,17.5,1,0,0,2288.0
P007232,2022-11-24,tangerang_selatan,rumah,124.0,125.0,2,4,3,1,10.0,baik,girik_ajb,4.6,22.4,0,0,0,934.0
P009162,2022-11-24,surabaya,townhouse,56.0,95.0,2,2,2,1,15.0,sedang,SHM,5.8,20.0,0,0,0,539.4
P000946,2022-11-25,tangerang_selatan,rumah,102.0,120.0,2,4,3,1,17.0,sedang,SHM,2.2,24.1,0,0,0,674.3
P005264,2022-11-25,semarang,ruko,82.0,141.0,3,3,3,1,10.0,baik,SHM,8.8,6.7,1,0,1,915.3
P007596,2022-11-25,semarang,rumah,122.0,47.0,1,1,1,1,12.0,sedang,SHM,4.1,8.1,0,0,0,647.3
P009816,2022-11-25,jakarta_barat,townhouse,87.0,116.0,2,3,2,2,15.0,sedang,SHM,6.2,6.3,0,0,0,1410.5
P000319,2022-11-26,tangerang_selatan,rumah,107.0,198.0,3,6,7,1,27.0,sedang,HGB,4.1,24.4,0,0,0,841.8
P003093,2022-11-26,surabaya,rumah,99.0,55.0,1,1,1,1,20.0,baik,SHM,5.0,13.3,0,0,0,873.6
P005345,2022-11-26,tangerang_selatan,rumah,163.0,179.0,2,4,3,2,4.0,sedang,HGB,4.5,14.4,0,0,0,1710.5
P005574,2022-11-26,surabaya,ruko,86.0,166.0,3,2,2,0,2.0,sedang,SHM,11.5,19.3,0,0,1,1163.1
P001611,2022-11-27,tangerang_selatan,rumah,63.0,112.0,3,4,4,0,22.0,baik,HGB,5.4,4.7,0,0,0,1014.5
P002630,2022-11-27,tangerang_selatan,rumah,106.0,115.0,2,3,3,2,34.0,baik,HGB,6.1,19.2,0,0,0,735.6
P003113,2022-11-27,bandung,rumah,94.0,67.0,1,2,2,2,3.0,sedang,girik_ajb,4.3,3.1,0,0,0,783.7
P004268,2022-11-27,surabaya,rumah,73.0,67.0,1,2,1,0,14.0,baik,SHM,5.1,21.4,0,0,0,485.2
P008430,2022-11-27,bogor,rumah,239.0,118.0,1,4,3,3,29.0,sedang,SHM,8.1,16.8,0,0,0,978.9
P009723,2022-11-27,depok,rumah,143.0,63.0,1,2,2,1,17.0,sedang,SHM,7.4,10.0,0,0,0,1235.3
P000476,2022-11-28,tangerang_selatan,townhouse,103.0,104.0,2,4,3,0,11.0,sedang,SHM,6.3,4.5,1,1,0,1656.0
P000704,2022-11-28,semarang,rumah,105.0,115.0,2,3,3,2,50.0,perlu_renovasi,HGB,5.3,14.1,0,0,0,308.1
P001542,2022-11-28,tangerang_selatan,rumah,120.0,124.0,2,4,3,1,4.0,sedang,SHM,6.2,4.1,0,0,0,2093.2
P001715,2022-11-28,tangerang_selatan,townhouse,61.0,84.0,2,2,1,1,15.0,baik,SHM,6.1,21.5,0,1,0,746.8
P003905,2022-11-28,bekasi,ruko,85.0,122.0,2,1,1,0,29.0,perlu_renovasi,HGB,,4.5,0,0,1,899.5
P004156,2022-11-28,jakarta_selatan,rumah,81.0,42.0,1,1,1,0,11.0,baik,SHM,6.9,14.5,1,0,0,1522.3
P004598,2022-11-28,jakarta_barat,townhouse,78.0,137.0,2,4,4,2,8.0,sedang,HGB,4.7,7.7,1,1,0,1748.2
P004789,2022-11-28,jakarta_barat,rumah,75.0,33.0,1,1,1,1,20.0,sedang,SHM,5.5,11.5,0,0,0,799.7
P005310,2022-11-28,tangerang_selatan,ruko,113.0,123.0,2,1,1,1,13.0,sedang,SHM,7.7,9.3,0,0,0,2119.0
P008641,2022-11-28,tangerang_selatan,townhouse,79.0,68.0,2,2,2,1,8.0,baik,HGB,14.4,6.9,0,0,0,1204.4
P008951,2022-11-28,tangerang_selatan,rumah,30.0,29.0,2,1,1,1,20.0,baik,SHM,6.0,22.6,0,0,1,267.6
P009280,2022-11-28,semarang,rumah,106.0,142.0,2,4,4,2,1.0,baik,HGB,3.4,12.4,0,0,0,1039.7
P000716,2022-11-29,jakarta_barat,rumah,89.0,130.0,2,4,3,0,19.0,sedang,SHM,5.0,8.0,1,0,0,1284.6
P004407,2022-11-29,semarang,rumah,109.0,125.0,2,3,3,0,16.0,perlu_renovasi,HGB,6.4,7.6,0,0,1,636.7
P004815,2022-11-29,bekasi,townhouse,88.0,187.0,3,5,3,1,10.0,sedang,SHM,7.8,5.6,1,0,1,1370.4
P005871,2022-11-29,bogor,ruko,106.0,201.0,4,3,2,1,23.0,perlu_renovasi,SHM,10.1,9.3,1,0,0,845.1
P006655,2022-11-29,depok,townhouse,96.0,161.0,3,4,4,2,14.0,sedang,SHM,3.4,4.9,0,1,0,1191.8
P009095,2022-11-29,tangerang_selatan,townhouse,76.0,59.0,2,1,1,0,15.0,sedang,SHM,4.4,7.0,0,0,0,1058.7
P000061,2022-12-02,bandung,townhouse,101.0,81.0,2,2,2,1,4.0,sedang,SHM,8.4,19.7,0,0,0,774.0
P000343,2022-12-02,surabaya,ruko,53.0,64.0,3,0,1,1,3.0,baik,SHM,11.1,2.4,0,0,0,1255.9
P001273,2022-12-02,bekasi,townhouse,93.0,91.0,2,2,2,0,15.0,perlu_renovasi,SHM,5.9,28.9,0,0,0,429.6
P001328,2022-12-02,depok,townhouse,63.0,139.0,3,4,3,0,4.0,baik,SHM,4.9,4.0,0,0,0,1280.5
P001709,2022-12-02,semarang,rumah,125.0,65.0,1,2,2,2,14.0,sedang,SHM,2.8,10.3,1,1,0,651.1
P004465,2022-12-02,jakarta_barat,rumah,135.0,72.0,1,2,1,2,12.0,baik,HGB,2.5,16.0,0,0,0,1018.8
P004901,2022-12-02,depok,rumah,136.0,53.0,1,1,1,1,12.0,sedang,SHM,6.0,21.3,1,0,0,745.6
P007216,2022-12-02,jakarta_selatan,rumah,70.0,96.0,2,3,2,1,36.0,perlu_renovasi,SHM,6.7,10.1,0,0,0,1345.8
P007774,2022-12-02,yogyakarta,rumah,111.0,46.0,1,2,2,1,16.0,sedang,SHM,5.2,6.1,1,1,0,964.5
P008100,2022-12-02,yogyakarta,ruko,92.0,214.0,4,5,5,2,11.0,baik,HGB,6.1,9.5,0,0,0,1673.8
P001915,2022-12-03,jakarta_barat,rumah,64.0,40.0,1,1,1,1,10.0,baik,girik_ajb,7.9,19.8,1,0,1,506.4
P002622,2022-12-03,yogyakarta,rumah,151.0,365.0,3,9,7,2,4.0,sedang,SHM,3.6,16.0,0,0,0,1725.6
P002656,2022-12-03,semarang,townhouse,100.0,134.0,2,3,3,1,,sedang,SHM,6.7,10.5,0,0,0,865.8
P003845,2022-12-03,yogyakarta,rumah,107.0,90.0,2,3,2,1,4.0,baik,girik_ajb,8.0,15.4,0,1,0,811.2
P005450,2022-12-03,bekasi,rumah,154.0,211.0,2,5,5,2,14.0,sedang,SHM,2.7,10.2,0,0,0,1451.2
P006246,2022-12-03,jakarta_selatan,rumah,223.0,90.0,1,3,3,2,31.0,perlu_renovasi,SHM,4.5,7.4,1,1,0,4376.7
P008147,2022-12-03,tangerang_selatan,rumah,143.0,75.0,1,2,2,3,14.0,perlu_renovasi,SHM,4.7,20.7,0,0,0,1078.2
P008838,2022-12-03,bandung,rumah,142.0,163.0,2,5,4,2,,sedang,HGB,5.0,12.4,0,0,1,1067.1
P009306,2022-12-03,bekasi,ruko,74.0,224.0,4,4,4,1,18.0,sedang,SHM,10.4,11.4,1,0,0,900.6
P009792,2022-12-03,jakarta_barat,rumah,167.0,166.0,2,4,3,2,2.0,sedang,SHM,4.0,14.2,0,0,1,2028.4
P000006,2022-12-04,yogyakarta,rumah,153.0,235.0,2,7,6,1,4.0,baik,SHM,8.8,4.8,0,0,0,2014.1
P000050,2022-12-04,jakarta_barat,rumah,124.0,57.0,1,2,2,2,52.0,baik,SHM,6.7,15.0,0,0,0,1231.1
P000063,2022-12-04,depok,rumah,119.0,94.0,1,3,2,1,19.0,baik,SHM,4.1,20.9,1,0,0,811.1
P000364,2022-12-04,jakarta_selatan,rumah,132.0,89.0,1,2,1,2,6.0,baik,HGB,5.9,12.9,1,0,0,2507.5
P000434,2022-12-04,surabaya,ruko,96.0,169.0,3,3,3,0,23.0,baik,HGB,8.2,13.4,0,0,0,1199.0
P001590,2022-12-04,jakarta_barat,rumah,78.0,61.0,1,1,1,1,30.0,baik,SHM,3.7,6.6,0,0,0,1032.5
P001620,2022-12-04,jakarta_selatan,rumah,174.0,120.0,1,3,3,2,8.0,sedang,HGB,8.0,5.8,1,1,0,5479.4
P002156,2022-12-04,surabaya,rumah,99.0,106.0,2,3,3,1,9.0,baik,HGB,2.8,4.4,1,1,0,1294.2
P002452,2022-12-04,bandung,rumah,96.0,86.0,1,2,2,0,4.0,baik,SHM,2.3,18.7,0,0,0,715.5
P002547,2022-12-04,yogyakarta,rumah,81.0,69.0,2,2,1,2,2.0,baik,HGB,2.7,17.3,0,0,1,598.9
P003976,2022-12-04,jakarta_barat,rumah,52.0,36.0,1,1,1,0,40.0,sedang,SHM,3.0,16.9,0,0,0,431.6
P005054,2022-12-04,jakarta_barat,rumah,136.0,150.0,2,5,3,2,3.0,baik,SHM,6.6,12.6,0,1,0,2215.6
P006344,2022-12-04,bekasi,rumah,122.0,117.0,2,3,3,1,13.0,sedang,SHM,5.9,3.2,0,0,0,1242.5
P006904,2022-12-04,tangerang_selatan,rumah,61.0,22.0,1,1,1,1,5.0,baik,SHM,5.9,21.9,0,0,0,420.0
P002255,2022-12-05,yogyakarta,rumah,144.0,86.0,1,2,1,2,12.0,baik,SHM,4.9,2.9,1,0,0,1358.4
P002509,2022-12-05,depok,townhouse,77.0,69.0,2,2,2,0,15.0,sedang,SHM,2.1,21.8,0,0,0,433.0
P001427,2022-12-06,jakarta_selatan,rumah,209.0,137.0,1,3,2,2,27.0,sedang,SHM,4.8,15.4,0,0,0,3036.8
P002861,2022-12-06,bekasi,ruko,124.0,311.0,3,6,6,1,9.0,baik,SHM,7.9,18.3,0,0,0,1891.7
P006404,2022-12-06,depok,rumah,130.0,92.0,1,2,2,1,16.0,sedang,SHM,3.9,15.3,1,0,0,926.5
P006586,2022-12-06,tangerang_selatan,townhouse,63.0,48.0,2,2,2,0,6.0,baik,SHM,3.8,3.7,0,0,0,995.0
P006698,2022-12-06,jakarta_barat,rumah,145.0,91.0,1,3,2,1,20.0,baik,SHM,10.2,6.3,0,1,1,2216.1
P007113,2022-12-06,bandung,rumah,118.0,151.0,2,5,5,2,13.0,sedang,SHM,6.4,3.3,1,0,0,1392.3
P007482,2022-12-06,semarang,rumah,69.0,46.0,1,2,2,0,5.0,baik,SHM,7.8,3.3,0,1,0,572.6
P000579,2022-12-07,surabaya,rumah,62.0,86.0,2,2,1,1,44.0,perlu_renovasi,SHM,5.1,8.0,1,0,0,588.1
P000671,2022-12-07,jakarta_barat,rumah,39.0,38.0,2,1,1,0,5.0,sedang,SHM,5.0,6.3,1,1,0,728.6
P002422,2022-12-07,jakarta_barat,rumah,156.0,316.0,3,8,8,2,11.0,perlu_renovasi,SHM,6.3,8.1,1,0,0,3313.5
P002519,2022-12-07,depok,rumah,150.0,47.0,1,1,1,2,1.0,baik,SHM,6.7,5.3,0,1,0,1542.3
P003101,2022-12-07,yogyakarta,rumah,111.0,213.0,3,7,8,1,29.0,baik,SHM,3.7,2.6,1,0,1,1168.6
P003403,2022-12-07,depok,rumah,292.0,213.0,1,7,7,3,3.0,baik,girik_ajb,3.4,10.9,0,0,0,2349.8
P005212,2022-12-07,tangerang_selatan,ruko,60.0,109.0,3,0,1,0,26.0,sedang,HGB,2.3,8.3,1,1,0,987.0
P000564,2022-12-08,bogor,ruko,78.0,99.0,3,1,1,1,13.0,baik,SHM,8.4,8.2,0,0,0,947.0
P000599,2022-12-08,yogyakarta,townhouse,78.0,120.0,3,3,2,2,15.0,sedang,SHM,8.3,3.3,1,1,0,1094.7
P001680,2022-12-08,depok,rumah,56.0,68.0,2,2,1,1,10.0,sedang,SHM,8.1,11.0,0,1,0,529.0
P005265,2022-12-08,bekasi,rumah,97.0,125.0,2,3,3,1,15.0,baik,SHM,4.6,7.6,0,0,0,899.6
P006628,2022-12-08,bogor,rumah,119.0,63.0,1,2,1,1,13.0,sedang,SHM,7.0,17.6,0,0,1,408.5
P007374,2022-12-08,surabaya,townhouse,105.0,141.0,2,5,5,2,15.0,baik,SHM,5.4,13.4,0,0,0,1285.2
P009291,2022-12-08,bekasi,rumah,111.0,186.0,2,5,4,0,4.0,baik,SHM,6.5,4.0,0,1,0,1715.6
P009882,2022-12-08,jakarta_barat,rumah,63.0,53.0,1,2,2,1,10.0,baik,HGB,10.0,8.2,0,0,0,1077.5
P000612,2022-12-09,bandung,ruko,85.0,153.0,3,3,2,1,30.0,sedang,HGB,6.0,5.9,1,0,0,1292.5
P001103,2022-12-09,surabaya,rumah,173.0,271.0,2,8,8,1,9.0,baik,HGB,4.9,17.3,0,0,0,2091.4
P002430,2022-12-09,bandung,townhouse,104.0,147.0,2,5,3,1,15.0,baik,SHM,6.7,11.0,0,0,0,1270.2
P003330,2022-12-09,tangerang_selatan,ruko,147.0,366.0,4,6,6,3,23.0,baik,SHM,5.8,14.2,1,0,0,2291.3
P003418,2022-12-09,surabaya,rumah,183.0,107.0,1,3,3,2,4.0,sedang,SHM,4.5,11.1,1,0,0,1849.6
P003790,2022-12-09,bandung,rumah,120.0,61.0,1,1,1,1,28.0,sedang,SHM,3.1,14.6,0,0,1,663.0
P004116,2022-12-09,tangerang_selatan,townhouse,66.0,73.0,2,3,2,0,13.0,baik,SHM,9.7,4.4,1,1,0,1417.6
P004351,2022-12-09,jakarta_barat,townhouse,144.0,336.0,3,8,7,2,8.0,baik,SHM,2.5,3.1,1,0,0,3492.3
P004611,2022-12-09,surabaya,rumah,105.0,98.0,2,2,2,1,13.0,perlu_renovasi,SHM,3.8,2.3,0,0,0,1333.0
P005036,2022-12-09,jakarta_barat,rumah,136.0,262.0,3,7,5,2,16.0,sedang,SHM,3.9,3.1,1,0,0,3105.3
P006551,2022-12-09,surabaya,rumah,108.0,93.0,1,2,2,1,,sedang,SHM,6.2,7.3,0,1,0,1171.2
P007105,2022-12-09,tangerang_selatan,rumah,75.0,34.0,1,1,1,0,17.0,sedang,SHM,3.3,4.6,0,1,0,1012.7
P008291,2022-12-09,bandung,rumah,132.0,135.0,2,3,3,1,12.0,baik,SHM,2.7,11.7,0,0,0,1023.4
P009150,2022-12-09,jakarta_selatan,rumah,109.0,94.0,2,3,3,2,2.0,baik,HGB,6.7,4.5,1,0,1,2870.8
P000955,2022-12-10,yogyakarta,rumah,122.0,179.0,3,6,4,1,0.0,baik,SHM,,18.6,0,0,0,1018.2
P001129,2022-12-10,bandung,rumah,126.0,99.0,1,2,2,1,36.0,sedang,SHM,3.8,3.7,0,0,0,1146.2
P001673,2022-12-10,bandung,rumah,115.0,83.0,2,3,3,1,3.0,baik,HGB,4.1,11.5,0,0,0,1079.3
P001983,2022-12-10,surabaya,ruko,103.0,268.0,4,6,5,1,9.0,baik,girik_ajb,10.8,12.4,1,1,0,1892.6
P002979,2022-12-10,bandung,rumah,90.0,82.0,2,2,1,1,24.0,baik,HGB,6.6,5.0,1,0,0,1128.7
P003934,2022-12-10,jakarta_selatan,rumah,193.0,84.0,1,2,2,2,13.0,perlu_renovasi,SHM,6.7,9.6,1,0,0,3846.7
P003972,2022-12-10,jakarta_barat,rumah,168.0,368.0,3,10,6,2,5.0,sedang,SHM,7.7,8.0,0,1,0,3580.0
P004091,2022-12-10,jakarta_selatan,rumah,156.0,110.0,1,4,3,2,6.0,sedang,SHM,,9.9,1,0,0,3739.2
P005931,2022-12-10,yogyakarta,rumah,496.0,706.0,2,10,8,5,12.0,sedang,SHM,7.7,13.4,0,0,0,5206.7
P006270,2022-12-10,jakarta_selatan,rumah,129.0,113.0,2,3,2,1,26.0,baik,HGB,6.4,15.5,0,0,0,2030.6
P006297,2022-12-10,surabaya,ruko,82.0,130.0,3,2,2,1,16.0,sedang,SHM,13.0,5.7,0,0,1,1421.9
P006882,2022-12-10,bandung,rumah,106.0,71.0,1,2,2,2,15.0,baik,SHM,1.6,2.8,0,0,0,1027.1
P007152,2022-12-10,bandung,townhouse,77.0,106.0,2,3,3,1,15.0,baik,SHM,10.5,3.6,0,1,0,1316.4
P007940,2022-12-10,bogor,rumah,177.0,253.0,2,6,5,2,14.0,baik,HGB,5.8,23.7,0,0,0,1318.9
P008007,2022-12-10,depok,rumah,84.0,71.0,2,2,2,0,11.0,baik,SHM,4.0,23.1,0,0,0,577.1
P000275,2022-12-11,bandung,townhouse,151.0,178.0,3,4,4,1,7.0,baik,SHM,3.5,5.8,0,1,0,2407.3
P001997,2022-12-11,tangerang_selatan,rumah,104.0,97.0,2,3,2,1,2.0,baik,SHM,4.8,4.3,0,0,0,1362.4
P002584,2022-12-11,jakarta_barat,townhouse,60.0,78.0,2,2,2,0,13.0,sedang,HGB,4.1,15.8,0,0,0,857.1
P005479,2022-12-11,bogor,rumah,81.0,58.0,2,2,2,1,19.0,sedang,HGB,4.1,6.0,0,1,0,554.8
P007084,2022-12-11,jakarta_barat,rumah,69.0,52.0,2,2,2,1,,sedang,SHM,5.7,18.9,1,0,0,717.3
P008472,2022-12-11,surabaya,rumah,218.0,198.0,2,7,7,3,3.0,baik,SHM,2.3,19.6,0,0,0,1716.8
P009504,2022-12-11,jakarta_barat,rumah,150.0,169.0,2,4,4,3,10.0,baik,SHM,6.5,19.7,0,0,0,1628.3
P009618,2022-12-11,jakarta_selatan,rumah,177.0,113.0,1,3,3,1,11.0,sedang,SHM,5.9,8.6,1,0,0,3671.4
P001146,2022-12-12,tangerang_selatan,rumah,60.0,34.0,1,1,1,1,19.0,perlu_renovasi,HGB,5.0,18.0,0,0,1,324.6
P001449,2022-12-12,bogor,townhouse,100.0,136.0,2,5,4,1,15.0,baik,SHM,4.0,21.6,0,0,0,964.2
P003272,2022-12-12,bogor,ruko,71.0,172.0,4,3,3,1,18.0,perlu_renovasi,SHM,5.9,19.8,0,0,0,550.9
P003590,2022-12-12,tangerang_selatan,rumah,116.0,103.0,2,2,2,1,13.0,sedang,SHM,5.8,14.4,0,0,0,1175.1
P004416,2022-12-12,surabaya,rumah,88.0,86.0,2,2,1,2,3.0,sedang,HGB,4.7,15.8,0,1,1,791.8
P009576,2022-12-12,depok,ruko,59.0,67.0,2,0,1,1,26.0,baik,SHM,10.3,5.5,0,0,0,947.9
P001549,2022-12-13,tangerang_selatan,rumah,120.0,163.0,3,4,3,1,21.0,sedang,girik_ajb,9.1,9.1,1,1,0,1494.5
P001710,2022-12-13,tangerang_selatan,townhouse,69.0,69.0,2,2,2,0,15.0,sedang,SHM,5.1,17.3,1,0,0,765.5
P004343,2022-12-13,depok,ruko,73.0,90.0,2,1,1,0,2.0,baik,SHM,7.5,12.5,1,0,0,1017.4
P004345,2022-12-13,bandung,rumah,132.0,48.0,1,2,1,1,6.0,baik,SHM,5.5,8.8,1,0,0,1088.1
P004579,2022-12-13,depok,rumah,135.0,80.0,1,2,2,2,8.0,perlu_renovasi,SHM,4.2,5.3,0,0,0,1347.7
P005553,2022-12-13,bekasi,rumah,138.0,156.0,3,4,3,1,5.0,baik,HGB,5.4,19.2,0,0,1,1274.2
P005707,2022-12-13,semarang,rumah,72.0,31.0,1,1,1,1,3.0,sedang,SHM,11.8,12.8,0,0,0,370.6
P006258,2022-12-13,jakarta_selatan,rumah,67.0,35.0,1,1,1,2,8.0,sedang,HGB,5.4,3.4,0,0,0,1577.9
P009247,2022-12-13,depok,townhouse,67.0,96.0,2,3,2,2,13.0,baik,SHM,10.2,3.5,1,1,0,1067.1
P009664,2022-12-13,surabaya,rumah,226.0,135.0,1,3,2,1,3.0,perlu_renovasi,SHM,5.4,12.5,1,0,0,1852.0
P009699,2022-12-13,jakarta_barat,rumah,129.0,198.0,2,5,3,2,2.0,sedang,girik_ajb,3.9,4.2,0,0,0,2405.2
P000537,2022-12-14,depok,rumah,168.0,92.0,1,3,3,2,5.0,baik,SHM,4.3,18.2,1,0,0,1280.5
P001550,2022-12-14,tangerang_selatan,rumah,144.0,196.0,2,4,4,1,4.0,sedang,HGB,4.2,17.4,0,0,0,1545.7
P005311,2022-12-14,bekasi,ruko,81.0,156.0,3,3,2,0,5.0,baik,HGB,11.2,19.1,0,0,0,1180.0
P005700,2022-12-14,jakarta_selatan,townhouse,66.0,68.0,2,2,2,1,15.0,sedang,HGB,4.5,3.9,1,1,0,1956.6
P006840,2022-12-14,semarang,rumah,148.0,144.0,2,4,3,0,2.0,baik,SHM,4.8,17.7,0,0,0,1162.6
P007623,2022-12-14,jakarta_selatan,rumah,59.0,156.0,3,5,4,0,13.0,sedang,SHM,9.0,15.0,0,0,0,1533.0
P009022,2022-12-14,yogyakarta,townhouse,70.0,96.0,2,2,2,0,11.0,sedang,girik_ajb,7.1,10.4,1,0,0,563.1
P009514,2022-12-14,surabaya,townhouse,86.0,64.0,2,2,2,1,2.0,baik,HGB,4.8,21.6,0,0,0,770.1
P009702,2022-12-14,jakarta_selatan,rumah,66.0,85.0,2,2,1,0,11.0,baik,SHM,6.5,13.0,0,0,0,1234.2
P002341,2022-12-15,jakarta_barat,rumah,161.0,87.0,1,2,2,1,12.0,sedang,HGB,2.6,10.6,0,0,0,1579.1
P003313,2022-12-15,depok,rumah,124.0,117.0,2,3,2,1,12.0,baik,SHM,10.4,3.3,1,1,0,1975.6
P003480,2022-12-15,depok,townhouse,90.0,122.0,2,3,3,3,,baik,SHM,8.4,23.9,0,0,1,652.7
P003749,2022-12-15,tangerang_selatan,rumah,199.0,292.0,2,7,7,2,6.0,sedang,SHM,6.8,6.7,0,0,0,2865.6
P009103,2022-12-15,depok,rumah,103.0,102.0,2,2,2,1,13.0,baik,SHM,,16.7,0,0,1,814.6
P000160,2022-12-16,surabaya,ruko,68.0,78.0,2,0,1,1,20.0,sedang,girik_ajb,6.7,19.1,0,0,0,559.4
P000436,2022-12-16,jakarta_barat,rumah,106.0,123.0,2,3,3,2,15.0,sedang,SHM,4.2,19.9,0,0,0,913.8
P007584,2022-12-16,surabaya,rumah,133.0,68.0,1,2,1,2,3.0,baik,HGB,4.8,9.7,0,1,0,1307.8
P008354,2022-12-16,jakarta_barat,townhouse,80.0,135.0,3,4,3,1,15.0,sedang,HGB,7.8,10.6,1,0,0,1392.1
P008941,2022-12-16,jakarta_barat,rumah,116.0,108.0,2,4,4,2,6.0,baik,SHM,3.0,9.6,0,0,0,1455.1
P001173,2022-12-17,tangerang_selatan,rumah,242.0,218.0,1,7,7,3,7.0,baik,SHM,5.8,20.7,0,0,0,2245.1
P001481,2022-12-17,bekasi,rumah,75.0,37.0,1,1,1,2,18.0,perlu_renovasi,HGB,3.5,19.8,0,0,1,280.3
P004165,2022-12-17,bogor,rumah,122.0,86.0,1,3,2,2,31.0,perlu_renovasi,SHM,6.6,5.8,1,1,0,1079.4
P005317,2022-12-17,jakarta_selatan,rumah,102.0,171.0,2,4,3,1,16.0,sedang,SHM,7.5,13.7,0,0,0,2713.3
P005693,2022-12-17,depok,rumah,81.0,37.0,1,1,1,0,11.0,baik,HGB,4.9,12.6,0,0,0,497.5
P005747,2022-12-17,jakarta_barat,townhouse,61.0,60.0,2,1,1,0,15.0,sedang,SHM,5.6,12.0,0,0,0,734.5
P008582,2022-12-17,bekasi,rumah,37.0,36.0,2,1,1,0,18.0,perlu_renovasi,HGB,,23.8,0,0,0,167.3
P008710,2022-12-17,bekasi,rumah,176.0,164.0,2,4,3,2,17.0,sedang,SHM,5.5,24.6,0,0,0,1014.8
P008777,2022-12-17,bekasi,rumah,130.0,206.0,2,7,5,1,11.0,baik,SHM,5.7,6.9,1,0,1,1267.8
P008906,2022-12-17,tangerang_selatan,townhouse,81.0,156.0,3,4,4,1,4.0,sedang,SHM,5.9,21.1,1,0,1,910.0
P000901,2022-12-18,bekasi,rumah,132.0,88.0,1,3,2,2,23.0,sedang,SHM,5.7,7.4,0,0,0,1090.5
P000919,2022-12-18,tangerang_selatan,rumah,133.0,184.0,2,6,4,2,19.0,baik,HGB,5.2,20.7,1,0,1,1266.0
P003216,2022-12-18,bandung,townhouse,79.0,62.0,2,2,1,1,8.0,sedang,HGB,4.4,5.8,1,0,0,827.1
P005388,2022-12-18,jakarta_barat,townhouse,70.0,97.0,3,3,2,1,10.0,baik,SHM,,6.7,1,0,0,1308.1
P006357,2022-12-18,tangerang_selatan,townhouse,88.0,107.0,2,3,3,1,4.0,baik,SHM,,19.8,0,0,0,1406.3
P006449,2022-12-18,bandung,rumah,103.0,131.0,2,3,2,0,26.0,perlu_renovasi,SHM,8.1,4.5,1,0,0,1102.6
P006662,2022-12-18,semarang,rumah,69.0,51.0,1,1,1,1,23.0,sedang,SHM,7.5,19.7,0,0,1,260.5
P006688,2022-12-18,semarang,ruko,117.0,119.0,3,1,1,2,24.0,baik,SHM,8.6,6.9,1,0,0,852.4
P004182,2022-12-19,jakarta_barat,rumah,85.0,76.0,1,2,2,2,9.0,sedang,SHM,10.0,17.2,1,0,0,955.7
P004424,2022-12-19,tangerang_selatan,rumah,136.0,283.0,3,9,7,2,1.0,sedang,SHM,5.6,23.7,1,0,0,1605.8
P005972,2022-12-19,jakarta_selatan,rumah,143.0,200.0,2,7,4,2,20.0,baik,SHM,5.7,13.1,1,0,0,3170.8
P007808,2022-12-19,tangerang_selatan,rumah,126.0,141.0,2,3,3,1,19.0,perlu_renovasi,SHM,8.0,21.3,0,0,0,1012.5
P008307,2022-12-19,bandung,ruko,76.0,167.0,3,4,3,1,13.0,sedang,SHM,9.5,14.2,0,0,0,1104.1
P008974,2022-12-19,jakarta_selatan,rumah,99.0,153.0,2,4,3,3,12.0,sedang,HGB,3.2,3.7,0,0,0,3002.9
P009646,2022-12-19,depok,ruko,48.0,54.0,2,0,1,1,10.0,baik,HGB,5.9,17.8,1,0,0,493.7
P001778,2022-12-20,bekasi,rumah,128.0,196.0,2,5,5,0,7.0,baik,SHM,5.1,12.3,1,1,0,1621.6
P002068,2022-12-20,yogyakarta,ruko,50.0,125.0,3,2,1,0,26.0,baik,SHM,6.4,19.4,0,1,0,398.7
P002994,2022-12-20,depok,rumah,186.0,311.0,2,9,7,2,31.0,baik,SHM,5.0,7.2,1,0,0,2076.5
P004390,2022-12-20,bogor,rumah,97.0,88.0,2,3,3,2,9.0,sedang,SHM,3.6,4.4,0,0,0,777.4
P005954,2022-12-20,jakarta_selatan,rumah,189.0,120.0,1,4,4,3,27.0,perlu_renovasi,SHM,8.9,5.6,0,0,0,4124.3
P007376,2022-12-20,jakarta_barat,rumah,121.0,123.0,2,3,2,1,5.0,sedang,HGB,6.6,15.4,0,0,0,1616.3
P007641,2022-12-20,jakarta_selatan,rumah,181.0,231.0,2,5,5,3,4.0,sedang,SHM,4.0,14.0,1,0,0,3972.4
P008143,2022-12-20,tangerang_selatan,rumah,113.0,41.0,1,1,1,2,6.0,baik,HGB,3.8,24.1,1,0,0,647.1
P009521,2022-12-20,semarang,rumah,138.0,134.0,2,4,4,1,6.0,sedang,SHM,3.5,5.5,1,1,0,1101.3
P009905,2022-12-20,bogor,rumah,51.0,81.0,2,2,2,0,6.0,baik,SHM,4.5,17.6,1,0,0,558.7
P001537,2022-12-21,surabaya,rumah,135.0,70.0,1,2,2,2,1.0,baik,SHM,6.1,13.5,0,0,0,1181.3
P002586,2022-12-21,bekasi,rumah,276.0,180.0,1,4,4,4,12.0,sedang,SHM,,11.9,1,0,0,1740.1
P003632,2022-12-21,yogyakarta,rumah,70.0,26.0,1,1,1,1,15.0,sedang,SHM,5.8,17.4,0,1,0,329.0
P005402,2022-12-21,jakarta_barat,ruko,41.0,96.0,3,0,1,0,17.0,sedang,SHM,7.8,9.6,0,1,0,1028.3
P008815,2022-12-21,yogyakarta,rumah,83.0,113.0,2,3,3,2,12.0,baik,SHM,6.4,12.3,1,0,0,951.7
P001021,2022-12-22,semarang,rumah,105.0,125.0,2,3,2,1,29.0,baik,HGB,3.7,9.8,0,0,1,645.4
P004549,2022-12-22,bandung,townhouse,53.0,86.0,2,3,3,1,1.0,perlu_renovasi,SHM,5.7,3.7,1,0,1,670.6
P005282,2022-12-22,tangerang_selatan,ruko,61.0,128.0,4,1,1,0,7.0,baik,SHM,8.3,5.7,1,1,0,1663.9
P006042,2022-12-22,jakarta_selatan,rumah,162.0,164.0,2,5,4,2,17.0,sedang,SHM,8.0,9.9,0,0,1,3190.8
P006235,2022-12-22,bekasi,rumah,87.0,127.0,2,4,3,1,9.0,baik,SHM,7.4,29.6,0,0,1,710.8
P008067,2022-12-22,jakarta_barat,rumah,104.0,113.0,2,4,4,1,33.0,sedang,SHM,6.2,6.0,0,0,0,1385.8
P009015,2022-12-22,yogyakarta,rumah,160.0,107.0,1,3,3,2,10.0,baik,SHM,2.5,5.4,1,0,0,1112.5
P009387,2022-12-22,semarang,rumah,116.0,222.0,3,6,5,2,12.0,baik,SHM,5.6,13.9,1,0,0,1279.8
P001566,2022-12-23,bekasi,rumah,58.0,21.0,1,1,1,1,18.0,baik,SHM,8.6,14.7,1,0,0,346.8
P002060,2022-12-23,jakarta_selatan,townhouse,112.0,142.0,2,3,3,2,6.0,sedang,SHM,3.5,10.1,0,0,0,2425.7
P002131,2022-12-23,jakarta_barat,ruko,72.0,184.0,4,3,3,1,30.0,sedang,SHM,9.2,11.8,1,0,0,1501.1
P002147,2022-12-23,jakarta_selatan,townhouse,54.0,65.0,2,2,2,0,15.0,baik,SHM,3.8,8.5,1,0,1,1229.0
P004395,2022-12-23,bekasi,rumah,153.0,200.0,2,5,4,0,,baik,SHM,7.3,22.9,0,0,0,913.1
P007086,2022-12-23,bandung,rumah,116.0,67.0,1,2,1,1,8.0,sedang,SHM,3.0,9.5,1,1,0,1020.7
P008188,2022-12-23,bekasi,rumah,134.0,255.0,3,7,4,2,14.0,perlu_renovasi,HGB,3.0,18.0,1,0,0,790.2
P009531,2022-12-23,depok,ruko,52.0,77.0,3,0,1,0,6.0,sedang,HGB,10.1,8.9,0,0,1,609.4
P002465,2022-12-24,tangerang_selatan,rumah,129.0,74.0,1,3,3,1,14.0,sedang,SHM,9.8,21.5,0,0,1,867.4
P002494,2022-12-24,semarang,rumah,139.0,48.0,1,1,1,1,3.0,baik,SHM,7.5,16.8,0,0,0,557.6
P005946,2022-12-24,tangerang_selatan,rumah,94.0,101.0,2,3,3,0,13.0,sedang,SHM,4.9,7.6,0,0,0,1490.1
P006247,2022-12-24,yogyakarta,rumah,73.0,40.0,1,1,1,1,10.0,baik,SHM,7.5,11.6,0,0,1,396.7
P007469,2022-12-24,surabaya,rumah,111.0,50.0,1,1,1,1,4.0,sedang,girik_ajb,4.9,20.0,0,0,0,571.7
P007645,2022-12-24,bandung,townhouse,65.0,70.0,3,2,2,0,10.0,baik,SHM,4.5,5.3,1,0,0,869.3
P009506,2022-12-24,bogor,rumah,108.0,192.0,2,5,5,1,6.0,baik,HGB,3.8,17.2,0,0,0,1381.1
P001094,2022-12-25,tangerang_selatan,townhouse,75.0,78.0,2,2,2,1,4.0,baik,SHM,4.9,11.2,1,0,0,1276.3
P001337,2022-12-25,jakarta_barat,rumah,60.0,50.0,2,1,1,0,32.0,baik,HGB,7.5,7.2,1,1,0,1126.2
P002021,2022-12-25,bandung,rumah,160.0,151.0,2,4,4,3,7.0,perlu_renovasi,HGB,8.4,7.5,0,1,0,1525.0
P002171,2022-12-25,bekasi,ruko,83.0,138.0,2,2,1,2,,baik,SHM,8.7,17.0,1,0,0,1054.2
P002771,2022-12-25,jakarta_barat,rumah,91.0,134.0,2,3,3,0,6.0,baik,SHM,5.0,12.4,0,0,0,1292.7
P003512,2022-12-25,bandung,rumah,183.0,193.0,2,5,5,2,8.0,baik,HGB,12.3,9.4,0,0,0,2112.0
P004775,2022-12-25,jakarta_selatan,townhouse,98.0,142.0,2,5,4,1,15.0,sedang,SHM,9.9,15.3,1,0,1,1641.6
P007578,2022-12-25,jakarta_selatan,rumah,110.0,133.0,2,4,3,2,13.0,sedang,HGB,7.3,2.2,0,1,0,3879.2
P007608,2022-12-25,jakarta_selatan,rumah,190.0,115.0,1,3,3,2,13.0,sedang,SHM,2.7,4.0,1,1,1,4276.7
P009344,2022-12-25,jakarta_barat,rumah,80.0,141.0,3,3,2,2,5.0,sedang,SHM,3.8,17.7,0,0,1,1124.9
P009443,2022-12-25,bandung,rumah,281.0,255.0,1,8,6,3,27.0,perlu_renovasi,SHM,5.7,8.7,1,0,0,2260.4
P000393,2022-12-26,bogor,rumah,155.0,113.0,1,3,3,1,,sedang,SHM,6.3,18.6,0,0,0,819.6
P001182,2022-12-26,jakarta_selatan,rumah,200.0,339.0,2,10,7,2,13.0,sedang,HGB,7.8,2.3,0,0,0,6900.6
P001215,2022-12-26,tangerang_selatan,rumah,141.0,184.0,2,5,4,2,16.0,sedang,SHM,5.3,6.4,0,0,0,1816.4
P002428,2022-12-26,bandung,ruko,82.0,135.0,3,1,1,0,8.0,baik,SHM,7.6,19.8,1,0,0,984.1
P002838,2022-12-26,tangerang_selatan,rumah,143.0,175.0,2,6,6,1,9.0,baik,SHM,5.4,9.3,0,0,0,2337.7
P003023,2022-12-26,depok,rumah,201.0,85.0,1,3,2,2,10.0,baik,SHM,4.0,16.4,0,0,0,1284.8
P005228,2022-12-26,jakarta_selatan,rumah,175.0,110.0,1,3,3,2,10.0,baik,SHM,3.7,13.9,1,1,0,3190.1
P005432,2022-12-26,bekasi,rumah,104.0,165.0,2,5,4,1,9.0,sedang,HGB,4.5,20.9,0,0,1,751.5
P008555,2022-12-26,surabaya,rumah,46.0,21.0,1,1,1,1,9.0,sedang,SHM,5.5,21.5,0,0,0,278.9
P000461,2022-12-27,bogor,townhouse,55.0,67.0,2,2,2,1,5.0,baik,HGB,3.5,29.3,0,0,0,444.8
P000465,2022-12-27,bogor,rumah,75.0,77.0,2,2,2,1,,perlu_renovasi,SHM,12.7,9.8,1,0,0,529.8
P001968,2022-12-27,surabaya,rumah,131.0,86.0,1,2,2,1,7.0,baik,SHM,3.3,8.8,0,0,0,1490.2
P002573,2022-12-27,bandung,rumah,95.0,60.0,1,1,1,2,15.0,perlu_renovasi,SHM,4.6,14.6,0,0,0,530.6
P003746,2022-12-27,bandung,rumah,181.0,96.0,1,2,2,2,4.0,baik,SHM,7.4,19.5,0,0,0,1130.5
P007830,2022-12-27,jakarta_barat,townhouse,110.0,126.0,2,3,3,1,15.0,baik,HGB,6.8,9.8,0,0,0,1733.1
P009479,2022-12-27,tangerang_selatan,rumah,189.0,77.0,1,2,2,2,12.0,baik,HGB,3.1,8.4,1,0,0,1621.4
P000418,2022-12-28,surabaya,ruko,89.0,141.0,3,1,1,1,27.0,baik,SHM,9.5,3.9,1,0,0,1933.7
P001928,2022-12-28,bandung,rumah,145.0,157.0,2,4,3,1,3.0,baik,SHM,5.9,17.0,1,0,0,1338.5
P002654,2022-12-28,bandung,rumah,163.0,88.0,1,3,3,3,7.0,sedang,SHM,3.5,15.3,0,0,1,852.0
P006391,2022-12-28,jakarta_barat,ruko,49.0,57.0,2,0,1,1,5.0,baik,SHM,9.5,17.4,0,0,1,794.5
P008342,2022-12-28,depok,townhouse,63.0,135.0,3,4,3,0,15.0,sedang,SHM,2.8,19.4,1,0,0,723.4
P009188,2022-12-28,bogor,rumah,184.0,143.0,1,5,4,2,1.0,baik,HGB,,24.2,0,0,1,1082.4
P000615,2022-12-29,tangerang_selatan,rumah,111.0,91.0,2,2,2,1,7.0,baik,SHM,3.2,15.9,0,0,0,1107.7
P001160,2022-12-29,surabaya,rumah,177.0,91.0,1,2,2,2,32.0,perlu_renovasi,SHM,2.8,8.1,0,0,0,1071.1
P006778,2022-12-29,depok,rumah,100.0,126.0,2,3,2,2,10.0,baik,SHM,4.5,12.6,1,0,0,1213.7
P006849,2022-12-29,jakarta_barat,rumah,134.0,59.0,1,2,1,2,3.0,baik,SHM,6.0,5.7,0,0,0,2425.2
P006976,2022-12-29,jakarta_selatan,rumah,148.0,220.0,2,7,5,1,25.0,sedang,SHM,2.5,4.4,0,1,0,3200.8
P007092,2022-12-29,bogor,rumah,113.0,137.0,2,4,4,1,21.0,sedang,HGB,5.1,27.8,0,0,1,516.8
P008359,2022-12-29,semarang,rumah,152.0,130.0,2,3,3,2,11.0,sedang,girik_ajb,2.3,4.1,0,1,0,846.6
P008554,2022-12-29,bandung,rumah,159.0,55.0,1,1,1,2,1.0,sedang,SHM,3.5,15.9,0,0,0,1016.1
P000939,2023-01-02,semarang,rumah,193.0,148.0,2,4,2,1,33.0,perlu_renovasi,HGB,4.0,8.8,1,0,0,986.3
P002126,2023-01-02,bekasi,rumah,245.0,230.0,2,8,7,2,20.0,baik,SHM,1.7,25.1,0,0,0,1266.4
P004821,2023-01-02,bandung,townhouse,87.0,194.0,3,5,5,1,2.0,perlu_renovasi,SHM,5.9,2.9,1,0,0,1229.8
P006263,2023-01-02,jakarta_selatan,rumah,131.0,170.0,2,6,4,1,5.0,baik,SHM,4.7,17.3,0,1,0,2665.0
P008303,2023-01-02,jakarta_barat,rumah,48.0,69.0,2,2,2,2,17.0,baik,SHM,3.7,6.5,1,0,1,726.3
P008333,2023-01-02,jakarta_selatan,ruko,55.0,114.0,3,1,1,1,16.0,sedang,HGB,9.7,7.6,1,0,0,2163.1
P009512,2023-01-02,bekasi,rumah,104.0,96.0,2,3,3,2,24.0,sedang,HGB,3.5,12.1,0,1,0,775.6
P009556,2023-01-02,jakarta_selatan,rumah,79.0,59.0,1,1,1,1,11.0,baik,HGB,4.1,5.7,1,1,0,1953.3
P001175,2023-01-03,depok,rumah,164.0,76.0,1,2,2,1,21.0,perlu_renovasi,SHM,3.4,15.8,1,0,0,1032.7
P001765,2023-01-03,jakarta_barat,townhouse,93.0,106.0,2,3,3,2,14.0,sedang,SHM,4.8,18.9,1,0,0,1095.8
P001786,2023-01-03,surabaya,townhouse,36.0,42.0,2,1,1,0,15.0,sedang,SHM,6.6,2.2,0,0,0,578.2
P002264,2023-01-03,jakarta_selatan,townhouse,71.0,60.0,2,2,2,0,7.0,sedang,SHM,3.6,5.2,1,0,0,1392.0
P004657,2023-01-03,semarang,ruko,55.0,121.0,3,2,2,1,16.0,baik,HGB,7.1,19.9,0,0,0,616.5
P005102,2023-01-03,tangerang_selatan,rumah,126.0,78.0,1,2,2,3,1.0,baik,SHM,11.0,11.6,1,0,0,1791.8
P006669,2023-01-03,jakarta_barat,rumah,241.0,271.0,2,7,7,1,14.0,sedang,HGB,7.1,11.4,0,0,0,4036.2
P007230,2023-01-03,yogyakarta,rumah,150.0,98.0,1,2,1,0,15.0,baik,SHM,2.6,16.3,0,0,0,832.8
P009570,2023-01-03,bogor,rumah,115.0,129.0,2,3,2,2,9.0,baik,SHM,9.1,26.4,0,0,0,811.1
P002026,2023-01-04,bekasi,rumah,203.0,120.0,1,3,2,3,23.0,baik,SHM,4.8,19.6,0,1,1,901.2
P004003,2023-01-04,surabaya,rumah,225.0,207.0,2,7,7,3,33.0,perlu_renovasi,SHM,4.9,17.6,0,0,0,1527.1
P005489,2023-01-04,bekasi,rumah,76.0,68.0,1,2,2,1,20.0,perlu_renovasi,SHM,5.3,12.5,0,0,0,516.3
P005683,2023-01-04,jakarta_barat,rumah,112.0,115.0,2,3,3,2,6.0,baik,SHM,4.7,3.5,1,0,0,2052.2
P007122,2023-01-04,jakarta_selatan,townhouse,87.0,110.0,2,3,2,1,8.0,baik,SHM,6.3,6.3,1,1,0,3417.0
P008269,2023-01-04,bandung,rumah,105.0,157.0,2,3,3,1,15.0,sedang,SHM,4.2,5.3,0,1,1,1413.0
P009896,2023-01-04,surabaya,rumah,173.0,209.0,2,7,6,2,2.0,baik,SHM,6.4,21.2,0,0,0,1802.3
P000639,2023-01-05,surabaya,rumah,188.0,261.0,2,7,4,3,44.0,perlu_renovasi,HGB,5.6,14.6,0,0,0,1187.7
P001849,2023-01-05,bekasi,rumah,224.0,287.0,2,9,6,4,11.0,sedang,SHM,3.5,7.8,1,1,0,2337.0
P002747,2023-01-05,jakarta_barat,rumah,53.0,74.0,2,2,1,0,10.0,baik,SHM,6.9,17.5,1,0,0,832.6
P006194,2023-01-05,depok,rumah,231.0,157.0,1,4,3,3,13.0,sedang,HGB,3.0,20.2,0,0,0,1427.9
P007646,2023-01-05,tangerang_selatan,rumah,250.0,176.0,1,4,3,3,18.0,baik,girik_ajb,4.8,7.0,0,1,0,2253.2
P009991,2023-01-05,tangerang_selatan,rumah,73.0,45.0,1,1,1,0,9.0,sedang,SHM,8.3,14.8,0,0,0,769.7
P002038,2023-01-06,jakarta_selatan,ruko,128.0,128.0,2,2,2,1,21.0,sedang,SHM,,10.5,0,0,0,3382.6
P003230,2023-01-06,depok,rumah,142.0,69.0,1,2,2,2,31.0,perlu_renovasi,SHM,7.4,19.2,1,0,0,741.5
P003318,2023-01-06,jakarta_selatan,rumah,93.0,128.0,2,3,3,1,,sedang,SHM,2.9,7.3,0,0,0,1429.3
P003391,2023-01-06,jakarta_barat,rumah,91.0,118.0,2,3,2,1,8.0,baik,girik_ajb,4.3,16.5,0,0,0,909.4
P003700,2023-01-06,bekasi,rumah,75.0,91.0,2,3,3,1,8.0,baik,HGB,9.6,4.7,0,1,0,822.0
P006386,2023-01-06,semarang,ruko,67.0,90.0,3,1,1,1,16.0,sedang,HGB,10.4,8.3,0,1,0,747.3
P006563,2023-01-06,jakarta_selatan,rumah,169.0,61.0,1,2,1,2,15.0,perlu_renovasi,HGB,3.6,3.1,0,0,0,4106.9
P007880,2023-01-06,yogyakarta,rumah,213.0,231.0,3,6,5,3,6.0,baik,SHM,3.2,10.7,0,0,0,2181.0
P009178,2023-01-06,depok,rumah,107.0,71.0,1,2,1,1,36.0,baik,SHM,8.4,6.2,0,0,0,862.8
P009208,2023-01-06,bekasi,rumah,97.0,104.0,2,3,3,2,,baik,SHM,10.7,25.1,1,0,0,779.1
P009325,2023-01-06,bekasi,ruko,59.0,102.0,3,2,1,1,29.0,sedang,HGB,8.4,29.0,0,0,0,343.8
P000233,2023-01-07,yogyakarta,rumah,110.0,88.0,1,2,1,1,5.0,sedang,HGB,3.3,8.0,0,1,0,912.0
P000636,2023-01-07,jakarta_selatan,rumah,291.0,273.0,2,9,6,3,7.0,baik,HGB,6.3,3.2,1,0,0,7452.9
P001458,2023-01-07,bekasi,ruko,63.0,108.0,2,2,2,0,40.0,perlu_renovasi,HGB,10.9,4.4,1,0,0,713.9
P002027,2023-01-07,surabaya,rumah,150.0,71.0,1,2,1,1,12.0,baik,SHM,4.3,22.8,0,0,0,805.2
P002522,2023-01-07,depok,ruko,77.0,145.0,3,3,2,1,4.0,baik,SHM,8.7,15.1,0,0,0,1246.9
P003430,2023-01-07,surabaya,rumah,253.0,366.0,3,10,8,3,8.0,baik,SHM,2.7,24.3,0,0,0,2226.2
P003940,2023-01-07,jakarta_selatan,rumah,180.0,116.0,1,3,2,2,6.0,baik,SHM,5.6,16.3,0,0,0,3324.0
P002667,2023-01-08,semarang,rumah,58.0,99.0,2,3,2,0,9.0,sedang,SHM,5.6,3.2,1,0,0,563.9
P003888,2023-01-08,surabaya,rumah,108.0,138.0,2,4,4,1,,sedang,SHM,6.5,22.7,0,0,1,769.7
P004786,2023-01-08,surabaya,townhouse,67.0,97.0,3,3,2,1,1.0,baik,SHM,4.4,11.6,0,0,0,1146.1
P005382,2023-01-08,bandung,rumah,195.0,111.0,1,4,4,2,14.0,sedang,HGB,5.7,7.5,1,0,0,1464.6
P007977,2023-01-08,surabaya,rumah,85.0,86.0,2,2,2,1,15.0,perlu_renovasi,HGB,7.1,15.8,1,0,0,779.3
P009245,2023-01-08,bekasi,townhouse,78.0,106.0,2,3,2,1,8.0,baik,HGB,4.9,19.2,0,0,0,814.5
P009626,2023-01-08,bandung,rumah,124.0,67.0,1,2,2,2,11.0,baik,SHM,5.4,3.0,0,1,0,1288.6
P000820,2023-01-09,tangerang_selatan,ruko,55.0,115.0,3,1,1,1,21.0,sedang,SHM,12.2,10.8,0,0,0,1051.2
P000821,2023-01-09,jakarta_selatan,rumah,179.0,68.0,1,2,1,2,7.0,sedang,SHM,6.1,17.3,0,0,1,2045.6
P002628,2023-01-09,tangerang_selatan,rumah,61.0,56.0,2,2,1,1,17.0,sedang,SHM,4.4,9.0,0,0,0,755.1
P004702,2023-01-09,bekasi,rumah,77.0,104.0,2,3,3,2,18.0,baik,HGB,3.5,20.7,0,0,0,646.9
P005320,2023-01-09,tangerang_selatan,rumah,109.0,99.0,2,3,3,2,19.0,sedang,SHM,2.9,5.1,1,1,0,1393.1
P006969,2023-01-09,bogor,rumah,81.0,33.0,1,1,1,2,,perlu_renovasi,SHM,4.0,3.3,1,1,0,483.2
P009656,2023-01-09,surabaya,rumah,199.0,109.0,1,4,4,3,14.0,baik,SHM,10.3,17.5,0,0,0,1677.8
P001695,2023-01-10,bandung,rumah,111.0,58.0,1,1,1,2,25.0,baik,SHM,6.2,8.1,0,0,0,889.0
P003414,2023-01-10,jakarta_selatan,rumah,157.0,72.0,1,2,1,2,12.0,baik,HGB,4.7,6.4,1,0,0,3322.3
P005203,2023-01-10,jakarta_barat,rumah,115.0,101.0,1,3,3,2,19.0,sedang,HGB,2.9,13.6,1,0,0,1202.7
P007219,2023-01-10,tangerang_selatan,townhouse,81.0,113.0,3,3,3,1,13.0,sedang,SHM,5.4,4.8,0,0,0,1283.2
P007804,2023-01-10,depok,rumah,118.0,161.0,2,4,4,1,9.0,sedang,SHM,12.9,19.2,0,0,0,1004.2
P008901,2023-01-10,jakarta_barat,ruko,90.0,156.0,2,3,3,2,10.0,baik,SHM,8.1,15.0,0,0,0,1533.0
P009422,2023-01-10,jakarta_selatan,rumah,116.0,90.0,1,2,2,2,22.0,sedang,SHM,7.6,15.0,0,0,0,2094.5
P009445,2023-01-10,bandung,rumah,102.0,137.0,2,4,3,1,18.0,baik,SHM,4.8,4.6,1,0,0,1297.3
P000041,2023-01-11,bekasi,ruko,73.0,127.0,4,2,2,1,30.0,sedang,SHM,9.4,3.4,0,0,0,1030.1
P001318,2023-01-11,jakarta_selatan,rumah,118.0,326.0,3,8,5,2,,sedang,HGB,7.3,2.2,1,0,0,4512.9
P002112,2023-01-11,depok,townhouse,74.0,92.0,2,3,3,1,15.0,sedang,SHM,5.3,12.4,0,0,0,728.3
P002173,2023-01-11,depok,ruko,91.0,124.0,2,2,2,1,26.0,sedang,HGB,13.1,9.3,0,0,0,1077.1
P004476,2023-01-11,bandung,rumah,112.0,65.0,1,2,2,1,1.0,sedang,SHM,8.6,17.9,0,0,0,661.9
P005811,2023-01-11,depok,rumah,127.0,87.0,1,2,2,1,2.0,baik,SHM,2.6,17.4,1,0,0,885.6
P007106,2023-01-11,jakarta_selatan,rumah,152.0,220.0,2,6,6,2,2.0,baik,SHM,5.3,10.1,0,1,0,3975.5
P009099,2023-01-11,depok,ruko,73.0,83.0,2,0,1,1,20.0,perlu_renovasi,SHM,6.4,3.7,1,1,0,1137.2
P000798,2023-01-12,jakarta_barat,rumah,200.0,126.0,1,3,2,2,13.0,sedang,girik_ajb,5.7,8.2,1,0,1,1806.3
P003686,2023-01-12,jakarta_selatan,rumah,245.0,363.0,2,10,8,3,16.0,perlu_renovasi,SHM,6.1,4.7,0,0,0,7591.1
P004380,2023-01-12,jakarta_selatan,rumah,85.0,59.0,1,1,1,1,14.0,sedang,SHM,8.2,9.9,1,0,0,2160.8
P005629,2023-01-12,jakarta_selatan,rumah,93.0,159.0,3,4,3,0,25.0,baik,HGB,3.7,13.7,1,0,0,1540.2
P006812,2023-01-12,tangerang_selatan,rumah,201.0,278.0,3,7,5,2,29.0,sedang,HGB,4.9,23.6,0,0,0,1670.5
P000331,2023-01-13,bandung,rumah,99.0,55.0,1,1,1,2,3.0,baik,SHM,4.6,9.8,0,0,1,800.1
P001731,2023-01-13,yogyakarta,rumah,86.0,62.0,1,2,2,2,26.0,sedang,HGB,10.2,17.4,0,1,1,414.3
P002176,2023-01-13,depok,rumah,133.0,121.0,2,3,2,2,25.0,sedang,HGB,9.3,10.3,1,0,1,1047.9
P002898,2023-01-13,jakarta_barat,rumah,232.0,416.0,2,9,8,3,11.0,baik,SHM,4.2,12.9,1,1,0,4840.4
P003555,2023-01-13,tangerang_selatan,rumah,165.0,189.0,2,5,3,3,28.0,sedang,SHM,4.5,23.4,1,0,1,1239.6
P005321,2023-01-13,jakarta_selatan,townhouse,118.0,170.0,3,5,4,1,7.0,baik,SHM,6.0,13.6,0,0,0,2446.9
P005941,2023-01-13,bandung,rumah,69.0,88.0,2,2,2,2,7.0,sedang,girik_ajb,5.2,10.1,1,0,0,737.7
P007109,2023-01-13,tangerang_selatan,townhouse,107.0,146.0,2,5,5,2,13.0,sedang,SHM,5.3,12.6,0,0,0,1148.1
P001353,2023-01-14,tangerang_selatan,rumah,87.0,128.0,2,3,3,2,3.0,sedang,SHM,5.0,3.9,1,1,0,1736.9
P007235,2023-01-14,bogor,rumah,111.0,78.0,1,2,2,2,11.0,baik,HGB,5.8,17.0,0,0,0,591.4
P007952,2023-01-14,bogor,rumah,94.0,60.0,1,2,2,2,4.0,sedang,HGB,4.9,23.3,0,0,0,369.6
P000556,2023-01-15,tangerang_selatan,rumah,187.0,110.0,1,3,3,2,5.0,baik,SHM,5.5,23.2,0,0,0,1425.2
P001065,2023-01-15,tangerang_selatan,rumah,140.0,169.0,2,5,5,2,9.0,sedang,SHM,,7.9,1,0,0,2318.2
P001772,2023-01-15,surabaya,rumah,89.0,192.0,3,6,5,2,9.0,baik,SHM,2.1,13.7,0,1,1,1180.5
P002596,2023-01-15,semarang,rumah,60.0,62.0,2,1,1,1,7.0,sedang,SHM,4.2,15.5,0,0,0,433.6
P007543,2023-01-15,bogor,rumah,116.0,216.0,3,6,6,1,14.0,baik,HGB,3.0,11.2,1,1,0,1127.3
P007595,2023-01-15,bogor,ruko,77.0,155.0,3,3,2,1,6.0,baik,girik_ajb,8.9,27.6,0,0,0,736.3
P008057,2023-01-15,bogor,rumah,193.0,291.0,2,9,7,2,3.0,baik,SHM,2.6,5.1,0,1,0,2170.8
P008556,2023-01-15,jakarta_barat,rumah,230.0,240.0,2,7,4,3,19.0,sedang,SHM,6.1,17.2,0,0,0,2896.1
P009775,2023-01-15,surabaya,rumah,133.0,129.0,2,3,2,2,4.0,baik,SHM,6.2,2.2,0,0,0,2141.1
P000417,2023-01-16,jakarta_barat,townhouse,72.0,92.0,2,2,1,0,15.0,sedang,SHM,3.2,11.0,1,0,0,1018.6
P000484,2023-01-16,tangerang_selatan,rumah,243.0,478.0,3,10,8,3,3.0,baik,SHM,2.0,17.2,0,0,1,2807.0
P000781,2023-01-16,tangerang_selatan,rumah,87.0,129.0,2,5,4,1,28.0,sedang,SHM,3.2,13.2,0,0,0,1339.3
P001494,2023-01-16,surabaya,ruko,60.0,80.0,2,1,1,1,17.0,sedang,SHM,10.8,5.9,0,0,0,1069.6
P003195,2023-01-16,bogor,rumah,126.0,85.0,1,3,3,1,11.0,baik,HGB,5.1,13.1,0,0,0,678.9
P003237,2023-01-16,yogyakarta,townhouse,60.0,54.0,2,2,2,0,4.0,sedang,HGB,4.1,4.0,1,1,0,724.4
P004190,2023-01-16,depok,rumah,153.0,219.0,2,5,4,1,16.0,sedang,SHM,5.2,21.4,0,0,0,1320.7
P004531,2023-01-16,surabaya,rumah,159.0,113.0,1,3,3,2,10.0,baik,HGB,4.4,6.9,1,0,1,1439.8
P004635,2023-01-16,bogor,rumah,115.0,56.0,1,1,1,2,10.0,baik,SHM,7.7,7.4,1,0,0,742.4
P004929,2023-01-16,bandung,rumah,93.0,47.0,1,1,1,1,12.0,baik,SHM,5.1,11.2,1,0,0,582.7
P007227,2023-01-16,jakarta_selatan,rumah,286.0,213.0,1,6,6,4,25.0,sedang,HGB,4.9,8.4,0,0,0,5246.7
P008046,2023-01-16,jakarta_barat,rumah,158.0,254.0,2,7,6,2,36.0,perlu_renovasi,girik_ajb,5.8,5.1,1,1,0,1808.6
P008637,2023-01-16,tangerang_selatan,ruko,92.0,341.0,4,6,4,0,7.0,baik,HGB,5.3,20.5,0,0,1,1667.0
P008740,2023-01-16,bogor,rumah,190.0,91.0,1,3,3,2,14.0,sedang,SHM,5.5,4.6,1,0,1,1051.9
P002920,2023-01-17,bandung,rumah,134.0,199.0,2,5,4,2,29.0,baik,SHM,3.2,14.7,0,0,0,1316.5
P007866,2023-01-17,bekasi,rumah,127.0,64.0,1,2,1,1,14.0,baik,HGB,5.1,19.2,0,1,0,741.2
P009111,2023-01-17,yogyakarta,ruko,114.0,121.0,2,1,1,1,15.0,sedang,SHM,7.8,4.2,0,0,1,1292.7
P003898,2023-01-18,bekasi,ruko,98.0,84.0,2,1,1,2,21.0,sedang,SHM,12.2,12.3,0,1,1,725.5
P005818,2023-01-18,jakarta_barat,townhouse,108.0,124.0,2,4,4,1,13.0,sedang,SHM,3.1,10.1,0,0,0,1698.2
P005961,2023-01-18,jakarta_selatan,rumah,129.0,231.0,2,7,5,1,23.0,sedang,SHM,5.4,14.0,0,0,1,1689.5
P006172,2023-01-18,bekasi,rumah,52.0,39.0,2,1,1,1,9.0,sedang,SHM,4.7,5.1,1,0,0,562.3
P006364,2023-01-18,jakarta_barat,rumah,218.0,184.0,2,6,5,3,2.0,baik,SHM,3.2,10.9,0,0,0,2655.7
P008157,2023-01-18,semarang,rumah,63.0,36.0,1,1,1,0,11.0,sedang,SHM,4.8,15.4,0,0,0,294.1
P008988,2023-01-18,yogyakarta,rumah,139.0,223.0,2,7,5,1,19.0,baik,SHM,4.2,8.2,0,1,0,1455.3
P008989,2023-01-18,jakarta_selatan,rumah,146.0,67.0,1,2,2,1,12.0,baik,SHM,4.5,10.1,1,0,0,2935.1
P009746,2023-01-18,surabaya,rumah,114.0,52.0,1,2,2,2,10.0,baik,SHM,7.1,16.6,0,0,1,683.0
P009841,2023-01-18,bogor,rumah,153.0,208.0,2,7,6,1,12.0,sedang,SHM,8.8,10.3,0,0,0,1265.8
P000794,2023-01-19,jakarta_selatan,townhouse,113.0,126.0,2,3,3,1,1.0,baik,SHM,5.8,17.5,0,0,0,1949.9
P003639,2023-01-19,surabaya,rumah,142.0,229.0,2,6,6,3,15.0,sedang,SHM,4.4,21.7,0,0,0,1236.7
P003754,2023-01-19,bandung,rumah,80.0,32.0,1,1,1,2,6.0,sedang,SHM,2.7,3.9,0,0,0,679.3
P003927,2023-01-19,depok,townhouse,90.0,126.0,2,4,4,1,9.0,baik,SHM,5.0,11.8,1,0,0,1340.8
P004689,2023-01-19,surabaya,ruko,83.0,83.0,2,0,1,1,6.0,baik,SHM,12.2,19.6,1,0,0,1120.9
P004699,2023-01-19,depok,rumah,200.0,173.0,2,4,4,3,12.0,sedang,SHM,10.1,13.2,1,0,0,1925.0
P004993,2023-01-19,bandung,rumah,171.0,122.0,1,3,3,2,55.0,sedang,HGB,11.9,5.6,0,0,0,1472.6
P006090,2023-01-19,bandung,rumah,120.0,40.0,1,1,1,0,7.0,sedang,SHM,3.0,7.8,0,0,0,869.2
P007953,2023-01-19,semarang,townhouse,93.0,158.0,2,4,3,2,15.0,baik,HGB,2.4,3.6,1,1,0,1026.8
P008033,2023-01-19,depok,rumah,289.0,389.0,2,10,6,3,26.0,sedang,SHM,7.6,8.0,0,0,0,2862.0
P000472,2023-01-20,depok,ruko,59.0,123.0,4,2,1,0,6.0,baik,SHM,14.1,15.6,1,0,0,857.0
P002424,2023-01-20,jakarta_selatan,rumah,92.0,67.0,1,2,2,2,22.0,sedang,SHM,3.7,2.2,1,1,0,2298.9
P002770,2023-01-20,yogyakarta,rumah,177.0,197.0,2,5,3,2,14.0,sedang,girik_ajb,5.3,4.4,0,0,0,1393.7
P003443,2023-01-20,jakarta_selatan,ruko,78.0,94.0,2,1,1,2,22.0,sedang,SHM,16.9,8.4,0,0,0,2544.3
P006180,2023-01-20,bekasi,rumah,108.0,89.0,1,3,3,1,10.0,sedang,HGB,3.3,28.2,0,0,0,571.9
P009550,2023-01-20,jakarta_barat,rumah,165.0,128.0,1,4,3,2,,perlu_renovasi,HGB,6.6,4.4,1,1,0,3514.0
P009793,2023-01-20,jakarta_selatan,rumah,93.0,133.0,2,3,3,1,8.0,baik,SHM,2.9,17.0,1,0,1,1359.7
P001581,2023-01-21,semarang,rumah,185.0,110.0,1,3,2,2,16.0,baik,SHM,7.8,10.9,0,0,0,1158.7
P005724,2023-01-21,semarang,rumah,87.0,107.0,2,2,2,1,17.0,sedang,SHM,3.6,15.5,0,1,0,513.4
P008054,2023-01-21,bandung,rumah,122.0,144.0,2,4,3,1,16.0,sedang,SHM,4.4,2.4,0,0,1,1345.8
P009659,2023-01-21,yogyakarta,rumah,208.0,76.0,1,2,1,3,9.0,baik,HGB,5.9,8.2,1,0,0,1405.6
P000494,2023-01-22,tangerang_selatan,ruko,128.0,163.0,3,2,2,1,18.0,sedang,SHM,10.6,12.7,1,1,0,1986.4
P001654,2023-01-22,jakarta_barat,townhouse,106.0,165.0,2,4,4,0,15.0,baik,HGB,6.2,12.6,0,0,1,1455.0
P001780,2023-01-22,bekasi,rumah,186.0,168.0,2,6,6,0,3.0,baik,SHM,2.2,28.6,0,0,0,1106.2
P002525,2023-01-22,semarang,townhouse,100.0,128.0,2,3,3,2,7.0,baik,HGB,8.7,14.0,0,0,0,868.3
P002982,2023-01-22,tangerang_selatan,rumah,70.0,71.0,2,2,2,1,23.0,sedang,SHM,9.9,4.7,1,0,0,1068.8
P004007,2023-01-22,depok,rumah,100.0,37.0,1,1,1,1,5.0,baik,HGB,6.5,22.2,0,0,0,527.2
P004551,2023-01-22,jakarta_selatan,rumah,245.0,288.0,2,9,8,3,8.0,baik,SHM,3.3,6.7,1,0,0,6104.0
P005129,2023-01-22,semarang,rumah,112.0,150.0,2,4,3,2,24.0,baik,SHM,3.6,5.2,0,1,0,1031.8
P008376,2023-01-22,bogor,rumah,64.0,90.0,2,2,2,0,12.0,baik,HGB,5.3,17.6,0,0,0,614.9
P009126,2023-01-22,yogyakarta,rumah,149.0,270.0,2,8,6,2,13.0,sedang,girik_ajb,7.6,17.1,0,0,0,1305.1
P002299,2023-01-23,jakarta_selatan,rumah,127.0,200.0,2,5,3,1,7.0,baik,SHM,3.4,5.2,0,0,0,3617.5
P003339,2023-01-23,tangerang_selatan,townhouse,68.0,93.0,3,3,2,1,14.0,sedang,SHM,5.2,18.4,0,0,1,684.6
P005720,2023-01-23,jakarta_selatan,townhouse,102.0,191.0,3,5,5,1,6.0,baik,SHM,2.8,12.8,0,0,0,2583.5
P006112,2023-01-23,bekasi,rumah,147.0,120.0,1,4,4,1,35.0,perlu_renovasi,SHM,4.3,17.3,1,0,0,926.8
P007184,2023-01-23,bekasi,ruko,85.0,155.0,3,3,3,1,6.0,baik,SHM,4.6,5.0,0,1,1,1558.8
P009859,2023-01-23,depok,townhouse,86.0,132.0,2,3,3,2,5.0,perlu_renovasi,SHM,7.0,22.9,0,0,0,689.2
P001064,2023-01-24,bogor,rumah,90.0,58.0,1,2,1,1,60.0,perlu_renovasi,HGB,9.1,10.6,0,0,0,430.1
P002526,2023-01-24,jakarta_barat,rumah,89.0,68.0,1,2,2,1,3.0,baik,girik_ajb,3.3,5.6,1,1,0,1402.3
P004224,2023-01-24,jakarta_barat,townhouse,103.0,231.0,3,7,5,0,9.0,sedang,SHM,5.7,19.2,0,0,0,1691.0
P004288,2023-01-24,jakarta_barat,rumah,99.0,107.0,2,3,3,1,2.0,baik,SHM,9.1,4.7,1,0,0,2104.3
P006332,2023-01-24,yogyakarta,ruko,39.0,65.0,2,0,1,1,30.0,baik,SHM,14.1,12.9,0,0,0,376.1
P002001,2023-01-25,surabaya,rumah,80.0,89.0,2,3,2,1,33.0,perlu_renovasi,HGB,3.6,13.9,0,0,0,586.3
P006788,2023-01-25,bandung,rumah,135.0,165.0,2,6,4,2,19.0,sedang,SHM,5.4,2.6,0,1,0,1679.1
P007716,2023-01-25,jakarta_selatan,rumah,261.0,369.0,2,10,8,3,8.0,baik,HGB,2.4,12.8,0,0,1,4524.6
P000058,2023-01-26,depok,ruko,60.0,171.0,4,4,4,1,,sedang,SHM,13.8,11.5,1,0,0,1142.1
P002002,2023-01-26,bekasi,rumah,98.0,111.0,2,3,3,1,9.0,baik,SHM,3.3,12.5,0,0,0,821.0
P004927,2023-01-26,jakarta_barat,rumah,68.0,47.0,2,1,1,1,35.0,perlu_renovasi,HGB,5.2,11.0,0,0,0,715.7
P005322,2023-01-26,bogor,ruko,92.0,116.0,2,1,1,1,4.0,sedang,HGB,9.0,19.4,0,1,0,674.7
P007178,2023-01-26,yogyakarta,rumah,133.0,110.0,1,3,3,2,10.0,baik,SHM,6.4,15.4,1,0,0,1037.7
P009064,2023-01-26,surabaya,rumah,193.0,117.0,1,3,3,2,7.0,sedang,SHM,5.0,24.9,0,0,0,1308.2
P009685,2023-01-26,jakarta_barat,rumah,74.0,118.0,2,3,2,1,5.0,sedang,SHM,5.2,10.0,1,0,0,1209.7
P002063,2023-01-27,depok,rumah,139.0,90.0,1,2,1,2,11.0,baik,SHM,5.5,18.4,0,0,0,874.0
P005020,2023-01-27,bekasi,townhouse,72.0,67.0,2,2,2,1,9.0,sedang,HGB,2.3,12.4,0,0,0,592.5
P005800,2023-01-27,bekasi,rumah,77.0,65.0,2,2,1,0,24.0,sedang,SHM,3.6,27.7,0,0,0,322.0
P007589,2023-01-27,bogor,rumah,204.0,132.0,1,3,3,4,1.0,sedang,HGB,7.8,18.3,0,0,0,1164.1
P000930,2023-01-28,bandung,rumah,131.0,70.0,1,2,2,1,13.0,sedang,SHM,4.0,9.2,0,0,0,872.1
P001670,2023-01-28,surabaya,rumah,187.0,479.0,3,10,6,1,11.0,sedang,HGB,5.4,17.4,0,0,1,2408.5
P003181,2023-01-28,yogyakarta,rumah,108.0,87.0,1,2,2,0,7.0,baik,SHM,9.2,10.3,0,0,0,853.2
P004458,2023-01-28,bogor,rumah,64.0,90.0,2,3,2,1,9.0,sedang,SHM,4.7,10.2,0,0,0,499.0
P004779,2023-01-28,tangerang_selatan,rumah,51.0,58.0,2,2,2,0,3.0,baik,SHM,3.4,23.2,0,0,0,481.1
P006975,2023-01-28,depok,rumah,435.0,197.0,1,5,3,4,13.0,sedang,SHM,6.0,24.6,0,1,0,1875.3
P007921,2023-01-28,bandung,rumah,125.0,106.0,2,3,3,2,28.0,baik,SHM,12.2,6.8,1,0,0,1446.6
P009891,2023-01-28,bogor,townhouse,46.0,43.0,2,1,1,0,15.0,baik,SHM,6.2,17.7,0,0,0,282.7
P002374,2023-01-29,tangerang_selatan,rumah,45.0,27.0,1,1,1,1,6.0,baik,HGB,4.2,3.3,1,0,0,668.9
P004111,2023-01-29,tangerang_selatan,rumah,190.0,302.0,2,10,8,3,12.0,baik,HGB,5.4,24.3,0,0,0,2333.2
P005269,2023-01-29,semarang,townhouse,74.0,60.0,2,2,2,1,12.0,baik,SHM,5.3,2.5,1,1,0,809.6
P006545,2023-01-29,tangerang_selatan,rumah,258.0,127.0,1,4,4,4,5.0,baik,SHM,6.2,23.4,0,0,0,1942.1
P007686,2023-01-29,surabaya,townhouse,69.0,75.0,2,2,2,0,9.0,baik,HGB,6.2,12.3,1,0,0,886.0
P008262,2023-01-29,jakarta_selatan,ruko,76.0,106.0,3,1,1,1,,baik,SHM,15.4,14.2,1,0,0,2089.2
P009341,2023-01-29,jakarta_selatan,rumah,69.0,85.0,2,2,1,1,3.0,baik,girik_ajb,6.3,12.4,0,0,0,1661.2
P009838,2023-01-29,depok,rumah,245.0,221.0,2,6,4,3,9.0,sedang,SHM,3.7,13.5,1,1,0,2292.3
P000225,2023-02-01,tangerang_selatan,ruko,88.0,282.0,4,5,4,1,29.0,sedang,HGB,8.7,19.3,0,0,1,1232.9
P000779,2023-02-01,surabaya,rumah,119.0,90.0,1,2,2,0,10.0,sedang,SHM,4.4,19.1,0,0,0,858.0
P001949,2023-02-01,jakarta_selatan,rumah,90.0,63.0,1,2,2,0,10.0,baik,SHM,5.7,10.4,0,0,0,1764.6
P002103,2023-02-01,surabaya,ruko,68.0,84.0,2,0,1,0,11.0,baik,SHM,9.2,11.6,0,0,0,933.2
P002903,2023-02-01,jakarta_barat,rumah,180.0,93.0,1,3,3,2,3.0,sedang,SHM,3.8,16.4,0,1,1,1668.0
P005463,2023-02-01,jakarta_selatan,rumah,120.0,125.0,2,3,3,1,43.0,baik,SHM,3.0,14.4,1,0,0,1930.9
P006729,2023-02-01,bandung,ruko,63.0,121.0,4,1,1,1,4.0,sedang,SHM,10.7,19.5,0,0,0,738.8
P008618,2023-02-01,bandung,rumah,114.0,152.0,2,4,4,1,3.0,baik,SHM,8.6,13.7,0,0,1,1397.6
P008848,2023-02-01,bogor,ruko,78.0,201.0,4,4,3,1,16.0,sedang,SHM,,27.2,0,0,0,699.4
P008885,2023-02-01,depok,rumah,95.0,78.0,2,3,2,1,7.0,baik,SHM,4.6,10.7,1,0,0,789.0
P001031,2023-02-02,depok,ruko,73.0,232.0,4,5,4,0,2.0,sedang,SHM,4.7,11.3,0,0,0,1410.1
P001198,2023-02-02,bandung,townhouse,89.0,69.0,2,2,2,1,7.0,baik,HGB,9.5,5.5,0,0,0,987.4
P001911,2023-02-02,jakarta_selatan,rumah,169.0,145.0,2,4,4,2,33.0,sedang,SHM,3.3,16.3,0,0,0,2491.5
P002592,2023-02-02,semarang,rumah,128.0,77.0,1,3,3,1,24.0,baik,HGB,2.1,17.7,0,0,0,581.3
P004868,2023-02-02,tangerang_selatan,rumah,161.0,79.0,1,3,3,0,,baik,HGB,3.9,3.1,1,0,0,2399.0
P006048,2023-02-02,jakarta_selatan,townhouse,105.0,137.0,2,3,3,1,6.0,baik,SHM,5.9,7.3,1,1,1,3120.4
P007181,2023-02-02,tangerang_selatan,rumah,48.0,26.0,1,1,1,0,10.0,baik,SHM,2.7,19.0,0,0,0,392.4
P009405,2023-02-02,bandung,ruko,84.0,87.0,2,0,1,1,16.0,baik,HGB,10.2,12.9,0,1,0,913.5
P000403,2023-02-03,surabaya,rumah,154.0,191.0,2,5,5,2,16.0,perlu_renovasi,SHM,,13.6,0,0,0,1563.8
P002809,2023-02-03,jakarta_barat,rumah,167.0,122.0,1,3,2,2,7.0,sedang,SHM,3.9,19.1,0,0,0,1716.7
P007080,2023-02-03,yogyakarta,rumah,290.0,121.0,1,3,3,4,21.0,baik,SHM,5.0,5.8,1,0,0,1825.2
P009138,2023-02-03,bogor,ruko,52.0,79.0,2,1,1,1,21.0,sedang,SHM,9.0,25.6,0,0,0,296.9
P000294,2023-02-04,jakarta_selatan,rumah,64.0,51.0,2,1,1,1,17.0,baik,SHM,4.0,7.6,1,0,0,1522.2
P001507,2023-02-04,bandung,rumah,132.0,206.0,2,5,5,1,16.0,sedang,SHM,2.0,11.7,0,1,0,1390.6
P005028,2023-02-04,tangerang_selatan,townhouse,87.0,149.0,2,5,5,1,3.0,baik,SHM,6.5,13.3,0,0,1,1900.2
P005172,2023-02-04,bogor,rumah,121.0,111.0,2,3,3,2,38.0,sedang,HGB,4.3,21.1,0,0,0,531.3
P005280,2023-02-04,bandung,townhouse,89.0,135.0,2,3,3,1,15.0,baik,SHM,4.5,21.5,0,0,0,931.7
P007430,2023-02-04,semarang,rumah,155.0,142.0,1,3,3,1,1.0,perlu_renovasi,HGB,5.5,7.7,1,0,0,984.0
P007702,2023-02-04,depok,rumah,73.0,40.0,1,1,1,0,17.0,sedang,HGB,2.3,24.2,1,0,0,352.9
P009918,2023-02-04,bekasi,rumah,119.0,60.0,1,1,1,1,5.0,perlu_renovasi,SHM,4.6,28.1,0,0,0,490.4
P000271,2023-02-05,jakarta_selatan,townhouse,88.0,89.0,2,2,1,1,15.0,baik,HGB,,13.1,0,0,0,1501.0
P000405,2023-02-05,yogyakarta,rumah,69.0,82.0,2,3,2,2,19.0,perlu_renovasi,SHM,10.7,5.8,1,0,0,645.6
P000416,2023-02-05,tangerang_selatan,rumah,80.0,64.0,2,2,2,1,6.0,baik,SHM,5.0,24.2,0,0,0,696.3
P002435,2023-02-05,bandung,rumah,128.0,136.0,2,4,4,1,14.0,sedang,HGB,4.9,16.3,0,0,0,974.8
P002812,2023-02-05,semarang,rumah,269.0,404.0,2,10,7,3,7.0,baik,SHM,5.4,13.9,1,0,0,2287.8
P004571,2023-02-05,tangerang_selatan,rumah,119.0,96.0,2,3,3,1,4.0,baik,SHM,7.4,24.6,0,0,0,1109.9
P006282,2023-02-05,tangerang_selatan,rumah,165.0,107.0,1,2,1,2,6.0,baik,SHM,3.8,20.8,0,0,0,1516.0
P007356,2023-02-05,bekasi,rumah,87.0,41.0,1,1,1,0,21.0,sedang,SHM,5.0,30.0,0,0,0,360.6
P008337,2023-02-05,surabaya,rumah,119.0,100.0,2,2,2,1,11.0,baik,SHM,8.4,9.0,0,0,0,1422.3
P008487,2023-02-05,yogyakarta,rumah,71.0,77.0,2,2,2,0,13.0,baik,SHM,6.1,17.7,0,1,0,632.5
P004011,2023-02-06,tangerang_selatan,ruko,70.0,136.0,3,1,1,1,8.0,sedang,SHM,10.9,22.7,0,0,0,911.3
P004639,2023-02-06,jakarta_barat,ruko,114.0,107.0,2,1,1,1,21.0,sedang,SHM,9.8,8.4,0,1,0,2355.4
P005185,2023-02-06,jakarta_selatan,townhouse,88.0,113.0,2,3,3,2,11.0,baik,HGB,4.2,17.6,1,0,0,1656.5
P005588,2023-02-06,tangerang_selatan,ruko,92.0,112.0,2,1,1,2,,baik,SHM,12.9,9.3,0,0,0,1556.5
P008153,2023-02-06,bogor,ruko,73.0,210.0,4,4,4,2,,baik,SHM,15.5,4.4,0,0,0,1604.8
P008678,2023-02-06,bandung,rumah,133.0,77.0,1,2,2,2,21.0,sedang,SHM,3.2,5.1,0,1,0,1403.8
P008829,2023-02-06,jakarta_barat,rumah,119.0,250.0,3,8,8,2,,baik,SHM,2.7,14.6,0,0,0,2076.1
P009444,2023-02-06,tangerang_selatan,rumah,116.0,152.0,2,4,2,1,9.0,sedang,SHM,14.8,14.9,0,0,1,1242.9
P000273,2023-02-07,jakarta_selatan,rumah,92.0,140.0,2,3,3,2,11.0,perlu_renovasi,SHM,4.1,11.7,1,0,0,2176.0
P000362,2023-02-07,jakarta_selatan,rumah,83.0,153.0,2,5,5,1,12.0,baik,SHM,2.7,10.7,1,0,0,1717.7
P001222,2023-02-07,jakarta_barat,rumah,70.0,64.0,2,2,2,0,11.0,sedang,SHM,2.6,14.0,0,0,1,571.2
P001832,2023-02-07,yogyakarta,ruko,67.0,123.0,4,1,1,1,1.0,baik,SHM,10.9,5.8,0,0,1,975.3
P001926,2023-02-07,jakarta_selatan,rumah,148.0,183.0,2,5,4,2,14.0,sedang,HGB,3.3,7.6,0,1,0,3675.4
P002158,2023-02-07,tangerang_selatan,rumah,188.0,129.0,1,3,2,2,29.0,baik,HGB,5.6,18.7,0,0,0,1243.1
P002214,2023-02-07,depok,townhouse,94.0,96.0,2,2,2,0,8.0,sedang,SHM,5.2,22.0,0,1,0,733.5
P003047,2023-02-07,bekasi,rumah,116.0,56.0,1,2,1,2,27.0,sedang,HGB,6.2,19.9,0,0,0,476.8
P003844,2023-02-07,bogor,ruko,148.0,230.0,2,4,3,2,21.0,sedang,HGB,11.3,19.5,0,0,0,943.5
P005092,2023-02-07,bandung,rumah,126.0,198.0,2,6,5,3,3.0,baik,SHM,7.8,14.7,0,0,0,1757.5
P006152,2023-02-07,bandung,rumah,184.0,213.0,2,5,5,2,25.0,perlu_renovasi,SHM,6.0,4.3,0,0,0,2178.3
P007635,2023-02-07,jakarta_selatan,rumah,150.0,211.0,2,7,7,2,7.0,baik,HGB,8.6,18.0,0,0,0,3002.8
P008268,2023-02-07,jakarta_barat,rumah,94.0,111.0,2,3,2,1,4.0,baik,SHM,6.0,10.4,0,0,0,1594.8
P008792,2023-02-07,surabaya,townhouse,60.0,74.0,2,2,2,1,9.0,sedang,HGB,7.2,23.2,0,0,0,615.7
P000365,2023-02-08,bandung,rumah,139.0,151.0,2,5,5,2,9.0,baik,SHM,4.8,3.5,1,0,1,1715.4
P000876,2023-02-08,semarang,rumah,99.0,54.0,1,1,1,1,30.0,sedang,SHM,5.0,12.1,0,0,0,358.8
P001463,2023-02-08,jakarta_barat,rumah,168.0,188.0,2,5,5,3,11.0,baik,SHM,5.2,14.1,0,0,0,2284.5
P002565,2023-02-08,bogor,rumah,84.0,122.0,2,4,3,0,13.0,baik,HGB,4.7,12.5,1,1,0,944.5
P004146,2023-02-08,tangerang_selatan,rumah,39.0,39.0,2,1,1,1,11.0,baik,HGB,9.1,21.4,1,0,0,411.9
P008232,2023-02-08,jakarta_barat,ruko,74.0,78.0,2,0,1,0,15.0,baik,SHM,7.0,8.8,0,0,0,1575.7
P000295,2023-02-09,surabaya,rumah,93.0,73.0,2,2,2,2,5.0,perlu_renovasi,SHM,2.4,3.4,0,1,1,882.7
P001424,2023-02-09,bekasi,townhouse,63.0,133.0,3,4,2,2,5.0,baik,SHM,7.6,6.3,0,0,0,1109.7
P003515,2023-02-09,semarang,rumah,175.0,83.0,1,3,3,2,28.0,baik,HGB,2.2,5.6,1,0,0,733.4
P009679,2023-02-09,bekasi,rumah,114.0,162.0,2,4,4,3,10.0,sedang,HGB,10.2,19.8,1,0,0,1026.0
P003556,2023-02-10,surabaya,ruko,95.0,189.0,3,2,2,1,6.0,baik,SHM,8.9,4.7,0,1,0,2466.9
P005672,2023-02-10,surabaya,ruko,78.0,98.0,3,1,1,1,12.0,baik,girik_ajb,5.3,3.4,1,1,0,1187.8
P006245,2023-02-10,jakarta_barat,rumah,73.0,49.0,2,1,1,1,13.0,sedang,SHM,9.9,7.5,0,0,0,1094.1
P007449,2023-02-10,depok,rumah,101.0,94.0,2,3,2,1,14.0,sedang,SHM,,15.5,1,0,0,850.7
P007586,2023-02-10,bekasi,rumah,87.0,73.0,1,2,2,1,3.0,sedang,girik_ajb,,29.9,0,1,0,416.2
P007765,2023-02-10,bogor,townhouse,67.0,67.0,2,2,2,1,15.0,baik,SHM,4.6,6.7,1,0,0,622.2
P000113,2023-02-11,tangerang_selatan,rumah,119.0,167.0,3,5,5,1,21.0,sedang,girik_ajb,2.9,10.2,0,0,0,895.9
P001972,2023-02-11,yogyakarta,rumah,189.0,296.0,2,10,7,3,7.0,sedang,HGB,,6.1,1,0,0,2120.2
P005302,2023-02-11,bogor,rumah,95.0,129.0,2,3,3,2,15.0,sedang,girik_ajb,2.7,8.4,1,0,0,567.6
P008485,2023-02-11,surabaya,rumah,130.0,154.0,2,4,2,2,18.0,sedang,SHM,8.3,20.3,0,0,0,1000.6
P008587,2023-02-11,jakarta_barat,townhouse,95.0,166.0,2,5,4,1,14.0,sedang,SHM,6.0,4.1,0,0,0,1967.6
P001298,2023-02-12,jakarta_barat,rumah,57.0,27.0,1,1,1,0,16.0,perlu_renovasi,SHM,8.0,17.9,0,0,0,481.9
P001340,2023-02-12,bekasi,rumah,80.0,92.0,2,3,3,1,21.0,sedang,SHM,8.2,8.9,0,0,0,740.3
P002576,2023-02-12,bogor,rumah,30.0,35.0,2,1,1,1,20.0,baik,SHM,3.8,13.9,1,0,0,259.8
P003420,2023-02-12,surabaya,townhouse,90.0,132.0,2,4,4,1,15.0,sedang,SHM,3.6,14.3,0,0,0,900.3
P004534,2023-02-12,depok,ruko,83.0,165.0,4,2,2,2,3.0,baik,HGB,8.2,9.2,0,0,0,1495.7
P005091,2023-02-12,bekasi,rumah,179.0,159.0,2,4,3,2,37.0,sedang,SHM,5.6,11.7,0,0,0,1281.5
P005993,2023-02-12,yogyakarta,rumah,144.0,99.0,1,2,2,1,4.0,sedang,HGB,6.1,3.9,0,1,0,1312.7
P007466,2023-02-12,jakarta_selatan,rumah,308.0,119.0,1,3,3,4,1.0,sedang,SHM,3.7,10.7,1,1,1,5241.4
P009402,2023-02-12,bandung,rumah,117.0,78.0,1,2,1,2,4.0,sedang,SHM,7.3,20.6,0,0,0,767.1
P001717,2023-02-13,tangerang_selatan,rumah,88.0,156.0,2,4,3,0,8.0,baik,SHM,7.8,9.8,0,0,1,1471.6
P001840,2023-02-13,bandung,ruko,85.0,106.0,3,1,1,1,6.0,baik,SHM,13.6,2.3,0,1,0,1489.7
P002672,2023-02-13,bekasi,rumah,195.0,228.0,2,5,5,3,7.0,baik,SHM,5.0,27.9,0,0,0,1659.4
P005554,2023-02-13,jakarta_barat,rumah,84.0,60.0,1,2,2,0,23.0,baik,SHM,,14.1,1,0,1,899.6
P006279,2023-02-13,bandung,townhouse,71.0,97.0,2,2,2,1,3.0,sedang,SHM,5.5,15.7,1,0,0,766.5
P006695,2023-02-13,bekasi,rumah,62.0,42.0,1,1,1,0,,baik,HGB,8.6,26.4,0,0,0,305.0
P008131,2023-02-13,bogor,rumah,213.0,173.0,1,5,5,3,50.0,sedang,SHM,5.3,18.2,0,0,1,687.0
P008553,2023-02-13,surabaya,townhouse,118.0,161.0,2,4,4,2,15.0,sedang,girik_ajb,6.4,5.7,0,0,1,1443.0
P008847,2023-02-13,surabaya,rumah,81.0,41.0,1,1,1,2,19.0,sedang,HGB,7.8,21.9,0,0,0,502.2
P009727,2023-02-13,tangerang_selatan,rumah,96.0,69.0,1,2,2,1,16.0,perlu_renovasi,HGB,5.1,17.5,0,0,0,660.1
P000075,2023-02-14,jakarta_selatan,rumah,57.0,77.0,2,3,2,1,6.0,baik,SHM,3.4,4.7,0,0,1,1632.3
P000196,2023-02-14,jakarta_barat,rumah,146.0,80.0,1,2,2,1,23.0,sedang,HGB,5.5,18.7,0,0,0,1353.8
P000512,2023-02-14,surabaya,rumah,80.0,48.0,1,1,1,1,2.0,baik,SHM,5.5,20.0,0,0,0,571.7
P000549,2023-02-14,bandung,rumah,39.0,22.0,1,1,1,0,12.0,baik,SHM,3.1,13.1,0,0,0,275.7
P000616,2023-02-14,bandung,rumah,168.0,158.0,2,5,5,2,42.0,perlu_renovasi,SHM,4.2,9.6,0,1,1,1051.4
P001917,2023-02-14,bandung,rumah,74.0,51.0,1,1,1,0,11.0,baik,HGB,3.1,17.9,0,0,0,508.8
P002917,2023-02-14,tangerang_selatan,ruko,52.0,35.0,2,0,1,0,34.0,baik,SHM,6.6,14.1,0,0,1,552.0
P004399,2023-02-14,jakarta_barat,townhouse,113.0,149.0,2,5,4,1,5.0,sedang,SHM,5.2,6.3,0,0,0,2262.5
P004968,2023-02-14,tangerang_selatan,ruko,58.0,81.0,3,1,1,1,27.0,sedang,SHM,12.2,10.8,0,1,0,1061.3
P006951,2023-02-14,bogor,ruko,92.0,189.0,4,4,2,1,,sedang,HGB,8.0,26.6,0,0,0,752.8
P000373,2023-02-15,bekasi,rumah,237.0,376.0,2,9,7,4,3.0,sedang,SHM,5.4,6.0,1,0,0,3303.6
P002120,2023-02-15,tangerang_selatan,rumah,120.0,103.0,2,2,2,1,20.0,sedang,SHM,10.2,10.5,0,0,0,1455.2
P002514,2023-02-15,jakarta_selatan,townhouse,71.0,63.0,2,2,2,1,4.0,baik,SHM,3.0,13.2,0,0,0,1338.0
P004315,2023-02-15,jakarta_selatan,rumah,101.0,136.0,2,4,4,0,12.0,baik,HGB,5.8,17.3,0,0,0,1840.0
P005637,2023-02-15,tangerang_selatan,rumah,256.0,150.0,1,4,3,2,14.0,sedang,HGB,4.4,18.8,0,0,0,1767.9
P006835,2023-02-15,bekasi,rumah,59.0,62.0,2,2,2,1,11.0,baik,SHM,3.5,26.4,0,0,0,425.6
P007761,2023-02-15,bekasi,rumah,119.0,54.0,1,1,1,1,19.0,sedang,SHM,4.8,20.0,0,0,0,519.0
P001013,2023-02-16,depok,ruko,69.0,85.0,3,1,1,1,29.0,sedang,girik_ajb,7.2,17.7,0,0,0,469.3
P002195,2023-02-16,bogor,rumah,162.0,147.0,1,4,3,1,8.0,baik,SHM,4.3,9.7,0,0,0,1499.3
P003162,2023-02-16,yogyakarta,rumah,157.0,154.0,2,4,3,1,8.0,baik,SHM,6.8,5.7,0,0,0,2385.1
P003619,2023-02-16,tangerang_selatan,rumah,72.0,43.0,1,1,1,1,4.0,sedang,SHM,4.0,3.2,1,0,0,1105.1
P005140,2023-02-16,surabaya,townhouse,79.0,84.0,2,2,2,1,10.0,sedang,HGB,4.0,11.5,0,0,0,890.9
P005147,2023-02-16,semarang,rumah,164.0,135.0,2,4,4,1,12.0,sedang,HGB,6.8,19.1,0,0,1,782.6
P005710,2023-02-16,bogor,townhouse,102.0,123.0,2,3,2,2,13.0,sedang,SHM,5.8,3.0,1,0,0,1201.2
P007609,2023-02-16,tangerang_selatan,rumah,147.0,164.0,3,5,4,1,20.0,sedang,SHM,3.9,18.4,0,1,0,1342.6
P007703,2023-02-16,depok,rumah,60.0,45.0,1,1,1,1,14.0,sedang,HGB,,7.4,0,1,0,628.1
P008362,2023-02-16,semarang,rumah,283.0,260.0,2,8,8,3,26.0,sedang,SHM,12.1,12.9,0,0,1,1258.2
P008820,2023-02-16,semarang,ruko,102.0,134.0,2,2,1,2,3.0,baik,SHM,7.6,16.4,0,0,0,798.9
P009623,2023-02-16,yogyakarta,townhouse,94.0,135.0,3,5,5,1,7.0,baik,SHM,6.7,16.8,0,0,0,1164.7
P000445,2023-02-17,tangerang_selatan,rumah,112.0,118.0,2,4,4,1,9.0,sedang,SHM,4.8,15.0,1,0,1,929.2
P002460,2023-02-17,depok,ruko,136.0,389.0,4,6,6,1,6.0,baik,SHM,8.5,5.9,1,0,0,3194.7
P004126,2023-02-17,jakarta_barat,rumah,640.0,529.0,1,10,8,6,10.0,sedang,SHM,5.5,19.0,0,0,0,6080.9
P004236,2023-02-17,jakarta_barat,rumah,154.0,72.0,1,2,2,2,0.0,baik,SHM,9.7,10.6,0,0,1,1823.5
P004396,2023-02-17,bekasi,rumah,115.0,79.0,1,3,2,2,32.0,perlu_renovasi,SHM,4.8,8.9,1,0,1,652.7
P009849,2023-02-17,bekasi,rumah,92.0,196.0,3,5,4,2,40.0,baik,SHM,10.7,22.4,1,0,0,661.4
P001896,2023-02-18,jakarta_barat,townhouse,71.0,77.0,2,3,2,0,15.0,baik,SHM,5.9,5.8,1,0,0,1197.5
P003342,2023-02-18,surabaya,rumah,89.0,60.0,2,2,2,1,13.0,baik,SHM,4.5,4.2,0,0,0,1350.1
P005060,2023-02-18,jakarta_selatan,rumah,49.0,67.0,2,2,2,1,12.0,baik,SHM,4.6,3.8,0,0,0,1478.8
P005267,2023-02-18,tangerang_selatan,ruko,104.0,277.0,3,5,5,1,15.0,perlu_renovasi,girik_ajb,12.7,11.0,1,0,0,1661.6
P005490,2023-02-18,bandung,rumah,80.0,87.0,2,2,2,2,,sedang,HGB,4.2,19.9,0,0,0,618.2
P005965,2023-02-18,bandung,rumah,163.0,249.0,2,8,5,1,14.0,sedang,HGB,3.8,9.0,0,0,1,1670.7
P006214,2023-02-18,bogor,rumah,62.0,74.0,2,2,1,1,16.0,baik,SHM,8.7,3.0,0,0,0,664.9
P001050,2023-02-19,tangerang_selatan,rumah,81.0,108.0,2,3,3,1,9.0,sedang,SHM,7.9,8.6,0,0,1,1031.0
P004623,2023-02-19,bogor,rumah,144.0,106.0,1,2,2,2,3.0,baik,SHM,5.6,29.5,0,0,1,636.7
P005359,2023-02-19,bekasi,rumah,76.0,34.0,1,1,1,2,21.0,baik,SHM,6.5,21.1,0,0,0,416.1
P006792,2023-02-19,tangerang_selatan,townhouse,84.0,89.0,2,3,3,1,15.0,sedang,HGB,3.6,15.3,0,0,0,804.0
P007405,2023-02-19,depok,rumah,339.0,453.0,2,10,8,4,13.0,sedang,HGB,5.3,9.3,1,0,0,3341.8
P008161,2023-02-19,bekasi,rumah,113.0,195.0,3,4,3,1,6.0,baik,SHM,6.0,24.2,0,0,1,1288.8
P009534,2023-02-19,depok,rumah,168.0,109.0,2,3,2,2,14.0,perlu_renovasi,HGB,4.4,19.0,1,0,0,975.9
P009869,2023-02-19,jakarta_barat,ruko,93.0,167.0,3,2,1,0,24.0,sedang,SHM,9.5,18.7,0,1,0,1495.8
P002941,2023-02-20,yogyakarta,rumah,99.0,140.0,2,3,2,1,,sedang,HGB,7.0,14.2,0,0,0,808.0
P002947,2023-02-20,tangerang_selatan,rumah,150.0,155.0,2,5,5,1,22.0,sedang,SHM,3.8,8.9,1,0,0,1678.9
P003493,2023-02-20,surabaya,rumah,62.0,27.0,1,1,1,1,,baik,SHM,3.5,20.9,0,0,0,399.1
P005952,2023-02-20,bekasi,ruko,128.0,360.0,4,6,4,1,5.0,baik,SHM,11.3,7.8,0,0,0,2282.9
P008415,2023-02-20,jakarta_selatan,rumah,90.0,241.0,3,8,7,1,35.0,sedang,SHM,5.8,2.3,0,1,0,2998.5
P002258,2023-02-21,surabaya,rumah,151.0,185.0,2,4,3,1,15.0,baik,HGB,4.0,2.1,1,0,0,2314.5
P003117,2023-02-21,jakarta_barat,ruko,83.0,191.0,3,3,2,1,24.0,sedang,SHM,8.7,12.2,0,0,0,1574.6
P003973,2023-02-21,depok,rumah,148.0,111.0,1,3,3,1,21.0,sedang,SHM,3.4,3.5,1,1,0,1441.7
P004257,2023-02-21,jakarta_selatan,rumah,135.0,113.0,2,3,3,1,23.0,sedang,SHM,3.2,2.0,1,1,0,3708.8
P005047,2023-02-21,tangerang_selatan,rumah,70.0,101.0,2,3,2,1,3.0,sedang,HGB,1.8,5.1,0,1,0,1222.6
P005319,2023-02-21,bekasi,ruko,48.0,64.0,2,0,1,0,2.0,baik,SHM,12.0,15.3,0,0,0,577.3
P005667,2023-02-21,tangerang_selatan,rumah,139.0,208.0,2,5,5,2,12.0,baik,SHM,6.1,18.3,0,0,0,1917.1
P006334,2023-02-21,bekasi,ruko,96.0,128.0,2,2,2,1,28.0,sedang,SHM,11.0,24.0,0,0,0,656.2
P008037,2023-02-21,bekasi,rumah,105.0,108.0,2,3,3,0,9.0,sedang,SHM,6.2,17.7,0,0,1,780.7
P009906,2023-02-21,bandung,rumah,191.0,258.0,2,8,5,2,12.0,sedang,SHM,2.7,21.8,1,0,0,1407.9
P002681,2023-02-22,surabaya,rumah,104.0,35.0,1,1,1,2,3.0,sedang,SHM,2.2,24.5,0,0,0,552.9
P007330,2023-02-22,bekasi,rumah,187.0,104.0,1,2,2,2,13.0,baik,girik_ajb,5.6,6.4,1,0,1,1433.2
P007515,2023-02-22,bandung,rumah,250.0,145.0,1,4,4,3,1.0,baik,HGB,4.8,14.2,0,1,0,1676.5
P008752,2023-02-22,bekasi,townhouse,66.0,79.0,2,3,3,1,11.0,baik,SHM,5.6,25.9,0,0,0,609.3
P009332,2023-02-22,jakarta_selatan,rumah,90.0,71.0,2,2,1,1,4.0,sedang,SHM,9.5,12.3,1,1,0,1958.2
P000298,2023-02-23,surabaya,ruko,48.0,91.0,3,1,1,2,15.0,baik,SHM,11.9,11.8,1,0,0,740.4
P001188,2023-02-23,yogyakarta,ruko,66.0,131.0,4,1,1,1,15.0,baik,SHM,7.0,11.0,0,1,0,989.5
P001426,2023-02-23,bekasi,rumah,302.0,277.0,2,9,8,5,17.0,baik,HGB,5.2,21.7,0,0,0,1751.7
P003816,2023-02-23,bekasi,rumah,101.0,182.0,2,4,3,1,16.0,sedang,SHM,5.7,29.1,0,1,0,824.0
P004666,2023-02-23,bekasi,rumah,30.0,27.0,2,1,1,0,28.0,sedang,SHM,8.8,16.0,0,0,0,198.0
P006795,2023-02-23,bogor,rumah,78.0,56.0,1,2,2,0,18.0,sedang,HGB,4.2,21.8,0,0,0,357.8
P007028,2023-02-23,tangerang_selatan,rumah,145.0,137.0,2,4,3,0,4.0,sedang,SHM,5.4,8.8,0,1,1,1593.4
P007467,2023-02-23,jakarta_barat,rumah,128.0,113.0,2,4,4,3,2.0,baik,SHM,2.1,5.4,0,0,0,1787.0
P008185,2023-02-23,bekasi,rumah,144.0,107.0,1,4,3,2,8.0,baik,HGB,3.7,20.2,0,0,0,996.9
P009457,2023-02-23,jakarta_barat,rumah,278.0,333.0,2,8,8,3,9.0,baik,SHM,8.9,9.5,0,0,0,4676.4
P002113,2023-02-24,jakarta_barat,rumah,266.0,256.0,2,9,7,3,,sedang,HGB,6.7,15.5,1,0,0,3071.3
P002513,2023-02-24,jakarta_selatan,rumah,118.0,98.0,2,3,3,1,30.0,sedang,HGB,4.7,6.1,1,0,0,2508.4
P003477,2023-02-24,surabaya,rumah,69.0,61.0,2,2,2,0,6.0,baik,SHM,3.9,12.4,1,0,0,845.2
P003833,2023-02-24,bekasi,rumah,145.0,226.0,2,8,6,2,,sedang,SHM,4.9,14.5,0,0,0,1418.4
P003967,2023-02-24,depok,rumah,193.0,264.0,3,8,8,1,16.0,perlu_renovasi,HGB,18.5,12.3,1,0,0,1641.5
P004719,2023-02-24,depok,rumah,80.0,64.0,1,2,2,1,,sedang,SHM,3.7,3.7,1,0,0,920.7
P005150,2023-02-24,tangerang_selatan,rumah,244.0,288.0,2,7,7,3,22.0,sedang,SHM,8.5,23.8,0,0,0,1934.0
P006128,2023-02-24,jakarta_selatan,rumah,132.0,174.0,2,5,5,1,9.0,baik,HGB,5.3,6.8,0,0,0,2902.5
P006450,2023-02-24,surabaya,ruko,99.0,194.0,3,3,3,1,21.0,sedang,SHM,6.8,8.5,0,0,1,1392.7
P001871,2023-02-25,tangerang_selatan,townhouse,78.0,86.0,2,3,3,0,1.0,baik,SHM,3.0,3.9,0,0,1,1281.5
P002049,2023-02-25,jakarta_barat,townhouse,88.0,66.0,2,2,2,1,6.0,sedang,SHM,4.9,12.2,0,0,0,1186.6
P002691,2023-02-25,yogyakarta,rumah,188.0,110.0,1,3,2,1,22.0,sedang,HGB,3.3,7.4,1,0,0,1176.8
P002852,2023-02-25,bekasi,rumah,411.0,179.0,1,5,4,5,23.0,baik,SHM,4.0,29.2,0,0,0,1115.4
P003069,2023-02-25,bandung,rumah,187.0,223.0,2,6,5,2,9.0,baik,HGB,5.4,3.2,0,1,1,2318.8
P004035,2023-02-25,jakarta_barat,rumah,128.0,130.0,2,4,3,3,6.0,sedang,SHM,5.2,12.9,1,0,0,1754.3
P005000,2023-02-25,bogor,rumah,146.0,280.0,3,7,7,2,8.0,sedang,SHM,5.3,26.1,0,0,0,1476.1
P008148,2023-02-25,jakarta_barat,rumah,138.0,107.0,2,3,3,1,7.0,baik,SHM,4.5,17.4,1,0,0,1459.9
P009334,2023-02-25,bogor,townhouse,94.0,174.0,2,4,3,2,6.0,baik,girik_ajb,2.8,14.0,0,0,0,1363.0
P000708,2023-02-26,surabaya,rumah,52.0,57.0,2,2,1,1,23.0,perlu_renovasi,SHM,5.2,14.7,0,0,0,392.2
P003139,2023-02-26,surabaya,rumah,118.0,81.0,1,2,2,1,14.0,baik,HGB,6.6,8.9,0,0,1,1084.3
P005019,2023-02-26,bogor,rumah,106.0,72.0,1,2,2,2,18.0,perlu_renovasi,SHM,7.6,3.9,0,0,0,725.4
P005377,2023-02-26,tangerang_selatan,rumah,114.0,102.0,2,2,1,1,6.0,sedang,SHM,6.0,24.0,0,0,0,1128.0
P005706,2023-02-26,bekasi,ruko,49.0,94.0,3,1,1,0,10.0,baik,SHM,13.2,5.7,1,0,0,765.5
P005727,2023-02-26,bandung,rumah,112.0,197.0,2,6,5,1,16.0,baik,SHM,9.5,8.4,1,1,0,1727.9
P006583,2023-02-26,bandung,rumah,157.0,226.0,2,6,6,2,20.0,baik,SHM,3.0,2.3,1,0,0,2129.1
P008463,2023-02-26,bandung,rumah,49.0,65.0,2,2,2,1,17.0,sedang,HGB,4.0,8.0,1,0,0,492.9
P008849,2023-02-26,surabaya,ruko,128.0,187.0,2,3,3,1,23.0,baik,SHM,12.5,23.9,0,0,0,1173.7
P008948,2023-02-26,bandung,rumah,195.0,94.0,1,3,3,2,9.0,sedang,SHM,7.4,6.3,0,0,0,1586.3
P009765,2023-02-26,bekasi,rumah,200.0,158.0,1,5,5,2,36.0,sedang,HGB,5.1,14.5,1,0,0,912.3
P001451,2023-02-27,surabaya,rumah,49.0,68.0,2,2,2,0,18.0,sedang,SHM,4.7,21.3,0,0,0,434.6
P002097,2023-02-27,jakarta_selatan,rumah,65.0,40.0,1,1,1,2,7.0,baik,SHM,6.2,8.2,0,0,0,1692.4
P003685,2023-02-27,jakarta_barat,rumah,63.0,81.0,2,3,3,0,11.0,baik,HGB,2.3,8.5,1,0,0,969.6
P004739,2023-02-27,jakarta_barat,rumah,102.0,74.0,1,2,1,1,14.0,perlu_renovasi,SHM,4.5,8.9,1,0,0,1322.5
P005251,2023-02-27,depok,ruko,76.0,152.0,3,2,2,1,9.0,baik,girik_ajb,1.8,19.6,0,0,0,797.2
P005472,2023-02-27,jakarta_selatan,rumah,95.0,131.0,2,3,2,2,,baik,SHM,13.7,8.4,0,0,0,2603.3
P006413,2023-02-27,bekasi,ruko,79.0,118.0,2,1,1,2,,baik,SHM,4.7,20.9,0,0,0,806.9
P006506,2023-02-27,jakarta_selatan,ruko,64.0,141.0,3,2,1,1,6.0,baik,SHM,8.3,14.7,0,0,0,1969.0
P008688,2023-02-27,tangerang_selatan,ruko,133.0,306.0,3,6,5,1,5.0,sedang,SHM,11.1,18.8,0,0,0,2642.0
P008796,2023-02-27,bogor,rumah,76.0,54.0,1,2,2,1,2.0,sedang,SHM,3.0,29.9,0,0,0,386.8
P009169,2023-02-27,jakarta_barat,rumah,87.0,44.0,1,1,1,0,12.0,baik,SHM,4.3,17.4,0,0,1,883.0
P009395,2023-02-27,bandung,ruko,99.0,104.0,2,1,1,2,2.0,sedang,HGB,9.1,10.2,0,0,0,1151.6
P000990,2023-02-28,surabaya,rumah,129.0,95.0,1,3,2,2,4.0,baik,HGB,6.1,22.6,0,0,0,976.4
P002343,2023-02-28,bandung,rumah,103.0,67.0,1,2,1,1,17.0,baik,SHM,4.9,4.0,0,1,0,1006.1
P004398,2023-02-28,bandung,rumah,136.0,166.0,2,5,5,1,8.0,baik,HGB,8.0,4.6,0,0,0,2451.1
P006937,2023-02-28,semarang,rumah,162.0,76.0,1,2,1,2,11.0,baik,SHM,3.8,16.2,0,0,0,762.7
P008084,2023-02-28,bogor,rumah,190.0,104.0,1,3,3,1,4.0,baik,SHM,2.8,21.5,0,0,0,900.1
P008946,2023-02-28,bandung,rumah,112.0,81.0,1,2,1,1,4.0,sedang,girik_ajb,2.4,18.6,1,0,0,612.9
P000252,2023-03-04,surabaya,ruko,65.0,84.0,2,0,1,2,8.0,sedang,SHM,12.8,24.6,0,0,0,658.1
P001089,2023-03-04,depok,ruko,80.0,116.0,2,1,1,2,20.0,sedang,SHM,11.8,22.1,0,0,0,713.2
P001630,2023-03-04,bekasi,rumah,116.0,96.0,2,3,3,1,9.0,sedang,SHM,10.6,21.1,0,0,0,704.4
P002300,2023-03-04,bandung,rumah,160.0,76.0,1,2,2,2,34.0,sedang,HGB,4.0,4.9,0,1,0,1274.3
P002699,2023-03-04,bekasi,rumah,83.0,65.0,1,2,2,1,15.0,perlu_renovasi,HGB,4.7,23.9,0,0,0,392.8
P003690,2023-03-04,bekasi,rumah,109.0,188.0,2,4,2,1,19.0,perlu_renovasi,SHM,4.0,11.5,1,0,0,929.3
P006311,2023-03-04,jakarta_barat,rumah,134.0,79.0,1,2,2,0,8.0,baik,girik_ajb,5.1,15.0,0,0,1,977.3
P006313,2023-03-04,yogyakarta,rumah,42.0,38.0,2,1,1,1,9.0,baik,SHM,9.3,18.2,0,0,0,322.0
P006769,2023-03-04,surabaya,rumah,317.0,404.0,2,10,8,4,21.0,sedang,SHM,7.8,11.8,0,1,0,2815.4
P008150,2023-03-04,jakarta_selatan,rumah,133.0,182.0,2,6,6,2,24.0,baik,SHM,9.0,15.9,0,0,0,2212.3
P009686,2023-03-04,jakarta_selatan,rumah,119.0,61.0,1,2,2,2,32.0,baik,SHM,5.4,3.1,0,1,0,2925.7
P000344,2023-03-05,bogor,rumah,153.0,151.0,2,5,3,1,11.0,sedang,HGB,5.2,28.7,0,0,0,675.4
P003425,2023-03-05,jakarta_barat,ruko,84.0,116.0,3,2,2,0,1.0,baik,SHM,13.3,10.7,1,1,0,2066.9
P005090,2023-03-05,tangerang_selatan,rumah,129.0,144.0,2,3,2,2,20.0,sedang,HGB,5.4,14.6,0,1,0,1363.7
P009207,2023-03-05,bogor,ruko,55.0,92.0,3,1,1,2,29.0,sedang,SHM,7.0,3.1,1,1,0,625.3
P003317,2023-03-06,bandung,rumah,86.0,34.0,1,1,1,0,8.0,sedang,SHM,10.1,8.4,1,0,0,760.1
P003455,2023-03-06,yogyakarta,rumah,179.0,203.0,2,6,4,2,20.0,perlu_renovasi,HGB,5.4,5.7,1,1,0,1543.3
P007071,2023-03-06,bandung,rumah,86.0,100.0,2,2,2,0,33.0,perlu_renovasi,SHM,2.5,21.9,0,0,0,376.5
P009231,2023-03-06,jakarta_selatan,rumah,121.0,248.0,3,8,6,1,15.0,sedang,SHM,5.9,13.4,0,0,0,2542.7
P009522,2023-03-06,bogor,townhouse,90.0,74.0,2,2,2,2,14.0,baik,SHM,4.1,29.1,0,0,0,472.7
P000068,2023-03-07,tangerang_selatan,rumah,120.0,114.0,2,3,2,1,17.0,sedang,SHM,4.1,24.1,0,0,0,873.7
P005443,2023-03-07,surabaya,rumah,410.0,381.0,2,10,8,4,9.0,baik,SHM,6.8,18.1,0,0,0,4176.5
P006020,2023-03-07,yogyakarta,rumah,113.0,42.0,1,1,1,3,4.0,baik,SHM,5.2,19.9,0,0,0,557.4
P006417,2023-03-07,bekasi,rumah,125.0,85.0,1,2,2,0,16.0,perlu_renovasi,SHM,10.0,15.9,0,1,1,694.6
P006532,2023-03-07,yogyakarta,rumah,171.0,155.0,2,5,3,2,1.0,baik,SHM,3.6,4.8,0,0,0,2150.7
P008938,2023-03-07,jakarta_selatan,rumah,102.0,132.0,2,3,3,2,9.0,baik,HGB,3.9,15.9,0,0,0,1939.5
P000262,2023-03-08,surabaya,rumah,258.0,161.0,1,4,4,3,5.0,baik,HGB,3.6,24.2,0,0,0,1690.9
P004357,2023-03-08,yogyakarta,ruko,65.0,106.0,4,1,1,0,9.0,baik,girik_ajb,9.1,4.6,1,0,0,780.4
P007279,2023-03-08,bogor,rumah,132.0,101.0,1,3,3,2,4.0,baik,HGB,3.1,12.1,1,1,0,1004.9
P000351,2023-03-09,bogor,townhouse,70.0,84.0,2,2,2,1,15.0,sedang,SHM,4.8,10.1,0,1,0,636.3
P000437,2023-03-09,jakarta_barat,ruko,61.0,91.0,3,0,1,1,7.0,baik,SHM,14.5,6.9,0,0,0,1445.0
P005779,2023-03-09,bandung,ruko,139.0,200.0,3,4,3,1,3.0,perlu_renovasi,HGB,7.2,13.6,0,0,0,1809.3
P006369,2023-03-09,depok,rumah,138.0,89.0,1,2,2,1,9.0,baik,SHM,3.5,11.9,1,1,0,1221.6
P008521,2023-03-09,bogor,ruko,84.0,68.0,2,0,1,1,21.0,sedang,SHM,9.7,13.7,0,0,0,651.8
P002206,2023-03-10,bogor,townhouse,67.0,54.0,2,2,1,1,15.0,sedang,SHM,4.0,20.1,0,0,0,351.9
P002447,2023-03-10,jakarta_selatan,rumah,75.0,69.0,2,2,2,1,9.0,baik,SHM,6.4,12.7,1,0,0,1755.3
P002905,2023-03-10,bekasi,rumah,88.0,48.0,1,2,2,1,24.0,baik,HGB,8.3,7.0,0,0,0,675.9
P005640,2023-03-10,depok,rumah,156.0,80.0,1,2,2,1,6.0,baik,HGB,4.5,11.5,0,0,0,1037.9
P007021,2023-03-10,yogyakarta,rumah,159.0,173.0,2,5,4,1,18.0,perlu_renovasi,SHM,2.9,13.2,1,0,0,921.8
P007984,2023-03-10,yogyakarta,ruko,108.0,124.0,2,2,2,2,8.0,baik,SHM,9.8,15.7,0,0,1,905.9
P009761,2023-03-10,semarang,rumah,122.0,82.0,1,3,3,1,34.0,sedang,SHM,4.4,15.9,1,0,0,440.0
P002211,2023-03-11,yogyakarta,rumah,160.0,87.0,1,2,2,1,16.0,sedang,SHM,2.9,16.3,1,0,1,549.0
P002732,2023-03-11,tangerang_selatan,ruko,63.0,230.0,4,5,5,1,14.0,sedang,SHM,7.9,5.2,0,0,0,1586.6
P003205,2023-03-11,semarang,townhouse,107.0,270.0,3,8,6,1,2.0,baik,SHM,4.3,9.4,0,0,0,1696.7
P003572,2023-03-11,jakarta_barat,townhouse,78.0,110.0,2,3,3,0,13.0,baik,SHM,3.6,4.1,1,0,0,1610.4
P004076,2023-03-11,bekasi,rumah,64.0,122.0,3,3,3,0,10.0,baik,HGB,7.1,13.7,0,0,0,822.1
P004512,2023-03-11,depok,rumah,110.0,64.0,1,2,2,1,3.0,baik,SHM,3.9,24.3,0,0,0,608.9
P005079,2023-03-11,tangerang_selatan,ruko,81.0,176.0,4,2,2,1,9.0,sedang,SHM,12.9,16.8,0,1,1,1220.8
P005135,2023-03-11,semarang,ruko,93.0,77.0,2,0,1,1,18.0,baik,SHM,9.3,12.1,0,0,1,505.6
P006896,2023-03-11,jakarta_barat,rumah,107.0,46.0,1,1,1,2,10.0,sedang,SHM,7.8,16.1,0,0,0,1045.9
P008481,2023-03-11,jakarta_selatan,rumah,83.0,66.0,1,2,1,0,44.0,sedang,HGB,,12.2,0,1,1,1237.2
P008837,2023-03-11,bogor,rumah,70.0,50.0,1,1,1,1,6.0,baik,SHM,6.4,4.9,0,1,0,675.0
P009277,2023-03-11,surabaya,rumah,50.0,26.0,1,1,1,1,17.0,sedang,HGB,2.9,2.5,1,0,0,659.6
P001279,2023-03-12,surabaya,rumah,179.0,105.0,1,2,2,2,7.0,baik,HGB,3.7,11.4,0,0,0,1339.1
P001414,2023-03-12,yogyakarta,rumah,159.0,106.0,1,3,2,3,27.0,sedang,SHM,5.5,12.0,0,0,1,710.9
P001495,2023-03-12,bekasi,rumah,74.0,51.0,1,1,1,1,7.0,baik,SHM,11.7,21.8,0,1,0,475.4
P003415,2023-03-12,tangerang_selatan,townhouse,108.0,152.0,3,5,4,1,15.0,sedang,SHM,2.5,8.2,0,1,0,1490.8
P003527,2023-03-12,jakarta_selatan,ruko,58.0,69.0,3,0,1,0,20.0,perlu_renovasi,SHM,5.3,13.8,0,0,1,968.1
P004876,2023-03-12,depok,ruko,38.0,52.0,2,0,1,1,13.0,perlu_renovasi,SHM,8.2,18.4,0,0,0,421.9
P005714,2023-03-12,bandung,townhouse,92.0,146.0,2,3,3,0,15.0,perlu_renovasi,SHM,3.9,16.3,0,0,0,740.8
P007910,2023-03-12,bekasi,rumah,73.0,104.0,3,4,4,1,13.0,baik,SHM,7.4,28.0,0,0,0,537.8
P009107,2023-03-12,jakarta_barat,rumah,261.0,208.0,2,7,7,3,,baik,SHM,6.4,14.2,0,0,1,3436.6
P000208,2023-03-13,bandung,rumah,94.0,57.0,1,2,2,0,29.0,perlu_renovasi,HGB,9.9,6.1,1,0,0,788.0
P000819,2023-03-13,bogor,rumah,194.0,307.0,2,8,8,3,17.0,baik,SHM,3.1,10.2,0,1,0,1811.1
P000854,2023-03-13,semarang,rumah,119.0,192.0,3,4,3,2,4.0,sedang,SHM,4.6,15.0,1,0,0,1247.6
P000989,2023-03-13,tangerang_selatan,rumah,183.0,223.0,3,6,4,3,2.0,baik,SHM,4.4,8.7,1,0,1,2217.0
P001799,2023-03-13,depok,rumah,49.0,21.0,1,1,1,0,29.0,sedang,SHM,6.5,6.7,0,0,0,361.8
P002118,2023-03-13,jakarta_selatan,ruko,114.0,220.0,3,4,3,1,5.0,baik,SHM,11.0,13.5,0,1,0,4135.3
P002191,2023-03-13,jakarta_selatan,rumah,156.0,101.0,1,3,3,2,22.0,baik,SHM,9.6,12.5,0,1,1,2821.1
P003307,2023-03-13,jakarta_selatan,rumah,277.0,199.0,1,5,5,2,11.0,baik,SHM,5.2,17.1,1,0,0,4835.8
P005715,2023-03-13,jakarta_selatan,rumah,69.0,51.0,1,2,2,1,3.0,baik,SHM,5.8,11.7,0,0,0,1458.8
P006758,2023-03-13,semarang,ruko,80.0,83.0,2,1,1,0,26.0,baik,SHM,9.2,11.5,1,0,0,583.0
P006784,2023-03-13,jakarta_selatan,townhouse,168.0,276.0,2,7,6,2,15.0,perlu_renovasi,SHM,6.0,4.6,0,1,0,5369.1
P009158,2023-03-13,jakarta_selatan,ruko,67.0,121.0,3,1,1,1,5.0,baik,SHM,10.1,14.7,1,0,1,1713.5
P009750,2023-03-13,jakarta_barat,ruko,82.0,123.0,2,1,1,1,9.0,sedang,SHM,9.5,15.8,1,1,0,1292.6
P000137,2023-03-14,yogyakarta,rumah,105.0,112.0,2,3,2,0,14.0,baik,SHM,7.3,15.2,0,0,0,688.3
P001132,2023-03-14,depok,rumah,77.0,115.0,2,4,4,1,12.0,baik,SHM,7.8,9.2,1,0,0,1226.7
P001770,2023-03-14,surabaya,rumah,75.0,63.0,2,2,2,0,8.0,sedang,SHM,3.7,7.1,1,1,0,1057.3
P001944,2023-03-14,jakarta_barat,rumah,80.0,96.0,2,3,2,0,20.0,sedang,SHM,5.6,7.2,1,0,0,1622.7
P003038,2023-03-14,jakarta_selatan,rumah,249.0,166.0,1,4,4,3,13.0,baik,SHM,8.3,11.9,0,0,0,6792.1
P005226,2023-03-14,bekasi,ruko,59.0,104.0,4,1,1,1,14.0,sedang,HGB,10.2,11.5,1,0,0,870.8
P006549,2023-03-14,bandung,rumah,157.0,118.0,1,3,2,1,2.0,baik,SHM,6.6,6.4,1,0,0,1878.2
P007065,2023-03-14,bekasi,ruko,47.0,89.0,2,0,1,0,4.0,baik,SHM,5.4,26.8,0,0,0,585.9
P007225,2023-03-14,bandung,rumah,402.0,387.0,2,10,8,5,14.0,perlu_renovasi,HGB,3.8,16.3,1,0,0,1963.1
P007744,2023-03-14,semarang,townhouse,115.0,107.0,2,2,1,2,7.0,baik,SHM,2.7,17.9,1,0,0,862.8
P009355,2023-03-14,bandung,rumah,61.0,95.0,2,3,3,1,8.0,baik,SHM,5.2,21.9,1,0,0,744.6
P009718,2023-03-14,jakarta_selatan,rumah,68.0,70.0,2,2,2,0,35.0,perlu_renovasi,SHM,12.1,16.6,0,0,0,961.4
P000972,2023-03-15,jakarta_selatan,rumah,61.0,79.0,2,2,2,1,24.0,sedang,HGB,8.9,16.2,0,0,0,1061.7
P001304,2023-03-15,tangerang_selatan,ruko,105.0,152.0,3,3,3,0,15.0,baik,SHM,8.8,21.7,0,0,0,1583.5
P004149,2023-03-15,bekasi,rumah,108.0,106.0,2,3,3,3,26.0,sedang,SHM,5.2,20.5,1,0,1,642.3
P005990,2023-03-15,depok,rumah,194.0,64.0,1,1,1,2,21.0,baik,SHM,7.8,13.1,0,0,0,1385.1
P006569,2023-03-15,bogor,rumah,80.0,56.0,1,2,2,1,8.0,baik,girik_ajb,7.8,27.3,0,0,0,355.9
P007243,2023-03-15,bandung,rumah,174.0,120.0,1,4,3,3,4.0,perlu_renovasi,SHM,3.8,4.2,0,0,0,1564.8
P008109,2023-03-15,bogor,rumah,108.0,232.0,3,8,8,2,10.0,baik,SHM,5.6,19.1,0,0,0,1310.3
P008317,2023-03-15,semarang,rumah,98.0,181.0,3,4,3,1,4.0,baik,SHM,5.1,2.4,1,0,0,1484.0
P002189,2023-03-16,tangerang_selatan,rumah,95.0,45.0,1,1,1,1,18.0,baik,SHM,9.2,6.2,1,0,0,1359.0
P002779,2023-03-16,tangerang_selatan,rumah,292.0,216.0,1,7,6,4,3.0,baik,SHM,4.9,13.3,1,0,0,3372.0
P004386,2023-03-16,semarang,rumah,74.0,113.0,2,3,3,1,23.0,baik,HGB,2.6,13.5,1,1,1,535.6
P008211,2023-03-16,bekasi,rumah,123.0,133.0,2,4,3,1,5.0,sedang,SHM,3.6,7.3,0,0,0,1234.2
P008563,2023-03-16,surabaya,rumah,139.0,233.0,2,6,5,1,12.0,baik,SHM,8.0,9.1,0,0,1,2077.2
P000879,2023-03-17,bogor,rumah,222.0,182.0,1,6,6,3,13.0,sedang,HGB,5.7,12.1,0,0,0,1378.1
P002816,2023-03-17,depok,rumah,117.0,84.0,2,3,3,2,13.0,baik,SHM,3.4,11.2,1,1,1,1222.8
P002845,2023-03-17,jakarta_barat,rumah,382.0,583.0,2,10,8,4,14.0,sedang,SHM,,6.1,0,0,1,5169.0
P002870,2023-03-17,jakarta_selatan,townhouse,78.0,121.0,2,3,3,1,7.0,baik,HGB,4.3,4.8,0,0,0,2590.1
P004038,2023-03-17,surabaya,townhouse,83.0,82.0,2,2,2,1,2.0,baik,HGB,5.8,9.0,0,0,0,1114.6
P004110,2023-03-17,depok,rumah,164.0,92.0,1,2,2,2,12.0,baik,SHM,3.9,18.3,0,0,0,936.6
P004405,2023-03-17,bekasi,rumah,125.0,71.0,1,2,2,2,25.0,sedang,SHM,2.7,28.1,0,0,0,442.2
P004439,2023-03-17,tangerang_selatan,rumah,105.0,128.0,2,4,4,1,12.0,sedang,SHM,4.8,11.2,1,0,0,1398.3
P006144,2023-03-17,bogor,rumah,295.0,213.0,1,5,5,3,32.0,sedang,HGB,2.9,29.9,0,0,0,849.1
P006276,2023-03-17,bandung,ruko,83.0,92.0,3,1,1,1,14.0,perlu_renovasi,SHM,6.5,4.5,0,0,0,1106.7
P006573,2023-03-17,bogor,rumah,33.0,28.0,1,1,1,0,2.0,baik,HGB,6.7,22.0,0,0,1,242.2
P009435,2023-03-17,surabaya,rumah,126.0,64.0,1,2,2,2,7.0,baik,SHM,5.4,21.8,0,0,0,912.7
P004274,2023-03-18,surabaya,rumah,204.0,107.0,1,2,1,3,12.0,baik,HGB,3.8,24.9,1,0,0,1079.5
P005643,2023-03-18,surabaya,rumah,107.0,86.0,2,2,2,1,20.0,perlu_renovasi,SHM,4.7,9.9,0,1,0,1120.2
P007062,2023-03-18,jakarta_selatan,townhouse,84.0,60.0,2,2,2,2,15.0,sedang,SHM,7.2,4.3,1,0,1,2097.5
P007154,2023-03-18,bogor,rumah,123.0,179.0,2,6,4,2,3.0,baik,SHM,4.3,12.9,0,0,0,1207.3
P007387,2023-03-18,depok,ruko,53.0,142.0,4,2,2,0,23.0,perlu_renovasi,HGB,14.8,19.3,1,0,0,475.8
P008822,2023-03-18,bekasi,rumah,214.0,274.0,2,6,6,3,22.0,sedang,SHM,10.1,20.1,1,0,1,1563.6
P009066,2023-03-18,bogor,rumah,98.0,130.0,2,4,4,2,5.0,sedang,SHM,4.0,21.9,1,0,0,736.5
P009809,2023-03-18,bekasi,rumah,99.0,137.0,2,3,2,1,0.0,baik,SHM,2.0,6.3,0,1,0,1253.0
P001567,2023-03-19,jakarta_selatan,rumah,239.0,423.0,2,10,8,3,4.0,baik,SHM,5.2,9.3,1,0,0,4972.6
P003498,2023-03-19,bandung,rumah,124.0,133.0,2,4,3,2,12.0,baik,SHM,3.6,10.5,0,0,0,1320.7
P003936,2023-03-19,tangerang_selatan,rumah,310.0,196.0,1,7,6,3,24.0,sedang,HGB,10.5,12.1,1,0,1,3315.7
P004721,2023-03-19,bekasi,rumah,177.0,232.0,2,6,4,2,19.0,baik,SHM,3.9,26.7,0,1,0,1101.7
P007167,2023-03-19,bandung,rumah,153.0,277.0,3,7,7,2,3.0,sedang,HGB,7.7,4.3,1,0,1,2126.0
P001392,2023-03-20,surabaya,townhouse,45.0,49.0,2,2,1,0,15.0,sedang,girik_ajb,4.9,12.5,1,0,0,386.1
P001436,2023-03-20,yogyakarta,townhouse,95.0,106.0,2,3,2,1,9.0,baik,SHM,3.7,11.7,0,0,0,827.9
P002393,2023-03-20,bekasi,rumah,71.0,55.0,1,1,1,0,10.0,baik,girik_ajb,5.1,23.6,0,0,0,352.2
P003191,2023-03-20,jakarta_barat,rumah,167.0,76.0,1,3,3,2,7.0,baik,SHM,6.2,7.8,0,1,0,2548.0
P004133,2023-03-20,bekasi,ruko,48.0,55.0,2,0,1,0,5.0,baik,SHM,13.8,25.9,0,0,0,432.0
P004487,2023-03-20,surabaya,townhouse,53.0,111.0,3,3,2,1,15.0,perlu_renovasi,HGB,5.0,5.9,0,0,0,746.3
P006516,2023-03-20,bekasi,rumah,208.0,315.0,2,10,7,2,1.0,sedang,SHM,6.7,19.5,0,0,0,2165.0
P006543,2023-03-20,semarang,rumah,225.0,229.0,2,8,6,2,7.0,baik,HGB,4.2,8.2,1,1,0,1985.5
P006965,2023-03-20,jakarta_selatan,rumah,162.0,181.0,2,6,5,3,9.0,baik,SHM,3.5,11.6,0,0,1,2356.6
P007129,2023-03-20,surabaya,ruko,68.0,112.0,3,2,1,1,13.0,baik,SHM,8.5,10.8,0,1,0,1148.7
P007677,2023-03-20,tangerang_selatan,townhouse,124.0,154.0,2,4,3,1,10.0,sedang,SHM,3.6,21.7,0,0,0,1126.5
P009264,2023-03-20,surabaya,rumah,47.0,25.0,1,1,1,1,26.0,sedang,SHM,,9.6,0,0,0,511.6
P004176,2023-03-21,depok,rumah,79.0,65.0,1,2,2,0,4.0,baik,SHM,3.3,13.8,1,0,0,699.1
P005969,2023-03-21,bogor,rumah,113.0,160.0,2,4,4,1,35.0,perlu_renovasi,SHM,5.6,4.4,0,0,0,862.6
P006014,2023-03-21,bogor,ruko,71.0,49.0,2,0,1,0,14.0,baik,SHM,17.4,9.1,1,0,0,618.8
P008085,2023-03-21,jakarta_barat,ruko,98.0,89.0,2,0,1,2,8.0,baik,SHM,6.5,19.3,0,0,0,1215.5
P008523,2023-03-21,yogyakarta,rumah,137.0,85.0,1,3,3,2,15.0,baik,SHM,4.6,18.6,1,0,0,818.0
P000996,2023-03-22,bekasi,rumah,366.0,300.0,2,8,7,4,4.0,baik,HGB,5.1,25.4,0,0,0,2139.6
P007392,2023-03-22,jakarta_selatan,rumah,55.0,36.0,1,1,1,0,10.0,sedang,SHM,3.4,7.6,0,0,0,1272.8
P007833,2023-03-22,jakarta_selatan,ruko,121.0,100.0,2,1,1,1,21.0,sedang,HGB,5.0,10.3,0,0,0,2444.1
P009216,2023-03-22,bandung,townhouse,83.0,62.0,2,1,1,2,2.0,baik,HGB,3.4,20.2,1,0,0,645.6
P000811,2023-03-23,jakarta_selatan,rumah,130.0,85.0,1,2,2,2,8.0,sedang,SHM,,8.2,0,0,0,3136.4
P000853,2023-03-23,surabaya,rumah,67.0,26.0,1,1,1,1,13.0,baik,HGB,6.3,16.0,0,0,0,409.0
P003806,2023-03-23,jakarta_barat,rumah,72.0,26.0,1,1,1,1,20.0,baik,SHM,4.3,3.4,1,1,0,1292.1
P005524,2023-03-23,bandung,rumah,51.0,104.0,3,3,2,0,29.0,sedang,HGB,6.9,4.5,1,0,0,679.2
P007342,2023-03-23,tangerang_selatan,townhouse,88.0,72.0,2,2,2,1,4.0,baik,SHM,3.7,11.3,0,0,0,992.9
P007660,2023-03-23,depok,rumah,124.0,87.0,1,2,1,2,9.0,baik,HGB,3.9,4.3,1,0,0,1380.9
P007960,2023-03-23,yogyakarta,rumah,191.0,251.0,2,6,4,2,1.0,baik,girik_ajb,5.5,13.0,1,0,1,1830.3
P008933,2023-03-23,jakarta_barat,rumah,167.0,240.0,2,6,4,2,6.0,baik,HGB,6.7,13.2,0,1,0,2968.4
P009519,2023-03-23,tangerang_selatan,rumah,87.0,145.0,2,5,4,2,8.0,sedang,SHM,10.6,24.5,0,0,0,959.9
P001992,2023-03-24,bandung,rumah,76.0,33.0,1,1,1,0,21.0,baik,SHM,4.7,7.1,0,0,0,620.7
P002958,2023-03-24,jakarta_selatan,rumah,135.0,142.0,2,5,3,1,11.0,baik,SHM,7.0,8.5,0,0,0,3292.1
P004371,2023-03-24,tangerang_selatan,rumah,156.0,103.0,1,2,1,1,15.0,sedang,SHM,2.0,17.1,0,0,0,1055.8
P004457,2023-03-24,jakarta_barat,townhouse,110.0,111.0,2,3,2,1,4.0,baik,SHM,3.0,7.5,1,0,1,1722.0
P004613,2023-03-24,bandung,rumah,123.0,134.0,2,3,3,2,3.0,baik,SHM,2.1,8.8,0,0,0,1129.7
P005942,2023-03-24,bogor,rumah,107.0,79.0,1,3,2,0,6.0,baik,HGB,6.3,20.4,0,0,0,693.4
P007056,2023-03-24,bekasi,rumah,190.0,137.0,2,3,3,2,5.0,baik,SHM,3.7,8.4,1,1,0,2117.0
P007863,2023-03-24,jakarta_barat,rumah,87.0,33.0,1,1,1,3,,baik,girik_ajb,4.4,3.2,0,0,0,1030.4
P008234,2023-03-24,bogor,townhouse,61.0,76.0,2,2,2,1,2.0,baik,SHM,4.7,23.2,0,0,1,517.9
P008644,2023-03-24,tangerang_selatan,ruko,71.0,146.0,3,2,2,1,,baik,SHM,7.2,9.5,0,0,0,1680.6
P009311,2023-03-24,tangerang_selatan,townhouse,102.0,134.0,3,3,3,2,15.0,baik,SHM,6.4,4.9,1,1,0,1922.8
P002338,2023-03-25,bekasi,rumah,85.0,95.0,2,3,3,2,3.0,baik,SHM,3.6,16.9,1,0,0,763.1
P002677,2023-03-25,depok,rumah,340.0,752.0,3,10,8,3,17.0,perlu_renovasi,HGB,7.1,5.1,1,1,0,4383.3
P004960,2023-03-25,bandung,rumah,91.0,80.0,2,2,2,0,13.0,baik,SHM,9.6,7.7,1,1,0,1358.7
P005765,2023-03-25,bekasi,townhouse,100.0,92.0,2,3,2,1,15.0,baik,SHM,4.9,13.4,0,0,0,801.6
P008977,2023-03-25,jakarta_selatan,ruko,79.0,92.0,3,1,1,0,,baik,SHM,10.0,4.4,1,1,0,4024.4
P004368,2023-03-26,bogor,rumah,111.0,76.0,1,3,3,2,4.0,sedang,HGB,8.7,27.8,0,0,0,430.0
P004957,2023-03-26,surabaya,rumah,119.0,187.0,2,5,4,0,19.0,baik,HGB,3.2,5.9,1,0,0,1633.9
P006553,2023-03-26,surabaya,ruko,57.0,94.0,3,1,1,0,32.0,perlu_renovasi,HGB,10.7,19.5,0,0,0,502.5
P008358,2023-03-26,jakarta_selatan,rumah,202.0,158.0,1,4,4,3,17.0,sedang,SHM,5.6,5.8,0,1,0,4987.8
P009187,2023-03-26,bandung,rumah,256.0,232.0,2,5,4,4,33.0,sedang,SHM,3.0,21.9,1,0,0,1563.2
P002724,2023-03-27,bekasi,rumah,158.0,91.0,1,2,2,1,6.0,baik,HGB,3.3,29.3,0,0,1,669.1
P005768,2023-03-27,bogor,rumah,76.0,63.0,2,2,2,0,1.0,sedang,SHM,4.7,26.1,0,0,1,403.0
P006524,2023-03-27,jakarta_barat,townhouse,71.0,124.0,3,3,2,1,3.0,baik,SHM,6.2,4.0,1,0,0,1790.8
P008691,2023-03-27,depok,rumah,155.0,141.0,2,5,5,2,7.0,baik,SHM,4.6,9.2,1,0,0,1746.0
P008769,2023-03-27,depok,rumah,125.0,52.0,1,1,1,2,11.0,sedang,SHM,7.7,18.0,1,0,0,775.7
P000652,2023-03-28,semarang,rumah,187.0,88.0,1,3,2,2,6.0,baik,SHM,4.0,10.0,1,0,0,1006.3
P000726,2023-03-28,jakarta_selatan,rumah,219.0,183.0,2,5,4,3,21.0,sedang,SHM,5.6,18.0,0,0,0,3905.5
P001126,2023-03-28,depok,townhouse,73.0,99.0,2,3,3,1,15.0,perlu_renovasi,girik_ajb,5.0,9.9,0,0,0,592.5
P001286,2023-03-28,yogyakarta,rumah,125.0,148.0,2,4,4,2,36.0,sedang,HGB,9.0,7.1,0,0,0,863.3
P001815,2023-03-28,surabaya,rumah,93.0,71.0,2,2,2,0,7.0,baik,HGB,5.4,13.2,0,0,0,865.0
P002033,2023-03-28,tangerang_selatan,ruko,74.0,120.0,3,1,1,2,49.0,baik,SHM,9.6,19.9,0,0,0,786.2
P002734,2023-03-28,tangerang_selatan,rumah,111.0,71.0,1,2,1,0,10.0,sedang,HGB,11.6,21.9,0,0,0,841.8
P005124,2023-03-28,depok,ruko,91.0,208.0,4,3,2,1,2.0,baik,SHM,4.6,20.6,0,0,0,1314.8
P006498,2023-03-28,depok,ruko,83.0,188.0,3,2,2,1,9.0,baik,SHM,4.1,20.5,0,0,0,1028.7
P008789,2023-03-28,tangerang_selatan,rumah,192.0,348.0,3,9,8,3,24.0,perlu_renovasi,SHM,4.4,24.6,0,0,0,1669.3
P000356,2023-03-29,depok,rumah,119.0,239.0,3,7,5,1,28.0,sedang,SHM,3.7,18.0,0,0,0,870.5
P002718,2023-03-29,yogyakarta,rumah,118.0,119.0,2,3,2,2,23.0,baik,SHM,8.4,15.2,0,0,0,714.0
P003091,2023-03-29,semarang,townhouse,91.0,112.0,2,3,3,0,6.0,baik,SHM,6.3,8.3,1,1,0,1016.1
P003365,2023-03-29,tangerang_selatan,townhouse,86.0,94.0,2,3,2,0,6.0,sedang,SHM,2.4,11.3,1,0,0,1208.4
P004974,2023-03-29,semarang,rumah,122.0,67.0,1,2,2,1,12.0,baik,HGB,2.1,17.1,0,0,1,539.3
P005968,2023-03-29,tangerang_selatan,rumah,133.0,131.0,2,4,3,1,10.0,baik,SHM,2.9,8.2,0,0,1,1255.3
P006721,2023-03-29,bekasi,ruko,82.0,261.0,4,6,6,1,23.0,sedang,HGB,4.5,9.0,1,0,0,835.5
P007471,2023-03-29,jakarta_barat,rumah,188.0,122.0,1,3,3,2,10.0,sedang,girik_ajb,5.4,19.4,0,0,0,1510.4
P003305,2023-03-30,bandung,rumah,83.0,77.0,1,2,1,1,10.0,baik,SHM,4.1,14.4,1,0,0,691.6
P003446,2023-03-30,tangerang_selatan,rumah,116.0,106.0,2,3,2,2,10.0,sedang,SHM,5.5,9.5,1,0,0,1359.4
P004233,2023-03-30,bandung,rumah,120.0,82.0,1,3,2,0,24.0,baik,SHM,3.7,17.9,1,0,0,750.4
P005159,2023-03-30,bekasi,rumah,193.0,268.0,2,7,5,3,3.0,baik,HGB,7.6,20.0,1,0,0,2109.0
P005191,2023-03-30,bogor,rumah,152.0,131.0,2,4,3,2,8.0,sedang,HGB,4.8,4.9,0,0,0,1115.4
P006237,2023-03-30,bekasi,rumah,179.0,199.0,2,7,5,1,17.0,sedang,SHM,8.3,25.7,0,0,0,1149.0
P006418,2023-03-30,jakarta_barat,rumah,161.0,125.0,2,3,3,1,24.0,baik,SHM,3.8,14.6,0,0,0,1832.9
P000207,2023-03-31,jakarta_barat,ruko,91.0,130.0,2,2,2,0,5.0,baik,SHM,7.7,11.7,0,0,0,1628.5
P000266,2023-03-31,jakarta_barat,ruko,103.0,257.0,4,4,3,0,2.0,sedang,SHM,6.6,10.2,0,0,0,2361.7
P001964,2023-03-31,jakarta_barat,rumah,185.0,284.0,2,9,6,3,27.0,sedang,SHM,4.1,7.2,0,1,0,2896.9
P002194,2023-03-31,jakarta_selatan,rumah,88.0,41.0,1,1,1,1,6.0,baik,SHM,4.2,8.1,0,1,0,2190.3
P002842,2023-03-31,bekasi,ruko,71.0,139.0,3,2,2,1,11.0,sedang,SHM,8.4,14.1,0,0,0,898.4
P003332,2023-03-31,tangerang_selatan,ruko,66.0,150.0,4,2,2,0,15.0,baik,SHM,10.0,12.9,0,0,0,1341.7
P003930,2023-03-31,semarang,rumah,124.0,73.0,1,2,2,3,,baik,SHM,8.6,12.6,0,0,0,643.3
P003999,2023-03-31,tangerang_selatan,rumah,126.0,196.0,3,5,5,2,17.0,baik,SHM,3.2,8.5,0,0,0,1753.9
P006291,2023-03-31,bandung,rumah,185.0,115.0,1,4,4,2,10.0,sedang,HGB,9.5,8.8,1,0,0,1832.6
P007270,2023-03-31,bekasi,rumah,95.0,44.0,1,1,1,0,13.0,perlu_renovasi,HGB,4.5,23.0,0,0,1,382.5
P007425,2023-03-31,bandung,rumah,75.0,50.0,1,2,1,0,10.0,baik,SHM,7.2,19.8,0,0,0,454.7
P000638,2023-04-03,bandung,rumah,55.0,47.0,2,1,1,0,16.0,baik,HGB,3.0,19.9,0,0,0,311.1
P000665,2023-04-03,tangerang_selatan,ruko,70.0,158.0,3,2,2,0,3.0,sedang,SHM,10.0,7.9,1,1,0,1960.6
P001850,2023-04-03,bandung,rumah,43.0,26.0,1,1,1,0,3.0,baik,girik_ajb,6.3,3.2,0,0,0,497.0
P001861,2023-04-03,bogor,rumah,142.0,80.0,1,2,2,2,27.0,perlu_renovasi,HGB,2.7,28.7,0,0,0,281.1
P004219,2023-04-03,yogyakarta,rumah,135.0,80.0,1,2,1,1,11.0,baik,SHM,3.2,15.2,0,0,0,865.7
P005323,2023-04-03,surabaya,rumah,88.0,90.0,2,2,2,0,5.0,sedang,SHM,7.1,9.5,0,1,0,1280.7
P006025,2023-04-03,surabaya,rumah,112.0,93.0,2,3,3,1,9.0,baik,SHM,2.7,24.2,0,0,0,798.0
P007638,2023-04-03,yogyakarta,rumah,144.0,127.0,2,4,3,2,2.0,baik,HGB,5.9,4.6,0,1,0,1616.4
P007653,2023-04-03,depok,rumah,217.0,264.0,2,6,6,3,,sedang,SHM,3.3,4.9,0,1,0,2757.5
P008968,2023-04-03,tangerang_selatan,rumah,108.0,78.0,1,2,2,1,,baik,SHM,4.0,15.0,0,0,0,1083.2
P001587,2023-04-04,tangerang_selatan,rumah,166.0,114.0,1,3,2,2,9.0,baik,HGB,3.3,20.1,0,0,0,1520.0
P003003,2023-04-04,tangerang_selatan,rumah,81.0,70.0,2,2,2,1,5.0,baik,girik_ajb,4.4,20.3,0,0,0,701.2
P003214,2023-04-04,bogor,rumah,70.0,56.0,1,2,1,0,8.0,baik,HGB,,13.5,1,0,0,499.8
P003923,2023-04-04,tangerang_selatan,rumah,213.0,295.0,2,7,6,3,,sedang,HGB,4.3,12.5,0,1,0,2407.5
P004454,2023-04-04,bandung,rumah,54.0,40.0,1,1,1,1,27.0,sedang,HGB,4.9,13.4,1,0,0,445.1
P004552,2023-04-04,bandung,rumah,134.0,101.0,1,2,1,1,4.0,baik,SHM,4.6,3.1,1,1,0,1610.9
P006002,2023-04-04,jakarta_selatan,ruko,62.0,54.0,2,0,1,1,21.0,sedang,SHM,10.1,7.9,1,1,0,2447.0
P007433,2023-04-04,bandung,rumah,190.0,102.0,1,3,2,1,8.0,sedang,SHM,4.3,5.6,1,0,1,1490.7
P007557,2023-04-04,tangerang_selatan,rumah,70.0,76.0,2,2,2,0,22.0,sedang,SHM,4.9,22.4,0,0,0,562.8
P008099,2023-04-04,bekasi,townhouse,63.0,104.0,2,3,2,0,15.0,sedang,HGB,4.4,24.1,0,0,0,500.2
P008445,2023-04-04,surabaya,rumah,101.0,102.0,2,3,2,2,5.0,baik,HGB,4.3,21.0,1,0,0,930.7
P008891,2023-04-04,surabaya,rumah,84.0,127.0,2,4,3,0,11.0,sedang,HGB,4.3,3.5,0,0,1,1185.6
P009087,2023-04-04,tangerang_selatan,rumah,132.0,107.0,2,3,3,1,23.0,perlu_renovasi,SHM,2.6,16.2,1,0,1,800.5
P009340,2023-04-04,tangerang_selatan,rumah,127.0,196.0,2,7,6,1,18.0,sedang,HGB,8.0,19.3,0,0,0,1393.8
P009666,2023-04-04,bandung,townhouse,120.0,283.0,3,8,6,2,11.0,sedang,HGB,2.2,8.2,0,1,0,2236.5
P001102,2023-04-05,tangerang_selatan,rumah,36.0,21.0,1,1,1,0,3.0,baik,SHM,12.2,5.1,1,0,0,701.6
P001124,2023-04-05,jakarta_barat,rumah,69.0,114.0,2,3,2,0,20.0,baik,SHM,3.6,4.3,1,0,0,1388.9
P001506,2023-04-05,depok,rumah,286.0,266.0,2,7,8,3,8.0,baik,SHM,11.3,9.6,0,0,0,3199.0
P003552,2023-04-05,depok,ruko,68.0,177.0,4,3,3,1,21.0,baik,SHM,10.6,20.3,0,0,0,756.8
P003629,2023-04-05,bogor,rumah,51.0,34.0,1,1,1,0,5.0,baik,SHM,4.0,27.1,0,0,0,251.6
P003925,2023-04-05,jakarta_barat,rumah,98.0,169.0,2,5,3,2,8.0,baik,SHM,9.2,14.3,0,0,0,1944.3
P004614,2023-04-05,bekasi,rumah,199.0,92.0,1,3,2,2,11.0,baik,HGB,7.2,10.8,0,1,0,1275.8
P006409,2023-04-05,bogor,rumah,87.0,57.0,1,2,2,1,15.0,baik,SHM,1.8,23.6,0,0,0,395.5
P009224,2023-04-05,bandung,townhouse,73.0,59.0,2,2,1,0,15.0,sedang,HGB,7.1,14.1,0,0,0,545.2
P009292,2023-04-05,surabaya,rumah,139.0,96.0,1,3,3,2,17.0,baik,SHM,4.7,21.6,0,0,0,937.0
P000258,2023-04-06,jakarta_selatan,rumah,320.0,363.0,2,10,8,2,10.0,sedang,SHM,5.1,8.6,1,1,0,8386.5
P000998,2023-04-06,jakarta_selatan,townhouse,70.0,55.0,2,1,1,0,13.0,baik,SHM,3.9,14.2,1,0,0,1642.4
P002080,2023-04-06,jakarta_selatan,townhouse,61.0,84.0,2,2,1,0,10.0,baik,girik_ajb,3.7,8.3,0,0,1,1000.3
P002645,2023-04-06,tangerang_selatan,rumah,74.0,37.0,1,1,1,1,1.0,baik,SHM,4.5,12.1,0,1,0,948.5
P002714,2023-04-06,jakarta_barat,rumah,179.0,218.0,2,7,6,2,11.0,baik,HGB,3.8,11.7,0,0,1,2307.4
P002793,2023-04-06,bandung,rumah,95.0,102.0,2,3,3,1,9.0,baik,SHM,5.2,11.9,0,0,0,1007.4
P005680,2023-04-06,bekasi,rumah,75.0,45.0,1,1,1,1,10.0,sedang,SHM,6.3,22.8,0,0,0,399.1
P008579,2023-04-06,bogor,rumah,199.0,334.0,2,10,7,3,38.0,perlu_renovasi,SHM,4.4,27.6,0,0,0,696.4
P008966,2023-04-06,jakarta_barat,ruko,63.0,123.0,3,1,1,0,6.0,sedang,SHM,10.4,19.5,0,0,0,1030.3
P000458,2023-04-07,bekasi,townhouse,72.0,61.0,2,2,1,1,14.0,perlu_renovasi,SHM,9.5,7.7,1,0,0,756.7
P005295,2023-04-07,surabaya,townhouse,86.0,146.0,2,5,5,0,10.0,sedang,SHM,3.4,22.7,0,0,1,858.0
P006445,2023-04-07,tangerang_selatan,rumah,75.0,67.0,2,2,1,1,24.0,baik,SHM,4.9,7.3,0,0,0,1076.6
P006781,2023-04-07,bekasi,rumah,78.0,62.0,2,2,2,1,2.0,baik,HGB,4.6,19.5,0,0,0,703.8
P009856,2023-04-07,jakarta_selatan,townhouse,92.0,140.0,2,4,3,1,8.0,baik,HGB,8.2,5.2,0,0,0,2390.5
P001045,2023-04-08,jakarta_selatan,townhouse,63.0,102.0,2,3,3,0,10.0,baik,SHM,13.5,11.8,1,0,0,1845.9
P001324,2023-04-08,surabaya,rumah,163.0,129.0,2,3,2,2,17.0,baik,girik_ajb,4.2,21.8,0,0,0,926.4
P001694,2023-04-08,bandung,ruko,42.0,51.0,2,0,1,0,16.0,sedang,HGB,5.7,7.3,0,0,0,529.6
P003160,2023-04-08,tangerang_selatan,rumah,144.0,175.0,2,4,4,2,33.0,sedang,SHM,2.8,3.8,1,1,0,2060.9
P003570,2023-04-08,tangerang_selatan,rumah,52.0,21.0,1,1,1,0,3.0,baik,SHM,2.8,22.2,0,0,0,269.1
P003636,2023-04-08,jakarta_selatan,townhouse,75.0,91.0,2,3,2,1,15.0,baik,SHM,8.1,5.4,0,0,0,2455.6
P003864,2023-04-08,tangerang_selatan,rumah,56.0,21.0,1,1,1,1,18.0,perlu_renovasi,SHM,2.8,12.7,1,0,0,397.7
P004962,2023-04-08,jakarta_barat,rumah,117.0,182.0,2,6,5,1,8.0,baik,SHM,8.9,5.3,1,0,0,3140.7
P005257,2023-04-08,bogor,rumah,122.0,277.0,3,10,8,2,15.0,baik,HGB,5.9,22.2,0,0,0,1246.1
P007033,2023-04-08,jakarta_barat,rumah,52.0,26.0,1,1,1,0,16.0,baik,SHM,6.9,12.5,0,0,0,624.7
P000408,2023-04-09,surabaya,rumah,136.0,161.0,2,4,2,2,23.0,sedang,HGB,9.5,17.5,0,0,0,1443.1
P001409,2023-04-09,surabaya,rumah,153.0,224.0,2,6,4,2,27.0,baik,SHM,6.4,13.8,1,1,0,1625.1
P001419,2023-04-09,semarang,rumah,128.0,76.0,1,2,1,1,27.0,sedang,HGB,7.0,16.7,0,0,0,601.9
P001657,2023-04-09,tangerang_selatan,rumah,184.0,133.0,1,4,3,1,13.0,sedang,SHM,6.5,10.4,0,0,0,2221.6
P005156,2023-04-09,jakarta_selatan,rumah,153.0,72.0,1,2,2,1,12.0,baik,SHM,7.4,14.8,0,0,0,2838.4
P005830,2023-04-09,surabaya,rumah,122.0,161.0,2,4,4,2,12.0,baik,SHM,4.6,4.5,1,0,0,1857.3
P007544,2023-04-09,yogyakarta,rumah,133.0,61.0,1,1,1,1,2.0,baik,SHM,5.8,8.3,1,0,0,1205.5
P007829,2023-04-09,surabaya,rumah,99.0,91.0,2,3,2,1,25.0,baik,SHM,4.4,13.5,0,0,0,799.9
P008726,2023-04-09,semarang,rumah,238.0,118.0,1,4,3,2,6.0,baik,SHM,4.3,14.6,1,0,1,1001.3
P009261,2023-04-09,yogyakarta,rumah,230.0,154.0,1,4,4,2,18.0,sedang,HGB,4.3,11.2,0,0,0,1291.8
P001364,2023-04-10,jakarta_selatan,rumah,97.0,100.0,2,3,3,2,7.0,sedang,SHM,11.5,6.9,0,0,0,2459.0
P001925,2023-04-10,tangerang_selatan,rumah,146.0,126.0,2,3,2,1,40.0,perlu_renovasi,SHM,7.7,7.2,1,0,0,1689.5
P002553,2023-04-10,bogor,rumah,125.0,84.0,1,3,3,2,4.0,baik,HGB,6.0,20.0,0,0,0,699.3
P005174,2023-04-10,jakarta_selatan,ruko,57.0,94.0,3,1,1,1,8.0,baik,HGB,8.9,15.5,0,0,0,1223.7
P006254,2023-04-10,bekasi,rumah,84.0,59.0,1,2,2,1,4.0,baik,SHM,5.1,4.9,0,1,0,971.7
P008149,2023-04-10,surabaya,rumah,65.0,38.0,1,1,1,2,25.0,perlu_renovasi,HGB,8.7,21.5,0,0,0,354.1
P008813,2023-04-10,bogor,rumah,101.0,134.0,2,3,2,2,16.0,sedang,SHM,9.0,27.4,0,0,0,571.4
P004355,2023-04-11,semarang,ruko,94.0,139.0,2,3,2,1,,baik,SHM,6.1,18.8,0,0,0,694.2
P005333,2023-04-11,tangerang_selatan,ruko,59.0,74.0,2,0,1,1,5.0,sedang,SHM,9.3,3.1,1,0,0,1592.7
P006199,2023-04-11,bekasi,townhouse,56.0,88.0,2,2,2,1,1.0,baik,HGB,3.3,8.0,0,0,1,870.1
P006602,2023-04-11,jakarta_selatan,rumah,113.0,103.0,1,3,3,2,6.0,baik,HGB,5.7,5.8,1,0,0,2712.3
P005170,2023-04-12,tangerang_selatan,rumah,144.0,69.0,1,2,2,2,20.0,perlu_renovasi,HGB,,17.7,0,1,0,1028.2
P005746,2023-04-12,jakarta_selatan,townhouse,74.0,75.0,2,2,1,1,15.0,sedang,SHM,3.2,4.9,0,1,0,1900.2
P006141,2023-04-12,jakarta_barat,rumah,200.0,89.0,1,3,3,2,14.0,sedang,HGB,5.5,12.4,0,0,0,2057.7
P006159,2023-04-12,jakarta_selatan,rumah,138.0,250.0,2,6,5,1,12.0,baik,SHM,1.8,16.5,0,0,0,2160.3
P007402,2023-04-12,tangerang_selatan,rumah,138.0,174.0,2,4,3,1,3.0,sedang,HGB,6.9,19.8,0,0,1,1405.7
P007907,2023-04-12,bogor,ruko,113.0,175.0,3,2,2,2,6.0,baik,SHM,10.4,20.0,0,0,0,1062.6
P000814,2023-04-13,bogor,rumah,122.0,123.0,2,3,3,2,4.0,sedang,SHM,2.1,22.0,0,0,0,650.1
P000912,2023-04-13,semarang,townhouse,76.0,181.0,3,5,3,0,15.0,sedang,SHM,3.5,12.7,0,0,0,755.1
P006433,2023-04-13,jakarta_selatan,rumah,133.0,114.0,2,4,3,1,24.0,sedang,girik_ajb,3.4,15.3,0,0,0,1514.4
P007513,2023-04-13,jakarta_selatan,ruko,67.0,91.0,2,0,1,0,16.0,baik,SHM,7.7,11.4,0,0,0,1802.8
P008910,2023-04-13,tangerang_selatan,rumah,107.0,84.0,2,2,1,1,4.0,sedang,SHM,4.3,14.6,0,0,0,995.4
P001560,2023-04-14,surabaya,rumah,53.0,74.0,2,2,1,0,21.0,sedang,SHM,6.1,15.6,0,0,0,470.9
P001914,2023-04-14,depok,ruko,73.0,135.0,3,2,2,1,5.0,sedang,SHM,13.3,8.9,1,0,0,1124.6
P004376,2023-04-14,jakarta_barat,rumah,153.0,182.0,2,6,5,2,4.0,baik,SHM,5.4,10.4,1,0,0,2726.9
P004823,2023-04-14,bandung,townhouse,73.0,72.0,3,2,2,1,10.0,sedang,SHM,5.4,9.6,1,1,0,867.5
P005486,2023-04-14,semarang,rumah,120.0,109.0,2,3,3,2,13.0,sedang,SHM,3.2,16.9,0,0,0,690.5
P006026,2023-04-14,semarang,rumah,59.0,30.0,1,1,1,0,4.0,baik,girik_ajb,6.4,19.9,0,0,0,250.5
P006909,2023-04-14,yogyakarta,ruko,53.0,77.0,2,1,1,0,3.0,baik,SHM,9.9,10.1,1,0,0,862.1
P008339,2023-04-14,bekasi,rumah,127.0,143.0,2,3,3,0,22.0,sedang,HGB,3.2,24.8,0,0,0,667.5
P002598,2023-04-15,bekasi,ruko,49.0,56.0,2,0,1,1,4.0,baik,SHM,3.2,14.4,0,0,0,543.7
P004526,2023-04-15,depok,rumah,150.0,189.0,2,7,5,2,10.0,sedang,HGB,4.7,16.8,0,0,0,1335.1
P008827,2023-04-15,bandung,rumah,118.0,50.0,1,2,2,1,7.0,baik,SHM,6.7,13.8,0,0,1,843.1
P009599,2023-04-15,bandung,rumah,312.0,350.0,2,9,8,4,16.0,sedang,SHM,4.6,13.3,0,0,0,2678.1
P002256,2023-04-16,depok,ruko,75.0,186.0,3,2,2,0,22.0,baik,girik_ajb,9.9,22.9,0,0,0,766.5
P002562,2023-04-16,bandung,rumah,99.0,89.0,2,2,1,2,15.0,sedang,SHM,3.4,8.8,0,0,1,818.6
P002950,2023-04-16,semarang,townhouse,58.0,54.0,2,2,2,0,10.0,sedang,HGB,6.9,17.2,0,0,0,454.9
P003651,2023-04-16,tangerang_selatan,rumah,134.0,92.0,1,2,2,2,5.0,baik,SHM,3.5,20.5,1,0,0,1233.9
P004477,2023-04-16,depok,rumah,76.0,54.0,2,2,2,1,44.0,sedang,SHM,4.9,12.9,0,0,0,353.0
P005119,2023-04-16,jakarta_selatan,rumah,212.0,129.0,1,4,3,3,2.0,sedang,girik_ajb,5.4,9.1,0,0,0,3126.4
P005664,2023-04-16,jakarta_barat,townhouse,66.0,90.0,2,2,2,0,12.0,baik,HGB,3.5,13.9,1,1,0,1235.7
P009600,2023-04-16,depok,rumah,58.0,40.0,1,1,1,0,8.0,sedang,SHM,6.0,13.6,1,0,1,380.9
P009740,2023-04-16,bandung,rumah,47.0,84.0,3,2,2,1,7.0,baik,SHM,16.4,7.6,0,1,0,880.9
P002344,2023-04-17,tangerang_selatan,townhouse,42.0,89.0,3,3,2,1,,sedang,SHM,7.6,22.4,0,0,0,691.6
P007127,2023-04-17,tangerang_selatan,townhouse,75.0,95.0,2,2,1,1,15.0,baik,SHM,5.0,10.3,0,1,0,1262.3
P000550,2023-04-18,bekasi,ruko,94.0,204.0,3,5,5,1,12.0,sedang,HGB,6.7,17.4,1,0,0,1047.8
P002500,2023-04-18,depok,rumah,66.0,67.0,2,2,1,1,7.0,sedang,SHM,4.3,7.8,1,1,0,746.5
P003248,2023-04-18,surabaya,ruko,53.0,87.0,4,0,1,0,5.0,baik,SHM,9.3,7.3,1,1,0,1076.3
P004092,2023-04-18,surabaya,ruko,83.0,91.0,2,0,1,0,17.0,sedang,SHM,11.8,15.2,0,0,0,1004.7
P004939,2023-04-18,bogor,townhouse,94.0,136.0,2,4,3,1,,sedang,girik_ajb,3.8,24.0,0,0,1,609.6
P005231,2023-04-18,surabaya,ruko,70.0,130.0,3,1,1,0,26.0,sedang,SHM,9.2,17.1,0,0,0,900.1
P005733,2023-04-18,bandung,rumah,61.0,85.0,3,2,2,1,23.0,sedang,SHM,4.4,5.4,0,0,1,634.1
P005934,2023-04-18,tangerang_selatan,rumah,250.0,93.0,1,2,2,2,20.0,sedang,SHM,7.2,24.0,0,0,0,1432.5
P006614,2023-04-18,jakarta_selatan,rumah,224.0,256.0,2,6,6,3,6.0,baik,SHM,4.7,12.6,0,1,1,4695.9
P007068,2023-04-18,yogyakarta,townhouse,122.0,178.0,2,6,4,1,14.0,sedang,SHM,5.8,7.9,0,1,0,1360.3
P007785,2023-04-18,bekasi,rumah,159.0,164.0,2,5,5,2,4.0,baik,SHM,4.7,16.3,0,0,1,1448.4
P008051,2023-04-18,bekasi,rumah,107.0,112.0,2,3,2,1,13.0,baik,SHM,2.8,28.1,1,0,0,667.5
P002482,2023-04-19,tangerang_selatan,rumah,102.0,99.0,2,3,2,2,,sedang,SHM,7.9,17.2,0,0,0,801.2
P003041,2023-04-19,bekasi,rumah,148.0,136.0,1,3,3,1,3.0,sedang,SHM,9.9,29.3,0,0,0,958.6
P006746,2023-04-19,jakarta_selatan,rumah,107.0,91.0,1,3,2,1,19.0,baik,SHM,8.1,11.3,1,0,0,2348.9
P009035,2023-04-19,bekasi,rumah,115.0,77.0,1,2,2,2,9.0,baik,SHM,5.6,29.6,0,0,0,647.4
P009680,2023-04-19,bekasi,rumah,64.0,82.0,2,3,2,0,6.0,sedang,SHM,4.2,10.7,1,0,0,695.7
P001991,2023-04-20,jakarta_selatan,rumah,207.0,177.0,1,4,2,2,18.0,baik,SHM,,16.7,0,0,0,3646.6
P006935,2023-04-20,bogor,rumah,67.0,82.0,2,2,2,1,4.0,sedang,SHM,3.7,19.6,0,0,1,511.4
P009209,2023-04-20,tangerang_selatan,rumah,122.0,42.0,1,1,1,2,21.0,sedang,SHM,6.6,9.7,0,0,0,1356.4
P009880,2023-04-20,bekasi,rumah,131.0,79.0,1,2,2,1,2.0,baik,SHM,10.0,20.4,0,0,0,955.4
P000940,2023-04-21,jakarta_selatan,rumah,302.0,427.0,2,10,6,4,4.0,baik,SHM,2.4,16.7,0,0,0,5163.1
P001359,2023-04-21,bandung,rumah,156.0,144.0,2,3,2,1,11.0,baik,SHM,2.7,6.0,1,1,0,1496.0
P001882,2023-04-21,bogor,rumah,70.0,69.0,2,2,1,2,4.0,baik,SHM,6.1,25.4,0,1,0,502.7
P002440,2023-04-21,bandung,rumah,70.0,82.0,2,3,3,0,12.0,baik,SHM,7.4,10.3,0,0,0,856.4
P002597,2023-04-21,jakarta_selatan,rumah,130.0,106.0,1,2,1,2,20.0,sedang,SHM,3.9,17.3,1,0,0,2471.5
P004430,2023-04-21,jakarta_selatan,townhouse,56.0,109.0,3,2,2,0,5.0,perlu_renovasi,SHM,5.9,13.2,0,0,0,1315.8
P004723,2023-04-21,tangerang_selatan,rumah,102.0,80.0,2,3,2,1,20.0,baik,HGB,4.6,18.9,0,0,0,896.8
P007504,2023-04-21,bekasi,townhouse,63.0,85.0,2,3,2,1,13.0,sedang,SHM,4.0,18.3,1,0,0,579.4
P008932,2023-04-21,tangerang_selatan,ruko,41.0,72.0,3,0,1,1,30.0,sedang,SHM,8.0,15.8,0,0,0,453.7
P000454,2023-04-22,jakarta_barat,rumah,49.0,52.0,2,1,1,0,2.0,sedang,HGB,2.4,6.4,1,0,0,882.9
P004074,2023-04-22,jakarta_barat,townhouse,98.0,134.0,2,3,3,1,13.0,sedang,HGB,4.3,12.6,1,0,0,1469.1
P004943,2023-04-22,bogor,rumah,190.0,141.0,2,5,3,2,3.0,baik,SHM,10.0,20.5,0,0,0,1354.7
P007870,2023-04-22,bandung,rumah,169.0,315.0,2,7,4,1,6.0,baik,SHM,,17.4,0,1,0,2202.6
P000744,2023-04-23,jakarta_selatan,rumah,129.0,246.0,3,8,7,1,9.0,baik,HGB,3.7,15.1,1,0,0,3571.7
P004896,2023-04-23,depok,rumah,209.0,300.0,2,8,6,4,56.0,perlu_renovasi,HGB,5.2,22.2,0,0,0,1056.4
P005289,2023-04-23,tangerang_selatan,rumah,269.0,228.0,2,7,6,4,7.0,baik,SHM,7.5,20.1,1,0,0,2943.8
P005631,2023-04-23,bekasi,rumah,322.0,270.0,2,6,4,4,8.0,baik,SHM,4.3,20.2,0,0,0,2259.8
P002909,2023-04-24,semarang,rumah,291.0,226.0,1,6,4,3,20.0,sedang,SHM,2.8,7.6,1,0,0,1519.2
P003680,2023-04-24,jakarta_selatan,rumah,177.0,184.0,2,5,5,1,2.0,baik,SHM,7.3,3.0,0,0,0,5594.7
P003879,2023-04-24,jakarta_selatan,rumah,101.0,57.0,1,2,1,1,6.0,baik,SHM,1.5,14.5,0,0,0,1403.8
P006685,2023-04-24,tangerang_selatan,rumah,112.0,75.0,2,2,2,2,11.0,baik,HGB,4.8,12.0,1,0,0,1308.1
P007158,2023-04-24,yogyakarta,rumah,56.0,80.0,2,2,2,0,7.0,sedang,SHM,4.9,18.5,1,0,0,495.6
P002205,2023-04-25,tangerang_selatan,rumah,122.0,187.0,3,5,5,1,29.0,sedang,SHM,3.0,14.4,0,0,0,1419.2
P002444,2023-04-25,depok,townhouse,116.0,155.0,2,4,3,2,,baik,SHM,9.0,8.0,1,0,1,1561.3
P007970,2023-04-25,jakarta_selatan,rumah,77.0,102.0,2,4,3,1,13.0,sedang,SHM,6.0,2.8,0,1,0,2462.6
P001603,2023-04-26,bandung,ruko,84.0,120.0,2,1,1,1,37.0,sedang,HGB,9.6,7.2,0,0,1,830.8
P001647,2023-04-26,tangerang_selatan,townhouse,93.0,95.0,2,3,3,1,15.0,baik,SHM,5.5,15.8,0,0,0,1164.9
P002004,2023-04-26,bandung,rumah,175.0,224.0,2,5,5,1,11.0,baik,SHM,5.9,21.8,0,0,0,1517.0
P004523,2023-04-26,surabaya,townhouse,52.0,77.0,2,2,1,0,8.0,baik,SHM,5.6,6.4,0,0,0,943.5
P005283,2023-04-26,yogyakarta,rumah,58.0,71.0,2,2,1,0,9.0,baik,SHM,8.0,19.0,1,0,0,528.1
P005365,2023-04-26,semarang,rumah,99.0,164.0,2,5,5,1,21.0,baik,SHM,6.5,14.3,0,0,0,872.3
P005462,2023-04-26,jakarta_selatan,townhouse,75.0,119.0,2,3,2,2,14.0,sedang,SHM,6.1,11.0,0,1,0,1642.4
P006800,2023-04-26,jakarta_barat,ruko,69.0,105.0,3,2,2,1,22.0,sedang,HGB,6.4,11.3,0,1,0,1150.8
P007713,2023-04-26,bekasi,townhouse,113.0,179.0,2,6,4,0,6.0,sedang,SHM,2.1,29.4,0,0,0,1008.9
P007851,2023-04-26,depok,rumah,161.0,237.0,3,7,7,3,11.0,baik,girik_ajb,2.5,13.4,1,0,0,1756.1
P003780,2023-04-27,yogyakarta,rumah,215.0,137.0,1,4,3,2,16.0,sedang,HGB,6.3,12.7,0,1,0,1302.9
P006440,2023-04-27,bogor,rumah,58.0,79.0,2,2,2,0,11.0,baik,SHM,5.0,13.2,0,0,0,523.9
P008785,2023-04-27,bandung,rumah,151.0,288.0,3,10,7,2,13.0,sedang,HGB,5.9,7.9,1,1,0,2099.9
P002442,2023-04-28,jakarta_barat,ruko,68.0,141.0,3,3,3,1,19.0,baik,HGB,9.7,13.9,0,0,0,1281.8
P002833,2023-04-28,bekasi,rumah,94.0,73.0,2,2,2,3,2.0,baik,HGB,3.7,4.3,0,1,0,1058.3
P003836,2023-04-28,bekasi,rumah,120.0,43.0,1,1,1,1,40.0,sedang,HGB,5.7,24.3,0,0,0,339.1
P006196,2023-04-28,bekasi,rumah,84.0,48.0,1,2,1,1,9.0,baik,SHM,5.6,18.5,1,0,0,550.4
P007229,2023-04-28,jakarta_barat,rumah,135.0,116.0,2,3,3,1,10.0,baik,HGB,3.4,19.0,0,0,0,1318.9
P008685,2023-04-28,tangerang_selatan,rumah,147.0,88.0,1,2,2,2,16.0,baik,girik_ajb,6.9,22.9,0,0,0,1049.5
P008778,2023-04-28,surabaya,rumah,166.0,175.0,2,5,5,1,4.0,baik,HGB,4.4,8.3,1,1,0,2103.6
P009130,2023-04-28,bogor,rumah,153.0,106.0,1,2,1,1,16.0,sedang,HGB,4.6,21.8,0,0,0,593.2
P009665,2023-04-28,jakarta_selatan,townhouse,102.0,92.0,2,3,2,0,13.0,sedang,SHM,8.4,5.3,1,1,0,2534.2
P000239,2023-04-29,jakarta_selatan,ruko,69.0,61.0,2,0,1,0,10.0,baik,girik_ajb,11.1,7.8,0,0,0,1607.2
P002529,2023-04-29,surabaya,rumah,72.0,59.0,1,2,2,0,12.0,baik,SHM,2.5,17.1,0,0,1,458.1
P002884,2023-04-29,tangerang_selatan,rumah,125.0,161.0,2,4,4,2,9.0,baik,SHM,3.4,22.1,0,0,1,1501.2
P003634,2023-04-29,bekasi,rumah,113.0,56.0,1,2,2,1,8.0,sedang,SHM,1.5,5.7,1,0,0,911.1
P004258,2023-04-29,bekasi,ruko,82.0,245.0,4,6,4,0,5.0,baik,HGB,11.3,15.4,0,0,0,1580.9
P005994,2023-04-29,semarang,ruko,65.0,120.0,3,1,1,1,4.0,baik,girik_ajb,11.1,12.8,0,1,0,782.6
P009060,2023-04-29,surabaya,rumah,197.0,124.0,1,3,3,2,4.0,sedang,HGB,2.9,9.3,0,0,0,1906.9
P001206,2023-04-30,jakarta_selatan,rumah,118.0,124.0,2,3,3,2,,baik,SHM,5.6,4.6,1,0,1,2814.4
P003772,2023-04-30,yogyakarta,rumah,185.0,259.0,2,6,5,1,28.0,sedang,SHM,7.2,9.1,0,0,0,1417.2
P004587,2023-04-30,depok,rumah,148.0,123.0,1,3,3,2,9.0,sedang,HGB,3.1,19.1,0,0,0,1057.4
P000031,2023-05-04,bandung,rumah,187.0,138.0,2,3,3,2,,baik,SHM,3.2,13.5,0,0,0,1691.3
P000183,2023-05-04,depok,ruko,90.0,178.0,3,4,3,1,8.0,baik,SHM,4.7,7.7,1,1,0,1727.9
P000663,2023-05-04,jakarta_barat,rumah,76.0,62.0,2,2,1,1,16.0,baik,SHM,5.0,19.9,0,1,0,770.3
P003005,2023-05-04,jakarta_selatan,rumah,107.0,65.0,1,2,2,2,9.0,sedang,HGB,6.4,8.8,1,1,0,2494.6
P003948,2023-05-04,jakarta_selatan,townhouse,93.0,120.0,3,4,3,1,12.0,sedang,SHM,9.1,2.4,0,0,0,3021.6
P004633,2023-05-04,tangerang_selatan,rumah,143.0,98.0,1,3,3,1,2.0,baik,HGB,3.5,21.4,1,0,0,1233.1
P004692,2023-05-04,tangerang_selatan,rumah,139.0,207.0,2,7,6,2,19.0,sedang,HGB,3.1,4.9,0,0,1,1718.2
P006782,2023-05-04,bekasi,rumah,91.0,217.0,3,5,3,1,10.0,baik,SHM,6.0,26.2,1,0,0,1278.1
P007295,2023-05-04,bogor,rumah,282.0,275.0,2,7,6,3,5.0,sedang,HGB,3.9,3.3,1,1,0,2810.1
P008261,2023-05-04,bekasi,rumah,61.0,68.0,2,2,2,1,9.0,baik,HGB,3.3,21.7,0,0,0,515.0
P008808,2023-05-04,surabaya,townhouse,107.0,147.0,2,3,3,1,15.0,baik,SHM,5.0,2.3,0,1,0,1686.7
P001247,2023-05-05,bogor,ruko,97.0,214.0,3,4,4,0,28.0,sedang,SHM,10.3,9.4,1,0,0,939.4
P002926,2023-05-05,bogor,rumah,155.0,87.0,1,3,2,2,9.0,baik,SHM,3.7,5.6,1,1,0,1358.1
P005854,2023-05-05,tangerang_selatan,townhouse,90.0,192.0,3,5,5,0,15.0,sedang,SHM,4.6,12.3,1,1,0,1423.7
P008596,2023-05-05,surabaya,rumah,77.0,61.0,2,1,1,1,10.0,sedang,HGB,7.7,3.6,0,1,0,1032.8
P001148,2023-05-06,surabaya,rumah,116.0,50.0,1,2,2,2,6.0,baik,SHM,6.6,3.1,1,0,1,1511.2
P001798,2023-05-06,tangerang_selatan,rumah,105.0,140.0,2,4,3,2,22.0,baik,HGB,3.5,10.5,0,0,0,1193.2
P001891,2023-05-06,tangerang_selatan,rumah,122.0,45.0,1,1,1,3,28.0,baik,HGB,5.6,13.7,0,1,1,928.6
P002342,2023-05-06,jakarta_selatan,ruko,43.0,65.0,3,0,1,0,8.0,baik,SHM,10.8,17.1,1,0,0,1325.0
P003513,2023-05-06,yogyakarta,rumah,66.0,78.0,2,3,2,1,9.0,sedang,girik_ajb,3.0,15.5,1,1,0,522.3
P005789,2023-05-06,surabaya,townhouse,70.0,64.0,2,2,2,1,5.0,baik,SHM,6.0,13.0,0,0,0,958.0
P005992,2023-05-06,bandung,rumah,65.0,111.0,2,3,3,0,18.0,sedang,SHM,4.8,21.4,0,0,0,594.0
P007446,2023-05-06,bandung,ruko,68.0,76.0,2,0,1,1,33.0,perlu_renovasi,SHM,10.6,10.2,1,1,0,800.2
P008949,2023-05-06,bekasi,townhouse,94.0,138.0,3,3,3,0,6.0,baik,SHM,,17.5,0,0,1,1231.3
P000864,2023-05-07,depok,rumah,78.0,38.0,1,1,1,1,16.0,perlu_renovasi,SHM,7.3,7.6,1,0,0,722.3
P001410,2023-05-07,bandung,rumah,210.0,268.0,2,8,5,2,15.0,baik,SHM,5.9,5.8,0,1,0,2948.9
P001476,2023-05-07,depok,rumah,89.0,206.0,3,5,3,1,9.0,sedang,HGB,3.8,3.5,0,0,0,1457.5
P004363,2023-05-07,bandung,townhouse,78.0,70.0,2,2,1,1,11.0,baik,SHM,7.1,21.4,0,0,0,752.4
P004819,2023-05-07,depok,rumah,61.0,38.0,1,1,1,1,21.0,sedang,HGB,2.9,14.5,0,0,0,331.1
P005336,2023-05-07,surabaya,townhouse,91.0,135.0,2,4,4,2,15.0,sedang,SHM,6.6,2.4,1,1,0,1416.0
P007538,2023-05-07,surabaya,rumah,172.0,173.0,2,5,4,2,21.0,baik,SHM,8.8,6.3,0,0,0,2486.8
P009110,2023-05-07,bekasi,rumah,53.0,80.0,2,2,2,0,4.0,sedang,HGB,4.8,8.5,0,0,0,521.1
P009426,2023-05-07,surabaya,rumah,91.0,84.0,2,2,2,1,13.0,baik,HGB,3.2,4.2,1,0,0,1044.5
P009675,2023-05-07,bekasi,townhouse,110.0,162.0,2,5,5,1,7.0,sedang,SHM,4.5,22.6,1,0,0,1097.5
P000311,2023-05-08,depok,rumah,69.0,112.0,2,4,4,0,40.0,baik,HGB,3.5,3.6,1,0,0,658.4
P001580,2023-05-08,semarang,rumah,147.0,226.0,2,7,7,2,6.0,sedang,SHM,5.9,12.0,0,0,1,1243.7
P006528,2023-05-08,jakarta_selatan,rumah,65.0,32.0,1,1,1,1,23.0,sedang,SHM,,3.4,1,1,0,1818.4
P007442,2023-05-08,surabaya,rumah,73.0,32.0,1,1,1,1,5.0,sedang,SHM,7.7,7.5,0,0,0,929.5
P003242,2023-05-09,depok,rumah,157.0,170.0,2,5,4,3,6.0,baik,SHM,3.7,9.9,1,1,1,1651.1
P007160,2023-05-09,jakarta_barat,rumah,117.0,42.0,1,1,1,1,15.0,sedang,SHM,4.1,12.9,0,0,0,1431.0
P008490,2023-05-09,bandung,townhouse,85.0,111.0,3,3,3,1,8.0,baik,HGB,3.8,5.0,0,0,0,1233.7
P009448,2023-05-09,depok,townhouse,81.0,111.0,2,3,3,1,,sedang,SHM,3.8,8.6,1,1,0,997.0
P009572,2023-05-09,bandung,rumah,130.0,110.0,1,3,2,1,4.0,sedang,HGB,1.9,17.3,1,0,1,833.8
P000862,2023-05-10,bandung,townhouse,102.0,115.0,2,4,3,2,12.0,baik,SHM,5.1,17.2,0,0,0,930.7
P001165,2023-05-10,jakarta_barat,rumah,83.0,124.0,2,4,3,2,,baik,SHM,8.6,17.1,0,0,1,1085.4
P001816,2023-05-10,depok,ruko,72.0,81.0,3,1,1,0,37.0,perlu_renovasi,HGB,8.9,18.9,1,0,0,503.5
P001934,2023-05-10,surabaya,rumah,153.0,111.0,1,3,2,2,3.0,baik,SHM,3.5,16.6,0,0,0,1473.6
P004212,2023-05-10,bekasi,ruko,68.0,138.0,3,1,1,1,6.0,baik,SHM,9.8,17.0,0,0,0,893.2
P005960,2023-05-10,tangerang_selatan,rumah,174.0,87.0,1,2,2,2,6.0,sedang,SHM,9.1,5.7,1,0,0,2157.4
P006678,2023-05-10,semarang,townhouse,68.0,147.0,3,4,3,0,8.0,baik,SHM,2.4,9.0,0,0,0,977.3
P002800,2023-05-11,surabaya,rumah,186.0,288.0,2,7,6,2,11.0,sedang,SHM,3.7,16.6,1,0,0,2048.3
P003064,2023-05-11,semarang,townhouse,96.0,129.0,3,4,3,1,8.0,baik,HGB,5.8,19.3,0,0,0,903.9
P003598,2023-05-11,semarang,rumah,91.0,53.0,1,1,1,1,5.0,baik,HGB,4.9,16.8,0,0,1,502.6
P006731,2023-05-11,surabaya,rumah,112.0,98.0,1,3,2,1,14.0,baik,SHM,5.1,4.4,1,1,0,1511.3
P007245,2023-05-11,bekasi,rumah,206.0,285.0,2,7,6,3,7.0,baik,SHM,4.5,25.1,0,0,1,1692.7
P007604,2023-05-11,bogor,rumah,65.0,35.0,1,1,1,1,7.0,sedang,SHM,4.0,6.1,1,1,0,398.1
P009056,2023-05-11,semarang,rumah,379.0,274.0,1,9,8,4,10.0,baik,SHM,5.2,11.7,1,0,0,2649.8
P002355,2023-05-12,bekasi,ruko,79.0,95.0,3,1,1,1,10.0,baik,SHM,,8.8,0,0,0,891.7
P006005,2023-05-12,jakarta_selatan,rumah,91.0,124.0,2,3,2,0,,sedang,SHM,3.9,3.6,0,1,1,2141.0
P000397,2023-05-13,surabaya,rumah,113.0,175.0,2,4,4,1,6.0,baik,SHM,4.6,3.2,0,0,0,2064.8
P000806,2023-05-13,jakarta_barat,ruko,108.0,224.0,3,6,6,1,9.0,baik,girik_ajb,3.6,12.9,1,0,0,1723.9
P000966,2023-05-13,depok,rumah,185.0,269.0,3,6,6,1,4.0,sedang,girik_ajb,7.8,5.9,0,1,0,1969.0
P004249,2023-05-13,jakarta_barat,rumah,122.0,161.0,2,4,4,1,4.0,baik,SHM,3.9,3.1,1,0,0,2618.2
P005148,2023-05-13,depok,rumah,94.0,94.0,2,3,3,1,,baik,HGB,6.8,24.2,0,1,1,716.8
P006931,2023-05-13,tangerang_selatan,rumah,318.0,317.0,2,7,6,4,16.0,baik,SHM,5.8,22.7,1,0,1,2294.0
P007364,2023-05-13,surabaya,ruko,93.0,226.0,3,4,3,2,27.0,baik,SHM,8.0,4.7,1,0,0,2019.0
P001041,2023-05-14,jakarta_selatan,rumah,114.0,70.0,1,2,1,3,22.0,sedang,SHM,3.5,17.4,0,0,0,1544.0
P006841,2023-05-14,bandung,rumah,187.0,236.0,3,6,7,3,22.0,perlu_renovasi,HGB,2.8,8.1,0,1,1,1212.9
P007026,2023-05-14,depok,ruko,76.0,95.0,2,1,1,2,11.0,baik,SHM,12.5,3.3,0,1,0,1263.8
P007751,2023-05-14,surabaya,townhouse,68.0,56.0,2,2,2,0,14.0,sedang,HGB,2.4,12.6,1,0,0,633.1
P009999,2023-05-14,bekasi,ruko,71.0,93.0,2,1,1,2,20.0,perlu_renovasi,SHM,5.2,21.1,0,0,0,441.1
P000299,2023-05-15,surabaya,ruko,61.0,98.0,3,1,1,1,21.0,baik,SHM,10.3,15.4,1,0,0,904.2
P000842,2023-05-15,surabaya,rumah,75.0,85.0,2,3,3,2,19.0,baik,SHM,4.3,16.6,0,1,0,820.2
P002623,2023-05-15,tangerang_selatan,rumah,190.0,258.0,2,7,5,1,14.0,baik,girik_ajb,4.5,19.9,0,0,0,1811.0
P004101,2023-05-15,tangerang_selatan,rumah,101.0,110.0,2,4,4,0,9.0,sedang,SHM,,5.0,0,1,1,1770.0
P004105,2023-05-15,semarang,townhouse,47.0,76.0,3,2,1,0,12.0,baik,HGB,5.3,17.5,0,0,0,529.3
P005526,2023-05-15,semarang,rumah,61.0,95.0,2,3,3,1,10.0,baik,SHM,4.8,14.1,1,0,0,569.1
P006727,2023-05-15,jakarta_selatan,rumah,117.0,129.0,2,3,2,0,3.0,perlu_renovasi,SHM,5.0,16.6,1,0,0,1921.3
P007212,2023-05-15,surabaya,rumah,238.0,229.0,2,6,4,3,4.0,sedang,SHM,1.9,20.2,0,0,0,1688.2
P007640,2023-05-15,bekasi,ruko,76.0,203.0,4,3,3,1,31.0,perlu_renovasi,SHM,9.1,26.5,0,0,0,591.0
P007848,2023-05-15,tangerang_selatan,townhouse,94.0,94.0,2,3,2,2,14.0,baik,HGB,2.8,4.7,0,0,0,1209.3
P008551,2023-05-15,bogor,rumah,88.0,59.0,1,1,1,1,54.0,perlu_renovasi,HGB,3.2,21.2,0,0,0,292.3
P002241,2023-05-16,tangerang_selatan,rumah,318.0,223.0,1,7,5,3,22.0,sedang,SHM,5.5,17.8,0,0,0,2556.8
P003834,2023-05-16,depok,rumah,144.0,117.0,2,4,3,2,20.0,baik,SHM,4.6,21.5,0,0,0,922.1
P003887,2023-05-16,yogyakarta,rumah,141.0,270.0,3,7,6,1,42.0,perlu_renovasi,SHM,3.2,19.8,0,0,0,573.2
P005545,2023-05-16,depok,rumah,150.0,138.0,2,4,4,1,33.0,perlu_renovasi,SHM,7.7,20.7,0,1,0,810.6
P005898,2023-05-16,surabaya,ruko,44.0,50.0,2,0,1,0,51.0,perlu_renovasi,HGB,9.5,6.2,0,0,0,593.5
P007120,2023-05-16,bandung,townhouse,115.0,141.0,2,4,4,2,8.0,sedang,HGB,3.5,17.6,0,0,0,985.0
P007267,2023-05-16,tangerang_selatan,rumah,130.0,246.0,2,6,4,2,7.0,baik,SHM,3.2,3.1,0,1,0,2868.0
P000085,2023-05-17,jakarta_selatan,ruko,73.0,134.0,4,2,1,0,,sedang,SHM,4.9,12.5,0,1,0,1685.5
P000151,2023-05-17,surabaya,rumah,415.0,280.0,1,6,6,4,32.0,sedang,SHM,3.5,13.0,0,0,0,3036.1
P000450,2023-05-17,bogor,rumah,115.0,78.0,1,2,1,1,3.0,baik,SHM,5.1,10.4,1,1,1,912.9
P000453,2023-05-17,bandung,rumah,147.0,116.0,2,3,2,2,22.0,sedang,SHM,3.1,17.8,1,0,0,973.4
P003762,2023-05-17,tangerang_selatan,rumah,92.0,77.0,2,2,1,1,32.0,perlu_renovasi,SHM,6.9,14.4,0,0,0,749.2
P005989,2023-05-17,yogyakarta,rumah,83.0,71.0,1,2,2,2,8.0,baik,SHM,2.7,3.2,0,0,0,774.2
P007288,2023-05-17,jakarta_selatan,rumah,195.0,130.0,1,4,4,3,3.0,baik,HGB,8.6,12.9,1,0,1,4265.7
P000171,2023-05-18,tangerang_selatan,rumah,190.0,75.0,1,2,2,3,2.0,baik,SHM,2.9,14.1,0,1,0,1537.0
P006054,2023-05-18,tangerang_selatan,rumah,261.0,284.0,2,9,8,2,2.0,sedang,HGB,4.0,18.6,0,0,0,2961.6
P006061,2023-05-18,bogor,rumah,148.0,250.0,2,6,5,2,17.0,sedang,SHM,5.0,16.7,0,0,0,1207.4
P006927,2023-05-18,tangerang_selatan,rumah,211.0,160.0,2,5,4,2,26.0,sedang,SHM,7.6,24.2,0,0,0,1399.8
P008281,2023-05-18,depok,rumah,107.0,92.0,1,3,2,0,15.0,baik,HGB,4.0,5.2,1,0,0,1020.4
P009040,2023-05-18,jakarta_selatan,rumah,103.0,174.0,2,5,4,2,8.0,baik,SHM,2.7,14.3,0,1,0,2039.9
P009116,2023-05-18,surabaya,ruko,58.0,69.0,3,0,1,1,13.0,sedang,SHM,7.6,3.6,1,0,0,986.6
P009166,2023-05-18,bekasi,rumah,374.0,271.0,2,8,5,4,33.0,perlu_renovasi,SHM,5.4,16.3,0,0,0,1872.4
P000591,2023-05-19,semarang,rumah,195.0,221.0,2,6,4,3,7.0,sedang,SHM,4.3,3.1,0,0,0,1646.8
P002247,2023-05-19,tangerang_selatan,rumah,124.0,62.0,1,2,2,1,16.0,sedang,girik_ajb,10.2,14.5,0,0,0,868.3
P004319,2023-05-19,surabaya,rumah,190.0,133.0,2,4,2,3,2.0,baik,SHM,5.5,16.3,0,0,0,1955.9
P005957,2023-05-19,depok,rumah,153.0,77.0,1,2,1,3,18.0,sedang,HGB,3.7,18.8,0,0,0,890.1
P007668,2023-05-19,bekasi,ruko,99.0,207.0,3,4,2,0,24.0,sedang,SHM,10.5,15.5,1,1,0,1291.3
P007736,2023-05-19,bekasi,townhouse,110.0,142.0,2,3,3,1,15.0,baik,SHM,5.0,29.7,1,0,0,804.0
P008175,2023-05-19,jakarta_selatan,rumah,155.0,150.0,2,3,3,2,10.0,baik,HGB,5.7,8.1,0,0,0,2741.6
P008414,2023-05-19,tangerang_selatan,rumah,179.0,75.0,1,2,2,2,5.0,sedang,SHM,3.8,3.4,0,0,0,2793.8
P009721,2023-05-19,bandung,rumah,109.0,53.0,1,1,1,1,21.0,sedang,SHM,2.6,11.1,1,0,1,619.4
P000062,2023-05-20,depok,rumah,95.0,102.0,2,3,3,1,9.0,sedang,SHM,4.1,13.6,0,0,0,848.8
P007519,2023-05-20,bekasi,ruko,61.0,76.0,3,0,1,1,4.0,sedang,SHM,11.4,13.1,0,1,0,765.8
P008774,2023-05-20,bandung,rumah,75.0,98.0,2,3,2,1,13.0,sedang,SHM,3.3,12.9,1,0,0,789.1
P009296,2023-05-20,bekasi,rumah,243.0,304.0,2,9,8,3,6.0,baik,SHM,6.9,10.5,0,1,0,2602.3
P009461,2023-05-20,semarang,townhouse,83.0,69.0,2,2,2,2,7.0,baik,SHM,,3.7,1,1,0,762.8
P009528,2023-05-20,jakarta_selatan,rumah,189.0,126.0,1,4,3,2,30.0,sedang,SHM,4.6,13.3,0,0,0,2920.4
P000120,2023-05-21,bogor,rumah,61.0,93.0,2,3,3,1,2.0,baik,HGB,4.1,11.4,1,0,0,691.4
P003169,2023-05-21,jakarta_selatan,rumah,130.0,59.0,1,1,1,0,10.0,baik,SHM,6.8,9.5,0,0,1,2105.2
P004365,2023-05-21,bandung,rumah,55.0,28.0,1,1,1,1,8.0,baik,HGB,5.4,7.2,0,0,1,439.7
P004394,2023-05-21,bandung,ruko,62.0,83.0,3,0,1,2,28.0,sedang,SHM,8.2,19.9,0,0,0,629.4
P005571,2023-05-21,jakarta_barat,townhouse,111.0,92.0,2,3,3,1,4.0,baik,HGB,7.8,7.3,0,0,0,1749.4
P007548,2023-05-21,jakarta_selatan,rumah,107.0,101.0,2,3,2,1,16.0,sedang,girik_ajb,7.8,14.5,0,1,0,1719.2
P008924,2023-05-21,tangerang_selatan,rumah,158.0,138.0,2,4,3,0,5.0,baik,SHM,3.4,7.3,1,0,0,2169.5
P000101,2023-05-22,semarang,rumah,120.0,99.0,2,3,3,1,41.0,baik,SHM,3.8,19.5,0,0,0,400.1
P003855,2023-05-22,bogor,rumah,64.0,108.0,3,3,2,0,21.0,baik,SHM,5.3,8.0,0,0,0,638.3
P005886,2023-05-22,jakarta_selatan,rumah,94.0,65.0,1,2,1,0,13.0,sedang,SHM,8.8,11.8,0,0,0,1934.1
P006653,2023-05-22,bandung,ruko,59.0,101.0,3,1,1,1,1.0,sedang,SHM,8.2,18.3,0,0,1,750.5
P006987,2023-05-22,bogor,rumah,186.0,149.0,1,4,3,2,8.0,baik,SHM,7.4,6.0,1,0,0,1744.2
P008227,2023-05-22,bandung,ruko,92.0,89.0,2,0,1,1,21.0,baik,SHM,6.9,3.0,1,0,0,1404.8
P000071,2023-05-23,jakarta_barat,rumah,46.0,42.0,2,1,1,1,7.0,baik,HGB,4.8,11.9,0,0,0,653.5
P002575,2023-05-23,depok,townhouse,102.0,73.0,2,2,1,1,15.0,sedang,SHM,5.2,16.4,0,0,0,645.5
P003550,2023-05-23,surabaya,rumah,115.0,66.0,1,2,2,2,22.0,sedang,SHM,3.0,8.4,1,1,0,1179.4
P005711,2023-05-23,surabaya,ruko,54.0,115.0,3,2,2,1,16.0,sedang,HGB,11.6,24.5,0,0,0,603.6
P006003,2023-05-23,depok,rumah,94.0,228.0,3,7,6,2,9.0,baik,SHM,3.7,8.0,0,0,0,1732.1
P006777,2023-05-23,bekasi,rumah,68.0,60.0,2,2,2,1,,sedang,SHM,5.4,21.2,0,0,0,401.6
P007612,2023-05-23,bandung,rumah,142.0,80.0,1,2,2,2,4.0,baik,SHM,7.1,12.7,1,0,0,1169.1
P007763,2023-05-23,tangerang_selatan,ruko,61.0,103.0,3,0,1,2,21.0,sedang,girik_ajb,5.8,23.5,1,0,0,557.8
P009212,2023-05-23,bekasi,townhouse,42.0,60.0,2,2,2,0,7.0,baik,HGB,4.1,9.5,1,1,0,574.2
P009459,2023-05-23,bogor,rumah,72.0,68.0,2,2,1,1,11.0,baik,SHM,3.5,22.1,0,0,0,459.4
P004019,2023-05-24,jakarta_selatan,rumah,118.0,67.0,1,2,2,1,28.0,sedang,girik_ajb,4.3,7.9,0,0,0,2130.3
P005368,2023-05-24,surabaya,townhouse,102.0,142.0,2,5,4,1,15.0,sedang,SHM,7.8,15.0,0,0,0,1036.4
P006787,2023-05-24,bekasi,rumah,99.0,67.0,1,2,2,1,11.0,sedang,SHM,5.4,12.3,0,1,0,676.6
P009790,2023-05-24,semarang,rumah,69.0,85.0,2,3,3,1,17.0,sedang,SHM,5.1,10.6,0,0,0,458.3
P004121,2023-05-25,yogyakarta,rumah,138.0,77.0,1,2,2,2,6.0,baik,SHM,4.5,10.6,1,0,1,1004.4
P004936,2023-05-25,jakarta_barat,rumah,112.0,51.0,1,2,1,1,13.0,baik,SHM,5.2,3.5,1,0,0,1727.4
P005018,2023-05-25,depok,rumah,85.0,132.0,2,4,3,1,2.0,baik,SHM,4.9,22.0,0,0,0,910.3
P007909,2023-05-25,depok,rumah,103.0,106.0,2,3,2,1,8.0,baik,SHM,8.2,19.6,1,0,0,1023.1
P009831,2023-05-25,surabaya,rumah,132.0,67.0,1,2,2,1,14.0,baik,SHM,3.7,16.9,0,0,1,1037.1
P002327,2023-05-26,jakarta_barat,ruko,56.0,102.0,3,1,1,0,12.0,baik,SHM,12.5,13.0,1,0,0,1152.8
P005742,2023-05-26,bogor,rumah,74.0,79.0,2,2,2,1,4.0,sedang,SHM,3.8,17.5,0,0,0,507.9
P006888,2023-05-26,tangerang_selatan,townhouse,71.0,85.0,2,2,2,1,14.0,sedang,SHM,8.9,22.7,0,0,0,778.4
P007731,2023-05-26,bandung,townhouse,96.0,114.0,2,3,3,1,3.0,baik,SHM,6.1,10.0,1,0,1,1320.7
P009028,2023-05-26,surabaya,rumah,169.0,89.0,1,2,2,3,20.0,baik,SHM,4.2,6.6,1,0,0,1635.9
P009633,2023-05-26,tangerang_selatan,rumah,202.0,89.0,1,2,1,2,11.0,sedang,SHM,4.7,13.4,0,1,0,2279.2
P000889,2023-05-27,jakarta_barat,rumah,99.0,47.0,1,1,1,1,2.0,baik,HGB,5.8,9.4,0,1,0,1424.4
P001386,2023-05-27,jakarta_selatan,rumah,94.0,135.0,3,4,3,2,15.0,sedang,SHM,2.9,6.0,0,1,0,2163.8
P002257,2023-05-27,semarang,rumah,121.0,172.0,2,4,2,1,15.0,baik,HGB,5.7,14.7,0,0,1,881.4
P003946,2023-05-27,semarang,rumah,199.0,356.0,2,9,6,2,11.0,baik,SHM,8.1,16.2,0,1,0,2292.6
P004841,2023-05-27,semarang,rumah,247.0,143.0,1,4,3,4,5.0,baik,SHM,8.7,3.2,0,0,0,2026.2
P005769,2023-05-27,bekasi,ruko,90.0,193.0,3,2,1,1,7.0,baik,SHM,9.1,15.8,0,0,0,1287.2
P006156,2023-05-27,jakarta_selatan,rumah,137.0,182.0,2,6,5,1,13.0,baik,SHM,2.9,15.3,0,0,0,2032.1
P003374,2023-05-28,jakarta_barat,rumah,103.0,84.0,1,3,3,1,,baik,SHM,10.1,14.5,0,0,0,1314.4
P004032,2023-05-28,bekasi,rumah,59.0,71.0,2,2,2,1,28.0,baik,SHM,6.0,21.6,0,0,1,400.1
P005205,2023-05-28,jakarta_barat,townhouse,71.0,70.0,2,2,2,0,11.0,baik,HGB,8.0,6.7,0,0,0,1176.8
P005230,2023-05-28,tangerang_selatan,rumah,189.0,275.0,2,9,6,3,4.0,baik,SHM,4.8,20.0,0,0,1,2243.6
P005963,2023-05-28,depok,ruko,116.0,167.0,3,3,2,1,15.0,sedang,SHM,4.3,16.7,0,0,0,1296.5
P007620,2023-05-28,surabaya,rumah,74.0,38.0,1,1,1,1,7.0,baik,SHM,4.9,6.7,0,0,1,710.8
P008113,2023-05-28,yogyakarta,rumah,117.0,79.0,1,3,2,1,16.0,sedang,SHM,2.1,14.2,0,0,0,741.4
P008572,2023-05-28,yogyakarta,rumah,147.0,70.0,1,2,2,2,3.0,baik,HGB,4.5,13.0,1,0,0,919.0
P009014,2023-05-28,tangerang_selatan,townhouse,110.0,227.0,3,7,5,1,13.0,perlu_renovasi,SHM,7.2,17.1,1,0,0,1380.2
P001022,2023-05-29,bandung,ruko,62.0,128.0,3,2,1,0,16.0,sedang,girik_ajb,5.1,20.7,0,0,0,702.1
P001531,2023-05-29,tangerang_selatan,ruko,66.0,177.0,3,3,3,1,,sedang,SHM,8.0,15.7,0,1,0,1314.5
P002648,2023-05-29,surabaya,rumah,93.0,218.0,3,6,5,0,5.0,sedang,HGB,4.1,9.5,0,0,1,1588.0
P004333,2023-05-29,jakarta_selatan,ruko,64.0,156.0,4,3,2,0,8.0,baik,SHM,7.9,3.2,1,1,0,2979.7
P005022,2023-05-29,surabaya,rumah,154.0,161.0,2,5,3,2,25.0,perlu_renovasi,SHM,7.0,22.7,0,0,0,1062.3
P006772,2023-05-29,bogor,rumah,86.0,128.0,2,4,3,1,20.0,sedang,SHM,5.0,28.2,0,0,0,522.3
P008787,2023-05-29,bogor,rumah,161.0,76.0,1,3,3,1,6.0,sedang,SHM,4.0,21.8,0,0,0,629.8
P000495,2023-05-30,surabaya,rumah,72.0,55.0,1,1,1,0,8.0,baik,SHM,8.8,22.7,0,0,1,757.3
P003654,2023-05-30,jakarta_barat,rumah,272.0,351.0,2,9,8,3,9.0,sedang,SHM,6.8,9.5,0,0,0,4848.4
P004474,2023-05-30,jakarta_selatan,rumah,115.0,183.0,2,4,4,0,8.0,baik,SHM,5.0,2.5,1,0,0,3730.2
P005951,2023-05-30,tangerang_selatan,rumah,116.0,93.0,2,2,2,2,5.0,sedang,SHM,7.6,15.5,0,0,0,1201.9
P006488,2023-05-30,bandung,rumah,211.0,174.0,2,5,5,3,7.0,baik,girik_ajb,6.1,21.7,0,0,0,1555.4
P001266,2023-05-31,surabaya,rumah,241.0,156.0,1,5,3,3,6.0,baik,SHM,3.5,5.1,0,1,0,3407.2
P004964,2023-05-31,tangerang_selatan,rumah,173.0,106.0,1,4,3,2,11.0,baik,HGB,7.8,24.5,0,0,0,1346.9
P005334,2023-05-31,jakarta_barat,rumah,126.0,94.0,1,3,3,0,10.0,baik,SHM,10.9,12.6,1,0,0,1979.9
P005702,2023-05-31,jakarta_selatan,rumah,154.0,69.0,1,2,1,2,5.0,baik,HGB,3.8,17.0,0,0,1,2021.0
P008898,2023-05-31,tangerang_selatan,rumah,241.0,147.0,1,3,3,1,4.0,baik,SHM,7.0,22.8,0,0,0,2146.8
P009329,2023-05-31,jakarta_selatan,rumah,147.0,124.0,2,3,2,1,2.0,baik,SHM,8.8,5.5,0,0,0,3814.8
P000626,2023-06-03,bekasi,rumah,302.0,279.0,2,8,8,5,32.0,perlu_renovasi,SHM,6.2,21.4,0,0,0,1226.6
P000696,2023-06-03,depok,rumah,290.0,177.0,1,4,3,2,2.0,sedang,SHM,5.5,5.4,0,1,0,3148.3
P000839,2023-06-03,bekasi,ruko,117.0,93.0,2,1,1,0,7.0,baik,SHM,12.1,6.3,0,0,0,1650.9
P001190,2023-06-03,bandung,townhouse,61.0,86.0,3,3,2,0,6.0,sedang,SHM,2.8,9.1,1,0,0,749.7
P005116,2023-06-03,semarang,rumah,118.0,52.0,1,1,1,1,10.0,baik,SHM,,11.5,0,0,0,633.8
P008919,2023-06-03,surabaya,townhouse,114.0,293.0,3,7,6,1,4.0,baik,SHM,4.3,2.5,1,0,1,2881.3
P009104,2023-06-03,bandung,rumah,74.0,42.0,1,1,1,1,11.0,sedang,SHM,7.5,15.1,0,0,0,456.9
P009155,2023-06-03,depok,rumah,133.0,63.0,1,2,2,1,3.0,baik,HGB,3.1,24.7,0,0,0,686.6
P000392,2023-06-04,jakarta_barat,townhouse,119.0,176.0,3,5,4,0,15.0,baik,SHM,9.0,18.9,0,0,0,1676.2
P005560,2023-06-04,jakarta_barat,rumah,179.0,84.0,1,2,2,1,,baik,SHM,2.0,19.4,0,0,0,1459.0
P006225,2023-06-04,depok,rumah,97.0,105.0,2,3,3,3,28.0,sedang,SHM,3.4,12.5,1,0,0,645.1
P008197,2023-06-04,bogor,rumah,96.0,72.0,1,2,2,0,13.0,perlu_renovasi,HGB,3.0,4.1,1,0,0,603.3
P008782,2023-06-04,jakarta_barat,rumah,84.0,40.0,1,1,1,1,10.0,sedang,SHM,,19.2,0,0,0,742.9
P001974,2023-06-05,bekasi,rumah,89.0,35.0,1,1,1,1,11.0,sedang,SHM,5.7,11.7,1,0,1,483.5
P002213,2023-06-05,semarang,rumah,88.0,31.0,1,1,1,2,11.0,baik,HGB,6.2,14.1,0,1,0,526.9
P003204,2023-06-05,bogor,rumah,128.0,61.0,1,2,2,2,8.0,sedang,SHM,2.8,10.0,0,0,0,615.6
P005573,2023-06-05,depok,rumah,64.0,54.0,2,1,1,1,14.0,baik,SHM,2.1,9.1,1,1,0,632.2
P006170,2023-06-05,bandung,townhouse,82.0,77.0,2,2,2,0,14.0,baik,HGB,3.4,20.7,0,0,0,715.4
P006471,2023-06-05,bekasi,rumah,225.0,143.0,1,3,3,3,19.0,sedang,SHM,3.6,13.2,0,0,0,1394.8
P007377,2023-06-05,jakarta_selatan,rumah,134.0,186.0,2,6,6,2,21.0,baik,SHM,5.5,16.8,0,0,0,1897.9
P007477,2023-06-05,depok,rumah,109.0,157.0,3,4,4,1,28.0,baik,SHM,4.6,19.4,0,0,0,864.5
P008994,2023-06-05,bekasi,rumah,71.0,176.0,3,4,2,2,3.0,baik,SHM,7.5,24.9,0,0,0,1110.2
P007303,2023-06-06,semarang,rumah,176.0,313.0,2,10,8,2,3.0,baik,HGB,2.6,11.4,0,0,0,1906.0
P007704,2023-06-06,bogor,rumah,157.0,61.0,1,2,1,0,24.0,perlu_renovasi,HGB,1.8,3.5,1,0,0,831.8
P000551,2023-06-07,bekasi,rumah,118.0,58.0,1,1,1,1,16.0,sedang,SHM,5.0,28.0,0,0,1,363.2
P000791,2023-06-07,jakarta_barat,rumah,84.0,115.0,2,4,4,0,35.0,sedang,SHM,3.9,18.9,0,1,1,637.6
P001069,2023-06-07,jakarta_selatan,rumah,108.0,77.0,1,3,3,0,8.0,baik,SHM,4.0,8.7,1,1,0,2202.4
P001666,2023-06-07,surabaya,rumah,226.0,266.0,2,9,6,1,3.0,perlu_renovasi,SHM,3.4,17.1,1,0,0,1935.8
P007651,2023-06-07,surabaya,rumah,133.0,151.0,2,5,3,2,14.0,sedang,SHM,3.6,3.2,1,0,1,1900.9
P007895,2023-06-07,bekasi,rumah,78.0,54.0,2,1,1,0,5.0,baik,SHM,5.2,7.7,0,0,0,664.0
P008662,2023-06-07,tangerang_selatan,townhouse,89.0,166.0,2,5,4,1,4.0,baik,SHM,6.2,5.2,1,0,0,2336.6
P009163,2023-06-07,bandung,rumah,109.0,68.0,1,2,2,2,2.0,baik,SHM,8.1,7.7,0,1,1,1148.7
P009172,2023-06-07,bandung,rumah,109.0,64.0,1,2,2,2,13.0,sedang,SHM,6.6,16.4,0,0,0,783.3
P000107,2023-06-08,bekasi,rumah,72.0,103.0,2,3,3,1,2.0,baik,HGB,7.0,11.8,0,0,0,915.9
P001139,2023-06-08,jakarta_selatan,rumah,82.0,108.0,3,4,4,2,16.0,baik,HGB,9.7,9.7,0,0,0,2057.0
P006701,2023-06-08,tangerang_selatan,rumah,77.0,101.0,2,3,3,1,0.0,baik,SHM,3.9,11.3,0,0,0,1071.1
P000282,2023-06-09,jakarta_barat,rumah,131.0,65.0,1,2,2,1,46.0,baik,SHM,3.9,17.4,0,0,0,1146.1
P001903,2023-06-09,surabaya,townhouse,152.0,226.0,2,5,5,2,8.0,baik,girik_ajb,10.8,12.5,0,0,0,2030.5
P003042,2023-06-09,semarang,rumah,155.0,184.0,2,4,3,2,31.0,sedang,SHM,4.0,10.4,1,0,0,859.9
P004254,2023-06-09,depok,rumah,155.0,182.0,2,6,6,2,11.0,sedang,HGB,4.5,3.3,0,0,0,2179.7
P005394,2023-06-09,bekasi,rumah,412.0,538.0,2,10,8,4,17.0,baik,HGB,,18.0,0,0,0,3408.5
P005460,2023-06-09,jakarta_selatan,ruko,58.0,128.0,3,2,1,0,22.0,sedang,HGB,7.9,9.5,1,0,0,1802.7
P008092,2023-06-09,jakarta_selatan,rumah,105.0,177.0,3,5,3,2,17.0,sedang,SHM,,12.1,0,0,0,1973.7
P001155,2023-06-10,depok,rumah,119.0,209.0,2,6,5,1,15.0,baik,HGB,3.8,7.4,0,1,0,1709.5
P001487,2023-06-10,yogyakarta,townhouse,77.0,104.0,2,3,3,1,7.0,sedang,SHM,5.7,19.2,0,0,1,722.3
P003937,2023-06-10,tangerang_selatan,rumah,93.0,95.0,2,3,2,1,5.0,sedang,SHM,3.9,21.7,0,1,0,826.6
P004141,2023-06-10,bekasi,townhouse,73.0,176.0,3,6,5,1,9.0,baik,SHM,3.7,16.7,1,0,0,1212.8
P005410,2023-06-10,surabaya,ruko,80.0,153.0,3,3,2,1,7.0,baik,SHM,7.9,5.4,1,0,1,1740.5
P005558,2023-06-10,tangerang_selatan,rumah,96.0,89.0,1,2,2,2,5.0,sedang,SHM,6.3,8.5,0,0,0,1607.8
P006766,2023-06-10,bogor,rumah,136.0,195.0,3,5,3,1,9.0,baik,SHM,2.7,29.8,0,0,1,886.1
P008021,2023-06-10,jakarta_barat,townhouse,103.0,109.0,2,3,2,2,3.0,baik,SHM,2.1,18.1,0,0,0,1172.4
P008995,2023-06-10,bekasi,rumah,98.0,90.0,2,3,3,2,11.0,sedang,SHM,3.4,14.1,0,0,0,971.8
P009608,2023-06-10,depok,rumah,93.0,86.0,2,2,2,2,18.0,sedang,SHM,6.7,23.4,0,0,0,549.2
P001404,2023-06-11,tangerang_selatan,rumah,282.0,272.0,2,6,5,4,27.0,sedang,SHM,1.5,6.8,1,0,0,3224.6
P003312,2023-06-11,yogyakarta,rumah,183.0,180.0,2,4,3,2,15.0,baik,SHM,2.7,14.3,0,0,0,1306.3
P004279,2023-06-11,tangerang_selatan,ruko,84.0,239.0,4,4,3,1,4.0,baik,HGB,9.4,17.0,0,0,0,1724.1
P004475,2023-06-11,depok,rumah,169.0,106.0,1,3,2,2,20.0,baik,SHM,3.8,11.9,0,0,0,1189.8
P006130,2023-06-11,jakarta_selatan,rumah,131.0,217.0,3,7,7,1,26.0,baik,SHM,4.3,9.3,1,1,0,3685.4
P007648,2023-06-11,bekasi,rumah,91.0,85.0,2,2,2,0,1.0,baik,SHM,9.6,12.0,0,1,0,1066.7
P009410,2023-06-11,bogor,rumah,345.0,312.0,1,9,5,4,9.0,sedang,SHM,5.2,26.4,1,0,0,1632.3
P009628,2023-06-11,bekasi,rumah,52.0,39.0,1,1,1,0,3.0,baik,SHM,10.0,28.2,0,0,0,331.8
P009881,2023-06-11,tangerang_selatan,rumah,135.0,108.0,1,4,3,1,15.0,sedang,HGB,4.1,5.6,1,0,0,1920.7
P000122,2023-06-12,bogor,rumah,184.0,99.0,1,2,2,1,21.0,baik,HGB,9.9,9.1,1,0,0,1229.0
P000935,2023-06-12,surabaya,rumah,72.0,46.0,1,1,1,1,10.0,baik,girik_ajb,8.1,10.9,1,0,0,690.5
P001311,2023-06-12,bekasi,ruko,169.0,192.0,2,4,3,2,30.0,sedang,HGB,7.9,13.9,0,0,0,1631.9
P001892,2023-06-12,bandung,townhouse,75.0,72.0,2,2,2,1,15.0,perlu_renovasi,SHM,3.5,5.1,0,0,0,719.2
P002474,2023-06-12,depok,rumah,182.0,231.0,2,6,4,3,2.0,sedang,HGB,3.1,3.7,1,1,1,2046.1
P002486,2023-06-12,bekasi,rumah,129.0,51.0,1,1,1,1,13.0,baik,SHM,6.9,20.6,0,0,0,614.0
P003261,2023-06-12,jakarta_selatan,townhouse,132.0,237.0,3,6,5,1,4.0,baik,HGB,8.5,7.8,1,0,0,4350.1
P003644,2023-06-12,jakarta_barat,rumah,174.0,283.0,3,9,8,2,14.0,perlu_renovasi,HGB,2.3,5.5,1,0,0,2541.6
P004047,2023-06-12,tangerang_selatan,ruko,78.0,81.0,2,0,1,1,6.0,baik,girik_ajb,7.0,24.8,0,0,0,713.0
P004973,2023-06-12,tangerang_selatan,ruko,70.0,120.0,4,1,1,2,7.0,baik,HGB,5.6,12.5,0,1,0,1471.6
P004985,2023-06-12,tangerang_selatan,ruko,54.0,117.0,3,2,2,1,45.0,perlu_renovasi,HGB,11.6,22.0,0,0,0,536.8
P006089,2023-06-12,tangerang_selatan,rumah,207.0,141.0,1,3,3,3,17.0,sedang,SHM,3.8,17.2,0,0,0,1835.4
P008408,2023-06-12,bandung,ruko,109.0,293.0,3,5,4,1,16.0,sedang,SHM,14.5,11.1,0,1,1,1565.5
P002098,2023-06-13,depok,ruko,49.0,77.0,2,0,1,1,13.0,baik,SHM,8.9,5.5,0,1,0,1005.9
P002781,2023-06-13,jakarta_selatan,rumah,87.0,64.0,1,2,2,1,15.0,sedang,SHM,5.8,3.6,1,0,0,2491.1
P002912,2023-06-13,jakarta_barat,rumah,111.0,100.0,2,3,2,1,12.0,sedang,SHM,9.0,7.9,1,1,1,1787.6
P005097,2023-06-13,bandung,rumah,238.0,102.0,1,4,4,4,10.0,baik,SHM,,16.2,0,0,0,1469.4
P005126,2023-06-13,jakarta_selatan,rumah,188.0,282.0,2,9,6,2,9.0,baik,HGB,4.5,11.1,0,0,0,4224.5
P005512,2023-06-13,depok,rumah,156.0,82.0,1,3,3,2,19.0,sedang,HGB,3.1,16.2,1,0,0,959.8
P007145,2023-06-13,surabaya,ruko,61.0,152.0,3,1,1,2,27.0,sedang,SHM,10.0,18.0,1,0,0,791.9
P009086,2023-06-13,jakarta_selatan,townhouse,63.0,77.0,2,2,2,1,,sedang,HGB,2.8,7.6,1,0,0,1328.5
P009348,2023-06-13,surabaya,rumah,130.0,206.0,2,5,4,0,11.0,baik,SHM,7.0,3.2,0,1,0,2206.3
P004209,2023-06-14,bekasi,rumah,117.0,66.0,1,2,1,2,21.0,perlu_renovasi,SHM,4.1,4.3,1,1,0,1131.8
P004634,2023-06-14,tangerang_selatan,townhouse,79.0,70.0,2,2,1,1,8.0,sedang,SHM,8.1,20.9,0,0,0,769.9
P004972,2023-06-14,jakarta_selatan,rumah,228.0,119.0,1,4,3,2,8.0,sedang,SHM,2.9,13.4,0,0,0,2766.9
P006763,2023-06-14,semarang,ruko,83.0,276.0,4,5,5,2,19.0,baik,SHM,13.0,7.8,1,0,1,1193.9
P009333,2023-06-14,bekasi,rumah,123.0,82.0,1,2,2,1,10.0,baik,SHM,6.5,22.6,1,0,0,706.2
P000420,2023-06-15,semarang,ruko,72.0,87.0,2,1,1,1,12.0,perlu_renovasi,SHM,5.6,15.1,1,0,0,488.4
P002807,2023-06-15,tangerang_selatan,ruko,63.0,221.0,4,5,3,1,18.0,sedang,HGB,3.9,23.4,1,0,0,1061.3
P003061,2023-06-15,bogor,rumah,123.0,73.0,1,2,2,1,5.0,baik,SHM,5.3,11.2,1,0,0,809.2
P003857,2023-06-15,surabaya,rumah,218.0,260.0,2,6,7,2,7.0,sedang,SHM,2.9,23.0,0,0,0,1906.3
P004555,2023-06-15,tangerang_selatan,ruko,65.0,115.0,3,2,2,0,10.0,perlu_renovasi,HGB,7.9,16.5,0,0,1,863.3
P006632,2023-06-15,jakarta_selatan,rumah,43.0,24.0,1,1,1,1,23.0,baik,SHM,4.1,4.5,0,1,1,917.8
P000192,2023-06-16,tangerang_selatan,rumah,104.0,219.0,3,7,7,1,,sedang,SHM,4.2,5.6,0,0,0,1473.0
P000316,2023-06-16,tangerang_selatan,rumah,134.0,117.0,1,3,3,1,11.0,baik,SHM,4.4,21.7,0,0,0,1135.5
P002666,2023-06-16,surabaya,ruko,64.0,69.0,2,0,1,1,17.0,sedang,SHM,15.4,12.2,0,0,0,941.2
P003132,2023-06-16,semarang,townhouse,104.0,89.0,2,2,1,1,15.0,sedang,SHM,7.2,16.4,0,0,0,686.9
P003487,2023-06-16,bandung,rumah,116.0,137.0,2,3,3,2,,sedang,SHM,3.9,8.9,0,0,0,1016.2
P003507,2023-06-16,depok,townhouse,57.0,74.0,2,2,2,0,15.0,sedang,HGB,2.5,6.0,1,1,0,650.8
P008895,2023-06-16,bekasi,rumah,57.0,95.0,2,2,1,1,7.0,baik,SHM,4.3,27.3,0,0,1,445.0
P001269,2023-06-17,depok,ruko,82.0,146.0,3,2,2,1,13.0,baik,SHM,5.5,4.1,0,0,0,1413.6
P004009,2023-06-17,jakarta_barat,rumah,120.0,122.0,2,3,3,1,10.0,baik,SHM,4.3,19.3,0,0,0,1498.1
P005213,2023-06-17,yogyakarta,rumah,176.0,195.0,2,6,6,2,13.0,perlu_renovasi,SHM,4.8,13.2,1,0,0,1456.9
P001950,2023-06-18,semarang,townhouse,102.0,123.0,3,4,3,1,4.0,baik,SHM,5.7,9.9,0,0,0,1116.4
P007807,2023-06-18,surabaya,rumah,119.0,79.0,1,2,2,2,13.0,sedang,HGB,2.7,6.0,1,0,0,1250.0
P007937,2023-06-18,jakarta_barat,rumah,114.0,68.0,1,2,2,1,9.0,sedang,SHM,2.7,4.9,0,1,0,1452.1
P009753,2023-06-18,tangerang_selatan,rumah,128.0,89.0,1,2,2,1,13.0,baik,SHM,4.0,7.6,1,1,0,1826.2
P000979,2023-06-19,depok,rumah,63.0,57.0,2,1,1,1,16.0,sedang,SHM,3.9,14.7,0,0,1,402.0
P001955,2023-06-19,semarang,rumah,116.0,135.0,2,3,3,1,1.0,baik,SHM,,17.2,0,0,0,910.6
P001980,2023-06-19,jakarta_barat,rumah,227.0,214.0,2,6,6,2,,baik,SHM,4.5,18.1,0,0,0,1836.0
P002385,2023-06-19,jakarta_selatan,ruko,71.0,119.0,2,2,2,1,20.0,sedang,girik_ajb,6.7,11.0,0,0,0,1506.5
P003254,2023-06-19,depok,rumah,44.0,38.0,2,1,1,0,50.0,perlu_renovasi,HGB,5.3,8.4,0,0,0,310.1
P006243,2023-06-19,jakarta_selatan,rumah,210.0,122.0,1,3,2,3,9.0,baik,SHM,6.6,15.9,0,0,1,3014.5
P007582,2023-06-19,surabaya,rumah,96.0,85.0,1,3,2,0,27.0,sedang,SHM,6.7,24.5,0,0,1,505.0
P008136,2023-06-19,bekasi,townhouse,54.0,92.0,2,2,1,1,15.0,sedang,SHM,3.7,7.7,1,0,0,679.9
P008714,2023-06-19,bandung,rumah,71.0,98.0,2,3,2,1,19.0,baik,SHM,4.9,12.7,1,1,0,817.2
P008738,2023-06-19,tangerang_selatan,rumah,82.0,135.0,2,4,3,2,22.0,perlu_renovasi,SHM,3.9,18.2,0,0,0,737.5
P002202,2023-06-20,yogyakarta,ruko,78.0,152.0,3,3,2,2,6.0,sedang,SHM,9.2,15.5,0,0,0,915.9
P004379,2023-06-20,semarang,rumah,122.0,148.0,2,5,5,1,5.0,sedang,SHM,5.3,18.3,1,1,1,864.1
P005100,2023-06-20,surabaya,townhouse,74.0,81.0,2,2,2,1,6.0,baik,HGB,5.7,7.1,0,1,0,962.2
P007873,2023-06-20,tangerang_selatan,rumah,153.0,67.0,1,2,2,2,,perlu_renovasi,SHM,5.2,10.5,0,1,0,1473.0
P008286,2023-06-20,jakarta_barat,rumah,142.0,188.0,2,6,6,0,38.0,sedang,SHM,4.7,10.8,0,0,1,1630.7
P009132,2023-06-20,bandung,rumah,192.0,299.0,2,10,8,2,14.0,sedang,SHM,4.2,18.8,0,0,0,1748.9
P009784,2023-06-20,tangerang_selatan,rumah,34.0,57.0,2,2,2,0,12.0,baik,SHM,3.8,8.8,1,0,0,567.7
P000706,2023-06-21,depok,townhouse,98.0,92.0,2,3,2,2,15.0,sedang,SHM,,15.3,0,0,0,889.8
P007301,2023-06-21,bekasi,rumah,139.0,78.0,1,2,1,1,17.0,sedang,SHM,10.4,10.1,1,0,0,1143.5
P008434,2023-06-21,bogor,ruko,97.0,170.0,4,2,2,0,4.0,sedang,HGB,13.9,18.9,0,0,0,1217.3
P000757,2023-06-22,tangerang_selatan,ruko,96.0,227.0,3,5,5,1,24.0,sedang,HGB,12.2,21.5,0,0,0,1212.6
P001058,2023-06-22,jakarta_barat,rumah,235.0,224.0,2,6,5,3,4.0,baik,HGB,9.1,7.4,0,0,0,4085.4
P001706,2023-06-22,yogyakarta,rumah,152.0,186.0,2,4,4,2,24.0,sedang,SHM,5.6,9.7,1,0,0,1269.3
P004518,2023-06-22,tangerang_selatan,rumah,145.0,178.0,2,4,3,0,11.0,baik,SHM,5.8,3.9,1,1,0,2737.0
P005967,2023-06-22,surabaya,ruko,87.0,100.0,3,1,1,1,4.0,baik,SHM,10.1,14.9,0,0,0,1166.7
P001788,2023-06-23,bandung,rumah,52.0,79.0,3,2,2,0,2.0,baik,HGB,7.2,8.4,0,1,0,707.1
P001829,2023-06-23,semarang,rumah,102.0,132.0,2,4,2,2,37.0,perlu_renovasi,SHM,3.8,6.4,1,1,0,611.9
P005507,2023-06-23,jakarta_barat,rumah,49.0,37.0,2,1,1,1,48.0,sedang,SHM,4.0,18.8,0,0,0,486.9
P005513,2023-06-23,bekasi,rumah,65.0,86.0,2,2,1,2,4.0,baik,SHM,4.9,30.0,0,0,0,469.8
P005872,2023-06-23,tangerang_selatan,rumah,98.0,42.0,1,1,1,2,10.0,sedang,SHM,6.5,23.9,0,0,0,582.3
P006694,2023-06-23,surabaya,townhouse,56.0,48.0,2,1,1,2,15.0,perlu_renovasi,girik_ajb,3.0,5.4,1,0,0,577.6
P007877,2023-06-23,bogor,rumah,123.0,57.0,1,1,1,0,26.0,sedang,SHM,13.1,4.9,1,0,1,744.8
P007976,2023-06-23,semarang,rumah,126.0,72.0,1,2,2,1,20.0,sedang,SHM,12.3,18.0,1,0,0,472.8
P009343,2023-06-23,surabaya,rumah,121.0,106.0,2,3,3,1,42.0,sedang,HGB,5.9,11.1,1,0,0,951.4
P009754,2023-06-23,jakarta_selatan,townhouse,59.0,62.0,2,1,1,0,15.0,sedang,HGB,6.2,16.4,0,0,0,1105.5
P000787,2023-06-24,surabaya,rumah,65.0,140.0,3,3,2,2,39.0,baik,SHM,7.4,19.0,0,0,0,695.9
P000943,2023-06-24,jakarta_barat,ruko,76.0,122.0,3,1,1,0,47.0,perlu_renovasi,SHM,6.9,11.1,0,1,1,1202.8
P001696,2023-06-24,depok,townhouse,106.0,114.0,2,3,3,1,11.0,perlu_renovasi,SHM,7.3,21.6,0,0,0,800.8
P001927,2023-06-24,bekasi,rumah,261.0,145.0,1,5,5,2,1.0,baik,SHM,7.5,13.6,0,0,0,2129.5
P003628,2023-06-24,bandung,rumah,93.0,40.0,1,1,1,2,2.0,baik,HGB,5.4,8.1,0,0,1,670.8
P005751,2023-06-24,jakarta_selatan,rumah,54.0,72.0,2,2,2,2,8.0,sedang,SHM,4.9,2.8,1,0,0,1534.3
P007075,2023-06-24,surabaya,ruko,71.0,145.0,3,2,1,2,14.0,baik,SHM,10.0,11.4,0,0,0,1043.3
P000358,2023-06-25,surabaya,ruko,55.0,47.0,2,0,1,0,3.0,baik,SHM,9.8,17.2,0,0,0,688.8
P001211,2023-06-25,bandung,rumah,201.0,263.0,2,9,8,3,13.0,baik,HGB,4.2,14.3,0,0,0,1637.4
P001545,2023-06-25,bekasi,rumah,85.0,154.0,2,4,3,1,11.0,baik,SHM,3.1,12.8,1,0,0,978.0
P002758,2023-06-25,bandung,ruko,90.0,121.0,2,2,2,0,4.0,baik,SHM,10.3,8.0,0,0,0,1513.4
P003344,2023-06-25,jakarta_selatan,townhouse,95.0,97.0,2,2,2,0,15.0,baik,SHM,5.9,2.9,0,0,0,2760.9
P004240,2023-06-25,bandung,rumah,97.0,76.0,2,2,2,1,17.0,sedang,SHM,5.2,2.2,1,1,1,1051.2
P004668,2023-06-25,tangerang_selatan,rumah,93.0,36.0,1,1,1,0,15.0,baik,SHM,6.8,21.2,0,0,1,513.5
P005719,2023-06-25,jakarta_selatan,rumah,188.0,229.0,2,7,7,2,26.0,baik,SHM,5.8,9.7,1,1,0,4622.1
P006733,2023-06-25,surabaya,rumah,193.0,138.0,1,3,2,2,17.0,sedang,SHM,,17.0,0,0,0,1276.8
P006901,2023-06-25,bekasi,rumah,83.0,108.0,2,2,2,2,42.0,perlu_renovasi,HGB,,6.6,0,0,1,457.7
P008190,2023-06-25,surabaya,townhouse,71.0,88.0,2,3,2,1,6.0,baik,HGB,6.9,21.1,1,0,0,928.3
P008494,2023-06-25,semarang,townhouse,101.0,178.0,3,5,4,1,15.0,baik,SHM,6.4,18.5,0,0,0,1233.7
P008718,2023-06-25,jakarta_selatan,rumah,173.0,171.0,2,5,4,2,19.0,baik,SHM,5.5,4.5,1,0,0,3984.7
P008805,2023-06-25,surabaya,rumah,143.0,66.0,1,1,1,1,46.0,perlu_renovasi,HGB,3.8,11.7,0,0,0,989.3
P001993,2023-06-26,tangerang_selatan,rumah,89.0,106.0,2,3,2,1,6.0,baik,HGB,3.4,21.9,0,1,1,886.8
P004797,2023-06-26,jakarta_barat,rumah,98.0,132.0,2,5,5,2,14.0,baik,HGB,2.2,11.2,1,1,0,1346.8
P005132,2023-06-26,jakarta_barat,ruko,51.0,76.0,2,0,1,1,3.0,sedang,SHM,8.7,4.0,1,1,0,1602.5
P005286,2023-06-26,jakarta_selatan,rumah,139.0,81.0,1,3,2,2,7.0,baik,SHM,3.0,4.6,1,0,0,2711.8
P007218,2023-06-26,bandung,rumah,261.0,210.0,2,5,4,3,3.0,baik,girik_ajb,8.9,18.4,0,0,0,1988.5
P007420,2023-06-26,jakarta_selatan,rumah,220.0,155.0,1,5,4,3,5.0,sedang,SHM,,10.7,0,1,0,4969.6
P008030,2023-06-26,bogor,ruko,98.0,274.0,4,4,3,1,17.0,perlu_renovasi,SHM,5.9,21.0,0,0,0,660.2
P000162,2023-06-27,semarang,rumah,144.0,138.0,2,4,3,2,24.0,sedang,SHM,5.4,12.1,0,0,0,851.1
P002197,2023-06-27,jakarta_selatan,rumah,122.0,77.0,1,2,2,2,11.0,sedang,SHM,4.2,4.3,0,1,1,2664.6
P002358,2023-06-27,depok,rumah,97.0,227.0,3,5,5,1,13.0,sedang,SHM,4.5,8.2,0,1,0,1566.0
P002591,2023-06-27,surabaya,rumah,182.0,165.0,2,6,6,1,18.0,baik,SHM,3.6,16.7,0,0,0,1723.1
P002939,2023-06-27,tangerang_selatan,rumah,151.0,180.0,2,5,4,1,4.0,sedang,SHM,6.9,19.8,0,0,0,1403.7
P003725,2023-06-27,surabaya,ruko,82.0,93.0,2,1,1,2,24.0,perlu_renovasi,HGB,10.3,21.5,0,0,0,670.8
P003993,2023-06-27,jakarta_selatan,townhouse,73.0,104.0,2,3,3,0,15.0,baik,SHM,5.2,10.9,1,0,0,1866.5
P007049,2023-06-27,depok,ruko,72.0,106.0,3,1,1,1,4.0,sedang,SHM,10.0,11.5,1,0,0,1025.1
P007247,2023-06-27,semarang,rumah,254.0,252.0,2,6,5,3,7.0,baik,SHM,5.1,3.5,0,1,0,2530.7
P008246,2023-06-27,jakarta_barat,rumah,184.0,238.0,2,6,4,2,24.0,sedang,SHM,8.6,16.3,1,0,0,2178.4
P000054,2023-06-28,bandung,rumah,93.0,34.0,1,1,1,1,16.0,baik,SHM,4.7,10.3,1,0,0,670.1
P001221,2023-06-28,jakarta_selatan,rumah,55.0,22.0,1,1,1,0,24.0,sedang,SHM,3.8,7.9,1,0,0,1120.3
P001909,2023-06-28,surabaya,rumah,109.0,148.0,2,5,4,3,29.0,baik,SHM,5.3,11.3,1,0,0,1035.8
P002919,2023-06-28,jakarta_selatan,rumah,80.0,84.0,2,2,2,1,8.0,baik,SHM,3.7,6.5,1,1,0,2002.6
P003074,2023-06-28,bandung,rumah,63.0,46.0,1,1,1,0,12.0,sedang,girik_ajb,,6.9,0,0,0,497.5
P003263,2023-06-28,jakarta_selatan,rumah,136.0,169.0,3,5,4,2,14.0,baik,SHM,3.6,5.6,0,0,0,3686.3
P005378,2023-06-28,bandung,ruko,83.0,312.0,4,6,5,1,21.0,perlu_renovasi,SHM,11.4,2.7,0,1,1,1680.0
P007773,2023-06-28,jakarta_selatan,rumah,165.0,222.0,2,6,4,1,7.0,sedang,SHM,7.2,12.4,0,0,1,3089.3
P007814,2023-06-28,tangerang_selatan,rumah,46.0,32.0,1,1,1,0,4.0,baik,SHM,6.7,12.4,1,0,0,528.3
P008340,2023-06-28,bandung,rumah,89.0,106.0,2,4,4,2,25.0,sedang,SHM,8.0,11.7,0,0,0,941.3
P001444,2023-06-29,jakarta_selatan,townhouse,107.0,160.0,2,4,4,2,15.0,baik,SHM,10.1,2.8,1,1,0,3563.1
P002627,2023-06-29,depok,rumah,179.0,259.0,2,6,6,2,12.0,sedang,SHM,4.2,14.4,1,0,0,1893.8
P003262,2023-06-29,bandung,rumah,130.0,126.0,2,3,2,2,5.0,sedang,SHM,6.1,5.3,0,0,1,1422.0
P003564,2023-06-29,jakarta_barat,rumah,54.0,74.0,3,2,2,1,19.0,baik,SHM,11.4,9.4,0,0,0,878.6
P004220,2023-06-29,bandung,rumah,136.0,99.0,2,3,3,2,7.0,sedang,HGB,1.8,2.3,1,0,1,1158.1
P006452,2023-06-29,tangerang_selatan,ruko,87.0,126.0,2,2,1,1,21.0,perlu_renovasi,girik_ajb,1.5,19.0,0,0,0,612.1
P008793,2023-06-29,tangerang_selatan,rumah,190.0,82.0,1,2,1,1,21.0,baik,SHM,6.0,16.8,0,0,0,1764.3
P000628,2023-06-30,jakarta_selatan,ruko,98.0,145.0,2,2,2,2,14.0,baik,SHM,10.3,3.0,1,0,0,4022.0
P000844,2023-06-30,bekasi,rumah,44.0,21.0,1,1,1,1,2.0,sedang,SHM,3.6,24.7,0,0,0,209.5
P005095,2023-06-30,yogyakarta,townhouse,107.0,225.0,3,6,5,1,6.0,baik,HGB,6.9,12.3,0,0,1,1531.3
P006444,2023-06-30,surabaya,rumah,121.0,187.0,3,5,5,2,27.0,perlu_renovasi,HGB,9.4,21.0,0,0,0,805.6
P009789,2023-06-30,jakarta_barat,rumah,86.0,47.0,1,1,1,1,6.0,baik,HGB,4.8,15.6,1,0,0,964.1
P004824,2023-07-03,bandung,rumah,197.0,145.0,1,5,4,1,,sedang,SHM,4.3,20.2,0,0,1,1318.1
P005358,2023-07-03,bekasi,rumah,289.0,190.0,1,5,5,3,8.0,baik,HGB,6.3,11.3,1,0,1,2387.9
P006980,2023-07-03,bandung,rumah,101.0,87.0,2,2,1,2,1.0,baik,SHM,8.1,21.0,0,0,1,721.4
P007568,2023-07-03,bogor,rumah,71.0,47.0,1,1,1,1,1.0,baik,SHM,2.4,16.5,0,0,0,412.0
P009139,2023-07-03,tangerang_selatan,rumah,142.0,240.0,3,8,7,3,16.0,sedang,SHM,5.5,4.1,1,1,0,2443.0
P001548,2023-07-04,bandung,rumah,176.0,111.0,1,3,2,1,9.0,baik,SHM,6.0,8.9,0,0,1,1238.2
P004888,2023-07-04,bandung,townhouse,78.0,122.0,2,3,3,1,4.0,baik,SHM,4.7,18.4,0,0,0,889.7
P006091,2023-07-04,jakarta_selatan,rumah,353.0,329.0,1,9,8,5,1.0,baik,HGB,9.3,6.0,1,0,0,9954.0
P006169,2023-07-04,tangerang_selatan,ruko,57.0,120.0,4,1,1,1,16.0,baik,HGB,2.5,8.7,0,0,0,946.0
P007208,2023-07-04,jakarta_selatan,rumah,62.0,81.0,2,2,2,0,25.0,baik,SHM,3.0,3.3,0,1,0,2286.7
P008980,2023-07-04,bogor,rumah,62.0,74.0,2,2,2,1,9.0,baik,HGB,5.2,22.1,1,0,0,492.5
P009496,2023-07-04,jakarta_barat,rumah,110.0,76.0,1,2,1,1,5.0,baik,SHM,5.0,11.4,1,1,0,2187.1
P000643,2023-07-05,jakarta_selatan,rumah,65.0,79.0,2,2,2,1,14.0,perlu_renovasi,HGB,10.1,14.6,0,1,0,1308.8
P004451,2023-07-05,surabaya,ruko,137.0,198.0,2,4,3,2,19.0,baik,SHM,4.2,20.3,0,0,0,1255.4
P005361,2023-07-05,bogor,rumah,173.0,105.0,1,2,2,3,11.0,baik,SHM,6.3,25.7,0,0,1,735.3
P005606,2023-07-05,depok,rumah,87.0,73.0,2,2,1,1,42.0,perlu_renovasi,SHM,5.1,12.3,0,1,0,695.3
P006029,2023-07-05,semarang,rumah,89.0,64.0,1,2,1,1,21.0,perlu_renovasi,SHM,5.2,13.3,0,0,1,430.3
P009947,2023-07-05,surabaya,townhouse,79.0,92.0,2,2,1,1,6.0,sedang,HGB,,17.5,1,1,0,981.9
P000795,2023-07-06,jakarta_selatan,rumah,119.0,100.0,2,2,2,1,,sedang,SHM,4.8,4.3,0,0,0,3078.4
P002000,2023-07-06,depok,rumah,90.0,60.0,1,1,1,1,8.0,baik,SHM,3.7,16.6,1,0,0,768.7
P002991,2023-07-06,surabaya,rumah,116.0,85.0,1,3,2,0,4.0,sedang,SHM,7.3,12.9,0,0,0,1321.9
P004064,2023-07-06,bogor,rumah,35.0,22.0,1,1,1,0,2.0,sedang,SHM,3.4,13.3,0,0,0,199.4
P004175,2023-07-06,surabaya,rumah,65.0,23.0,1,1,1,2,3.0,baik,HGB,4.8,7.2,0,0,0,662.9
P004469,2023-07-06,yogyakarta,rumah,755.0,592.0,1,10,8,6,8.0,baik,SHM,3.2,7.4,0,0,0,6293.7
P004944,2023-07-06,yogyakarta,rumah,353.0,296.0,1,8,7,3,30.0,sedang,HGB,8.1,5.2,0,0,0,2713.0
P005099,2023-07-06,surabaya,rumah,54.0,49.0,2,1,1,2,17.0,sedang,SHM,4.7,21.1,1,0,0,420.3
P006010,2023-07-06,surabaya,townhouse,108.0,147.0,2,4,3,2,9.0,sedang,SHM,3.0,18.4,0,0,1,930.5
P007745,2023-07-06,surabaya,townhouse,65.0,74.0,2,2,1,0,1.0,sedang,SHM,5.1,12.4,0,1,0,1114.3
P008645,2023-07-06,tangerang_selatan,rumah,211.0,366.0,3,9,7,1,,baik,HGB,4.1,16.4,0,0,0,3097.8
P009678,2023-07-06,bandung,rumah,134.0,151.0,2,5,4,1,7.0,sedang,SHM,10.5,13.7,0,0,0,1221.8
P000264,2023-07-07,jakarta_barat,townhouse,63.0,60.0,2,2,2,0,3.0,baik,SHM,4.8,7.1,1,1,0,1102.7
P001293,2023-07-07,depok,rumah,182.0,122.0,1,4,4,2,8.0,baik,HGB,4.0,6.6,0,1,0,1650.6
P001994,2023-07-07,jakarta_selatan,rumah,162.0,144.0,2,5,3,2,16.0,sedang,HGB,2.7,7.8,0,0,0,2681.8
P002520,2023-07-07,jakarta_barat,rumah,112.0,127.0,2,4,2,1,20.0,perlu_renovasi,HGB,6.2,6.4,0,1,0,1710.8
P002589,2023-07-07,bekasi,rumah,257.0,181.0,1,5,3,3,6.0,sedang,SHM,2.8,16.6,1,0,1,1322.8
P003338,2023-07-07,semarang,rumah,123.0,148.0,2,3,3,1,20.0,baik,SHM,4.7,17.6,0,0,1,833.7
P004950,2023-07-07,bandung,rumah,56.0,29.0,1,1,1,0,2.0,baik,SHM,5.8,10.6,1,0,0,531.2
P006724,2023-07-07,jakarta_barat,rumah,109.0,109.0,2,2,1,1,7.0,baik,SHM,3.6,5.7,0,0,0,2306.9
P009268,2023-07-07,surabaya,ruko,109.0,188.0,3,4,3,1,49.0,perlu_renovasi,HGB,10.7,12.1,0,0,0,1205.7
P009307,2023-07-07,surabaya,rumah,84.0,49.0,1,2,1,0,14.0,baik,SHM,6.4,6.8,1,0,0,980.3
P000488,2023-07-08,tangerang_selatan,rumah,98.0,62.0,1,2,2,1,2.0,sedang,SHM,6.5,4.5,0,0,0,1378.0
P002199,2023-07-08,tangerang_selatan,rumah,176.0,113.0,1,3,2,2,13.0,perlu_renovasi,SHM,3.8,14.8,0,0,0,1400.8
P003372,2023-07-08,jakarta_selatan,rumah,82.0,41.0,1,1,1,1,9.0,baik,SHM,7.4,10.2,0,0,0,1757.7
P003454,2023-07-08,jakarta_selatan,townhouse,74.0,126.0,2,4,3,0,15.0,sedang,SHM,5.3,10.6,1,0,0,1582.5
P006604,2023-07-08,jakarta_barat,rumah,74.0,87.0,2,2,2,1,12.0,baik,SHM,5.1,4.9,1,0,0,1269.8
P006789,2023-07-08,bandung,rumah,123.0,129.0,2,4,3,1,10.0,baik,SHM,5.3,16.9,0,0,0,1012.1
P001855,2023-07-09,surabaya,rumah,185.0,91.0,1,2,1,2,20.0,sedang,SHM,4.7,7.5,1,0,0,1864.3
P003264,2023-07-09,depok,rumah,118.0,54.0,1,1,1,2,8.0,baik,SHM,5.1,10.5,1,0,0,887.1
P003266,2023-07-09,tangerang_selatan,rumah,59.0,36.0,1,1,1,1,19.0,perlu_renovasi,HGB,5.4,14.2,1,1,0,467.9
P004656,2023-07-09,semarang,rumah,206.0,251.0,2,6,4,2,3.0,baik,SHM,2.9,4.0,0,0,0,1701.4
P004793,2023-07-09,tangerang_selatan,ruko,57.0,87.0,3,0,1,1,23.0,sedang,SHM,7.1,22.5,0,0,0,738.2
P005197,2023-07-09,bekasi,rumah,165.0,131.0,2,3,3,2,15.0,sedang,SHM,6.7,28.3,0,0,0,892.3
P005605,2023-07-09,depok,rumah,140.0,100.0,1,2,2,2,22.0,sedang,SHM,2.0,15.2,0,0,0,809.8
P007321,2023-07-09,jakarta_selatan,townhouse,99.0,130.0,3,4,3,0,15.0,perlu_renovasi,SHM,5.4,2.3,1,0,0,2751.1
P007410,2023-07-09,jakarta_barat,ruko,145.0,257.0,3,5,5,2,3.0,baik,SHM,13.7,15.4,0,0,0,3354.9
P008304,2023-07-09,bekasi,rumah,216.0,448.0,3,10,8,2,5.0,baik,SHM,5.4,16.5,1,0,1,2492.4
P009315,2023-07-09,jakarta_barat,ruko,91.0,154.0,3,3,2,1,7.0,sedang,SHM,5.6,10.4,0,0,0,1875.3
P001406,2023-07-10,tangerang_selatan,rumah,79.0,48.0,1,1,1,1,29.0,sedang,girik_ajb,16.4,12.2,0,1,0,673.5
P001592,2023-07-10,jakarta_selatan,rumah,142.0,89.0,1,2,2,2,15.0,sedang,HGB,7.6,5.8,1,1,0,4046.4
P003392,2023-07-10,bandung,rumah,86.0,71.0,1,2,2,0,15.0,baik,SHM,3.8,19.4,1,0,0,570.4
P006664,2023-07-10,surabaya,rumah,156.0,244.0,2,6,6,1,7.0,baik,SHM,6.0,13.8,1,0,0,2143.5
P008413,2023-07-10,bogor,rumah,169.0,208.0,2,5,4,2,32.0,perlu_renovasi,SHM,3.6,29.6,0,0,1,567.0
P009368,2023-07-10,surabaya,rumah,237.0,110.0,1,3,3,2,3.0,baik,SHM,3.4,22.6,0,0,0,1429.9
P002164,2023-07-11,bekasi,rumah,76.0,58.0,1,2,2,1,10.0,baik,HGB,4.2,22.4,0,0,0,509.0
P002558,2023-07-11,tangerang_selatan,ruko,80.0,189.0,3,2,2,0,1.0,baik,SHM,12.7,9.6,0,0,0,2008.7
P003014,2023-07-11,bandung,townhouse,70.0,169.0,3,6,4,1,15.0,sedang,SHM,5.3,7.2,0,0,0,1207.6
P007454,2023-07-11,bogor,rumah,133.0,84.0,1,3,3,2,9.0,baik,HGB,3.6,4.6,0,0,0,907.8
P007630,2023-07-11,surabaya,rumah,202.0,92.0,1,2,1,3,10.0,baik,HGB,2.2,20.2,0,0,1,898.9
P007733,2023-07-11,tangerang_selatan,rumah,169.0,94.0,1,2,2,1,4.0,baik,HGB,3.8,20.1,1,1,0,1841.8
P007886,2023-07-11,bekasi,rumah,124.0,117.0,2,4,3,0,6.0,baik,SHM,6.4,15.9,1,0,0,1185.1
P007989,2023-07-11,bandung,townhouse,74.0,122.0,2,4,4,0,15.0,sedang,HGB,4.5,15.7,1,0,0,889.6
P001599,2023-07-12,surabaya,rumah,243.0,175.0,1,4,3,3,28.0,sedang,SHM,3.9,18.4,0,0,0,1552.2
P003911,2023-07-12,depok,ruko,59.0,87.0,3,0,1,1,6.0,baik,SHM,10.6,17.8,0,0,0,828.1
P003978,2023-07-12,jakarta_barat,rumah,95.0,45.0,1,1,1,0,12.0,perlu_renovasi,SHM,2.0,19.0,0,0,0,649.9
P004145,2023-07-12,depok,rumah,111.0,137.0,3,5,4,2,6.0,baik,HGB,5.9,15.5,0,0,0,1100.7
P006461,2023-07-12,tangerang_selatan,rumah,76.0,136.0,2,4,4,0,,sedang,SHM,4.1,8.6,0,0,0,1371.2
P007041,2023-07-12,bandung,ruko,93.0,211.0,3,5,5,1,22.0,baik,HGB,10.0,11.1,1,0,0,1463.5
P009255,2023-07-12,surabaya,rumah,89.0,69.0,2,2,2,1,17.0,sedang,SHM,8.4,6.6,0,1,0,1278.3
P000997,2023-07-13,bogor,ruko,62.0,120.0,3,1,1,1,11.0,sedang,SHM,10.5,12.4,1,0,0,681.9
P001681,2023-07-13,bandung,rumah,242.0,127.0,1,3,2,2,16.0,sedang,HGB,3.7,10.1,1,0,0,1648.4
P001817,2023-07-13,surabaya,rumah,82.0,118.0,2,3,3,0,0.0,sedang,SHM,5.1,16.8,0,0,0,940.6
P002890,2023-07-13,jakarta_barat,rumah,180.0,170.0,2,6,7,2,44.0,perlu_renovasi,girik_ajb,5.7,10.7,1,0,0,1308.4
P005630,2023-07-13,tangerang_selatan,rumah,124.0,159.0,2,5,3,1,7.0,baik,HGB,2.4,10.1,1,1,0,1704.7
P006338,2023-07-13,tangerang_selatan,rumah,73.0,67.0,2,2,2,1,28.0,baik,SHM,4.3,22.6,0,0,0,550.4
P006560,2023-07-13,tangerang_selatan,rumah,139.0,72.0,1,2,1,1,12.0,sedang,SHM,5.4,3.3,1,1,0,2405.9
P007223,2023-07-13,depok,rumah,119.0,97.0,2,2,2,1,10.0,baik,SHM,9.8,8.3,1,0,0,1328.6
P007292,2023-07-13,tangerang_selatan,rumah,134.0,103.0,2,3,2,2,15.0,baik,SHM,5.8,7.3,0,0,0,1913.7
P008461,2023-07-13,semarang,rumah,125.0,169.0,2,5,4,0,11.0,baik,girik_ajb,4.3,6.9,0,1,0,1112.4
P001718,2023-07-14,bogor,rumah,117.0,149.0,2,3,2,1,,baik,SHM,6.1,22.4,1,0,0,1266.1
P002969,2023-07-14,bogor,rumah,75.0,48.0,1,1,1,0,11.0,sedang,HGB,3.7,4.5,1,1,0,575.3
P003979,2023-07-14,depok,rumah,134.0,136.0,2,5,4,2,6.0,baik,HGB,,24.4,0,0,0,986.3
P004215,2023-07-14,depok,rumah,49.0,21.0,1,1,1,0,1.0,baik,SHM,3.4,10.1,0,0,1,364.1
P004421,2023-07-14,tangerang_selatan,ruko,109.0,124.0,2,1,1,2,12.0,baik,SHM,7.6,23.3,0,0,0,1292.6
P005186,2023-07-14,surabaya,townhouse,88.0,132.0,2,5,4,0,14.0,baik,HGB,5.3,12.7,1,0,0,1122.2
P006074,2023-07-14,jakarta_barat,rumah,98.0,133.0,2,4,3,1,13.0,perlu_renovasi,SHM,4.2,8.4,1,0,0,1503.6
P006348,2023-07-14,bandung,rumah,192.0,451.0,3,10,8,3,15.0,perlu_renovasi,SHM,3.3,18.5,0,0,1,1859.1
P007860,2023-07-14,bandung,rumah,116.0,161.0,2,4,3,2,9.0,sedang,HGB,2.4,16.2,0,0,0,1087.0
P000974,2023-07-15,semarang,rumah,206.0,109.0,1,3,3,2,31.0,perlu_renovasi,SHM,3.7,9.2,0,1,0,859.7
P003751,2023-07-15,jakarta_selatan,ruko,66.0,105.0,3,1,1,1,8.0,baik,SHM,10.1,11.9,0,0,0,1884.3
P007788,2023-07-15,surabaya,rumah,81.0,93.0,2,3,3,1,13.0,sedang,HGB,6.4,6.2,0,0,0,1170.8
P008018,2023-07-15,bandung,rumah,160.0,201.0,2,6,4,2,2.0,baik,SHM,3.9,10.0,0,0,0,2167.6
P008355,2023-07-15,depok,rumah,274.0,201.0,1,5,3,3,13.0,baik,SHM,5.2,10.0,0,1,0,2252.3
P008704,2023-07-15,tangerang_selatan,rumah,167.0,156.0,2,5,4,3,33.0,perlu_renovasi,SHM,7.4,8.9,1,1,0,2076.4
P002414,2023-07-16,depok,ruko,72.0,124.0,3,2,1,2,13.0,sedang,SHM,8.0,23.9,0,1,1,680.4
P002530,2023-07-16,bogor,rumah,120.0,325.0,3,9,7,2,11.0,baik,SHM,4.7,7.4,0,1,1,1945.0
P006790,2023-07-16,surabaya,rumah,78.0,51.0,1,2,2,1,20.0,baik,SHM,8.2,7.6,1,1,0,1177.5
P006843,2023-07-16,bandung,townhouse,76.0,96.0,2,2,2,2,1.0,baik,HGB,8.4,8.0,0,0,0,1071.8
P007782,2023-07-16,tangerang_selatan,townhouse,48.0,71.0,2,2,2,0,10.0,baik,SHM,6.6,22.6,0,0,0,773.5
P009202,2023-07-16,yogyakarta,ruko,64.0,86.0,4,1,1,1,33.0,perlu_renovasi,HGB,8.7,11.6,0,0,0,546.6
P001159,2023-07-17,bekasi,ruko,69.0,147.0,3,2,2,0,13.0,perlu_renovasi,SHM,9.0,8.0,1,1,0,953.3
P001802,2023-07-17,bogor,townhouse,64.0,99.0,2,3,3,1,15.0,baik,SHM,3.2,14.1,0,0,1,607.9
P002384,2023-07-17,jakarta_selatan,townhouse,57.0,79.0,2,2,2,1,15.0,sedang,SHM,5.0,7.2,1,1,1,1433.9
P003987,2023-07-17,tangerang_selatan,townhouse,89.0,73.0,2,2,1,2,13.0,baik,SHM,4.8,4.3,0,0,0,1418.0
P004596,2023-07-17,yogyakarta,rumah,100.0,136.0,2,4,3,1,17.0,sedang,SHM,7.3,13.8,0,0,0,826.9
P004672,2023-07-17,tangerang_selatan,townhouse,92.0,111.0,3,3,3,2,15.0,baik,SHM,6.0,7.3,0,0,0,2009.1
P005293,2023-07-17,surabaya,rumah,89.0,46.0,1,1,1,1,17.0,baik,HGB,7.2,18.7,0,0,0,629.1
P009452,2023-07-17,tangerang_selatan,townhouse,102.0,154.0,2,4,3,2,8.0,sedang,SHM,9.6,4.2,1,0,1,2220.2
P002895,2023-07-18,yogyakarta,rumah,109.0,92.0,1,2,2,2,7.0,baik,SHM,5.9,13.2,1,1,0,1036.7
P006971,2023-07-18,surabaya,townhouse,73.0,115.0,2,3,3,2,,baik,SHM,4.9,19.5,0,0,0,969.1
P009725,2023-07-18,bogor,rumah,108.0,91.0,1,2,1,3,11.0,baik,girik_ajb,3.8,9.4,1,0,0,720.2
P000084,2023-07-19,jakarta_barat,rumah,114.0,87.0,1,2,2,2,3.0,baik,SHM,3.8,19.3,0,0,0,1128.8
P000332,2023-07-19,jakarta_barat,rumah,108.0,160.0,2,5,4,2,5.0,baik,SHM,3.2,17.4,0,0,0,1820.5
P000491,2023-07-19,bandung,rumah,176.0,84.0,1,3,2,2,24.0,perlu_renovasi,SHM,5.7,7.1,1,1,0,1407.7
P000833,2023-07-19,bekasi,rumah,124.0,46.0,1,1,1,2,17.0,sedang,SHM,7.0,11.4,0,0,0,865.2
P003114,2023-07-19,bandung,rumah,118.0,123.0,2,3,2,1,11.0,baik,SHM,6.7,3.3,0,1,0,1651.3
P005049,2023-07-19,jakarta_barat,ruko,72.0,204.0,4,4,2,2,10.0,baik,SHM,8.5,14.2,0,0,0,1651.5
P009281,2023-07-19,yogyakarta,rumah,85.0,117.0,2,3,3,1,5.0,sedang,SHM,7.2,10.2,1,1,0,997.9
P001387,2023-07-20,bandung,townhouse,131.0,160.0,2,4,3,2,2.0,sedang,SHM,6.7,4.8,0,1,0,2227.4
P001610,2023-07-20,bekasi,rumah,48.0,69.0,2,2,2,2,18.0,sedang,SHM,5.9,3.1,1,0,0,619.2
P003547,2023-07-20,depok,rumah,51.0,82.0,2,2,2,1,11.0,baik,SHM,7.5,24.7,1,0,0,653.1
P003939,2023-07-20,depok,townhouse,77.0,95.0,2,2,2,1,5.0,baik,SHM,5.7,18.2,0,0,0,874.1
P003985,2023-07-20,bekasi,townhouse,57.0,126.0,3,3,3,0,,baik,SHM,3.4,29.4,0,0,0,717.0
P004489,2023-07-20,tangerang_selatan,ruko,59.0,66.0,3,0,1,1,18.0,perlu_renovasi,HGB,5.3,9.9,0,0,0,806.8
P006948,2023-07-20,bandung,rumah,87.0,55.0,1,1,1,1,42.0,perlu_renovasi,SHM,5.3,9.6,1,0,0,623.8
P008830,2023-07-20,yogyakarta,rumah,198.0,416.0,3,10,8,2,25.0,sedang,SHM,5.2,9.8,0,0,0,1915.9
P008845,2023-07-20,surabaya,rumah,123.0,96.0,1,3,2,1,15.0,baik,HGB,5.5,8.9,0,1,0,1207.2
P009850,2023-07-20,jakarta_selatan,rumah,80.0,142.0,3,4,4,3,15.0,perlu_renovasi,SHM,4.1,13.5,1,0,1,1239.8
P009959,2023-07-20,bekasi,rumah,174.0,137.0,1,4,3,2,4.0,sedang,HGB,4.5,3.8,1,1,0,1431.0
P001577,2023-07-21,surabaya,rumah,236.0,222.0,2,5,3,3,2.0,sedang,HGB,4.9,9.7,1,0,0,2381.1
P002752,2023-07-21,bandung,rumah,223.0,149.0,2,3,3,3,11.0,baik,SHM,3.7,4.6,0,0,0,2490.6
P003807,2023-07-21,bandung,townhouse,83.0,114.0,2,3,2,1,1.0,sedang,SHM,5.9,2.7,0,1,0,1315.0
P006557,2023-07-21,surabaya,rumah,163.0,424.0,3,10,7,2,22.0,baik,HGB,9.0,6.9,0,0,0,3003.3
P009062,2023-07-21,semarang,rumah,99.0,62.0,1,2,1,1,7.0,sedang,SHM,5.3,16.6,0,0,0,565.3
P009593,2023-07-21,semarang,rumah,110.0,139.0,2,3,3,1,9.0,baik,SHM,8.5,7.4,1,0,0,1188.3
P000782,2023-07-22,semarang,rumah,103.0,45.0,1,1,1,1,9.0,baik,SHM,4.2,13.2,0,0,0,573.0
P001954,2023-07-22,yogyakarta,rumah,114.0,179.0,2,6,6,1,17.0,baik,SHM,4.0,19.9,0,0,0,989.6
P003220,2023-07-22,tangerang_selatan,rumah,200.0,142.0,1,4,3,2,10.0,baik,SHM,11.2,14.4,1,1,0,2459.6
P007259,2023-07-22,bandung,townhouse,87.0,134.0,2,5,5,2,15.0,sedang,HGB,4.0,8.9,0,0,1,961.0
P007577,2023-07-22,semarang,rumah,74.0,129.0,2,3,3,0,10.0,baik,HGB,7.8,17.3,0,0,0,904.9
P009553,2023-07-22,bogor,rumah,112.0,136.0,2,4,4,1,19.0,baik,HGB,6.0,18.6,1,0,0,904.4
P009660,2023-07-22,bekasi,townhouse,70.0,127.0,2,3,3,0,15.0,sedang,SHM,2.0,6.1,0,0,0,807.6
P000051,2023-07-23,jakarta_barat,rumah,114.0,106.0,2,3,2,1,12.0,baik,SHM,3.6,3.0,0,0,0,2192.5
P001153,2023-07-23,jakarta_selatan,ruko,75.0,116.0,3,1,1,2,12.0,sedang,SHM,6.2,5.7,1,0,0,2720.7
P001307,2023-07-23,bogor,townhouse,53.0,56.0,2,1,1,1,15.0,baik,SHM,1.9,10.0,0,0,1,413.8
P002042,2023-07-23,surabaya,rumah,146.0,84.0,1,2,1,2,13.0,sedang,SHM,7.2,20.5,0,0,0,911.3
P002140,2023-07-23,surabaya,rumah,183.0,113.0,1,4,4,2,16.0,sedang,SHM,6.6,19.6,1,0,0,1463.3
P004705,2023-07-23,jakarta_barat,ruko,41.0,41.0,2,0,1,1,,baik,SHM,8.2,6.4,0,0,0,839.7
P008196,2023-07-23,depok,rumah,73.0,66.0,2,2,2,1,29.0,perlu_renovasi,SHM,11.0,12.0,0,1,0,547.0
P001496,2023-07-24,bogor,rumah,80.0,51.0,1,2,2,1,43.0,perlu_renovasi,HGB,2.4,12.8,0,1,1,223.3
P001827,2023-07-24,depok,rumah,118.0,111.0,2,3,2,1,,baik,SHM,3.4,13.3,0,0,0,990.4
P002981,2023-07-24,bogor,ruko,66.0,117.0,3,1,1,1,20.0,sedang,HGB,3.2,8.8,0,0,0,644.3
P003760,2023-07-24,jakarta_barat,townhouse,83.0,113.0,2,3,3,1,,baik,SHM,4.3,10.1,0,0,0,1628.1
P007333,2023-07-24,bekasi,rumah,95.0,185.0,3,6,4,0,21.0,baik,SHM,4.8,8.9,0,1,0,1326.7
P007435,2023-07-24,jakarta_selatan,rumah,133.0,183.0,2,5,3,2,,baik,HGB,8.5,6.5,1,1,0,3689.2
P008226,2023-07-24,jakarta_barat,rumah,153.0,170.0,2,4,3,1,10.0,sedang,SHM,7.4,16.5,0,0,0,2140.3
P009131,2023-07-24,jakarta_selatan,rumah,106.0,168.0,2,6,4,1,14.0,baik,SHM,2.9,8.6,0,1,0,2296.3
P009265,2023-07-24,jakarta_barat,rumah,111.0,63.0,1,2,2,2,27.0,perlu_renovasi,SHM,4.2,4.7,1,0,0,1539.1
P000069,2023-07-25,jakarta_selatan,rumah,140.0,52.0,1,2,1,2,3.0,sedang,HGB,2.8,5.5,0,0,1,2190.0
P000598,2023-07-25,bogor,rumah,69.0,67.0,2,2,2,1,13.0,baik,SHM,4.4,15.8,1,0,0,502.9
P001631,2023-07-25,depok,rumah,99.0,73.0,1,2,2,1,15.0,sedang,SHM,7.0,17.9,1,0,0,790.3
P002086,2023-07-25,tangerang_selatan,rumah,30.0,59.0,3,2,2,0,4.0,sedang,SHM,4.6,19.9,0,0,0,437.2
P003839,2023-07-25,surabaya,rumah,129.0,60.0,1,1,1,2,6.0,baik,SHM,2.3,13.6,0,0,0,1044.4
P007720,2023-07-25,bekasi,rumah,83.0,36.0,1,1,1,1,7.0,baik,HGB,9.8,12.8,0,0,1,490.3
P009826,2023-07-25,jakarta_selatan,rumah,108.0,148.0,2,4,3,3,10.0,baik,HGB,3.1,11.3,0,0,0,2107.4
P001156,2023-07-26,jakarta_selatan,rumah,100.0,92.0,2,3,2,1,,sedang,SHM,4.8,2.6,0,1,0,3388.2
P002318,2023-07-26,surabaya,rumah,212.0,164.0,1,4,3,2,18.0,sedang,SHM,5.2,14.3,0,0,0,1786.5
P002647,2023-07-26,bandung,townhouse,78.0,85.0,2,2,2,0,,baik,HGB,7.1,4.7,1,0,0,1286.1
P006458,2023-07-26,bandung,rumah,372.0,302.0,2,8,6,4,5.0,baik,HGB,6.0,19.9,0,0,1,2625.7
P000024,2023-07-27,semarang,rumah,90.0,48.0,1,1,1,1,29.0,perlu_renovasi,SHM,4.2,19.9,0,0,0,276.0
P001524,2023-07-27,surabaya,ruko,70.0,89.0,3,0,1,1,2.0,sedang,SHM,6.4,2.4,0,1,0,1434.3
P002767,2023-07-27,bekasi,townhouse,63.0,56.0,2,1,1,1,15.0,perlu_renovasi,SHM,3.2,5.9,0,0,0,564.8
P002846,2023-07-27,bogor,rumah,246.0,106.0,1,3,2,2,4.0,sedang,SHM,4.0,17.5,0,0,0,1002.8
P003457,2023-07-27,yogyakarta,rumah,131.0,72.0,1,2,1,1,9.0,baik,SHM,5.5,4.4,0,0,0,1079.5
P003508,2023-07-27,surabaya,rumah,116.0,76.0,1,2,2,1,34.0,baik,SHM,5.8,20.0,0,0,1,592.5
P003571,2023-07-27,surabaya,ruko,133.0,230.0,3,4,3,1,22.0,sedang,HGB,4.8,9.6,0,0,0,1528.3
P005985,2023-07-27,bandung,rumah,101.0,66.0,1,2,2,1,11.0,sedang,SHM,4.8,7.2,0,1,0,1006.4
P006385,2023-07-27,jakarta_barat,rumah,88.0,174.0,3,4,4,1,21.0,sedang,HGB,6.2,10.8,1,0,0,1304.3
P006885,2023-07-27,yogyakarta,rumah,156.0,404.0,3,10,8,1,6.0,baik,SHM,9.3,11.6,0,0,1,2603.3
P008780,2023-07-27,tangerang_selatan,townhouse,79.0,88.0,2,2,2,1,9.0,baik,SHM,3.6,10.0,0,0,1,1039.2
P003155,2023-07-28,jakarta_barat,townhouse,75.0,76.0,2,2,2,0,9.0,baik,SHM,7.0,18.5,0,1,0,1067.1
P003656,2023-07-28,jakarta_selatan,rumah,109.0,203.0,3,5,3,0,13.0,sedang,SHM,6.5,5.0,0,0,0,3937.9
P004609,2023-07-28,jakarta_selatan,rumah,145.0,163.0,2,5,4,2,17.0,baik,SHM,7.1,13.8,0,1,0,3202.9
P006853,2023-07-28,bandung,rumah,179.0,353.0,3,9,6,2,6.0,sedang,SHM,5.8,3.1,1,0,0,2851.5
P007867,2023-07-28,jakarta_selatan,rumah,70.0,37.0,1,1,1,2,5.0,baik,girik_ajb,3.9,6.6,1,1,0,1475.8
P008956,2023-07-28,bekasi,rumah,102.0,145.0,2,4,4,1,20.0,baik,SHM,3.5,24.1,0,0,0,740.2
P002416,2023-07-29,jakarta_selatan,townhouse,84.0,68.0,2,2,2,2,,baik,SHM,6.5,17.5,0,0,1,1518.9
P003131,2023-07-29,bekasi,townhouse,73.0,106.0,2,3,3,0,5.0,baik,SHM,3.4,20.7,0,0,0,735.9
P003901,2023-07-29,jakarta_barat,rumah,71.0,90.0,2,2,1,1,4.0,baik,SHM,8.1,8.7,0,1,0,1354.7
P004653,2023-07-29,jakarta_barat,rumah,58.0,45.0,1,2,1,1,14.0,sedang,SHM,8.0,10.4,0,1,0,954.8
P005466,2023-07-29,surabaya,rumah,103.0,153.0,2,5,4,0,5.0,sedang,SHM,2.9,3.3,0,0,0,1245.8
P006028,2023-07-29,jakarta_selatan,rumah,70.0,33.0,1,1,1,1,16.0,sedang,HGB,4.4,18.0,1,0,0,1147.4
P007767,2023-07-29,bandung,rumah,140.0,55.0,1,1,1,2,17.0,perlu_renovasi,SHM,4.5,9.9,1,0,0,946.3
P008665,2023-07-29,jakarta_selatan,townhouse,75.0,60.0,2,2,2,0,3.0,baik,SHM,4.1,7.8,1,1,0,1909.2
P000003,2023-07-30,surabaya,rumah,77.0,52.0,1,1,1,1,,baik,HGB,3.2,6.7,0,0,0,1120.8
P002629,2023-07-30,tangerang_selatan,rumah,78.0,103.0,2,3,3,0,3.0,baik,SHM,8.8,9.2,0,0,0,1623.7
P003288,2023-07-30,bekasi,rumah,256.0,164.0,1,4,4,1,8.0,baik,SHM,3.7,29.1,0,0,0,1264.9
P005373,2023-07-30,jakarta_selatan,rumah,153.0,130.0,2,5,5,2,22.0,sedang,SHM,5.1,17.1,0,0,1,2027.7
P008809,2023-07-30,semarang,rumah,86.0,86.0,2,2,2,0,12.0,sedang,SHM,9.6,17.1,0,0,0,585.9
P009478,2023-07-30,bandung,rumah,147.0,169.0,2,5,5,1,12.0,baik,SHM,5.4,12.0,0,0,0,1323.1
P001391,2023-08-03,yogyakarta,rumah,126.0,146.0,3,4,4,2,0.0,baik,SHM,6.8,8.1,1,0,0,1447.8
P001500,2023-08-03,bandung,rumah,163.0,224.0,2,7,4,2,4.0,baik,SHM,5.7,9.9,0,0,0,2034.7
P003335,2023-08-03,bekasi,rumah,127.0,173.0,2,5,5,2,16.0,baik,HGB,5.7,16.1,1,0,1,1042.3
P004347,2023-08-03,surabaya,rumah,86.0,58.0,1,2,1,0,24.0,baik,HGB,3.0,2.3,1,0,1,920.6
P005239,2023-08-03,bekasi,rumah,99.0,153.0,2,4,3,1,16.0,sedang,SHM,5.9,22.8,0,1,1,735.5
P005561,2023-08-03,semarang,rumah,120.0,91.0,1,2,2,2,6.0,baik,SHM,3.0,3.1,0,1,0,1170.4
P007195,2023-08-03,surabaya,rumah,54.0,30.0,1,1,1,2,14.0,baik,SHM,6.8,5.6,0,1,0,742.0
P008259,2023-08-03,bandung,rumah,77.0,45.0,1,1,1,0,17.0,baik,SHM,6.3,8.2,0,0,0,721.9
P008871,2023-08-03,depok,townhouse,112.0,106.0,2,3,2,1,15.0,sedang,SHM,4.7,11.8,0,0,0,1150.3
P001527,2023-08-04,bekasi,rumah,95.0,112.0,2,3,2,2,35.0,sedang,SHM,3.7,5.0,1,1,1,777.2
P004187,2023-08-04,jakarta_selatan,ruko,49.0,82.0,3,0,1,0,5.0,baik,SHM,13.4,7.2,0,0,0,1872.9
P004995,2023-08-04,bogor,rumah,168.0,186.0,2,6,6,2,14.0,baik,SHM,3.8,23.8,0,0,0,1086.3
P006421,2023-08-04,tangerang_selatan,rumah,110.0,87.0,1,2,2,2,12.0,baik,SHM,7.0,24.7,0,0,0,870.7
P008817,2023-08-04,surabaya,rumah,222.0,261.0,2,8,6,3,,baik,HGB,6.8,18.5,0,0,0,2295.8
P000248,2023-08-05,bekasi,rumah,94.0,46.0,1,1,1,1,19.0,sedang,HGB,3.1,13.5,1,0,1,449.3
P000428,2023-08-05,surabaya,ruko,83.0,102.0,3,1,1,1,13.0,sedang,SHM,5.2,20.0,0,0,0,767.5
P005770,2023-08-05,bandung,rumah,113.0,105.0,2,3,3,1,5.0,baik,SHM,7.5,16.4,1,0,0,1084.9
P005974,2023-08-05,yogyakarta,rumah,108.0,128.0,2,4,3,1,7.0,baik,SHM,,10.2,1,0,0,1200.6
P006033,2023-08-05,jakarta_barat,rumah,81.0,94.0,2,2,2,0,5.0,baik,HGB,8.8,4.9,0,1,0,2179.3
P006158,2023-08-05,jakarta_selatan,ruko,54.0,71.0,3,0,1,0,16.0,sedang,SHM,4.8,16.2,0,0,0,1154.4
P009419,2023-08-05,depok,rumah,62.0,101.0,3,3,2,1,13.0,baik,SHM,6.0,10.4,0,0,0,829.7
P002973,2023-08-06,jakarta_barat,rumah,83.0,121.0,2,4,3,2,10.0,perlu_renovasi,SHM,3.5,17.1,0,0,0,1067.0
P005277,2023-08-06,bogor,townhouse,65.0,127.0,3,3,2,0,11.0,baik,SHM,5.5,8.0,0,0,0,934.3
P006140,2023-08-06,bekasi,townhouse,46.0,58.0,3,2,2,0,7.0,sedang,HGB,5.1,28.5,0,0,0,405.3
P006818,2023-08-06,jakarta_barat,rumah,108.0,123.0,2,3,2,2,4.0,perlu_renovasi,SHM,5.3,5.7,1,0,0,2119.9
P008730,2023-08-06,bekasi,rumah,162.0,163.0,2,4,2,1,60.0,perlu_renovasi,SHM,3.1,20.9,0,0,1,593.2
P009088,2023-08-06,surabaya,rumah,54.0,30.0,1,1,1,1,11.0,sedang,girik_ajb,5.7,14.5,0,0,0,450.6
P002540,2023-08-07,depok,ruko,94.0,135.0,3,1,1,1,3.0,baik,SHM,6.7,17.6,1,0,0,1116.0
P004607,2023-08-07,surabaya,townhouse,80.0,57.0,2,2,2,2,5.0,baik,SHM,7.3,7.3,0,0,1,1268.0
P006510,2023-08-07,bogor,townhouse,104.0,116.0,2,4,3,1,8.0,baik,SHM,4.5,6.1,1,0,0,1011.8
P006878,2023-08-07,tangerang_selatan,rumah,105.0,49.0,1,2,2,1,12.0,sedang,HGB,6.9,4.3,0,0,0,1606.4
P000859,2023-08-08,bekasi,rumah,60.0,29.0,1,1,1,1,1.0,baik,SHM,5.6,21.2,0,0,0,432.2
P002408,2023-08-08,tangerang_selatan,rumah,174.0,95.0,1,3,2,2,6.0,baik,HGB,3.9,7.6,1,0,1,1911.5
P002613,2023-08-08,depok,rumah,125.0,114.0,2,3,2,2,20.0,baik,SHM,7.6,5.8,1,1,1,1645.8
P003119,2023-08-08,tangerang_selatan,rumah,377.0,330.0,2,10,8,4,17.0,sedang,SHM,6.4,14.8,0,0,0,3867.9
P004733,2023-08-08,tangerang_selatan,rumah,78.0,43.0,1,1,1,0,7.0,baik,SHM,12.2,6.0,1,1,0,1306.5
P005689,2023-08-08,surabaya,rumah,120.0,52.0,1,2,2,2,17.0,sedang,SHM,5.1,7.9,1,0,0,1033.2
P006038,2023-08-08,tangerang_selatan,rumah,57.0,78.0,3,2,2,1,5.0,baik,HGB,2.9,9.7,0,0,0,832.2
P007233,2023-08-08,jakarta_barat,ruko,86.0,155.0,3,3,2,1,48.0,perlu_renovasi,HGB,9.5,17.4,0,0,0,1101.1
P007954,2023-08-08,jakarta_selatan,townhouse,66.0,60.0,2,2,2,0,3.0,baik,girik_ajb,3.3,9.0,0,0,0,1278.4
P003683,2023-08-09,bekasi,rumah,145.0,127.0,1,4,3,1,6.0,baik,HGB,7.7,3.8,0,0,1,1664.8
P005133,2023-08-09,jakarta_barat,rumah,161.0,203.0,2,6,6,3,6.0,baik,girik_ajb,6.1,16.5,0,0,0,2157.6
P008255,2023-08-09,bandung,ruko,68.0,159.0,3,2,2,1,49.0,sedang,SHM,10.0,19.4,1,0,0,591.0
P008593,2023-08-09,semarang,rumah,179.0,97.0,1,2,2,1,9.0,sedang,HGB,3.7,9.7,0,0,0,1109.5
P009097,2023-08-09,bekasi,rumah,207.0,233.0,2,7,6,2,11.0,sedang,SHM,3.3,15.7,0,0,0,1852.7
P009640,2023-08-09,tangerang_selatan,rumah,127.0,79.0,1,2,2,2,23.0,perlu_renovasi,SHM,12.2,18.2,0,0,1,1002.8
P002222,2023-08-10,bekasi,rumah,129.0,230.0,2,6,6,1,7.0,sedang,SHM,6.2,16.9,0,0,1,1598.4
P005601,2023-08-10,depok,townhouse,81.0,90.0,2,2,2,0,6.0,sedang,girik_ajb,2.9,9.1,0,0,0,634.9
P000769,2023-08-11,jakarta_selatan,rumah,72.0,93.0,2,3,3,0,8.0,baik,SHM,8.0,14.8,0,1,0,1418.5
P001790,2023-08-11,jakarta_selatan,ruko,107.0,145.0,3,3,3,1,7.0,sedang,HGB,7.9,5.0,0,0,0,3297.6
P002671,2023-08-11,bogor,rumah,116.0,61.0,1,1,1,1,11.0,sedang,SHM,7.8,10.4,1,1,0,753.1
P004297,2023-08-11,bekasi,rumah,67.0,71.0,2,2,2,1,7.0,baik,HGB,5.8,6.7,0,0,0,724.0
P006530,2023-08-11,jakarta_selatan,rumah,223.0,115.0,1,4,3,2,22.0,baik,SHM,10.3,2.6,0,1,0,7267.1
P006630,2023-08-11,bandung,ruko,59.0,75.0,2,0,1,1,13.0,sedang,SHM,10.8,2.5,1,1,0,1116.1
P007224,2023-08-11,jakarta_barat,rumah,84.0,89.0,2,3,3,0,,baik,SHM,5.3,7.5,0,1,0,1520.6
P008981,2023-08-11,depok,rumah,75.0,67.0,2,2,2,0,34.0,sedang,girik_ajb,3.8,12.2,1,1,0,556.6
P000907,2023-08-12,depok,townhouse,84.0,119.0,2,3,3,1,15.0,baik,SHM,3.7,17.9,1,0,0,851.8
P002818,2023-08-12,bogor,rumah,125.0,50.0,1,1,1,2,15.0,sedang,SHM,4.5,25.8,0,0,0,381.3
P003316,2023-08-12,jakarta_selatan,rumah,70.0,74.0,2,2,1,0,10.0,sedang,HGB,6.6,6.7,0,1,1,1639.9
P005543,2023-08-12,bogor,rumah,148.0,239.0,2,6,4,2,11.0,baik,girik_ajb,2.9,9.1,0,0,0,1462.4
P006453,2023-08-12,depok,rumah,205.0,273.0,3,8,7,2,12.0,baik,SHM,4.6,7.5,0,0,0,2305.8
P007297,2023-08-12,bandung,rumah,79.0,92.0,2,2,2,1,14.0,sedang,SHM,8.3,10.6,0,0,0,832.9
P008349,2023-08-12,jakarta_selatan,rumah,73.0,38.0,1,1,1,1,13.0,baik,SHM,7.4,3.9,1,1,0,2431.5
P008639,2023-08-12,depok,rumah,85.0,60.0,1,2,2,1,11.0,baik,SHM,6.9,15.8,1,0,0,836.1
P002637,2023-08-13,bekasi,rumah,155.0,178.0,3,4,2,1,12.0,baik,HGB,5.5,3.3,0,0,0,1947.0
P004334,2023-08-13,depok,rumah,77.0,64.0,2,1,1,0,4.0,baik,SHM,4.0,3.7,0,0,0,1208.4
P004794,2023-08-13,yogyakarta,townhouse,81.0,109.0,2,3,3,1,15.0,baik,SHM,10.2,17.2,1,0,1,743.5
P004856,2023-08-13,yogyakarta,townhouse,54.0,65.0,3,2,2,1,7.0,baik,SHM,4.0,13.0,0,0,1,475.7
P005329,2023-08-13,bekasi,rumah,122.0,172.0,2,4,3,1,6.0,baik,SHM,11.0,18.6,0,0,0,1495.3
P006383,2023-08-13,bandung,rumah,67.0,93.0,2,2,1,1,1.0,baik,SHM,11.5,19.2,0,0,0,638.6
P008656,2023-08-13,jakarta_barat,rumah,84.0,107.0,2,3,3,2,46.0,sedang,HGB,3.8,13.4,1,1,0,1027.0
P009382,2023-08-13,bekasi,ruko,82.0,135.0,2,1,1,0,26.0,baik,SHM,6.5,26.0,0,0,0,646.8
P000733,2023-08-14,jakarta_selatan,townhouse,67.0,73.0,2,2,2,1,15.0,baik,SHM,7.1,13.4,0,0,0,1401.1
P000835,2023-08-14,bandung,rumah,112.0,121.0,2,3,3,2,25.0,baik,SHM,5.8,8.6,0,0,0,1372.2
P002062,2023-08-14,tangerang_selatan,rumah,161.0,65.0,1,2,1,3,17.0,sedang,SHM,3.1,19.2,0,0,0,1065.1
P003592,2023-08-14,tangerang_selatan,rumah,232.0,329.0,3,8,5,2,20.0,baik,SHM,2.9,17.5,0,0,0,2324.6
P004147,2023-08-14,jakarta_selatan,rumah,110.0,110.0,2,3,3,2,13.0,baik,SHM,3.1,7.9,0,0,1,2210.4
P004766,2023-08-14,tangerang_selatan,rumah,149.0,82.0,1,2,2,1,4.0,baik,SHM,14.1,20.7,1,0,0,1240.5
P004979,2023-08-14,surabaya,rumah,113.0,98.0,2,2,2,1,14.0,sedang,girik_ajb,2.9,22.5,1,0,0,576.4
P006084,2023-08-14,jakarta_selatan,rumah,65.0,43.0,1,1,1,1,4.0,baik,SHM,4.8,15.8,0,0,0,1277.0
P007990,2023-08-14,surabaya,townhouse,58.0,59.0,2,2,1,1,8.0,sedang,SHM,4.4,21.9,0,0,0,484.2
P008436,2023-08-14,surabaya,rumah,148.0,160.0,2,4,3,2,2.0,baik,SHM,7.1,16.1,0,0,1,1895.4
P002417,2023-08-15,tangerang_selatan,ruko,66.0,105.0,2,0,1,1,5.0,baik,HGB,8.9,23.1,0,0,0,837.8
P002803,2023-08-15,jakarta_selatan,rumah,97.0,46.0,1,1,1,1,9.0,sedang,girik_ajb,5.6,3.6,0,1,0,1859.9
P003276,2023-08-15,surabaya,rumah,102.0,88.0,2,2,2,1,7.0,baik,HGB,3.5,23.8,0,0,1,753.7
P003371,2023-08-15,semarang,rumah,92.0,103.0,2,3,2,3,12.0,baik,HGB,5.7,2.5,1,0,0,893.8
P003617,2023-08-15,bekasi,rumah,61.0,31.0,1,1,1,1,6.0,baik,HGB,6.6,5.2,0,1,0,651.1
P003701,2023-08-15,semarang,rumah,67.0,49.0,1,2,1,0,8.0,baik,SHM,10.0,17.7,0,0,0,381.9
P004281,2023-08-15,jakarta_selatan,rumah,142.0,197.0,2,6,6,1,6.0,sedang,SHM,10.3,9.2,0,0,1,2852.1
P005875,2023-08-15,jakarta_barat,rumah,65.0,105.0,2,3,2,2,17.0,baik,SHM,6.9,19.4,0,0,0,879.1
P006269,2023-08-15,jakarta_selatan,townhouse,84.0,100.0,2,2,1,1,15.0,perlu_renovasi,HGB,7.8,15.1,1,0,0,1687.7
P008957,2023-08-15,bandung,ruko,133.0,260.0,3,5,4,1,12.0,sedang,HGB,11.3,10.5,1,0,0,1803.1
P000766,2023-08-16,jakarta_selatan,ruko,84.0,196.0,4,4,4,1,18.0,sedang,HGB,8.3,6.7,0,0,0,2777.1
P002239,2023-08-16,bekasi,rumah,251.0,229.0,2,6,4,3,13.0,sedang,SHM,8.8,29.2,0,0,0,1139.1
P005423,2023-08-16,surabaya,rumah,60.0,30.0,1,1,1,0,24.0,baik,HGB,3.6,14.5,0,0,0,428.3
P009214,2023-08-16,jakarta_selatan,rumah,149.0,99.0,1,3,3,2,20.0,perlu_renovasi,SHM,3.0,10.0,0,0,0,2813.4
P000623,2023-08-17,yogyakarta,rumah,91.0,79.0,1,2,1,1,18.0,baik,SHM,4.4,18.3,0,0,0,518.1
P000802,2023-08-17,tangerang_selatan,ruko,62.0,97.0,2,0,1,1,16.0,sedang,HGB,10.7,8.5,0,0,0,1077.9
P002122,2023-08-17,jakarta_selatan,ruko,78.0,176.0,3,2,2,1,53.0,perlu_renovasi,SHM,10.2,13.5,0,0,0,1905.8
P002438,2023-08-17,bandung,rumah,126.0,179.0,2,4,3,1,4.0,baik,SHM,4.5,2.4,0,1,0,1971.4
P004354,2023-08-17,jakarta_selatan,rumah,75.0,58.0,2,2,1,0,6.0,baik,girik_ajb,10.8,3.5,1,1,0,2058.6
P004600,2023-08-17,bekasi,rumah,96.0,66.0,1,2,1,1,40.0,baik,SHM,7.2,23.0,1,0,0,488.0
P008623,2023-08-17,jakarta_barat,rumah,99.0,165.0,2,5,5,0,18.0,baik,SHM,3.0,3.3,0,0,0,1786.5
P008722,2023-08-17,depok,rumah,157.0,77.0,1,2,1,1,16.0,perlu_renovasi,SHM,5.4,20.5,1,0,0,747.6
P008739,2023-08-17,surabaya,ruko,62.0,99.0,2,1,1,1,23.0,baik,SHM,14.3,9.4,1,0,0,1033.1
P009441,2023-08-17,depok,rumah,84.0,109.0,2,4,2,2,25.0,perlu_renovasi,HGB,4.6,3.6,1,1,1,804.7
P000347,2023-08-18,yogyakarta,rumah,154.0,216.0,2,5,4,3,11.0,baik,girik_ajb,4.4,11.8,1,0,0,1423.5
P001039,2023-08-18,bekasi,rumah,181.0,312.0,2,9,7,2,7.0,sedang,SHM,,17.9,0,0,0,1709.5
P001110,2023-08-18,jakarta_barat,rumah,190.0,124.0,1,4,4,3,,sedang,SHM,9.8,9.2,0,0,0,2625.8
P002602,2023-08-18,bandung,rumah,141.0,125.0,2,4,3,2,7.0,baik,girik_ajb,5.6,20.2,0,0,0,924.0
P002961,2023-08-18,surabaya,rumah,100.0,203.0,3,5,3,0,5.0,baik,HGB,3.7,5.4,1,0,0,1801.6
P003561,2023-08-18,bandung,rumah,103.0,90.0,1,2,1,1,10.0,sedang,SHM,6.2,2.4,0,0,0,1580.3
P005767,2023-08-18,bekasi,townhouse,85.0,101.0,2,3,2,1,7.0,baik,girik_ajb,4.2,3.2,0,0,0,945.9
P006509,2023-08-18,bogor,rumah,73.0,43.0,1,1,1,1,21.0,baik,HGB,,17.8,0,1,0,405.7
P009323,2023-08-18,jakarta_barat,rumah,201.0,192.0,2,6,6,2,8.0,baik,SHM,7.4,12.9,0,0,0,2865.3
P000493,2023-08-19,bandung,rumah,122.0,148.0,2,4,4,2,15.0,sedang,SHM,,21.0,0,0,0,965.7
P000514,2023-08-19,tangerang_selatan,rumah,112.0,157.0,2,4,2,2,5.0,baik,SHM,3.1,12.0,0,0,0,1671.8
P001446,2023-08-19,depok,ruko,58.0,82.0,2,0,1,0,10.0,baik,HGB,9.8,3.6,0,1,0,1011.9
P003049,2023-08-19,semarang,townhouse,73.0,66.0,2,2,1,1,15.0,sedang,SHM,4.6,19.6,0,0,0,383.7
P003594,2023-08-19,jakarta_selatan,rumah,61.0,26.0,1,1,1,0,11.0,sedang,girik_ajb,3.6,4.0,1,0,0,1138.6
P005589,2023-08-19,depok,rumah,78.0,66.0,1,2,2,2,36.0,perlu_renovasi,HGB,5.4,6.0,1,0,1,521.8
P007281,2023-08-19,bandung,rumah,274.0,212.0,2,7,5,4,8.0,baik,HGB,3.6,3.1,0,0,0,2984.4
P008880,2023-08-19,depok,rumah,65.0,53.0,2,1,1,1,3.0,baik,SHM,4.1,14.0,1,0,0,606.9
P009629,2023-08-19,yogyakarta,rumah,128.0,164.0,2,5,5,2,11.0,sedang,HGB,3.9,8.0,0,1,0,1455.5
P009927,2023-08-19,bandung,rumah,160.0,181.0,2,6,6,3,2.0,baik,SHM,3.4,14.4,0,0,1,1800.0
P003341,2023-08-20,tangerang_selatan,rumah,90.0,77.0,1,2,1,1,2.0,baik,SHM,8.4,5.5,0,0,0,1678.6
P004677,2023-08-20,jakarta_selatan,rumah,113.0,86.0,2,2,2,0,4.0,baik,SHM,4.9,11.2,0,0,0,2417.3
P005301,2023-08-20,depok,rumah,76.0,98.0,2,2,2,0,10.0,baik,SHM,5.7,5.7,1,1,0,1026.7
P006051,2023-08-20,bekasi,rumah,77.0,38.0,1,1,1,1,10.0,baik,SHM,3.4,22.4,0,0,0,362.3
P006292,2023-08-20,semarang,rumah,219.0,365.0,2,10,8,3,19.0,baik,SHM,5.6,7.1,0,0,0,1989.6
P006929,2023-08-20,tangerang_selatan,ruko,84.0,141.0,2,1,1,0,8.0,sedang,SHM,8.9,6.2,1,0,0,1892.0
P008594,2023-08-20,bekasi,townhouse,92.0,119.0,2,4,3,2,3.0,baik,SHM,2.5,9.3,1,0,0,1319.9
P008982,2023-08-20,depok,townhouse,71.0,64.0,2,2,2,1,15.0,sedang,HGB,4.6,15.7,0,0,0,489.2
P000102,2023-08-21,bandung,ruko,60.0,156.0,3,2,1,0,15.0,baik,SHM,13.5,17.4,1,0,0,946.1
P001675,2023-08-21,surabaya,rumah,112.0,131.0,2,3,2,2,9.0,baik,SHM,4.0,2.1,0,1,0,2007.3
P002643,2023-08-21,bogor,rumah,62.0,35.0,1,1,1,1,28.0,baik,SHM,3.8,11.7,1,0,0,300.1
P003172,2023-08-21,bandung,rumah,198.0,125.0,1,4,3,1,7.0,baik,SHM,3.3,5.3,0,0,0,2061.4
P004097,2023-08-21,bogor,ruko,97.0,135.0,2,1,1,2,15.0,baik,SHM,7.4,24.4,0,0,0,690.3
P006183,2023-08-21,surabaya,rumah,191.0,142.0,1,3,3,2,9.0,baik,girik_ajb,4.8,12.8,0,0,0,1576.0
P006305,2023-08-21,bandung,rumah,132.0,117.0,2,3,3,2,21.0,baik,HGB,5.0,19.5,0,1,0,858.1
P008290,2023-08-21,tangerang_selatan,ruko,60.0,124.0,3,2,2,1,30.0,perlu_renovasi,SHM,7.0,22.0,0,0,0,562.1
P009962,2023-08-21,bekasi,rumah,95.0,114.0,2,3,3,1,8.0,baik,SHM,3.4,7.8,0,1,1,1057.0
P000144,2023-08-22,bogor,townhouse,98.0,110.0,2,4,3,2,10.0,sedang,SHM,3.1,6.7,0,0,1,980.9
P000542,2023-08-22,depok,rumah,72.0,77.0,2,2,1,0,15.0,sedang,SHM,3.2,13.4,1,0,1,574.6
P000895,2023-08-22,bandung,rumah,227.0,163.0,2,4,4,2,14.0,sedang,HGB,7.2,15.7,0,0,0,1550.4
P002295,2023-08-22,tangerang_selatan,rumah,80.0,103.0,2,3,3,0,5.0,baik,SHM,3.4,17.4,0,0,1,887.0
P004517,2023-08-22,bekasi,ruko,55.0,65.0,2,0,1,1,15.0,sedang,SHM,10.1,19.5,0,0,0,450.3
P005979,2023-08-22,jakarta_barat,ruko,51.0,91.0,3,0,1,2,20.0,perlu_renovasi,SHM,,4.3,0,0,0,1402.0
P006715,2023-08-22,bogor,rumah,104.0,64.0,1,2,1,1,25.0,sedang,SHM,3.5,6.0,0,1,0,788.8
P006839,2023-08-22,yogyakarta,rumah,330.0,676.0,3,10,8,4,3.0,baik,SHM,2.7,8.2,1,0,0,5060.0
P006999,2023-08-22,surabaya,rumah,121.0,42.0,1,1,1,1,3.0,baik,SHM,5.7,6.6,0,0,0,1161.9
P008505,2023-08-22,bandung,rumah,184.0,161.0,1,5,4,3,9.0,sedang,SHM,3.1,15.3,0,0,0,1642.8
P008755,2023-08-22,jakarta_barat,townhouse,109.0,141.0,2,3,3,1,3.0,baik,girik_ajb,4.1,4.7,0,0,0,2145.0
P000515,2023-08-23,tangerang_selatan,ruko,76.0,208.0,3,3,3,2,4.0,baik,SHM,12.8,23.2,0,0,0,1485.0
P001880,2023-08-23,depok,townhouse,60.0,58.0,2,2,2,0,15.0,sedang,SHM,4.6,16.6,1,0,0,495.4
P003167,2023-08-23,jakarta_selatan,rumah,87.0,126.0,2,3,3,0,7.0,baik,girik_ajb,9.4,4.9,0,0,0,1925.6
P003378,2023-08-23,semarang,rumah,247.0,235.0,2,6,5,3,10.0,baik,SHM,2.2,15.4,1,0,0,1536.1
P003832,2023-08-23,bogor,rumah,153.0,199.0,3,6,5,1,51.0,sedang,HGB,4.8,4.1,0,1,0,1154.2
P005098,2023-08-23,bogor,rumah,291.0,390.0,3,10,8,5,26.0,sedang,HGB,6.7,19.4,0,1,0,1485.1
P006011,2023-08-23,surabaya,townhouse,48.0,69.0,3,2,2,1,2.0,baik,SHM,6.1,10.1,0,0,0,748.9
P008576,2023-08-23,depok,rumah,340.0,221.0,1,7,5,4,1.0,baik,SHM,2.0,14.2,0,0,0,2454.6
P009069,2023-08-23,bandung,ruko,83.0,99.0,2,1,1,2,40.0,perlu_renovasi,SHM,4.8,19.8,0,1,0,543.7
P000633,2023-08-24,jakarta_selatan,rumah,214.0,240.0,2,6,7,2,5.0,baik,SHM,7.3,17.8,0,0,0,4759.7
P003178,2023-08-24,bekasi,rumah,80.0,66.0,1,2,1,1,,baik,SHM,7.0,12.5,0,0,0,786.5
P004740,2023-08-24,bogor,rumah,455.0,439.0,2,10,7,5,5.0,baik,HGB,5.1,24.2,0,0,0,2653.1
P006234,2023-08-24,tangerang_selatan,ruko,71.0,105.0,3,0,1,0,,baik,SHM,9.3,12.4,0,1,0,1344.4
P006414,2023-08-24,yogyakarta,ruko,104.0,298.0,4,5,4,1,15.0,sedang,SHM,7.4,19.1,0,0,0,1404.0
P000526,2023-08-25,bekasi,townhouse,68.0,108.0,2,4,3,1,15.0,sedang,HGB,5.5,14.7,0,0,0,713.4
P000808,2023-08-25,jakarta_barat,ruko,46.0,46.0,2,0,1,0,11.0,baik,SHM,4.9,8.0,0,1,0,863.5
P001831,2023-08-25,bekasi,rumah,140.0,91.0,1,2,2,1,,sedang,HGB,8.5,6.4,0,0,0,1402.4
P001873,2023-08-25,yogyakarta,rumah,72.0,60.0,2,2,2,1,13.0,sedang,SHM,5.1,14.4,1,0,0,514.4
P006886,2023-08-25,yogyakarta,ruko,63.0,96.0,2,0,1,1,3.0,baik,SHM,13.0,6.7,1,1,0,997.6
P007950,2023-08-25,semarang,rumah,102.0,81.0,2,3,2,1,28.0,perlu_renovasi,SHM,,17.8,0,0,0,402.5
P009575,2023-08-25,jakarta_selatan,townhouse,90.0,85.0,2,3,3,2,15.0,sedang,SHM,4.7,15.9,0,0,0,1381.1
P009733,2023-08-25,yogyakarta,rumah,124.0,202.0,2,6,5,1,7.0,baik,SHM,7.1,7.7,1,0,0,1665.6
P000067,2023-08-26,depok,rumah,177.0,241.0,2,6,4,1,11.0,baik,SHM,3.5,11.7,0,0,0,1982.7
P000470,2023-08-26,depok,rumah,113.0,60.0,1,1,1,1,5.0,baik,SHM,7.8,8.6,1,0,0,1394.3
P001604,2023-08-26,surabaya,rumah,58.0,23.0,1,1,1,1,12.0,sedang,HGB,,24.9,0,0,0,272.4
P003357,2023-08-26,depok,rumah,59.0,29.0,1,1,1,0,10.0,baik,SHM,3.3,7.7,0,1,0,551.9
P003436,2023-08-26,depok,rumah,66.0,46.0,2,1,1,0,17.0,perlu_renovasi,HGB,5.1,14.0,1,0,0,483.7
P005758,2023-08-26,depok,ruko,90.0,197.0,4,3,3,0,18.0,perlu_renovasi,SHM,5.1,4.4,0,1,1,1371.3
P006627,2023-08-26,bogor,rumah,51.0,41.0,1,1,1,0,4.0,sedang,SHM,,10.1,0,0,0,344.2
P007810,2023-08-26,jakarta_selatan,rumah,202.0,135.0,1,4,4,2,30.0,sedang,SHM,3.1,14.5,0,1,0,3721.5
P008231,2023-08-26,tangerang_selatan,rumah,164.0,164.0,2,5,4,2,2.0,baik,SHM,,4.7,1,0,0,2470.5
P008574,2023-08-26,bekasi,ruko,60.0,69.0,2,0,1,1,11.0,baik,SHM,10.6,21.3,0,0,0,604.8
P003302,2023-08-27,tangerang_selatan,ruko,146.0,282.0,4,5,5,3,5.0,baik,HGB,11.2,22.7,0,0,1,1919.8
P003963,2023-08-27,bandung,rumah,87.0,73.0,1,2,2,1,7.0,baik,SHM,3.2,19.5,0,0,0,839.8
P004448,2023-08-27,depok,ruko,64.0,168.0,3,2,1,1,14.0,sedang,SHM,10.0,18.1,1,0,0,850.7
P005444,2023-08-27,bandung,rumah,254.0,454.0,2,10,8,3,21.0,baik,SHM,4.3,7.3,1,0,1,2556.8
P005940,2023-08-27,surabaya,rumah,179.0,122.0,1,3,3,3,8.0,baik,SHM,,5.5,1,0,1,1618.7
P007155,2023-08-27,surabaya,rumah,86.0,33.0,1,1,1,1,11.0,sedang,SHM,3.6,24.9,0,0,1,312.5
P007839,2023-08-27,bandung,rumah,92.0,49.0,1,1,1,3,25.0,sedang,girik_ajb,6.8,11.9,0,0,1,588.9
P001787,2023-08-28,tangerang_selatan,rumah,148.0,179.0,2,5,3,1,11.0,baik,SHM,2.5,16.9,1,0,0,1732.4
P002291,2023-08-28,yogyakarta,rumah,143.0,65.0,1,2,2,1,10.0,baik,SHM,3.7,14.5,0,0,0,898.2
P008449,2023-08-28,jakarta_selatan,rumah,127.0,49.0,1,1,1,1,5.0,baik,SHM,7.6,8.9,0,1,0,3325.2
P009057,2023-08-28,bogor,ruko,86.0,154.0,3,2,2,1,25.0,sedang,SHM,10.8,18.6,1,0,0,756.1
P003221,2023-08-29,tangerang_selatan,rumah,74.0,128.0,2,4,4,0,14.0,sedang,HGB,3.9,15.2,1,0,0,947.0
P004434,2023-08-29,bekasi,rumah,123.0,116.0,2,3,3,2,21.0,perlu_renovasi,girik_ajb,6.3,26.7,1,0,0,426.9
P004550,2023-08-29,tangerang_selatan,ruko,71.0,90.0,3,0,1,1,16.0,sedang,SHM,8.5,3.5,0,1,0,1657.9
P004871,2023-08-29,bekasi,rumah,89.0,89.0,2,3,3,1,8.0,baik,SHM,7.9,17.9,0,0,0,871.2
P009154,2023-08-29,yogyakarta,rumah,108.0,151.0,2,5,5,1,16.0,perlu_renovasi,girik_ajb,5.7,13.5,0,0,0,739.6
P009920,2023-08-29,semarang,rumah,104.0,77.0,1,2,2,2,12.0,baik,SHM,8.6,18.9,1,0,0,609.8
P000184,2023-08-30,tangerang_selatan,ruko,161.0,247.0,3,5,4,3,13.0,baik,SHM,10.9,4.1,0,1,1,3576.5
P000621,2023-08-30,surabaya,rumah,167.0,91.0,1,2,2,2,,sedang,SHM,3.3,13.2,1,0,0,1316.8
P000971,2023-08-30,tangerang_selatan,ruko,83.0,230.0,4,4,3,1,6.0,sedang,HGB,7.8,15.1,0,0,0,1672.5
P001791,2023-08-30,surabaya,rumah,120.0,89.0,1,2,2,0,10.0,baik,SHM,5.2,18.5,0,0,0,974.6
P002180,2023-08-30,yogyakarta,rumah,115.0,92.0,2,2,1,2,2.0,sedang,HGB,4.0,8.9,0,0,1,863.9
P003684,2023-08-30,depok,rumah,42.0,48.0,2,1,1,1,12.0,baik,SHM,4.7,18.9,0,0,0,359.3
P006400,2023-08-30,surabaya,rumah,172.0,98.0,1,3,3,2,24.0,perlu_renovasi,SHM,4.4,15.1,1,0,1,961.9
P006865,2023-08-30,depok,rumah,147.0,109.0,1,3,3,2,7.0,baik,SHM,2.0,22.2,0,0,0,887.4
P007146,2023-08-30,bandung,rumah,144.0,91.0,1,3,3,1,8.0,sedang,HGB,3.3,20.7,1,0,0,884.0
P008947,2023-08-30,jakarta_selatan,rumah,97.0,160.0,2,4,4,2,29.0,baik,SHM,3.5,12.9,0,0,0,1977.3
P009630,2023-08-30,bandung,townhouse,62.0,110.0,2,3,2,0,3.0,baik,SHM,3.5,17.6,0,0,0,939.0
P000278,2023-09-02,depok,rumah,93.0,45.0,1,1,1,0,13.0,baik,HGB,4.0,13.3,0,0,0,712.4
P001869,2023-09-02,depok,rumah,211.0,177.0,2,5,5,3,,baik,HGB,6.7,6.8,0,0,1,1782.2
P005893,2023-09-02,depok,ruko,73.0,118.0,4,1,1,2,34.0,sedang,SHM,12.3,10.5,0,0,0,831.1
P008064,2023-09-02,bandung,rumah,157.0,72.0,1,2,2,2,19.0,sedang,SHM,7.0,9.9,0,0,0,1420.5
P009140,2023-09-02,jakarta_barat,rumah,138.0,127.0,2,4,4,1,10.0,sedang,SHM,1.9,14.9,0,0,0,1337.7
P001378,2023-09-03,semarang,rumah,153.0,183.0,2,5,5,2,12.0,baik,HGB,6.2,7.4,0,1,0,1429.5
P003292,2023-09-03,bandung,rumah,135.0,100.0,1,3,2,2,20.0,sedang,SHM,4.0,12.5,0,0,0,944.6
P004306,2023-09-03,jakarta_barat,rumah,54.0,31.0,1,1,1,0,13.0,sedang,SHM,3.5,11.0,0,0,0,653.9
P004447,2023-09-03,bekasi,townhouse,106.0,115.0,2,3,3,1,9.0,sedang,SHM,8.7,22.0,0,0,0,867.3
P004647,2023-09-03,semarang,rumah,159.0,228.0,2,8,8,2,,baik,SHM,5.9,7.1,1,0,0,1566.4
P005104,2023-09-03,bogor,rumah,94.0,66.0,1,1,1,1,3.0,sedang,SHM,6.5,3.7,0,1,1,840.6
P005499,2023-09-03,jakarta_selatan,rumah,152.0,170.0,2,4,4,2,7.0,baik,SHM,6.9,7.6,0,0,0,3988.8
P006611,2023-09-03,bandung,rumah,84.0,80.0,2,3,3,2,9.0,baik,SHM,6.5,9.4,1,0,1,947.4
P006658,2023-09-03,yogyakarta,ruko,78.0,78.0,2,0,1,2,46.0,sedang,HGB,7.2,5.7,0,1,0,943.3
P006936,2023-09-03,bandung,rumah,299.0,496.0,2,10,7,4,21.0,perlu_renovasi,SHM,3.0,13.9,0,1,0,2609.7
P008024,2023-09-03,bekasi,rumah,157.0,202.0,2,6,4,2,11.0,baik,SHM,3.9,21.3,0,0,0,1264.0
P000624,2023-09-04,bekasi,rumah,128.0,66.0,1,2,2,2,13.0,perlu_renovasi,SHM,4.6,18.6,0,0,0,563.2
P001708,2023-09-04,bekasi,ruko,99.0,320.0,4,6,4,1,46.0,sedang,SHM,7.8,5.2,1,1,0,1710.9
P002031,2023-09-04,jakarta_selatan,townhouse,131.0,191.0,2,5,4,0,12.0,baik,SHM,4.5,5.1,0,0,0,3627.1
P002753,2023-09-04,surabaya,rumah,58.0,31.0,1,1,1,0,15.0,sedang,girik_ajb,4.0,15.2,1,0,0,375.9
P004283,2023-09-04,bogor,townhouse,95.0,149.0,2,4,4,2,15.0,sedang,HGB,6.3,23.1,0,0,1,706.4
P006330,2023-09-04,tangerang_selatan,rumah,204.0,149.0,1,4,4,1,12.0,baik,SHM,4.9,5.1,0,1,1,2844.1
P006862,2023-09-04,semarang,ruko,67.0,128.0,4,1,1,0,14.0,sedang,SHM,9.8,18.0,0,0,0,703.2
P009354,2023-09-04,bandung,ruko,45.0,88.0,3,0,1,1,10.0,baik,HGB,2.2,6.0,1,0,0,689.4
P001819,2023-09-05,depok,rumah,84.0,73.0,2,2,2,1,9.0,baik,SHM,3.2,4.0,0,1,0,1052.9
P003674,2023-09-05,tangerang_selatan,ruko,68.0,82.0,3,0,1,1,10.0,baik,SHM,6.1,7.3,0,0,0,1524.9
P003813,2023-09-05,depok,rumah,176.0,86.0,1,2,2,1,28.0,sedang,SHM,6.5,18.2,0,0,0,833.1
P004303,2023-09-05,yogyakarta,rumah,77.0,50.0,1,1,1,0,7.0,baik,SHM,8.1,13.3,0,0,0,558.5
P004452,2023-09-05,yogyakarta,townhouse,76.0,70.0,2,2,2,2,15.0,sedang,SHM,4.8,18.4,0,1,0,688.0
P006034,2023-09-05,jakarta_selatan,rumah,90.0,79.0,2,2,2,1,25.0,baik,HGB,18.0,6.8,0,0,1,1854.4
P006533,2023-09-05,bandung,rumah,532.0,755.0,3,10,8,6,9.0,baik,HGB,3.2,18.2,1,0,0,5674.2
P007200,2023-09-05,bandung,rumah,133.0,109.0,2,3,3,1,4.0,baik,HGB,4.0,20.1,0,0,0,1049.1
P007961,2023-09-05,jakarta_barat,rumah,64.0,45.0,1,1,1,1,23.0,sedang,HGB,5.6,11.6,1,0,1,608.3
P008437,2023-09-05,bekasi,ruko,74.0,104.0,3,1,1,1,11.0,baik,SHM,7.6,8.3,1,0,0,1302.7
P000479,2023-09-06,bogor,rumah,121.0,166.0,2,4,3,1,13.0,sedang,HGB,9.4,8.3,1,0,0,1184.8
P001646,2023-09-06,bekasi,rumah,196.0,85.0,1,2,2,2,15.0,baik,SHM,3.7,7.9,0,0,0,1477.3
P004817,2023-09-06,tangerang_selatan,rumah,61.0,60.0,2,2,1,0,8.0,baik,HGB,5.7,19.7,0,0,0,590.6
P005004,2023-09-06,jakarta_barat,rumah,127.0,59.0,1,2,2,1,13.0,baik,SHM,6.9,16.7,0,0,0,1414.6
P005391,2023-09-06,depok,townhouse,123.0,151.0,2,4,3,1,1.0,baik,SHM,5.1,13.3,0,0,0,1458.1
P007786,2023-09-06,yogyakarta,townhouse,121.0,226.0,3,7,5,1,15.0,perlu_renovasi,SHM,5.8,6.0,0,0,0,1557.9
P008077,2023-09-06,jakarta_selatan,rumah,55.0,21.0,1,1,1,1,9.0,sedang,SHM,3.2,9.0,1,0,0,1242.6
P000824,2023-09-07,bandung,rumah,136.0,143.0,2,3,3,2,27.0,sedang,SHM,4.7,10.6,0,0,0,1210.4
P001063,2023-09-07,tangerang_selatan,rumah,143.0,157.0,2,5,4,3,19.0,sedang,SHM,4.7,8.1,0,1,0,1870.9
P003207,2023-09-07,jakarta_selatan,rumah,166.0,139.0,2,4,4,2,4.0,sedang,HGB,4.5,8.3,0,0,0,3985.8
P003852,2023-09-07,tangerang_selatan,rumah,168.0,76.0,1,2,2,2,32.0,sedang,SHM,8.4,13.7,0,0,0,1444.5
P004554,2023-09-07,bandung,rumah,130.0,123.0,2,3,2,1,11.0,baik,SHM,4.7,18.3,1,0,0,966.7
P004744,2023-09-07,tangerang_selatan,rumah,214.0,134.0,1,3,3,1,9.0,sedang,SHM,3.8,15.0,0,1,1,1899.0
P005130,2023-09-07,yogyakarta,townhouse,61.0,79.0,2,2,2,0,13.0,baik,girik_ajb,10.8,9.6,0,1,0,665.2
P005261,2023-09-07,bandung,rumah,92.0,99.0,2,2,2,0,7.0,baik,SHM,4.9,8.1,1,0,0,1117.7
P005654,2023-09-07,bekasi,rumah,102.0,124.0,2,3,2,1,,sedang,SHM,3.5,11.6,0,0,0,1058.9
P006185,2023-09-07,jakarta_barat,rumah,119.0,154.0,2,4,3,1,9.0,baik,SHM,5.9,3.5,1,1,0,2949.6
P007088,2023-09-07,tangerang_selatan,rumah,273.0,156.0,1,5,4,3,32.0,baik,SHM,6.8,9.3,1,0,0,3681.2
P009565,2023-09-07,bandung,rumah,79.0,45.0,1,1,1,2,7.0,baik,SHM,4.8,4.1,1,1,0,1014.3
P009731,2023-09-07,tangerang_selatan,rumah,86.0,147.0,3,3,2,1,18.0,baik,HGB,6.2,16.6,1,0,0,1163.9
P009911,2023-09-07,jakarta_selatan,rumah,92.0,102.0,2,2,2,2,16.0,sedang,SHM,4.9,2.8,1,1,0,2699.9
P001535,2023-09-08,jakarta_selatan,rumah,191.0,97.0,1,2,1,2,14.0,sedang,HGB,7.0,3.7,0,1,0,4841.5
P004814,2023-09-08,yogyakarta,rumah,51.0,66.0,2,2,2,1,4.0,baik,SHM,4.9,2.2,1,0,0,689.3
P007050,2023-09-08,tangerang_selatan,rumah,107.0,138.0,2,4,3,0,32.0,perlu_renovasi,HGB,6.3,3.4,0,0,0,1735.3
P009312,2023-09-08,depok,rumah,92.0,100.0,3,3,3,1,8.0,sedang,HGB,4.1,21.1,0,0,0,808.8
P001285,2023-09-09,semarang,townhouse,80.0,128.0,2,4,4,0,15.0,sedang,HGB,7.6,17.5,0,0,0,740.8
P001541,2023-09-09,surabaya,townhouse,75.0,133.0,3,4,4,1,15.0,sedang,SHM,3.8,21.4,0,0,0,986.5
P002046,2023-09-09,jakarta_selatan,rumah,116.0,54.0,1,2,1,1,10.0,baik,SHM,8.3,13.2,0,0,0,2046.5
P002929,2023-09-09,bekasi,rumah,193.0,203.0,2,5,5,3,8.0,baik,SHM,6.2,5.1,0,0,0,2668.1
P005430,2023-09-09,bogor,rumah,110.0,82.0,1,2,2,1,,perlu_renovasi,SHM,5.8,24.3,0,0,0,347.7
P008900,2023-09-09,jakarta_barat,rumah,115.0,89.0,2,2,2,1,6.0,baik,SHM,4.1,12.9,0,0,0,1518.8
P009161,2023-09-09,tangerang_selatan,rumah,203.0,245.0,2,7,6,2,4.0,sedang,girik_ajb,3.5,14.7,1,0,0,1829.1
P002451,2023-09-10,bandung,rumah,224.0,100.0,1,3,2,2,8.0,baik,SHM,4.5,7.6,1,0,0,2167.4
P003179,2023-09-10,jakarta_selatan,ruko,105.0,189.0,3,4,4,2,8.0,sedang,SHM,12.1,5.8,0,0,0,4071.7
P004542,2023-09-10,jakarta_selatan,rumah,118.0,87.0,2,3,3,2,12.0,baik,SHM,6.9,17.6,0,0,0,2352.9
P005008,2023-09-10,bandung,ruko,41.0,42.0,3,0,1,1,17.0,sedang,SHM,9.2,21.1,0,0,0,358.2
P006720,2023-09-10,bekasi,townhouse,79.0,87.0,2,2,2,0,14.0,perlu_renovasi,HGB,6.0,13.1,1,0,0,688.9
P009592,2023-09-10,jakarta_selatan,rumah,71.0,117.0,2,3,2,1,12.0,baik,SHM,3.2,18.0,0,0,0,1210.3
P000104,2023-09-11,yogyakarta,ruko,77.0,123.0,3,2,1,1,14.0,baik,SHM,10.9,16.5,0,0,1,733.3
P001482,2023-09-11,jakarta_selatan,townhouse,64.0,74.0,2,2,2,1,15.0,sedang,HGB,7.7,12.0,0,0,0,1308.7
P002735,2023-09-11,tangerang_selatan,ruko,116.0,120.0,3,1,1,2,5.0,sedang,SHM,8.1,20.2,0,0,0,1338.4
P003671,2023-09-11,bekasi,rumah,134.0,119.0,1,4,4,2,9.0,baik,SHM,,26.7,0,0,1,908.5
P006802,2023-09-11,bandung,rumah,109.0,142.0,2,3,2,3,12.0,sedang,HGB,5.9,10.8,1,0,0,932.9
P006831,2023-09-11,depok,rumah,127.0,159.0,2,5,4,2,6.0,baik,girik_ajb,3.2,9.0,0,0,0,1125.9
P006833,2023-09-11,tangerang_selatan,rumah,184.0,130.0,1,4,4,3,8.0,baik,girik_ajb,8.0,5.9,1,0,0,2477.5
P009829,2023-09-11,bekasi,townhouse,108.0,119.0,2,3,2,1,4.0,baik,HGB,7.6,13.1,0,1,0,1384.2
P002265,2023-09-12,depok,rumah,79.0,38.0,1,1,1,1,,sedang,SHM,,18.9,1,0,0,442.0
P003079,2023-09-12,bogor,rumah,121.0,119.0,2,3,2,2,1.0,baik,SHM,7.4,22.5,0,0,0,922.1
P004223,2023-09-12,tangerang_selatan,townhouse,105.0,114.0,2,3,3,1,13.0,sedang,girik_ajb,3.7,21.7,0,0,0,841.3
P005862,2023-09-12,jakarta_selatan,rumah,81.0,69.0,2,2,2,0,27.0,sedang,SHM,3.1,16.1,1,0,1,1155.4
P008733,2023-09-12,bekasi,rumah,74.0,31.0,1,1,1,1,13.0,sedang,SHM,4.8,27.1,1,0,0,370.5
P001370,2023-09-13,tangerang_selatan,ruko,49.0,86.0,3,0,1,1,21.0,sedang,SHM,11.1,20.9,0,0,0,612.7
P002706,2023-09-13,bekasi,ruko,106.0,176.0,3,2,2,1,5.0,baik,SHM,9.2,25.4,1,0,1,1034.4
P003796,2023-09-13,bandung,rumah,95.0,111.0,2,3,3,0,19.0,sedang,HGB,6.4,14.7,0,0,0,942.0
P004544,2023-09-13,depok,rumah,186.0,91.0,1,3,2,1,3.0,baik,SHM,4.2,22.4,0,0,1,1008.7
P004691,2023-09-13,depok,townhouse,72.0,77.0,2,3,2,1,15.0,perlu_renovasi,SHM,6.0,23.2,1,0,0,584.3
P005272,2023-09-13,semarang,rumah,94.0,102.0,2,3,3,0,22.0,sedang,HGB,5.4,15.5,0,0,0,632.2
P006125,2023-09-13,jakarta_selatan,townhouse,75.0,82.0,2,2,2,1,6.0,baik,SHM,3.1,11.9,0,0,1,1562.2
P008742,2023-09-13,bandung,rumah,84.0,48.0,1,1,1,2,,baik,SHM,14.9,2.6,1,0,0,1197.3
P009651,2023-09-13,surabaya,rumah,103.0,50.0,1,1,1,2,19.0,perlu_renovasi,HGB,11.1,11.5,0,1,0,940.0
P000929,2023-09-14,bogor,rumah,163.0,157.0,2,5,5,1,6.0,baik,HGB,4.2,27.2,0,0,0,965.3
P001848,2023-09-14,bogor,rumah,100.0,100.0,2,3,3,2,4.0,baik,SHM,3.1,16.9,0,0,0,778.9
P002738,2023-09-14,depok,rumah,77.0,45.0,1,1,1,1,9.0,sedang,SHM,4.9,23.8,1,0,0,450.5
P007488,2023-09-14,jakarta_selatan,rumah,249.0,349.0,3,8,8,3,12.0,baik,SHM,6.5,6.0,1,1,0,7326.4
P009196,2023-09-14,jakarta_barat,ruko,73.0,81.0,2,1,1,1,14.0,baik,HGB,8.1,11.1,0,0,0,1587.3
P000081,2023-09-15,bandung,rumah,79.0,51.0,1,2,2,0,10.0,baik,SHM,4.7,12.3,0,1,0,705.4
P000427,2023-09-15,tangerang_selatan,townhouse,77.0,132.0,2,4,3,1,15.0,perlu_renovasi,SHM,2.6,5.5,1,0,0,1062.4
P000487,2023-09-15,depok,ruko,66.0,137.0,3,1,1,0,25.0,baik,SHM,8.5,5.8,1,1,0,1096.0
P001650,2023-09-15,surabaya,ruko,84.0,93.0,2,1,1,1,17.0,baik,HGB,8.0,21.2,0,0,1,762.6
P001758,2023-09-15,yogyakarta,rumah,122.0,100.0,1,2,2,1,29.0,baik,HGB,5.8,8.2,0,0,0,820.8
P002230,2023-09-15,bandung,ruko,50.0,110.0,4,1,1,1,3.0,baik,SHM,11.2,14.2,0,0,0,869.2
P004514,2023-09-15,jakarta_barat,townhouse,56.0,49.0,2,2,1,1,15.0,baik,SHM,2.8,13.8,0,0,0,625.4
P006268,2023-09-15,surabaya,rumah,134.0,66.0,1,2,2,1,15.0,sedang,girik_ajb,7.6,6.0,0,0,1,1097.5
P006819,2023-09-15,jakarta_barat,rumah,142.0,126.0,2,3,2,2,21.0,baik,SHM,7.7,18.4,1,0,0,1292.9
P009424,2023-09-15,jakarta_barat,townhouse,58.0,75.0,2,2,2,0,8.0,baik,SHM,5.9,19.2,0,0,0,812.9
P000765,2023-09-16,semarang,rumah,101.0,78.0,2,2,2,1,25.0,baik,HGB,4.7,13.4,0,0,1,405.3
P001135,2023-09-16,yogyakarta,townhouse,85.0,56.0,2,2,1,1,2.0,sedang,girik_ajb,5.3,16.1,0,0,0,554.9
P004391,2023-09-16,jakarta_barat,rumah,119.0,175.0,2,5,4,1,12.0,baik,SHM,7.4,14.6,0,0,0,2320.9
P007125,2023-09-16,tangerang_selatan,rumah,85.0,66.0,1,2,2,2,9.0,baik,HGB,6.3,9.4,1,1,0,1170.3
P008213,2023-09-16,bandung,rumah,67.0,90.0,2,2,2,1,15.0,sedang,HGB,6.7,6.1,1,0,0,944.4
P000463,2023-09-17,yogyakarta,rumah,148.0,71.0,1,2,1,0,5.0,baik,SHM,4.9,2.3,1,1,0,1411.4
P001109,2023-09-17,yogyakarta,rumah,145.0,138.0,2,4,3,1,35.0,baik,SHM,3.8,9.7,1,0,0,1007.3
P001744,2023-09-17,yogyakarta,townhouse,72.0,122.0,2,3,2,0,12.0,baik,SHM,4.5,7.2,1,1,0,886.4
P001952,2023-09-17,jakarta_selatan,rumah,104.0,173.0,2,5,5,1,13.0,sedang,HGB,6.1,9.1,0,1,0,2625.9
P002212,2023-09-17,bekasi,townhouse,38.0,87.0,3,3,3,0,1.0,sedang,HGB,5.7,4.5,0,0,0,764.3
P002221,2023-09-17,bekasi,rumah,89.0,54.0,1,2,2,1,13.0,baik,SHM,4.9,22.5,0,0,0,451.0
P003727,2023-09-17,yogyakarta,rumah,192.0,312.0,2,8,5,2,16.0,sedang,SHM,4.3,10.3,0,0,1,1543.6
P003915,2023-09-17,bekasi,rumah,289.0,273.0,2,9,8,2,1.0,baik,SHM,7.4,30.0,0,0,0,2227.5
P004275,2023-09-17,jakarta_barat,rumah,207.0,154.0,1,5,4,1,9.0,baik,SHM,4.7,9.9,0,0,0,3304.0
P007994,2023-09-17,surabaya,ruko,66.0,88.0,3,0,1,0,4.0,baik,SHM,7.0,8.5,1,0,0,1247.7
P008720,2023-09-17,jakarta_selatan,rumah,186.0,146.0,1,4,4,2,5.0,sedang,SHM,4.7,4.6,0,0,0,4494.4
P000034,2023-09-18,bekasi,rumah,112.0,104.0,2,3,2,1,5.0,baik,HGB,3.1,6.0,1,0,0,1250.2
P003151,2023-09-18,jakarta_selatan,rumah,197.0,120.0,1,3,3,1,17.0,sedang,SHM,4.4,13.8,0,0,0,3151.2
P003234,2023-09-18,jakarta_selatan,rumah,247.0,293.0,2,8,8,2,32.0,sedang,SHM,4.0,12.4,1,1,0,4822.7
P004830,2023-09-18,semarang,ruko,117.0,135.0,2,1,1,1,12.0,sedang,SHM,4.8,18.1,0,0,0,786.6
P005546,2023-09-18,tangerang_selatan,rumah,114.0,65.0,1,1,1,2,13.0,sedang,SHM,6.0,7.7,0,0,0,1775.4
P006478,2023-09-18,bekasi,townhouse,63.0,66.0,2,2,1,0,12.0,baik,SHM,7.3,15.9,0,0,0,587.7
P007436,2023-09-18,bekasi,townhouse,74.0,55.0,2,1,1,1,15.0,sedang,SHM,5.9,25.6,0,0,1,317.3
P009253,2023-09-18,bandung,rumah,178.0,89.0,1,3,2,1,13.0,baik,HGB,5.3,13.3,0,0,0,1256.2
P009872,2023-09-18,surabaya,townhouse,80.0,101.0,2,2,1,1,9.0,baik,SHM,3.6,15.4,1,0,0,1202.4
P000048,2023-09-19,tangerang_selatan,rumah,157.0,88.0,1,2,2,2,,perlu_renovasi,SHM,3.6,12.4,0,0,1,1374.0
P001806,2023-09-19,bandung,townhouse,55.0,79.0,3,3,2,1,4.0,baik,HGB,3.2,15.5,0,0,0,779.2
P003529,2023-09-19,surabaya,rumah,145.0,175.0,2,4,2,2,3.0,baik,SHM,5.0,15.9,1,1,0,2360.0
P004260,2023-09-19,tangerang_selatan,rumah,149.0,108.0,2,3,3,2,7.0,sedang,SHM,3.9,21.5,0,0,0,1119.8
P004414,2023-09-19,jakarta_barat,rumah,50.0,47.0,2,1,1,1,17.0,perlu_renovasi,SHM,3.9,16.1,1,0,1,511.4
P004732,2023-09-19,semarang,townhouse,52.0,43.0,2,1,1,1,8.0,baik,SHM,4.6,5.9,1,0,0,478.2
P005006,2023-09-19,bekasi,rumah,131.0,233.0,2,6,5,1,15.0,sedang,SHM,9.2,7.6,1,0,0,1999.6
P005666,2023-09-19,bandung,rumah,128.0,191.0,2,6,4,1,,sedang,SHM,8.2,18.0,0,0,1,1136.8
P007517,2023-09-19,semarang,rumah,98.0,107.0,2,3,3,2,,sedang,SHM,6.4,12.2,0,1,0,866.3
P008875,2023-09-19,jakarta_selatan,rumah,185.0,172.0,2,5,4,2,7.0,baik,SHM,4.7,3.3,1,1,1,4821.5
P009654,2023-09-19,bandung,rumah,45.0,47.0,2,1,1,0,12.0,baik,HGB,4.7,20.2,0,0,1,437.6
P002701,2023-09-20,bandung,rumah,107.0,143.0,2,5,5,1,15.0,baik,SHM,,12.7,0,0,0,1154.4
P004039,2023-09-20,bekasi,ruko,64.0,151.0,3,2,1,0,6.0,sedang,SHM,8.0,25.8,0,0,0,738.2
P004169,2023-09-20,depok,rumah,238.0,191.0,2,6,6,2,4.0,baik,SHM,2.8,15.0,0,0,0,2245.3
P004556,2023-09-20,bandung,townhouse,70.0,98.0,2,3,2,2,,sedang,SHM,5.9,15.5,1,0,0,777.6
P004627,2023-09-20,surabaya,rumah,93.0,78.0,1,2,2,1,3.0,baik,SHM,5.2,19.5,0,0,1,937.3
P005353,2023-09-20,bandung,townhouse,66.0,58.0,2,1,1,2,15.0,baik,SHM,5.3,19.9,0,0,0,604.9
P009225,2023-09-20,jakarta_selatan,rumah,216.0,197.0,2,4,4,2,1.0,baik,SHM,5.5,6.9,1,0,0,5172.1
P006115,2023-09-21,bekasi,rumah,63.0,70.0,2,2,2,1,11.0,baik,SHM,4.9,3.6,1,1,0,896.8
P006728,2023-09-21,tangerang_selatan,rumah,134.0,70.0,1,2,2,0,32.0,baik,SHM,2.7,7.3,1,1,1,1338.1
P001912,2023-09-22,jakarta_barat,rumah,118.0,74.0,1,2,2,1,,baik,SHM,3.9,17.5,0,0,0,1332.5
P003116,2023-09-22,bogor,ruko,67.0,114.0,3,2,2,0,9.0,sedang,SHM,6.9,25.6,0,0,0,536.4
P003689,2023-09-22,bogor,ruko,62.0,155.0,3,3,3,1,6.0,baik,SHM,4.8,13.6,0,0,0,909.0
P006986,2023-09-22,bogor,rumah,136.0,168.0,2,6,4,1,2.0,baik,SHM,4.0,16.2,0,0,0,1376.3
P007684,2023-09-22,surabaya,rumah,205.0,133.0,1,3,3,3,5.0,baik,SHM,5.5,22.5,0,0,0,1219.7
P008061,2023-09-22,bogor,rumah,93.0,54.0,1,2,2,2,8.0,sedang,SHM,3.7,23.1,0,0,0,406.7
P008633,2023-09-22,jakarta_selatan,rumah,118.0,254.0,3,6,5,1,5.0,baik,SHM,3.6,13.4,1,0,0,3242.7
P001212,2023-09-23,surabaya,rumah,185.0,146.0,1,4,3,2,5.0,baik,HGB,3.2,19.8,0,0,0,1680.8
P002489,2023-09-23,jakarta_selatan,townhouse,77.0,86.0,2,2,2,2,15.0,sedang,SHM,5.0,16.1,0,0,0,1051.7
P003340,2023-09-23,depok,townhouse,59.0,84.0,2,2,1,0,15.0,sedang,SHM,2.9,3.9,1,1,0,841.9
P006138,2023-09-23,jakarta_barat,rumah,137.0,170.0,2,5,3,1,36.0,perlu_renovasi,SHM,3.7,6.7,1,0,0,1818.4
P006615,2023-09-23,yogyakarta,rumah,343.0,195.0,1,4,2,4,31.0,baik,SHM,7.3,8.5,0,0,0,2503.1
P007407,2023-09-23,yogyakarta,rumah,132.0,63.0,1,2,2,2,12.0,baik,SHM,4.9,6.4,0,1,0,1134.1
P007423,2023-09-23,tangerang_selatan,rumah,134.0,109.0,2,4,4,2,29.0,baik,SHM,4.4,9.9,0,0,0,1808.9
P008624,2023-09-23,bandung,rumah,79.0,85.0,2,3,2,1,27.0,baik,SHM,4.8,13.7,0,0,0,570.2
P000333,2023-09-24,bandung,rumah,69.0,100.0,2,3,3,2,18.0,sedang,SHM,2.8,13.1,0,0,0,578.1
P001986,2023-09-24,semarang,rumah,81.0,35.0,1,1,1,1,17.0,sedang,HGB,5.8,7.4,0,0,0,412.7
P004913,2023-09-24,bekasi,rumah,80.0,59.0,1,2,2,1,5.0,sedang,HGB,5.5,19.6,0,0,0,570.1
P005069,2023-09-24,tangerang_selatan,ruko,76.0,118.0,3,1,1,1,4.0,baik,SHM,10.8,4.1,1,1,0,1976.2
P006037,2023-09-24,semarang,rumah,124.0,78.0,1,2,1,1,22.0,sedang,HGB,,6.2,0,1,1,785.6
P006489,2023-09-24,jakarta_selatan,rumah,136.0,52.0,1,2,2,3,11.0,sedang,HGB,11.0,10.0,0,1,0,3052.3
P006943,2023-09-24,depok,rumah,112.0,166.0,2,5,4,1,16.0,perlu_renovasi,SHM,3.1,7.9,1,1,0,1288.8
P000033,2023-09-25,tangerang_selatan,townhouse,93.0,101.0,2,3,3,2,15.0,baik,SHM,7.9,19.0,0,0,1,1163.7
P002831,2023-09-25,tangerang_selatan,townhouse,113.0,117.0,2,3,3,0,13.0,baik,SHM,3.8,11.2,0,1,0,1605.5
P005901,2023-09-25,surabaya,rumah,165.0,88.0,1,3,3,1,5.0,baik,SHM,6.0,5.2,0,1,0,2445.7
P007210,2023-09-25,bogor,rumah,235.0,358.0,2,10,7,3,5.0,baik,HGB,3.4,22.7,0,0,0,2297.6
P008005,2023-09-25,surabaya,ruko,53.0,146.0,4,3,2,0,23.0,sedang,SHM,13.0,21.9,0,0,0,684.2
P008522,2023-09-25,bekasi,rumah,159.0,116.0,2,4,4,2,14.0,sedang,SHM,6.1,5.4,1,0,0,1604.1
P000303,2023-09-26,depok,rumah,115.0,116.0,2,4,4,1,22.0,baik,SHM,8.0,16.4,0,0,0,934.3
P000489,2023-09-26,bogor,rumah,51.0,77.0,2,3,2,0,7.0,baik,SHM,8.1,29.8,0,0,0,468.0
P003984,2023-09-26,tangerang_selatan,ruko,61.0,100.0,4,1,1,1,20.0,sedang,girik_ajb,8.3,18.4,0,0,0,679.4
P004235,2023-09-26,jakarta_selatan,rumah,344.0,187.0,1,5,4,4,15.0,perlu_renovasi,SHM,12.8,5.2,0,0,0,7655.7
P005151,2023-09-26,bandung,rumah,76.0,27.0,1,1,1,1,6.0,sedang,SHM,2.1,2.7,0,1,0,655.9
P006302,2023-09-26,depok,rumah,123.0,207.0,2,7,6,1,8.0,baik,SHM,5.3,18.5,0,0,0,1496.2
P007269,2023-09-26,semarang,ruko,45.0,49.0,2,0,1,0,42.0,baik,SHM,9.7,16.0,1,0,0,304.1
P007793,2023-09-26,jakarta_barat,rumah,42.0,21.0,1,1,1,0,19.0,sedang,girik_ajb,6.2,8.1,0,0,0,514.9
P000698,2023-09-27,bogor,rumah,171.0,196.0,2,5,4,2,12.0,baik,HGB,1.7,19.3,1,0,0,1130.7
P003405,2023-09-27,semarang,rumah,153.0,170.0,2,5,5,3,11.0,sedang,SHM,3.6,3.4,1,0,0,1583.8
P006352,2023-09-27,semarang,rumah,72.0,54.0,1,1,1,1,15.0,perlu_renovasi,SHM,1.8,10.9,0,1,0,376.6
P006575,2023-09-27,bekasi,rumah,170.0,68.0,1,2,1,2,6.0,sedang,SHM,5.9,27.5,0,0,0,808.0
P007470,2023-09-27,bogor,rumah,155.0,205.0,2,6,4,1,1.0,baik,SHM,3.0,8.7,0,1,0,2222.8
P007484,2023-09-27,surabaya,rumah,124.0,146.0,2,4,4,2,6.0,baik,SHM,6.3,16.0,0,0,0,1479.9
P008602,2023-09-27,jakarta_selatan,townhouse,81.0,85.0,2,2,1,1,11.0,baik,SHM,3.8,6.2,0,1,0,2493.5
P009392,2023-09-27,surabaya,ruko,57.0,55.0,2,0,1,2,17.0,baik,SHM,,5.0,0,0,0,1052.9
P009897,2023-09-27,bandung,rumah,130.0,45.0,1,1,1,1,47.0,sedang,SHM,,15.5,0,0,0,645.6
P000613,2023-09-28,yogyakarta,rumah,38.0,22.0,1,1,1,1,11.0,sedang,SHM,3.8,17.8,0,0,0,207.1
P003448,2023-09-28,bandung,rumah,241.0,451.0,3,10,8,4,,sedang,SHM,3.5,4.5,0,0,0,3260.7
P005516,2023-09-28,yogyakarta,rumah,127.0,164.0,2,5,4,2,17.0,sedang,HGB,5.2,6.8,1,1,0,1029.0
P007857,2023-09-28,jakarta_barat,rumah,66.0,95.0,2,3,3,1,14.0,baik,SHM,3.3,15.4,1,0,1,917.8
P008405,2023-09-28,yogyakarta,townhouse,81.0,91.0,2,2,2,0,7.0,baik,SHM,7.0,5.7,0,1,0,1147.3
P009346,2023-09-28,bogor,rumah,104.0,128.0,3,4,3,1,41.0,perlu_renovasi,girik_ajb,8.2,14.7,0,0,0,387.5
P000963,2023-09-29,jakarta_barat,rumah,185.0,107.0,1,3,3,2,8.0,sedang,HGB,6.8,19.4,0,0,0,1816.4
P001169,2023-09-29,surabaya,townhouse,91.0,134.0,2,4,3,1,,baik,SHM,5.5,18.7,0,0,0,1102.9
P002166,2023-09-29,tangerang_selatan,rumah,95.0,167.0,2,4,4,0,25.0,baik,HGB,3.8,4.8,1,1,1,1480.9
P002412,2023-09-29,yogyakarta,townhouse,73.0,100.0,2,4,4,0,15.0,perlu_renovasi,SHM,11.3,16.1,0,0,0,624.5
P002653,2023-09-29,surabaya,rumah,46.0,56.0,2,1,1,1,,baik,SHM,6.3,4.4,0,1,0,800.3
P006998,2023-09-29,bekasi,townhouse,74.0,81.0,3,2,2,1,14.0,sedang,SHM,3.8,23.4,0,0,0,600.1
P007022,2023-09-29,yogyakarta,ruko,56.0,66.0,2,0,1,1,9.0,baik,SHM,9.1,2.6,0,1,0,896.9
P007864,2023-09-29,depok,rumah,154.0,116.0,2,3,2,1,5.0,baik,SHM,4.6,14.9,0,0,0,1258.1
P000133,2023-10-03,bogor,townhouse,71.0,102.0,2,4,3,0,8.0,baik,HGB,3.6,16.1,0,1,0,808.2
P001060,2023-10-03,bandung,rumah,137.0,85.0,1,3,3,2,59.0,perlu_renovasi,SHM,4.3,3.6,1,0,0,1263.4
P002039,2023-10-03,bogor,rumah,76.0,171.0,3,5,5,1,1.0,baik,SHM,2.1,22.5,0,0,0,1118.2
P003611,2023-10-03,bandung,ruko,64.0,90.0,2,1,1,1,6.0,baik,SHM,8.6,20.4,0,0,0,719.7
P007305,2023-10-03,depok,rumah,123.0,93.0,1,3,3,1,4.0,perlu_renovasi,girik_ajb,3.0,22.3,1,0,0,668.4
P000145,2023-10-04,depok,rumah,187.0,133.0,2,4,3,3,21.0,baik,SHM,4.1,14.4,0,0,0,1159.5
P001430,2023-10-04,bekasi,rumah,55.0,46.0,2,1,1,1,6.0,baik,SHM,6.0,26.9,0,0,0,381.2
P002595,2023-10-04,tangerang_selatan,rumah,152.0,93.0,1,2,2,1,6.0,baik,SHM,4.6,16.9,0,0,0,1242.8
P004369,2023-10-04,jakarta_barat,ruko,88.0,254.0,4,4,4,1,13.0,baik,SHM,11.1,18.9,0,0,0,1757.9
P004879,2023-10-04,bekasi,ruko,79.0,141.0,3,2,2,1,21.0,sedang,girik_ajb,11.6,5.7,1,0,0,865.4
P005521,2023-10-04,bekasi,rumah,183.0,324.0,2,9,6,2,8.0,baik,SHM,6.6,5.4,0,0,0,2717.0
P006439,2023-10-04,surabaya,ruko,88.0,148.0,3,2,2,1,5.0,baik,SHM,6.0,13.1,0,0,0,1451.3
P006970,2023-10-04,depok,rumah,123.0,127.0,2,3,3,1,12.0,sedang,SHM,3.7,14.8,0,1,0,1007.4
P007855,2023-10-04,tangerang_selatan,rumah,138.0,149.0,2,4,4,2,18.0,perlu_renovasi,HGB,5.1,19.5,0,0,0,1328.1
P000142,2023-10-05,depok,rumah,192.0,99.0,1,3,3,2,15.0,sedang,SHM,4.4,21.2,0,0,0,942.8
P003622,2023-10-05,tangerang_selatan,rumah,107.0,90.0,2,2,1,2,3.0,baik,SHM,6.8,15.2,1,0,0,1197.2
P003715,2023-10-05,surabaya,rumah,81.0,47.0,1,1,1,1,10.0,baik,SHM,9.0,16.9,0,0,0,632.9
P003826,2023-10-05,depok,rumah,108.0,128.0,2,3,3,1,4.0,sedang,HGB,3.5,17.9,0,0,0,938.2
P005903,2023-10-05,jakarta_barat,townhouse,70.0,76.0,2,2,2,2,15.0,perlu_renovasi,SHM,4.7,17.3,0,0,1,714.8
P006647,2023-10-05,jakarta_selatan,rumah,123.0,126.0,2,4,3,2,24.0,baik,SHM,3.7,13.3,0,0,0,2267.8
P007008,2023-10-05,jakarta_selatan,rumah,80.0,35.0,1,1,1,1,9.0,baik,SHM,6.1,9.5,0,0,0,1751.4
P007308,2023-10-05,surabaya,rumah,172.0,337.0,3,9,7,2,23.0,baik,SHM,4.6,24.1,0,0,0,1894.9
P007347,2023-10-05,tangerang_selatan,ruko,105.0,297.0,4,6,4,1,7.0,sedang,SHM,14.1,17.4,0,0,0,2175.6
P007385,2023-10-05,jakarta_selatan,townhouse,94.0,142.0,2,3,3,1,15.0,baik,girik_ajb,8.7,4.4,0,0,0,2388.2
P008841,2023-10-05,jakarta_barat,ruko,77.0,107.0,2,1,1,1,9.0,sedang,SHM,5.9,14.7,0,0,1,1225.5
P009330,2023-10-05,bogor,rumah,74.0,34.0,1,1,1,0,,baik,HGB,3.3,29.9,0,0,1,248.3
P009974,2023-10-05,tangerang_selatan,townhouse,91.0,135.0,2,3,3,1,9.0,sedang,HGB,6.1,19.7,0,0,1,1096.6
P000732,2023-10-06,jakarta_selatan,rumah,157.0,175.0,2,6,7,3,29.0,baik,SHM,5.9,2.6,1,0,0,4124.4
P003769,2023-10-06,bandung,rumah,63.0,53.0,1,1,1,0,21.0,baik,HGB,4.3,8.7,1,0,0,631.3
P004342,2023-10-06,jakarta_barat,rumah,171.0,153.0,2,5,3,2,23.0,sedang,HGB,5.9,8.1,0,0,0,2203.6
P007307,2023-10-06,jakarta_selatan,rumah,89.0,54.0,1,2,1,1,12.0,baik,HGB,,7.1,0,0,0,1721.2
P007574,2023-10-06,bekasi,rumah,124.0,119.0,2,3,3,1,20.0,baik,SHM,8.1,24.5,0,0,0,771.5
P009503,2023-10-06,bogor,rumah,99.0,139.0,2,5,4,1,8.0,sedang,SHM,7.1,18.7,0,0,0,845.3
P009645,2023-10-06,surabaya,rumah,360.0,488.0,2,10,7,4,4.0,sedang,SHM,7.7,2.8,1,0,0,6646.2
P001168,2023-10-07,depok,townhouse,106.0,78.0,2,3,2,1,15.0,baik,SHM,4.0,22.4,0,0,0,778.5
P004581,2023-10-07,bandung,rumah,116.0,133.0,2,4,4,1,3.0,baik,SHM,8.2,17.5,0,0,0,1473.3
P006094,2023-10-07,bogor,rumah,105.0,76.0,1,2,1,1,36.0,baik,SHM,4.7,3.9,0,1,0,663.1
P006108,2023-10-07,jakarta_barat,rumah,157.0,235.0,3,7,7,2,27.0,sedang,SHM,4.5,14.8,0,0,0,1993.6
P007095,2023-10-07,bandung,rumah,122.0,154.0,2,5,3,0,6.0,baik,SHM,7.2,19.4,0,0,0,1333.6
P000828,2023-10-08,tangerang_selatan,townhouse,111.0,138.0,3,3,3,1,13.0,sedang,SHM,4.4,14.6,0,0,1,1273.7
P001493,2023-10-08,bogor,ruko,64.0,51.0,2,0,1,2,16.0,baik,HGB,7.9,3.8,0,0,0,613.3
P001948,2023-10-08,semarang,rumah,348.0,444.0,2,10,6,3,11.0,baik,HGB,8.8,9.8,0,0,1,2841.6
P007949,2023-10-08,tangerang_selatan,rumah,101.0,60.0,1,2,1,1,29.0,baik,SHM,5.1,8.3,0,0,0,1134.1
P000723,2023-10-09,jakarta_selatan,rumah,176.0,318.0,2,10,7,2,17.0,sedang,SHM,6.6,2.6,1,0,0,6237.3
P004459,2023-10-09,jakarta_selatan,townhouse,64.0,112.0,3,3,3,1,12.0,sedang,SHM,7.6,11.2,0,0,0,1605.9
P007383,2023-10-09,yogyakarta,rumah,156.0,75.0,1,2,1,3,18.0,baik,SHM,1.6,18.7,0,0,0,660.5
P008640,2023-10-09,jakarta_selatan,rumah,52.0,40.0,2,1,1,1,8.0,sedang,SHM,3.9,17.9,0,1,0,684.0
P008643,2023-10-09,jakarta_selatan,townhouse,85.0,115.0,3,3,2,1,15.0,sedang,HGB,4.2,13.3,1,0,1,1510.6
P009926,2023-10-09,yogyakarta,rumah,119.0,80.0,1,2,2,0,6.0,baik,SHM,,13.2,1,0,1,845.9
P002828,2023-10-10,jakarta_barat,rumah,45.0,23.0,1,1,1,2,3.0,sedang,SHM,2.4,5.7,0,0,0,641.2
P003321,2023-10-10,jakarta_selatan,rumah,90.0,104.0,2,3,2,1,18.0,sedang,SHM,2.0,5.1,1,1,0,2286.6
P003626,2023-10-10,depok,ruko,78.0,72.0,2,0,1,1,11.0,sedang,SHM,7.1,16.5,0,0,0,810.3
P003770,2023-10-10,bogor,ruko,75.0,126.0,3,1,1,2,5.0,baik,SHM,14.2,12.5,1,1,0,891.2
P004572,2023-10-10,semarang,rumah,147.0,97.0,1,3,2,2,9.0,baik,SHM,6.7,7.8,1,0,1,948.6
P005298,2023-10-10,tangerang_selatan,rumah,135.0,49.0,1,1,1,1,9.0,baik,HGB,4.7,7.3,0,0,0,1402.4
P005408,2023-10-10,jakarta_barat,ruko,79.0,180.0,3,4,4,1,18.0,baik,SHM,7.5,5.9,0,0,0,1892.6
P006071,2023-10-10,semarang,ruko,65.0,111.0,3,1,1,2,6.0,sedang,girik_ajb,9.2,2.7,1,0,0,746.7
P006275,2023-10-10,jakarta_selatan,townhouse,131.0,250.0,3,7,6,2,,baik,SHM,5.9,6.4,0,1,0,3526.2
P007581,2023-10-10,tangerang_selatan,ruko,91.0,100.0,2,1,1,1,4.0,baik,HGB,10.3,7.3,0,1,0,1664.3
P001862,2023-10-11,yogyakarta,ruko,54.0,79.0,2,0,1,1,12.0,sedang,SHM,7.6,19.9,0,0,0,449.3
P008495,2023-10-11,bogor,rumah,125.0,216.0,2,6,6,2,5.0,sedang,HGB,4.2,11.9,0,1,0,1356.9
P009347,2023-10-11,bekasi,rumah,90.0,72.0,1,2,2,1,1.0,sedang,HGB,6.0,24.2,0,0,1,535.5
P009406,2023-10-11,bogor,ruko,59.0,83.0,4,0,1,1,28.0,baik,SHM,9.1,25.9,0,0,0,315.6
P009615,2023-10-11,jakarta_selatan,townhouse,104.0,186.0,2,5,3,2,6.0,baik,SHM,12.3,7.2,0,0,0,3370.3
P009711,2023-10-11,surabaya,rumah,147.0,222.0,3,7,7,2,9.0,baik,HGB,4.3,10.1,0,0,0,1858.8
P009862,2023-10-11,depok,rumah,160.0,257.0,2,7,5,1,17.0,sedang,HGB,6.3,14.2,0,0,0,1581.5
P000520,2023-10-12,surabaya,rumah,87.0,89.0,2,3,2,1,7.0,baik,SHM,7.7,23.9,0,0,0,836.8
P001388,2023-10-12,tangerang_selatan,townhouse,126.0,201.0,2,7,5,0,5.0,baik,HGB,6.2,18.5,1,0,0,2170.3
P001562,2023-10-12,bogor,townhouse,98.0,168.0,2,6,4,1,9.0,baik,SHM,3.2,17.7,0,0,0,1067.3
P003848,2023-10-12,bandung,rumah,136.0,58.0,1,2,2,0,12.0,baik,SHM,2.5,6.2,1,1,0,1054.1
P006995,2023-10-12,surabaya,rumah,67.0,60.0,2,2,2,1,15.0,baik,HGB,4.4,8.2,0,0,1,767.3
P000697,2023-10-13,bandung,rumah,241.0,143.0,1,5,5,1,4.0,sedang,SHM,4.7,11.4,0,1,0,2080.7
P001171,2023-10-13,bekasi,rumah,145.0,218.0,2,6,6,2,6.0,baik,HGB,10.4,4.9,0,0,0,1918.0
P001261,2023-10-13,jakarta_selatan,rumah,74.0,101.0,2,2,2,1,1.0,baik,SHM,5.6,11.0,1,1,0,1745.4
P002567,2023-10-13,jakarta_selatan,rumah,276.0,390.0,2,10,8,2,3.0,baik,SHM,7.5,8.7,1,0,0,8290.0
P005455,2023-10-13,yogyakarta,rumah,77.0,30.0,1,1,1,1,9.0,baik,SHM,4.7,5.8,1,1,1,673.9
P005962,2023-10-13,jakarta_barat,townhouse,75.0,62.0,2,2,2,1,15.0,sedang,girik_ajb,3.4,12.7,1,0,0,787.9
P006096,2023-10-13,bekasi,rumah,136.0,154.0,2,5,4,1,10.0,baik,HGB,4.9,11.3,0,0,0,1339.8
P008125,2023-10-13,yogyakarta,rumah,74.0,52.0,1,1,1,1,25.0,sedang,SHM,3.4,11.1,1,0,0,617.8
P000528,2023-10-14,yogyakarta,rumah,182.0,119.0,1,3,3,3,6.0,sedang,SHM,3.4,13.7,0,0,0,1245.5
P001475,2023-10-14,depok,rumah,113.0,81.0,2,2,2,1,8.0,baik,SHM,,4.2,0,0,0,1063.8
P001768,2023-10-14,jakarta_selatan,rumah,74.0,37.0,1,1,1,1,20.0,baik,SHM,3.5,14.1,0,1,0,1427.1
P002499,2023-10-14,surabaya,rumah,205.0,270.0,2,9,8,2,42.0,sedang,SHM,5.3,7.3,0,0,0,2150.7
P003827,2023-10-14,tangerang_selatan,rumah,127.0,53.0,1,1,1,0,21.0,baik,SHM,7.4,10.5,1,0,0,1534.4
P007540,2023-10-14,tangerang_selatan,rumah,54.0,23.0,1,1,1,1,20.0,baik,SHM,4.5,19.8,0,0,0,417.9
P008819,2023-10-14,surabaya,townhouse,92.0,143.0,2,4,4,1,7.0,baik,SHM,7.1,16.1,0,0,0,1343.1
P000124,2023-10-15,bekasi,rumah,126.0,53.0,1,1,1,1,27.0,sedang,SHM,4.2,6.4,1,1,0,1069.4
P000135,2023-10-15,bogor,townhouse,130.0,213.0,3,6,6,2,4.0,baik,HGB,5.8,18.0,0,0,0,1767.2
P000255,2023-10-15,tangerang_selatan,rumah,75.0,38.0,1,1,1,0,6.0,baik,SHM,3.4,18.2,0,0,1,612.2
P000398,2023-10-15,tangerang_selatan,ruko,60.0,48.0,2,0,1,0,10.0,baik,HGB,6.6,11.7,0,0,0,931.3
P002879,2023-10-15,depok,ruko,71.0,164.0,3,2,2,0,6.0,baik,SHM,8.2,17.3,0,0,0,1057.3
P005337,2023-10-15,bandung,rumah,75.0,33.0,1,1,1,1,5.0,baik,HGB,5.1,14.4,0,0,0,524.0
P005449,2023-10-15,depok,rumah,173.0,98.0,1,3,2,1,7.0,sedang,HGB,3.8,23.3,0,0,0,874.3
P006018,2023-10-15,surabaya,rumah,197.0,277.0,2,9,6,2,,perlu_renovasi,SHM,4.8,17.9,0,0,0,1685.6
P006425,2023-10-15,jakarta_selatan,rumah,41.0,36.0,2,1,1,0,8.0,sedang,SHM,6.1,13.4,1,1,0,1063.3
P007368,2023-10-15,surabaya,ruko,103.0,123.0,2,2,2,1,7.0,perlu_renovasi,SHM,8.5,2.5,0,0,0,2629.9
P009308,2023-10-15,semarang,rumah,99.0,95.0,2,2,2,2,9.0,sedang,SHM,,5.0,1,0,1,868.1
P000793,2023-10-16,tangerang_selatan,ruko,58.0,117.0,3,1,1,1,14.0,sedang,HGB,12.7,14.5,0,0,0,991.4
P002357,2023-10-16,depok,rumah,153.0,223.0,2,5,4,1,36.0,sedang,SHM,3.6,23.6,0,0,0,829.6
P002437,2023-10-16,bogor,rumah,205.0,214.0,2,7,5,2,,baik,HGB,7.0,5.6,0,1,0,2480.6
P005914,2023-10-16,tangerang_selatan,rumah,183.0,128.0,2,4,3,1,3.0,baik,HGB,4.2,17.1,0,0,0,1850.8
P007331,2023-10-16,jakarta_barat,rumah,175.0,220.0,2,5,5,2,23.0,baik,SHM,5.2,9.4,1,0,0,2768.1
P007811,2023-10-16,jakarta_barat,rumah,89.0,68.0,2,2,2,2,,baik,SHM,3.8,17.6,0,0,0,1115.2
P008473,2023-10-16,bekasi,ruko,127.0,220.0,4,3,3,1,5.0,baik,SHM,5.7,25.9,1,0,0,1413.6
P009500,2023-10-16,jakarta_barat,rumah,171.0,105.0,1,3,2,2,14.0,sedang,HGB,5.1,17.9,1,0,0,1671.1
P002457,2023-10-17,bogor,rumah,102.0,54.0,1,1,1,2,22.0,sedang,HGB,10.6,9.2,1,1,1,606.4
P003165,2023-10-17,bogor,rumah,157.0,279.0,3,8,5,1,60.0,sedang,HGB,4.4,10.7,0,0,0,983.5
P003786,2023-10-17,semarang,rumah,85.0,56.0,2,2,2,1,9.0,baik,SHM,5.3,14.7,0,0,0,551.9
P005527,2023-10-17,tangerang_selatan,ruko,106.0,167.0,3,3,2,1,16.0,baik,HGB,13.0,12.7,0,0,0,1680.4
P009442,2023-10-17,yogyakarta,rumah,66.0,41.0,1,1,1,1,6.0,sedang,HGB,4.9,4.8,1,1,0,636.9
P001122,2023-10-18,jakarta_selatan,rumah,147.0,84.0,1,3,2,1,26.0,baik,SHM,8.1,10.8,0,0,0,2692.5
P002187,2023-10-18,surabaya,rumah,173.0,240.0,3,7,7,2,18.0,sedang,SHM,6.8,2.3,1,1,0,3007.9
P002805,2023-10-18,jakarta_selatan,rumah,323.0,268.0,1,8,8,3,6.0,baik,SHM,2.7,12.2,0,0,0,5063.7
P003441,2023-10-18,tangerang_selatan,rumah,177.0,159.0,2,6,4,1,9.0,baik,HGB,4.1,20.1,0,0,1,1422.8
P003894,2023-10-18,depok,rumah,243.0,319.0,2,10,8,4,9.0,sedang,HGB,8.9,13.5,1,0,0,2527.8
P004490,2023-10-18,depok,rumah,104.0,147.0,2,3,3,1,24.0,sedang,SHM,8.0,5.1,0,1,0,1207.4
P002860,2023-10-19,bekasi,rumah,74.0,127.0,2,3,2,1,14.0,sedang,SHM,8.6,18.3,0,0,0,706.8
P003604,2023-10-19,tangerang_selatan,rumah,72.0,126.0,3,4,2,1,12.0,perlu_renovasi,SHM,14.0,7.9,1,0,0,1032.4
P006210,2023-10-19,surabaya,townhouse,92.0,80.0,2,2,2,1,7.0,baik,SHM,4.2,2.0,1,1,0,1992.9
P006663,2023-10-19,jakarta_barat,rumah,121.0,82.0,1,2,2,2,24.0,baik,SHM,3.4,7.2,0,1,0,2033.1
P008059,2023-10-19,bandung,rumah,158.0,251.0,2,6,4,1,7.0,sedang,HGB,2.2,19.3,0,0,0,1672.8
P009800,2023-10-19,bekasi,rumah,150.0,93.0,1,2,1,2,18.0,sedang,HGB,10.2,9.4,0,0,0,1031.6
P009942,2023-10-19,tangerang_selatan,rumah,97.0,133.0,2,3,2,3,7.0,baik,SHM,3.0,18.1,1,1,1,1239.1
P000538,2023-10-20,jakarta_barat,rumah,46.0,33.0,1,1,1,1,3.0,baik,HGB,3.4,16.2,0,0,0,538.3
P000983,2023-10-20,bandung,ruko,61.0,122.0,3,1,1,0,18.0,baik,SHM,6.1,5.0,1,0,0,953.1
P003721,2023-10-20,bogor,rumah,167.0,109.0,1,3,2,2,60.0,baik,SHM,8.8,17.2,0,0,0,815.7
P005544,2023-10-20,bogor,rumah,193.0,75.0,1,2,2,1,7.0,baik,HGB,6.4,17.6,1,0,0,812.0
P006360,2023-10-20,depok,townhouse,60.0,78.0,2,2,2,0,5.0,sedang,SHM,5.0,23.3,0,0,0,553.1
P007734,2023-10-20,tangerang_selatan,rumah,82.0,121.0,3,3,3,1,9.0,baik,SHM,5.9,6.6,1,1,1,1445.5
P008306,2023-10-20,jakarta_selatan,rumah,232.0,149.0,1,4,3,2,7.0,baik,SHM,5.3,13.8,0,0,1,3451.9
P009287,2023-10-20,semarang,townhouse,104.0,118.0,2,3,2,2,15.0,sedang,SHM,12.9,14.4,0,0,0,718.5
P000568,2023-10-21,jakarta_selatan,rumah,114.0,164.0,2,5,5,1,34.0,sedang,SHM,6.5,15.3,0,0,0,2159.0
P000676,2023-10-21,bekasi,rumah,290.0,400.0,2,10,8,2,9.0,baik,SHM,9.8,18.5,0,0,0,3341.8
P001628,2023-10-21,jakarta_barat,ruko,100.0,178.0,4,4,3,0,20.0,sedang,SHM,6.2,19.6,0,0,0,1567.1
P001897,2023-10-21,bandung,rumah,93.0,135.0,2,4,3,1,,sedang,SHM,4.8,8.9,0,1,0,1447.9
P002936,2023-10-21,depok,rumah,145.0,238.0,3,8,8,2,12.0,baik,SHM,6.7,9.1,0,0,0,2200.8
P005145,2023-10-21,tangerang_selatan,rumah,50.0,60.0,2,2,1,0,16.0,perlu_renovasi,SHM,3.4,10.9,0,0,0,762.7
P006363,2023-10-21,depok,rumah,111.0,140.0,2,4,4,0,21.0,baik,SHM,6.8,22.5,0,0,0,813.1
P006767,2023-10-21,surabaya,rumah,104.0,176.0,2,5,4,1,11.0,baik,HGB,3.3,4.9,0,0,0,1695.3
P007074,2023-10-21,depok,townhouse,72.0,101.0,2,3,2,1,15.0,baik,SHM,4.7,9.1,0,0,0,906.5
P007427,2023-10-21,yogyakarta,rumah,66.0,58.0,1,2,2,0,4.0,baik,HGB,3.3,10.7,0,0,0,682.8
P009009,2023-10-21,bandung,rumah,365.0,313.0,1,7,7,4,6.0,baik,SHM,6.4,2.4,1,1,0,4788.3
P000949,2023-10-22,semarang,rumah,221.0,205.0,2,7,5,2,13.0,baik,SHM,5.8,10.3,1,0,0,1637.9
P001676,2023-10-22,yogyakarta,ruko,75.0,113.0,3,1,1,1,14.0,sedang,SHM,8.4,5.9,0,0,0,968.8
P007998,2023-10-22,depok,rumah,79.0,63.0,1,2,2,1,5.0,baik,girik_ajb,4.2,16.1,0,1,0,744.2
P008557,2023-10-22,bandung,rumah,128.0,70.0,1,2,1,1,24.0,sedang,SHM,6.1,14.5,0,0,1,790.7
P008630,2023-10-22,surabaya,rumah,128.0,75.0,1,2,1,2,24.0,baik,SHM,4.8,20.5,0,0,1,708.5
P009256,2023-10-22,jakarta_barat,rumah,55.0,45.0,2,1,1,1,16.0,baik,HGB,7.8,3.1,1,1,0,1135.6
P001363,2023-10-23,bogor,townhouse,72.0,83.0,2,2,2,1,12.0,baik,SHM,6.5,26.8,0,0,0,607.0
P005088,2023-10-23,bekasi,ruko,68.0,99.0,3,0,1,1,6.0,baik,SHM,7.9,23.8,0,1,0,742.6
P005445,2023-10-23,yogyakarta,rumah,164.0,282.0,2,10,8,2,17.0,perlu_renovasi,HGB,5.2,18.3,0,0,0,1213.5
P005955,2023-10-23,bekasi,rumah,134.0,90.0,1,3,2,2,,baik,SHM,2.5,14.5,1,1,0,1224.7
P008761,2023-10-23,bogor,rumah,269.0,272.0,2,6,4,3,14.0,baik,SHM,3.7,17.2,0,0,0,1916.2
P009371,2023-10-23,semarang,rumah,76.0,56.0,1,1,1,1,25.0,baik,SHM,2.8,12.9,0,0,0,392.6
P000214,2023-10-24,surabaya,ruko,68.0,175.0,4,3,3,2,13.0,baik,HGB,8.2,15.0,0,0,0,1693.7
P000588,2023-10-24,tangerang_selatan,rumah,142.0,214.0,2,7,8,0,18.0,sedang,SHM,6.1,24.4,0,0,0,1339.3
P001154,2023-10-24,jakarta_barat,rumah,315.0,188.0,1,5,5,3,14.0,perlu_renovasi,SHM,3.6,15.8,0,0,0,2733.1
P002071,2023-10-24,surabaya,rumah,69.0,47.0,1,1,1,1,7.0,perlu_renovasi,SHM,2.3,18.2,0,0,0,536.0
P002928,2023-10-24,bogor,rumah,55.0,27.0,1,1,1,1,1.0,sedang,SHM,5.5,4.6,0,0,0,466.5
P002995,2023-10-24,depok,townhouse,53.0,59.0,2,1,1,1,12.0,baik,SHM,4.7,20.7,0,0,0,532.5
P003729,2023-10-24,bandung,rumah,172.0,108.0,1,3,3,3,12.0,baik,HGB,3.2,2.4,0,1,0,1934.2
P003851,2023-10-24,bekasi,rumah,255.0,188.0,1,5,5,2,11.0,baik,SHM,8.1,16.3,0,0,0,2071.7
P007168,2023-10-24,jakarta_barat,ruko,88.0,185.0,3,2,2,0,11.0,baik,HGB,11.2,6.9,1,1,0,2198.6
P007524,2023-10-24,jakarta_barat,rumah,159.0,113.0,1,3,2,1,13.0,sedang,SHM,5.9,10.4,0,0,0,1910.6
P008684,2023-10-24,surabaya,rumah,103.0,78.0,2,3,2,1,26.0,sedang,HGB,4.2,13.7,1,0,0,813.1
P005362,2023-10-25,jakarta_selatan,rumah,89.0,130.0,2,3,3,0,5.0,baik,HGB,8.6,9.6,1,1,1,2598.3
P005473,2023-10-25,yogyakarta,rumah,129.0,137.0,2,4,4,1,3.0,baik,SHM,3.8,13.8,0,0,1,1145.9
P006273,2023-10-25,bogor,rumah,124.0,168.0,2,4,3,1,49.0,sedang,SHM,5.1,5.0,0,0,0,809.5
P007464,2023-10-25,semarang,townhouse,83.0,215.0,3,6,5,2,15.0,sedang,SHM,,6.2,1,0,0,1223.4
P009764,2023-10-25,tangerang_selatan,rumah,109.0,139.0,2,3,2,2,6.0,baik,SHM,5.4,21.9,0,0,0,1295.8
P001116,2023-10-26,jakarta_selatan,rumah,92.0,110.0,2,3,2,2,6.0,baik,SHM,5.2,10.0,0,0,0,1994.3
P004050,2023-10-26,bandung,rumah,494.0,451.0,2,10,7,5,18.0,sedang,SHM,3.1,2.9,1,0,1,4551.3
P004907,2023-10-26,semarang,rumah,115.0,169.0,2,5,4,1,31.0,baik,HGB,3.1,13.7,0,0,0,725.5
P005813,2023-10-26,bandung,rumah,135.0,220.0,2,7,7,2,13.0,baik,SHM,,8.5,0,0,0,2025.5
P007781,2023-10-26,surabaya,rumah,118.0,51.0,1,1,1,1,7.0,sedang,HGB,6.6,6.9,1,1,0,1659.3
P007916,2023-10-26,yogyakarta,townhouse,109.0,102.0,2,3,2,0,15.0,sedang,HGB,6.4,9.5,1,0,0,1052.7
P008087,2023-10-26,yogyakarta,rumah,118.0,43.0,1,1,1,2,,perlu_renovasi,HGB,3.0,6.1,0,0,0,811.9
P001655,2023-10-27,yogyakarta,rumah,159.0,227.0,2,5,5,2,11.0,baik,SHM,3.3,5.8,1,1,1,1630.6
P002285,2023-10-27,jakarta_barat,rumah,109.0,45.0,1,1,1,1,9.0,baik,SHM,4.2,13.7,0,0,0,1142.7
P004225,2023-10-27,jakarta_barat,rumah,99.0,46.0,1,1,1,1,,baik,SHM,6.0,10.2,0,0,0,1409.4
P005869,2023-10-27,jakarta_barat,rumah,166.0,198.0,2,4,4,2,40.0,perlu_renovasi,SHM,5.5,9.7,1,0,0,2244.5
P006590,2023-10-27,depok,ruko,36.0,56.0,3,0,1,0,24.0,baik,HGB,1.5,14.1,0,0,0,372.2
P007532,2023-10-27,jakarta_selatan,rumah,120.0,172.0,2,4,3,1,7.0,sedang,HGB,5.9,14.1,0,1,0,2698.3
P007708,2023-10-27,bekasi,rumah,126.0,93.0,1,2,2,1,22.0,sedang,SHM,10.7,9.0,1,0,0,1326.2
P001613,2023-10-28,surabaya,rumah,159.0,103.0,1,3,2,2,49.0,baik,SHM,8.0,7.3,0,0,0,1665.8
P001661,2023-10-28,jakarta_barat,rumah,103.0,55.0,1,1,1,0,4.0,sedang,SHM,,16.1,1,0,0,908.2
P002946,2023-10-28,bekasi,rumah,231.0,159.0,1,4,4,2,9.0,sedang,SHM,2.3,15.8,0,0,1,1238.8
P003442,2023-10-28,jakarta_barat,rumah,94.0,84.0,2,2,2,0,16.0,baik,HGB,13.8,4.8,1,0,1,1268.3
P005113,2023-10-28,bandung,rumah,140.0,266.0,3,6,4,2,8.0,baik,SHM,10.5,21.8,0,0,0,1591.7
P006844,2023-10-28,tangerang_selatan,townhouse,93.0,107.0,2,3,3,2,6.0,baik,girik_ajb,3.0,17.4,0,0,0,1197.1
P008401,2023-10-28,depok,rumah,153.0,65.0,1,2,2,2,13.0,sedang,HGB,7.1,19.4,0,0,0,771.6
P009221,2023-10-28,yogyakarta,rumah,247.0,317.0,2,9,6,3,3.0,sedang,SHM,4.1,6.2,0,0,0,2718.8
P000642,2023-10-29,surabaya,ruko,100.0,183.0,2,2,1,1,17.0,sedang,HGB,8.1,21.2,0,0,0,1047.3
P001648,2023-10-29,surabaya,rumah,65.0,30.0,1,1,1,1,18.0,sedang,SHM,8.4,10.0,1,0,0,655.6
P007395,2023-10-29,surabaya,rumah,54.0,27.0,1,1,1,1,3.0,baik,HGB,2.2,15.3,0,0,0,376.9
P008585,2023-10-29,surabaya,townhouse,111.0,103.0,2,3,2,1,1.0,baik,SHM,8.2,11.7,0,1,0,1459.8
P000407,2023-10-30,tangerang_selatan,rumah,110.0,126.0,2,4,4,0,19.0,baik,SHM,4.5,20.2,0,0,0,1283.6
P004179,2023-10-30,bandung,ruko,73.0,186.0,4,3,3,0,8.0,baik,SHM,11.5,11.2,0,0,0,1181.9
P005470,2023-10-30,jakarta_selatan,townhouse,65.0,65.0,2,2,1,0,13.0,baik,SHM,4.2,4.9,1,0,0,2035.9
P005896,2023-10-30,surabaya,ruko,159.0,360.0,4,6,5,2,19.0,perlu_renovasi,SHM,9.3,21.1,0,0,1,1473.1
P007334,2023-10-30,bandung,ruko,63.0,75.0,2,0,1,2,11.0,sedang,SHM,10.3,18.8,1,0,0,560.1
P001372,2023-11-02,yogyakarta,rumah,146.0,83.0,1,2,2,1,1.0,baik,HGB,4.9,9.8,1,0,0,1144.7
P003314,2023-11-02,bogor,rumah,95.0,94.0,2,2,1,1,14.0,sedang,SHM,3.6,24.0,0,0,0,488.7
P003349,2023-11-02,surabaya,rumah,216.0,145.0,1,4,4,2,0.0,baik,SHM,4.5,16.1,0,0,0,2006.8
P003463,2023-11-02,jakarta_selatan,rumah,99.0,179.0,3,4,4,2,29.0,baik,SHM,2.9,11.0,1,0,0,1808.8
P003583,2023-11-02,bekasi,rumah,135.0,155.0,2,4,4,1,5.0,baik,SHM,7.5,20.8,0,0,0,1377.4
P005077,2023-11-02,depok,rumah,65.0,91.0,2,2,2,1,21.0,sedang,SHM,3.3,15.4,1,0,0,663.2
P008162,2023-11-02,depok,rumah,170.0,293.0,2,10,7,3,2.0,baik,SHM,4.6,19.3,0,0,0,2409.9
P009220,2023-11-02,jakarta_barat,ruko,55.0,116.0,4,1,1,0,9.0,baik,SHM,5.3,8.6,1,0,0,1374.9
P001483,2023-11-03,bogor,rumah,223.0,209.0,2,7,7,3,8.0,baik,HGB,4.3,6.3,0,0,0,1778.1
P003783,2023-11-03,yogyakarta,rumah,68.0,45.0,1,1,1,1,25.0,sedang,SHM,6.5,15.0,0,0,0,375.4
P006585,2023-11-03,depok,rumah,171.0,175.0,2,5,5,1,18.0,sedang,HGB,6.4,24.6,0,0,1,1080.7
P007349,2023-11-03,tangerang_selatan,ruko,75.0,131.0,2,1,1,1,2.0,baik,SHM,13.7,6.2,0,0,1,1672.0
P007455,2023-11-03,yogyakarta,townhouse,75.0,80.0,2,2,2,2,13.0,sedang,SHM,3.2,6.9,1,0,0,774.4
P007605,2023-11-03,semarang,rumah,129.0,170.0,2,6,6,0,15.0,sedang,SHM,10.1,3.3,1,1,0,1397.4
P008693,2023-11-03,jakarta_selatan,rumah,49.0,31.0,1,1,1,2,1.0,baik,SHM,5.3,12.7,1,0,0,1111.1
P001101,2023-11-04,jakarta_selatan,rumah,220.0,320.0,2,9,7,3,10.0,baik,SHM,2.3,15.7,1,0,0,3713.0
P001705,2023-11-04,depok,rumah,147.0,376.0,3,10,6,1,13.0,sedang,SHM,4.3,5.6,0,1,0,2757.0
P002083,2023-11-04,bandung,townhouse,75.0,77.0,3,2,2,0,15.0,perlu_renovasi,SHM,7.5,8.5,0,1,0,860.5
P004472,2023-11-04,tangerang_selatan,townhouse,89.0,102.0,2,2,2,1,15.0,perlu_renovasi,HGB,2.7,3.4,1,0,1,945.1
P004495,2023-11-04,tangerang_selatan,rumah,213.0,139.0,1,5,5,2,9.0,baik,SHM,4.8,9.1,0,0,0,2235.1
P005363,2023-11-04,jakarta_barat,rumah,170.0,213.0,2,7,6,2,8.0,sedang,SHM,9.4,14.4,1,1,0,2829.9
P005628,2023-11-04,surabaya,townhouse,106.0,97.0,2,3,2,2,14.0,sedang,SHM,3.3,16.4,0,1,0,844.3
P005885,2023-11-04,depok,townhouse,99.0,161.0,3,5,5,2,15.0,sedang,SHM,3.8,17.9,0,0,0,1256.4
P001833,2023-11-05,bekasi,rumah,75.0,55.0,1,1,1,1,3.0,baik,girik_ajb,4.1,18.7,0,0,0,429.9
P004859,2023-11-05,jakarta_selatan,rumah,259.0,582.0,3,10,8,2,18.0,perlu_renovasi,girik_ajb,5.4,5.9,1,0,0,5412.5
P007535,2023-11-05,tangerang_selatan,rumah,75.0,51.0,1,1,1,0,20.0,sedang,SHM,8.6,6.2,0,0,0,992.3
P007602,2023-11-05,yogyakarta,townhouse,70.0,56.0,2,2,2,0,15.0,baik,SHM,6.5,6.3,1,0,0,721.1
P008548,2023-11-05,depok,rumah,50.0,65.0,2,2,1,1,24.0,baik,SHM,2.2,20.8,1,0,0,383.9
P009785,2023-11-05,depok,townhouse,99.0,82.0,2,2,1,0,15.0,sedang,HGB,2.5,4.8,0,1,0,1082.7
P000827,2023-11-06,bogor,townhouse,56.0,94.0,2,3,2,0,,sedang,HGB,3.5,21.6,0,0,0,509.5
P001576,2023-11-06,tangerang_selatan,rumah,197.0,236.0,2,7,5,3,19.0,baik,SHM,4.9,4.5,0,0,0,2867.1
P004626,2023-11-06,bogor,rumah,116.0,171.0,2,5,4,1,29.0,perlu_renovasi,SHM,8.8,8.0,0,1,0,771.7
P007213,2023-11-06,bandung,rumah,216.0,140.0,1,4,4,3,8.0,baik,SHM,6.8,12.1,0,0,0,1996.4
P009851,2023-11-06,tangerang_selatan,rumah,59.0,81.0,2,2,2,1,7.0,baik,HGB,4.2,17.0,0,0,1,792.8
P000308,2023-11-07,bogor,rumah,98.0,101.0,2,3,2,1,10.0,baik,SHM,,6.3,0,0,0,814.4
P000492,2023-11-07,bogor,rumah,161.0,154.0,2,4,3,2,6.0,perlu_renovasi,HGB,3.4,15.2,0,0,0,1105.9
P002802,2023-11-07,depok,rumah,137.0,72.0,1,2,2,2,17.0,sedang,HGB,4.4,17.4,1,0,1,813.3
P003173,2023-11-07,bandung,townhouse,86.0,145.0,2,3,3,1,3.0,baik,SHM,8.9,19.0,0,0,0,1123.6
P003747,2023-11-07,tangerang_selatan,rumah,232.0,175.0,1,4,4,3,25.0,sedang,SHM,5.3,21.9,1,0,0,1625.4
P005943,2023-11-07,jakarta_barat,rumah,258.0,274.0,2,8,6,4,13.0,sedang,HGB,3.0,7.3,0,0,0,3855.9
P006990,2023-11-07,jakarta_selatan,rumah,232.0,189.0,2,5,5,3,20.0,sedang,SHM,4.1,13.6,0,0,0,4444.6
P007054,2023-11-07,bekasi,townhouse,98.0,122.0,2,4,2,0,12.0,baik,SHM,3.8,10.8,0,1,0,1202.4
P009418,2023-11-07,bandung,townhouse,96.0,201.0,3,6,4,1,4.0,baik,HGB,5.5,8.0,0,0,0,1952.5
P000923,2023-11-08,bogor,rumah,216.0,153.0,1,5,5,2,3.0,baik,HGB,7.1,22.4,0,0,0,1274.2
P001336,2023-11-08,surabaya,ruko,49.0,84.0,3,1,1,0,6.0,baik,SHM,11.7,2.8,1,1,0,1136.0
P006608,2023-11-08,tangerang_selatan,rumah,93.0,98.0,2,3,2,1,26.0,sedang,SHM,4.2,9.1,1,1,0,1492.4
P008275,2023-11-08,tangerang_selatan,rumah,196.0,274.0,2,7,4,2,4.0,sedang,HGB,6.4,8.2,0,0,0,3463.2
P008955,2023-11-08,depok,rumah,185.0,153.0,1,3,3,1,1.0,baik,HGB,6.8,17.9,0,0,0,1770.0
P009763,2023-11-08,bandung,rumah,69.0,27.0,1,1,1,1,8.0,sedang,SHM,3.9,13.4,0,0,0,497.0
P000640,2023-11-09,surabaya,rumah,86.0,68.0,2,2,1,2,23.0,perlu_renovasi,SHM,3.6,9.1,0,0,0,774.5
P000717,2023-11-09,depok,rumah,85.0,29.0,1,1,1,1,19.0,sedang,SHM,2.9,14.2,0,0,0,523.9
P003157,2023-11-09,jakarta_selatan,rumah,192.0,145.0,2,3,2,3,8.0,baik,HGB,7.0,8.6,0,0,0,4294.7
P003231,2023-11-09,bekasi,rumah,30.0,21.0,1,1,1,0,,sedang,HGB,5.3,15.3,1,0,0,212.9
P003528,2023-11-09,jakarta_barat,rumah,144.0,63.0,1,2,2,1,11.0,sedang,HGB,7.4,4.8,0,0,0,1903.0
P003742,2023-11-09,jakarta_barat,townhouse,99.0,87.0,2,3,2,1,6.0,baik,HGB,6.1,13.2,0,0,0,1420.0
P005475,2023-11-09,bandung,ruko,59.0,81.0,3,0,1,0,41.0,sedang,SHM,9.9,12.5,0,0,0,499.9
P005504,2023-11-09,bogor,ruko,95.0,158.0,4,2,1,2,32.0,sedang,SHM,14.6,29.9,1,0,0,501.3
P006912,2023-11-09,bogor,ruko,117.0,152.0,2,2,2,1,14.0,perlu_renovasi,HGB,8.9,13.1,0,0,0,1016.6
P001371,2023-11-10,jakarta_selatan,rumah,88.0,116.0,2,3,2,1,24.0,baik,girik_ajb,,4.7,1,1,0,2173.5
P002023,2023-11-10,jakarta_selatan,ruko,55.0,65.0,2,0,1,1,15.0,baik,SHM,16.6,7.2,0,1,1,1864.6
P002348,2023-11-10,surabaya,ruko,75.0,115.0,3,1,1,0,10.0,baik,SHM,3.8,5.6,1,0,0,1515.9
P003500,2023-11-10,surabaya,rumah,77.0,34.0,1,1,1,1,12.0,perlu_renovasi,HGB,6.9,18.3,0,0,0,612.3
P004873,2023-11-10,bandung,townhouse,59.0,46.0,2,2,2,1,15.0,baik,SHM,3.7,19.4,0,0,0,501.3
P005617,2023-11-10,bekasi,rumah,138.0,186.0,2,6,4,1,11.0,baik,SHM,6.3,28.8,0,0,1,1076.4
P007629,2023-11-10,jakarta_selatan,rumah,88.0,55.0,1,1,1,0,10.0,baik,HGB,4.8,17.3,0,0,0,1574.8
P007913,2023-11-10,bekasi,townhouse,79.0,119.0,2,4,4,1,3.0,sedang,SHM,5.2,9.9,0,0,0,1099.5
P007965,2023-11-10,jakarta_barat,rumah,231.0,96.0,1,2,2,4,15.0,sedang,SHM,5.8,10.3,0,0,0,2828.8
P000536,2023-11-11,jakarta_barat,rumah,125.0,73.0,1,2,2,2,11.0,baik,SHM,5.5,8.9,0,0,1,1399.8
P004127,2023-11-11,depok,rumah,59.0,30.0,1,1,1,2,7.0,sedang,SHM,3.5,10.3,0,0,0,492.4
P005705,2023-11-11,depok,rumah,89.0,118.0,2,3,3,0,23.0,sedang,SHM,6.0,16.9,1,0,0,787.1
P008398,2023-11-11,bandung,ruko,47.0,64.0,2,0,1,1,24.0,sedang,HGB,15.6,11.1,0,0,0,487.6
P008791,2023-11-11,semarang,townhouse,101.0,204.0,3,5,5,0,5.0,baik,HGB,3.0,10.8,1,0,1,1153.1
P009113,2023-11-11,depok,ruko,59.0,107.0,2,1,1,1,36.0,perlu_renovasi,HGB,8.0,17.0,0,0,1,390.7
P009206,2023-11-11,surabaya,rumah,144.0,123.0,2,4,3,2,33.0,perlu_renovasi,HGB,5.7,20.1,0,1,0,773.2
P009492,2023-11-11,yogyakarta,rumah,124.0,63.0,1,2,2,1,4.0,baik,girik_ajb,2.2,16.5,1,0,0,572.4
P000074,2023-11-12,tangerang_selatan,rumah,82.0,83.0,2,3,3,2,55.0,sedang,HGB,4.1,20.6,0,0,0,595.4
P000618,2023-11-12,tangerang_selatan,ruko,69.0,112.0,3,1,1,1,9.0,baik,SHM,10.3,17.9,0,0,0,1079.8
P000743,2023-11-12,surabaya,rumah,262.0,143.0,1,4,3,3,17.0,baik,SHM,10.4,2.6,1,1,0,3323.6
P004170,2023-11-12,bekasi,rumah,113.0,39.0,1,1,1,1,19.0,perlu_renovasi,HGB,1.8,24.0,0,0,0,378.9
P004798,2023-11-12,depok,rumah,64.0,79.0,2,2,2,0,3.0,baik,SHM,5.0,5.6,1,0,0,1081.3
P005603,2023-11-12,semarang,townhouse,54.0,72.0,2,2,2,1,5.0,baik,HGB,6.0,14.3,0,0,0,613.1
P005824,2023-11-12,jakarta_barat,ruko,81.0,131.0,3,1,1,2,5.0,baik,HGB,7.8,13.3,0,0,0,1395.5
P006620,2023-11-12,tangerang_selatan,rumah,147.0,63.0,1,2,2,1,18.0,sedang,girik_ajb,4.7,20.1,0,0,0,765.0
P007244,2023-11-12,surabaya,rumah,44.0,51.0,2,1,1,0,7.0,baik,SHM,4.6,17.1,0,0,0,471.1
P007265,2023-11-12,depok,rumah,129.0,91.0,1,3,2,1,7.0,sedang,SHM,5.1,19.3,0,0,0,954.6
P009987,2023-11-12,surabaya,rumah,166.0,267.0,2,7,6,1,4.0,sedang,girik_ajb,3.7,19.9,0,0,0,1594.2
P000756,2023-11-13,tangerang_selatan,rumah,120.0,224.0,3,6,5,1,,baik,SHM,5.3,13.3,0,0,0,2057.1
P002730,2023-11-13,semarang,townhouse,102.0,102.0,2,2,2,1,15.0,baik,SHM,3.9,13.7,0,1,0,707.7
P003872,2023-11-13,jakarta_barat,townhouse,79.0,180.0,3,4,3,1,14.0,perlu_renovasi,SHM,4.3,10.2,1,0,0,1516.2
P003878,2023-11-13,yogyakarta,townhouse,58.0,46.0,2,1,1,0,7.0,baik,HGB,5.6,6.9,0,0,0,619.1
P004033,2023-11-13,bogor,townhouse,94.0,99.0,2,2,2,0,14.0,baik,SHM,3.6,9.4,0,1,0,874.1
P009360,2023-11-13,jakarta_selatan,ruko,59.0,149.0,4,3,2,0,1.0,baik,SHM,5.6,11.3,0,0,0,1977.2
P000553,2023-11-14,jakarta_barat,rumah,73.0,102.0,2,4,4,1,17.0,perlu_renovasi,HGB,3.9,18.8,1,0,0,836.6
P000641,2023-11-14,bandung,townhouse,109.0,161.0,2,6,6,2,14.0,baik,SHM,3.1,16.0,1,0,0,1186.0
P001497,2023-11-14,surabaya,rumah,190.0,92.0,1,2,2,2,25.0,baik,SHM,8.5,2.4,0,0,0,2711.0
P002044,2023-11-14,semarang,rumah,97.0,110.0,2,4,3,2,5.0,sedang,HGB,6.1,3.0,0,1,0,1072.6
P005506,2023-11-14,bekasi,rumah,114.0,77.0,1,2,2,3,20.0,sedang,HGB,2.9,24.5,0,0,0,438.8
P005891,2023-11-14,yogyakarta,ruko,97.0,244.0,4,5,4,0,12.0,baik,HGB,9.6,8.2,0,0,1,1705.8
P006113,2023-11-14,tangerang_selatan,ruko,110.0,159.0,4,2,2,3,13.0,baik,SHM,6.3,20.4,0,0,0,1644.1
P006259,2023-11-14,depok,ruko,99.0,144.0,3,2,2,2,6.0,baik,SHM,12.2,21.1,0,0,1,1004.9
P009335,2023-11-14,bandung,rumah,135.0,127.0,2,5,4,0,32.0,perlu_renovasi,SHM,11.8,17.7,0,0,0,828.9
P009948,2023-11-14,tangerang_selatan,rumah,169.0,113.0,1,3,2,2,8.0,baik,SHM,10.5,4.3,1,1,0,2851.7
P000662,2023-11-15,semarang,rumah,84.0,111.0,2,3,3,2,15.0,sedang,SHM,3.8,14.6,0,0,0,677.4
P001313,2023-11-15,bogor,ruko,73.0,149.0,3,2,2,1,6.0,baik,SHM,10.7,18.1,0,0,0,895.2
P002094,2023-11-15,jakarta_barat,rumah,107.0,134.0,2,4,3,1,7.0,sedang,SHM,6.9,9.7,0,0,0,1685.2
P004157,2023-11-15,semarang,townhouse,95.0,166.0,3,4,4,0,10.0,perlu_renovasi,girik_ajb,3.6,15.4,0,0,0,714.7
P006294,2023-11-15,yogyakarta,rumah,161.0,60.0,1,2,2,2,7.0,baik,HGB,6.4,13.7,0,0,0,1043.6
P006925,2023-11-15,tangerang_selatan,rumah,136.0,71.0,1,2,2,1,14.0,sedang,SHM,5.4,18.9,0,0,0,1014.7
P008512,2023-11-15,depok,rumah,130.0,291.0,3,7,7,1,,baik,girik_ajb,7.2,14.2,0,1,0,1640.7
P008674,2023-11-15,jakarta_barat,ruko,104.0,267.0,3,5,4,1,18.0,baik,SHM,8.3,13.9,1,0,0,2463.4
P009100,2023-11-15,yogyakarta,rumah,116.0,81.0,1,2,1,2,9.0,sedang,HGB,4.7,6.9,0,0,0,1091.0
P003825,2023-11-16,bandung,ruko,88.0,104.0,2,0,1,1,2.0,sedang,SHM,12.4,3.9,1,1,0,1581.0
P006644,2023-11-16,tangerang_selatan,rumah,91.0,32.0,1,1,1,1,27.0,sedang,SHM,4.2,17.7,0,0,0,620.3
P008484,2023-11-16,depok,rumah,153.0,163.0,2,4,4,2,17.0,baik,HGB,4.2,18.0,0,0,0,1160.8
P009475,2023-11-16,bekasi,rumah,164.0,114.0,1,3,2,1,12.0,baik,HGB,12.1,9.2,0,0,0,1533.4
P009820,2023-11-16,semarang,townhouse,78.0,114.0,2,3,2,0,15.0,sedang,SHM,3.8,19.0,0,0,0,639.7
P000399,2023-11-17,bekasi,rumah,202.0,353.0,3,9,6,2,28.0,sedang,SHM,7.3,27.3,0,0,0,1100.9
P000772,2023-11-17,depok,rumah,121.0,127.0,2,4,4,2,,baik,HGB,2.4,9.7,0,1,0,930.6
P001294,2023-11-17,tangerang_selatan,rumah,116.0,37.0,1,1,1,1,15.0,perlu_renovasi,SHM,4.7,15.1,1,0,0,1092.7
P001958,2023-11-17,jakarta_selatan,rumah,84.0,72.0,2,2,2,0,10.0,baik,HGB,4.6,4.1,0,0,0,2126.7
P003007,2023-11-17,bogor,townhouse,106.0,128.0,2,4,4,1,15.0,baik,SHM,4.1,18.8,0,0,0,827.7
P003495,2023-11-17,jakarta_barat,rumah,188.0,97.0,1,3,2,1,8.0,baik,SHM,4.7,13.5,1,1,0,2397.4
P009878,2023-11-17,surabaya,rumah,200.0,184.0,2,4,4,2,26.0,baik,HGB,3.7,16.7,0,0,0,1419.6
P000385,2023-11-18,bekasi,rumah,208.0,153.0,1,4,4,2,13.0,sedang,SHM,4.6,23.6,0,0,1,1018.2
P001272,2023-11-18,bekasi,ruko,68.0,125.0,4,1,1,1,8.0,sedang,SHM,8.7,11.6,0,1,1,871.4
P001665,2023-11-18,semarang,rumah,153.0,105.0,1,3,3,2,10.0,baik,SHM,3.9,15.0,0,0,1,799.8
P002339,2023-11-18,depok,rumah,153.0,113.0,1,3,3,2,4.0,sedang,HGB,7.4,19.0,0,0,0,1228.3
P007803,2023-11-18,bekasi,rumah,123.0,67.0,1,2,2,2,24.0,sedang,HGB,4.8,14.5,1,0,0,815.8
P007812,2023-11-18,bogor,rumah,83.0,66.0,1,2,1,1,37.0,perlu_renovasi,HGB,3.9,26.7,0,0,0,243.6
P000004,2023-11-19,bandung,rumah,89.0,136.0,3,4,4,0,60.0,sedang,SHM,2.9,2.7,1,1,0,841.4
P000774,2023-11-19,surabaya,ruko,74.0,114.0,2,2,2,1,2.0,baik,SHM,2.9,15.5,0,0,0,929.3
P004125,2023-11-19,yogyakarta,townhouse,90.0,115.0,2,3,2,0,3.0,baik,SHM,9.1,13.5,1,0,0,1354.3
P005802,2023-11-19,bogor,rumah,114.0,96.0,1,2,2,2,8.0,baik,SHM,6.2,18.3,0,0,0,861.8
P008108,2023-11-19,surabaya,rumah,202.0,357.0,3,9,6,2,14.0,baik,SHM,7.7,12.3,0,0,0,2607.8
P000040,2023-11-20,bandung,rumah,286.0,381.0,2,10,8,3,6.0,sedang,SHM,4.6,12.7,0,1,0,2982.3
P001358,2023-11-20,bekasi,rumah,142.0,112.0,1,3,2,2,11.0,sedang,HGB,3.9,27.9,0,0,0,805.9
P002144,2023-11-20,surabaya,rumah,107.0,71.0,1,2,2,2,,sedang,girik_ajb,2.7,5.5,1,0,0,1070.0
P002365,2023-11-20,bandung,rumah,59.0,35.0,1,1,1,1,8.0,baik,SHM,1.5,21.8,0,0,0,325.4
P003111,2023-11-20,tangerang_selatan,rumah,219.0,309.0,2,7,4,4,2.0,baik,HGB,7.5,12.1,1,0,0,3899.4
P003681,2023-11-20,bandung,ruko,73.0,109.0,3,2,1,1,13.0,sedang,SHM,10.7,5.5,0,1,0,1225.7
P004661,2023-11-20,bandung,rumah,95.0,58.0,1,1,1,2,30.0,baik,SHM,6.7,14.9,0,1,0,965.5
P007637,2023-11-20,depok,rumah,161.0,208.0,2,6,6,1,23.0,baik,HGB,3.8,7.3,0,0,0,1666.3
P009226,2023-11-20,surabaya,ruko,98.0,160.0,4,2,2,1,9.0,baik,HGB,3.2,15.3,0,0,0,1341.5
P000800,2023-11-21,bandung,rumah,99.0,120.0,2,3,3,1,47.0,baik,SHM,6.6,19.4,1,0,0,594.6
P001472,2023-11-21,jakarta_barat,rumah,52.0,21.0,1,1,1,1,5.0,baik,SHM,3.1,8.8,1,1,0,786.5
P004055,2023-11-21,surabaya,ruko,58.0,100.0,3,1,1,0,4.0,baik,SHM,8.7,11.1,0,1,0,972.8
P004422,2023-11-21,jakarta_barat,ruko,96.0,129.0,2,1,1,1,6.0,baik,SHM,7.3,12.6,0,0,0,1835.6
P005485,2023-11-21,semarang,rumah,132.0,67.0,1,2,1,1,6.0,baik,SHM,3.6,3.8,0,0,0,1101.3
P008897,2023-11-21,tangerang_selatan,rumah,91.0,127.0,2,3,3,1,40.0,sedang,HGB,6.9,19.2,0,0,0,740.4
P009364,2023-11-21,depok,ruko,160.0,157.0,3,2,2,1,1.0,sedang,HGB,8.9,8.1,0,0,0,2067.5
P000005,2023-11-22,jakarta_selatan,rumah,137.0,370.0,3,9,6,1,19.0,sedang,SHM,2.8,6.9,1,0,0,3386.9
P003889,2023-11-22,semarang,rumah,61.0,25.0,1,1,1,0,6.0,sedang,SHM,4.2,14.5,0,0,0,322.6
P004852,2023-11-22,bandung,rumah,125.0,96.0,2,3,3,2,10.0,baik,SHM,2.4,16.9,1,1,0,1063.3
P008735,2023-11-22,surabaya,townhouse,78.0,63.0,2,2,2,1,13.0,perlu_renovasi,SHM,6.1,23.2,0,0,0,467.9
P008862,2023-11-22,bekasi,rumah,170.0,257.0,2,7,6,3,17.0,sedang,SHM,7.4,6.8,0,1,0,2124.2
P003584,2023-11-23,bandung,rumah,144.0,239.0,2,7,6,2,14.0,sedang,SHM,5.0,14.8,0,0,0,1588.3
P006324,2023-11-23,jakarta_selatan,rumah,164.0,167.0,2,5,4,1,2.0,sedang,SHM,2.8,11.8,1,0,0,3069.2
P006568,2023-11-23,depok,ruko,54.0,73.0,3,0,1,1,13.0,baik,SHM,15.7,14.3,0,0,1,655.2
P008420,2023-11-23,jakarta_selatan,rumah,93.0,45.0,1,1,1,0,13.0,sedang,SHM,4.8,3.6,1,0,0,2590.4
P009921,2023-11-23,jakarta_barat,rumah,117.0,93.0,2,2,1,1,3.0,sedang,SHM,7.5,4.3,0,0,0,2037.2
P000340,2023-11-24,yogyakarta,rumah,88.0,46.0,1,1,1,0,36.0,perlu_renovasi,SHM,4.9,14.9,0,0,0,379.6
P000645,2023-11-24,bogor,townhouse,79.0,146.0,3,4,4,1,1.0,sedang,SHM,4.4,20.2,0,0,0,969.0
P000959,2023-11-24,depok,rumah,108.0,143.0,2,3,2,1,23.0,baik,SHM,5.8,13.8,0,0,0,1124.0
P002232,2023-11-24,bandung,rumah,178.0,144.0,1,4,4,2,13.0,sedang,HGB,3.9,20.5,1,0,0,1242.5
P002568,2023-11-24,jakarta_selatan,rumah,149.0,284.0,3,7,7,2,13.0,baik,SHM,4.2,7.6,0,0,0,4378.9
P003876,2023-11-24,bekasi,ruko,102.0,206.0,4,4,4,0,21.0,perlu_renovasi,HGB,8.2,10.5,1,0,0,1340.4
P005576,2023-11-24,jakarta_barat,rumah,153.0,181.0,2,4,3,2,18.0,baik,SHM,4.5,8.2,1,0,1,2008.3
P005764,2023-11-24,yogyakarta,rumah,160.0,342.0,3,10,8,1,3.0,baik,SHM,4.0,11.2,0,0,0,2352.9
P008407,2023-11-24,jakarta_barat,townhouse,52.0,41.0,2,1,1,0,13.0,baik,HGB,8.3,9.4,0,0,0,791.4
P009619,2023-11-24,bogor,townhouse,120.0,202.0,2,6,5,2,9.0,baik,SHM,7.7,9.6,0,0,0,2018.9
P000452,2023-11-25,semarang,rumah,102.0,102.0,2,3,3,0,9.0,baik,SHM,10.9,18.1,0,0,0,865.0
P000760,2023-11-25,bekasi,rumah,151.0,153.0,2,4,4,2,7.0,sedang,SHM,6.5,27.3,1,0,0,1024.2
P001056,2023-11-25,bandung,rumah,197.0,524.0,3,10,7,2,,baik,SHM,10.0,16.8,0,1,0,2676.3
P001638,2023-11-25,semarang,townhouse,59.0,84.0,2,2,2,0,15.0,baik,SHM,,14.8,0,0,0,564.3
P001998,2023-11-25,tangerang_selatan,rumah,263.0,284.0,2,6,4,3,,sedang,SHM,7.2,11.9,1,1,0,3106.6
P006168,2023-11-25,bekasi,rumah,76.0,124.0,2,4,4,1,23.0,baik,SHM,2.8,24.7,0,0,0,709.6
P008145,2023-11-25,bogor,rumah,148.0,286.0,3,10,8,1,21.0,baik,SHM,3.8,24.3,0,0,1,1261.8
P008169,2023-11-25,jakarta_barat,rumah,92.0,137.0,2,3,3,1,35.0,sedang,SHM,9.1,16.8,0,0,0,943.6
P009468,2023-11-25,bogor,rumah,257.0,434.0,3,10,8,2,9.0,baik,HGB,7.2,29.1,0,0,0,2249.8
P009564,2023-11-25,bogor,rumah,243.0,133.0,1,4,3,2,12.0,sedang,SHM,9.6,15.7,0,0,0,1304.2
P000909,2023-11-26,tangerang_selatan,rumah,201.0,320.0,2,8,7,3,15.0,sedang,SHM,3.8,20.8,0,0,0,2167.3
P001612,2023-11-26,surabaya,rumah,135.0,110.0,2,3,2,2,3.0,sedang,HGB,5.5,14.0,0,0,0,1465.3
P003235,2023-11-26,jakarta_barat,townhouse,76.0,73.0,2,2,2,1,,baik,SHM,4.9,15.7,0,0,0,938.8
P003798,2023-11-26,surabaya,rumah,249.0,246.0,2,6,4,2,4.0,sedang,SHM,7.5,11.0,0,0,0,3331.7
P003953,2023-11-26,yogyakarta,rumah,109.0,98.0,2,3,3,1,9.0,baik,SHM,3.7,18.2,1,0,0,830.5
P004069,2023-11-26,semarang,rumah,85.0,85.0,2,3,3,2,9.0,baik,SHM,5.6,13.6,1,0,0,722.1
P004372,2023-11-26,jakarta_selatan,rumah,104.0,60.0,1,2,2,1,11.0,baik,SHM,10.5,7.5,0,0,0,2502.7
P004904,2023-11-26,semarang,townhouse,61.0,96.0,2,3,3,1,12.0,baik,SHM,3.7,8.7,1,0,0,785.5
P005055,2023-11-26,surabaya,rumah,68.0,73.0,2,2,1,0,4.0,sedang,SHM,4.4,21.7,0,0,0,708.0
P007536,2023-11-26,yogyakarta,rumah,173.0,199.0,2,5,4,1,12.0,baik,SHM,5.5,15.7,0,0,0,1620.6
P000038,2023-11-27,depok,rumah,243.0,466.0,3,10,7,2,31.0,sedang,SHM,6.3,16.7,0,0,0,2306.9
P001668,2023-11-27,tangerang_selatan,townhouse,71.0,84.0,2,3,2,1,13.0,baik,SHM,6.5,22.6,0,0,0,862.2
P002369,2023-11-27,bekasi,rumah,83.0,109.0,2,2,2,1,16.0,sedang,HGB,,17.6,1,0,0,753.2
P002481,2023-11-27,depok,ruko,62.0,57.0,2,0,1,1,7.0,baik,SHM,12.7,21.9,1,0,1,537.0
P003325,2023-11-27,bogor,rumah,86.0,61.0,1,2,1,1,30.0,perlu_renovasi,SHM,4.3,20.8,0,1,0,377.8
P003870,2023-11-27,bekasi,rumah,50.0,50.0,2,1,1,0,4.0,sedang,girik_ajb,,27.6,0,0,0,294.0
P004331,2023-11-27,jakarta_selatan,rumah,88.0,66.0,2,2,2,0,0.0,baik,girik_ajb,7.8,5.7,1,0,0,2243.0
P004637,2023-11-27,tangerang_selatan,rumah,134.0,93.0,2,3,3,2,28.0,perlu_renovasi,SHM,5.1,19.2,0,0,0,1033.0
P008167,2023-11-27,bandung,rumah,108.0,100.0,2,2,2,0,8.0,baik,SHM,6.4,21.4,0,0,0,773.9
P000179,2023-11-28,semarang,rumah,136.0,156.0,2,5,5,1,21.0,sedang,SHM,7.8,6.8,1,0,0,1208.0
P000223,2023-11-28,bandung,rumah,144.0,102.0,1,3,3,1,6.0,baik,SHM,2.8,15.3,0,0,0,888.4
P001192,2023-11-28,bekasi,rumah,117.0,107.0,2,4,3,1,9.0,baik,HGB,2.4,6.2,0,1,0,1133.9
P005241,2023-11-28,jakarta_barat,ruko,103.0,168.0,2,4,3,1,11.0,baik,SHM,4.1,13.3,1,0,0,1929.6
P005476,2023-11-28,jakarta_barat,rumah,150.0,211.0,2,6,4,2,5.0,sedang,SHM,3.1,12.1,0,0,0,2269.6
P005844,2023-11-28,depok,rumah,187.0,73.0,1,2,1,2,16.0,baik,HGB,3.0,4.8,1,1,0,1973.6
P007426,2023-11-28,jakarta_barat,rumah,109.0,70.0,1,2,1,2,6.0,sedang,HGB,7.5,18.8,0,1,0,1031.8
P009148,2023-11-28,bekasi,rumah,121.0,101.0,1,2,2,1,22.0,sedang,SHM,7.1,26.0,0,0,1,611.6
P001568,2023-11-29,jakarta_selatan,rumah,236.0,212.0,2,6,5,3,21.0,sedang,HGB,2.3,13.7,0,0,0,3861.8
P002473,2023-11-29,bandung,rumah,107.0,198.0,2,7,7,2,33.0,sedang,SHM,4.2,6.3,0,0,0,1148.8
P003665,2023-11-29,tangerang_selatan,rumah,137.0,51.0,1,1,1,2,20.0,sedang,SHM,,20.2,0,0,0,957.7
P006668,2023-11-29,depok,townhouse,74.0,135.0,2,5,5,1,6.0,baik,SHM,5.5,17.3,0,0,0,930.8
P000136,2023-12-03,jakarta_selatan,rumah,204.0,76.0,1,2,2,2,,baik,HGB,2.3,5.4,0,0,0,3442.3
P004874,2023-12-03,bogor,rumah,85.0,117.0,2,3,3,1,16.0,baik,HGB,5.5,18.6,1,0,0,796.0
P006126,2023-12-03,tangerang_selatan,rumah,159.0,111.0,1,3,3,2,3.0,baik,HGB,3.2,20.4,0,0,0,1309.8
P007459,2023-12-03,jakarta_selatan,rumah,122.0,126.0,2,3,3,2,4.0,baik,SHM,1.6,12.6,0,0,0,2470.4
P008270,2023-12-03,tangerang_selatan,ruko,52.0,49.0,2,0,1,1,8.0,baik,SHM,10.3,18.0,0,0,0,678.4
P003782,2023-12-04,surabaya,rumah,56.0,93.0,2,3,3,1,12.0,baik,SHM,4.3,24.7,0,0,0,702.5
P004630,2023-12-04,tangerang_selatan,rumah,82.0,93.0,2,3,2,1,15.0,sedang,SHM,5.6,13.3,0,1,0,1089.8
P006056,2023-12-04,jakarta_selatan,rumah,128.0,108.0,1,3,2,1,9.0,sedang,SHM,15.1,17.4,0,0,0,2431.3
P006283,2023-12-04,bekasi,townhouse,72.0,162.0,3,4,4,1,,sedang,HGB,7.0,11.3,1,0,0,1355.4
P006387,2023-12-04,tangerang_selatan,townhouse,82.0,126.0,2,4,4,2,9.0,sedang,HGB,2.6,7.4,0,1,1,990.6
P008580,2023-12-04,jakarta_barat,rumah,137.0,170.0,2,4,4,1,4.0,baik,SHM,5.7,8.7,0,0,0,2023.3
P000597,2023-12-05,bandung,ruko,40.0,116.0,4,1,1,1,11.0,baik,girik_ajb,5.2,6.6,0,0,1,636.8
P002406,2023-12-05,tangerang_selatan,townhouse,88.0,109.0,2,3,3,0,9.0,baik,SHM,5.6,19.0,1,0,1,1129.0
P002836,2023-12-05,bogor,rumah,79.0,40.0,1,1,1,1,5.0,baik,HGB,4.7,6.4,0,0,0,535.2
P004781,2023-12-05,tangerang_selatan,rumah,105.0,79.0,1,2,2,1,19.0,baik,SHM,7.2,15.2,1,0,0,1082.7
P008669,2023-12-05,bogor,rumah,113.0,55.0,1,1,1,1,4.0,baik,SHM,6.9,19.2,0,0,0,670.4
P009044,2023-12-05,bogor,rumah,149.0,128.0,2,3,3,2,6.0,sedang,girik_ajb,6.3,15.1,1,0,0,907.9
P009581,2023-12-05,bandung,rumah,103.0,39.0,1,1,1,1,9.0,sedang,SHM,,6.3,0,0,0,824.6
P002362,2023-12-06,jakarta_selatan,ruko,87.0,159.0,3,2,1,1,13.0,sedang,girik_ajb,10.9,10.5,1,1,0,2629.2
P002528,2023-12-06,semarang,rumah,241.0,441.0,3,10,7,3,25.0,sedang,SHM,4.9,2.2,1,1,0,2930.5
P002985,2023-12-06,jakarta_selatan,ruko,60.0,59.0,3,0,1,1,,sedang,HGB,2.8,8.3,0,0,0,1460.4
P004808,2023-12-06,bogor,rumah,153.0,105.0,1,3,3,2,,perlu_renovasi,HGB,6.0,3.2,1,0,0,963.3
P004924,2023-12-06,semarang,rumah,57.0,80.0,2,3,3,0,9.0,baik,SHM,4.2,6.3,0,0,0,519.5
P005878,2023-12-06,jakarta_barat,rumah,136.0,69.0,1,2,1,1,23.0,baik,SHM,4.5,19.8,0,0,0,1096.7
P006850,2023-12-06,yogyakarta,rumah,91.0,61.0,1,2,1,2,35.0,perlu_renovasi,SHM,4.2,9.3,0,1,0,589.1
P002549,2023-12-07,tangerang_selatan,ruko,69.0,187.0,4,3,3,0,,baik,HGB,9.6,4.8,0,0,0,1615.8
P003133,2023-12-07,jakarta_selatan,rumah,105.0,89.0,2,3,3,2,10.0,baik,SHM,5.4,7.5,0,0,0,2740.7
P003573,2023-12-07,tangerang_selatan,townhouse,78.0,97.0,2,2,2,1,7.0,baik,HGB,9.9,24.1,0,0,0,984.5
P005165,2023-12-07,bogor,ruko,53.0,88.0,3,1,1,0,7.0,baik,SHM,12.7,16.7,0,0,0,617.4
P006189,2023-12-07,bogor,rumah,51.0,35.0,1,1,1,1,7.0,baik,SHM,2.3,28.6,0,0,1,215.5
P006856,2023-12-07,tangerang_selatan,rumah,168.0,90.0,1,2,2,0,3.0,baik,SHM,4.6,11.7,0,0,0,1862.0
P007687,2023-12-07,depok,townhouse,133.0,220.0,2,7,6,1,11.0,baik,HGB,3.5,8.8,0,0,0,1888.3
P008486,2023-12-07,surabaya,rumah,62.0,83.0,2,3,3,1,12.0,baik,SHM,6.0,10.0,1,1,0,1062.9
P001295,2023-12-08,tangerang_selatan,rumah,111.0,111.0,2,3,3,2,8.0,baik,SHM,4.5,13.8,1,0,0,1172.1
P003319,2023-12-08,jakarta_selatan,rumah,143.0,319.0,3,9,5,2,45.0,sedang,SHM,3.1,14.2,1,0,0,2336.6
P003620,2023-12-08,yogyakarta,townhouse,59.0,63.0,2,2,2,0,15.0,baik,SHM,4.9,14.7,0,0,0,476.8
P004842,2023-12-08,bekasi,rumah,91.0,130.0,2,4,3,1,23.0,sedang,SHM,6.3,14.2,0,0,1,661.5
P005602,2023-12-08,jakarta_selatan,rumah,140.0,73.0,1,2,2,1,9.0,baik,SHM,7.4,5.5,0,0,0,3876.0
P005622,2023-12-08,tangerang_selatan,rumah,53.0,86.0,2,2,1,2,11.0,sedang,SHM,7.6,12.0,1,0,0,903.3
P006206,2023-12-08,bandung,rumah,40.0,52.0,2,1,1,1,7.0,sedang,SHM,6.4,12.6,1,0,0,452.7
P007798,2023-12-08,semarang,rumah,49.0,78.0,2,2,1,1,6.0,perlu_renovasi,SHM,6.8,8.6,0,0,0,386.7
P009638,2023-12-08,surabaya,rumah,110.0,50.0,1,1,1,2,15.0,sedang,HGB,4.1,21.9,0,0,0,688.8
P001280,2023-12-09,bogor,townhouse,97.0,137.0,2,3,3,1,15.0,baik,SHM,3.5,11.3,1,0,0,994.1
P001989,2023-12-09,yogyakarta,rumah,78.0,61.0,1,2,2,0,3.0,sedang,HGB,5.4,18.9,0,0,0,580.6
P002279,2023-12-10,surabaya,rumah,142.0,77.0,1,2,2,1,8.0,baik,SHM,6.3,14.2,1,1,0,1483.0
P002924,2023-12-10,bandung,rumah,143.0,91.0,1,2,1,2,4.0,baik,HGB,7.0,6.1,0,1,0,1916.2
P002940,2023-12-10,jakarta_selatan,rumah,42.0,21.0,1,1,1,1,28.0,baik,HGB,3.1,7.6,1,0,1,873.7
P005791,2023-12-10,surabaya,townhouse,99.0,131.0,2,3,3,2,11.0,sedang,SHM,4.1,18.4,0,0,0,1029.8
P007290,2023-12-10,jakarta_barat,rumah,105.0,92.0,1,3,3,2,16.0,sedang,SHM,6.5,12.0,0,0,0,1345.0
P008756,2023-12-10,tangerang_selatan,rumah,183.0,266.0,2,6,4,2,10.0,baik,SHM,3.3,17.2,1,0,1,2783.8
P009595,2023-12-10,depok,rumah,110.0,46.0,1,1,1,2,24.0,sedang,SHM,5.5,15.2,1,0,0,696.1
P002878,2023-12-11,bekasi,rumah,128.0,79.0,1,2,1,1,16.0,sedang,SHM,4.0,7.9,0,1,0,1211.6
P003777,2023-12-11,bandung,rumah,93.0,31.0,1,1,1,1,15.0,sedang,SHM,4.2,10.7,0,0,1,612.7
P004136,2023-12-11,jakarta_selatan,rumah,87.0,120.0,2,3,3,2,9.0,baik,SHM,5.3,9.7,1,0,0,2320.3
P006098,2023-12-11,depok,rumah,155.0,174.0,2,4,4,0,9.0,baik,SHM,4.6,4.8,1,0,0,1889.6
P000735,2023-12-12,jakarta_selatan,rumah,84.0,46.0,1,2,2,1,,sedang,SHM,3.6,6.1,0,0,0,2042.5
P001149,2023-12-12,depok,rumah,122.0,129.0,2,3,3,1,11.0,baik,SHM,4.0,5.4,0,1,0,1485.7
P002566,2023-12-12,bekasi,rumah,52.0,31.0,1,1,1,0,17.0,sedang,SHM,4.0,8.3,0,0,0,404.3
P006165,2023-12-12,semarang,rumah,86.0,40.0,1,1,1,0,51.0,sedang,HGB,3.3,3.5,1,1,1,435.2
P008192,2023-12-12,surabaya,rumah,112.0,45.0,1,1,1,2,7.0,baik,SHM,5.8,4.3,1,1,0,1572.0
P000577,2023-12-13,semarang,rumah,101.0,116.0,2,3,2,1,18.0,perlu_renovasi,SHM,3.9,15.9,0,0,1,562.2
P001845,2023-12-13,jakarta_barat,townhouse,66.0,82.0,2,2,2,0,10.0,sedang,SHM,6.2,10.7,0,0,0,1156.1
P001866,2023-12-13,surabaya,rumah,99.0,150.0,2,4,4,1,15.0,baik,SHM,10.4,15.3,1,0,0,1154.8
P006403,2023-12-13,jakarta_selatan,rumah,79.0,37.0,1,1,1,1,9.0,baik,SHM,6.5,15.1,1,0,0,1556.4
P007044,2023-12-13,tangerang_selatan,rumah,83.0,53.0,1,1,1,2,,baik,SHM,1.5,3.9,0,0,0,1117.1
P008794,2023-12-13,bandung,townhouse,37.0,36.0,2,1,1,2,11.0,sedang,HGB,7.2,21.9,0,0,0,310.3
P009401,2023-12-13,bandung,rumah,129.0,196.0,2,5,4,1,15.0,sedang,SHM,7.7,15.1,0,0,0,1395.9
P001784,2023-12-14,jakarta_barat,townhouse,124.0,159.0,2,5,5,2,15.0,sedang,SHM,8.4,14.9,0,0,1,1546.1
P006923,2023-12-14,bekasi,rumah,190.0,208.0,2,5,4,3,,sedang,HGB,3.2,25.1,0,0,0,1215.8
P009008,2023-12-14,depok,ruko,80.0,102.0,2,0,1,0,9.0,sedang,SHM,10.0,15.9,0,0,0,997.0
P000682,2023-12-15,jakarta_barat,townhouse,71.0,146.0,3,4,4,1,11.0,baik,SHM,9.9,17.1,0,0,0,1166.4
P001428,2023-12-15,jakarta_selatan,townhouse,103.0,79.0,2,2,2,1,11.0,baik,HGB,4.8,4.5,0,0,0,2556.1
P003716,2023-12-15,surabaya,rumah,157.0,237.0,2,6,5,2,28.0,sedang,SHM,5.8,5.5,1,0,0,2460.6
P004615,2023-12-15,tangerang_selatan,ruko,63.0,54.0,2,0,1,1,9.0,sedang,SHM,14.8,21.0,0,0,0,756.1
P005053,2023-12-15,depok,rumah,91.0,66.0,1,2,2,1,36.0,sedang,SHM,4.6,14.4,0,0,1,609.7
P001434,2023-12-16,jakarta_barat,rumah,165.0,276.0,2,9,7,2,15.0,sedang,SHM,5.9,17.4,1,1,0,2639.7
P001904,2023-12-16,jakarta_barat,ruko,56.0,72.0,2,0,1,1,9.0,baik,HGB,3.1,7.8,0,1,0,1057.7
P002314,2023-12-16,jakarta_barat,townhouse,87.0,135.0,2,3,2,1,15.0,perlu_renovasi,HGB,3.6,11.2,1,0,1,983.7
P002332,2023-12-16,bekasi,rumah,88.0,143.0,3,3,3,1,3.0,baik,SHM,4.8,20.3,1,0,0,1173.9
P003278,2023-12-16,depok,townhouse,70.0,104.0,2,3,3,0,2.0,baik,HGB,8.6,24.5,0,0,0,806.9
P005514,2023-12-16,tangerang_selatan,rumah,61.0,37.0,1,1,1,1,18.0,baik,SHM,6.0,11.2,1,0,0,779.6
P005537,2023-12-16,tangerang_selatan,rumah,203.0,183.0,2,5,4,3,25.0,sedang,girik_ajb,2.1,14.4,1,0,0,1473.0
P005566,2023-12-16,tangerang_selatan,rumah,144.0,174.0,2,6,4,1,29.0,perlu_renovasi,SHM,3.2,21.1,1,0,0,1025.7
P005620,2023-12-16,jakarta_selatan,rumah,39.0,54.0,2,1,1,0,39.0,baik,SHM,4.0,6.9,0,0,0,942.8
P007394,2023-12-16,bandung,ruko,111.0,203.0,2,3,2,3,15.0,sedang,girik_ajb,12.7,2.6,0,0,0,1865.2
P007579,2023-12-16,jakarta_selatan,rumah,87.0,110.0,2,3,2,2,22.0,baik,SHM,5.4,11.9,0,0,0,2033.0
P009598,2023-12-16,tangerang_selatan,ruko,79.0,133.0,3,2,2,0,15.0,baik,SHM,8.1,8.5,0,0,0,1463.0
P000220,2023-12-17,bekasi,ruko,40.0,81.0,3,0,1,1,25.0,baik,SHM,7.9,21.9,0,0,1,425.9
P001348,2023-12-17,bekasi,ruko,90.0,195.0,3,4,3,1,7.0,baik,SHM,7.7,4.5,0,0,1,1630.7
P002084,2023-12-17,jakarta_barat,rumah,78.0,63.0,1,2,2,1,3.0,sedang,SHM,4.1,14.5,0,0,0,1021.3
P002638,2023-12-17,jakarta_barat,rumah,116.0,99.0,2,3,2,2,9.0,sedang,SHM,9.0,16.4,0,1,0,1576.3
P002823,2023-12-17,jakarta_selatan,rumah,86.0,38.0,1,1,1,1,7.0,sedang,SHM,6.9,3.0,1,1,0,2440.0
P005465,2023-12-17,jakarta_selatan,rumah,90.0,118.0,2,3,3,1,4.0,baik,SHM,4.9,15.1,0,0,0,2151.9
P005555,2023-12-17,bandung,rumah,220.0,166.0,1,5,5,3,11.0,sedang,SHM,4.1,15.6,0,1,0,1990.2
P007214,2023-12-17,bogor,townhouse,78.0,103.0,2,3,3,2,15.0,sedang,SHM,3.3,28.6,0,0,0,511.7
P002014,2023-12-18,bekasi,rumah,128.0,50.0,1,1,1,1,6.0,baik,SHM,4.0,4.6,0,1,0,1182.8
P002748,2023-12-18,jakarta_barat,rumah,183.0,87.0,1,2,2,4,29.0,baik,SHM,8.0,8.8,0,1,0,2638.6
P002795,2023-12-18,surabaya,rumah,130.0,90.0,1,3,3,1,11.0,sedang,SHM,7.1,6.5,1,0,0,1911.2
P005168,2023-12-18,bandung,rumah,191.0,82.0,1,2,2,2,33.0,perlu_renovasi,SHM,4.7,15.0,1,0,0,1181.6
P005578,2023-12-18,bandung,rumah,134.0,64.0,1,2,2,1,1.0,baik,SHM,5.4,2.9,1,1,0,1657.6
P006133,2023-12-18,bandung,townhouse,95.0,173.0,2,4,4,2,11.0,baik,SHM,3.5,8.8,1,0,0,1641.0
P009668,2023-12-18,yogyakarta,rumah,59.0,28.0,1,1,1,0,23.0,baik,girik_ajb,5.2,7.5,0,0,0,355.7
P001671,2023-12-19,tangerang_selatan,rumah,84.0,98.0,2,3,2,0,12.0,baik,girik_ajb,5.0,12.7,0,0,0,1100.9
P003256,2023-12-19,surabaya,rumah,116.0,83.0,1,2,2,2,10.0,baik,SHM,9.1,2.4,0,1,0,2113.0
P003526,2023-12-19,bekasi,rumah,96.0,41.0,1,1,1,2,5.0,sedang,HGB,6.0,5.7,0,0,0,884.2
P003554,2023-12-19,depok,rumah,93.0,62.0,1,2,2,2,15.0,sedang,SHM,7.3,24.3,0,0,0,539.0
P003933,2023-12-19,depok,rumah,93.0,86.0,2,3,3,1,30.0,perlu_renovasi,HGB,5.4,15.8,0,0,0,512.0
P006983,2023-12-19,tangerang_selatan,rumah,159.0,199.0,2,6,4,2,18.0,sedang,SHM,,6.4,0,0,0,2138.1
P008403,2023-12-19,bogor,townhouse,102.0,156.0,2,5,3,1,13.0,sedang,SHM,8.3,5.8,1,1,1,1231.6
P009691,2023-12-19,bekasi,rumah,286.0,506.0,2,10,8,4,3.0,baik,girik_ajb,6.1,20.3,0,0,0,3304.3
P002386,2023-12-20,surabaya,rumah,147.0,231.0,2,6,5,2,8.0,sedang,SHM,4.2,10.8,0,1,0,2185.0
P004728,2023-12-20,tangerang_selatan,ruko,86.0,173.0,3,3,3,1,9.0,baik,HGB,6.8,5.5,0,1,1,1882.8
P004969,2023-12-20,jakarta_selatan,townhouse,85.0,74.0,2,3,3,0,15.0,baik,SHM,6.1,14.8,0,0,0,1675.7
P005698,2023-12-20,semarang,townhouse,126.0,122.0,2,3,3,2,15.0,baik,girik_ajb,11.3,2.3,0,1,0,1163.1
P008080,2023-12-20,yogyakarta,ruko,91.0,223.0,3,4,3,1,13.0,sedang,SHM,9.8,19.8,1,0,0,1257.7
P009430,2023-12-20,surabaya,rumah,156.0,91.0,1,3,3,1,6.0,baik,SHM,5.4,24.4,0,0,0,989.2
P001868,2023-12-21,jakarta_barat,townhouse,82.0,82.0,2,2,2,1,2.0,baik,SHM,3.9,16.3,1,0,0,1171.4
P003077,2023-12-21,tangerang_selatan,townhouse,104.0,112.0,2,4,3,2,4.0,baik,SHM,5.0,13.8,1,1,0,1395.9
P003336,2023-12-21,bekasi,rumah,123.0,61.0,1,1,1,1,2.0,sedang,SHM,7.5,13.3,0,0,0,908.3
P003360,2023-12-21,bandung,rumah,443.0,614.0,2,10,8,5,8.0,baik,HGB,5.2,3.8,0,0,0,6141.6
P007299,2023-12-21,semarang,rumah,231.0,341.0,2,10,8,3,2.0,baik,SHM,6.9,7.0,1,0,0,2684.2
P008784,2023-12-21,tangerang_selatan,rumah,528.0,876.0,3,10,8,5,12.0,baik,HGB,3.9,4.2,0,1,0,9551.8
P009136,2023-12-21,bandung,rumah,55.0,46.0,2,1,1,1,12.0,baik,SHM,6.2,17.8,0,0,1,472.3
P000150,2023-12-22,jakarta_selatan,ruko,92.0,125.0,2,1,1,1,12.0,baik,SHM,12.3,12.8,0,0,0,2689.4
P003516,2023-12-22,bandung,rumah,94.0,132.0,2,4,4,0,13.0,sedang,girik_ajb,7.3,19.0,0,0,0,770.6
P003859,2023-12-22,bandung,rumah,136.0,230.0,3,7,7,1,,baik,SHM,6.2,12.2,1,1,0,2105.4
P003885,2023-12-22,yogyakarta,townhouse,88.0,116.0,2,3,3,2,15.0,baik,SHM,4.4,11.1,1,0,1,940.3
P005866,2023-12-22,tangerang_selatan,ruko,79.0,117.0,3,1,1,1,13.0,baik,SHM,,5.1,1,0,0,1999.5
P006626,2023-12-22,semarang,rumah,113.0,58.0,1,1,1,2,3.0,baik,SHM,5.4,14.6,0,0,1,588.2
P008604,2023-12-22,yogyakarta,rumah,126.0,164.0,2,4,3,2,,baik,SHM,3.6,14.0,1,0,0,1168.5
P008945,2023-12-22,surabaya,rumah,79.0,115.0,3,3,3,1,13.0,baik,SHM,5.2,11.0,0,1,0,1179.3
P000088,2023-12-23,bekasi,rumah,196.0,302.0,2,9,8,1,29.0,perlu_renovasi,SHM,6.2,25.4,0,0,0,969.5
P000460,2023-12-23,bogor,ruko,89.0,143.0,2,2,2,1,12.0,sedang,SHM,7.3,19.9,1,0,0,985.9
P002678,2023-12-23,surabaya,rumah,135.0,83.0,1,2,2,2,19.0,baik,SHM,6.3,17.1,0,0,0,1138.0
P005080,2023-12-23,bandung,rumah,98.0,159.0,2,5,4,1,13.0,baik,SHM,,3.8,0,1,0,1979.2
P005137,2023-12-23,jakarta_selatan,townhouse,121.0,198.0,3,5,3,2,15.0,sedang,SHM,5.0,2.9,1,0,0,3720.2
P006692,2023-12-23,jakarta_selatan,rumah,142.0,108.0,1,3,2,2,19.0,baik,HGB,4.4,14.7,0,0,0,2269.8
P008514,2023-12-23,yogyakarta,rumah,190.0,210.0,2,5,4,3,13.0,perlu_renovasi,HGB,2.3,6.1,1,0,0,1412.8
P009432,2023-12-23,jakarta_barat,rumah,160.0,69.0,1,2,2,1,8.0,sedang,SHM,5.0,18.4,0,0,0,1688.2
P009726,2023-12-23,surabaya,rumah,99.0,161.0,2,4,3,1,,sedang,SHM,8.3,15.2,1,0,0,1190.6
P000212,2023-12-24,bogor,rumah,132.0,214.0,2,5,3,1,40.0,perlu_renovasi,HGB,6.1,14.3,1,0,1,593.3
P002555,2023-12-24,tangerang_selatan,rumah,64.0,150.0,3,4,3,2,10.0,sedang,SHM,6.4,23.6,0,1,0,894.2
P003177,2023-12-24,surabaya,rumah,148.0,237.0,3,7,4,1,24.0,baik,SHM,4.7,13.5,1,0,1,1252.6
P004277,2023-12-24,bekasi,ruko,117.0,185.0,3,3,2,1,9.0,sedang,SHM,8.7,21.6,0,0,1,1204.0
P004411,2023-12-24,bekasi,rumah,182.0,181.0,2,5,4,2,7.0,baik,SHM,3.1,12.4,0,0,0,1620.3
P004683,2023-12-24,surabaya,rumah,55.0,30.0,1,1,1,0,1.0,baik,SHM,3.7,23.5,1,1,0,447.1
P008606,2023-12-24,bekasi,rumah,54.0,55.0,2,2,2,1,4.0,baik,SHM,5.9,4.3,1,0,0,579.7
P001032,2023-12-25,bandung,townhouse,85.0,89.0,2,3,3,1,15.0,baik,HGB,10.0,7.3,0,1,0,1092.1
P002436,2023-12-25,yogyakarta,rumah,97.0,49.0,1,1,1,2,13.0,sedang,HGB,3.5,11.1,1,1,0,687.5
P003532,2023-12-25,jakarta_selatan,ruko,57.0,83.0,3,0,1,1,34.0,sedang,SHM,11.3,3.2,1,0,0,2406.1
P003791,2023-12-25,tangerang_selatan,townhouse,61.0,83.0,2,2,2,1,15.0,baik,SHM,3.8,12.7,0,0,0,816.2
P004938,2023-12-25,bandung,townhouse,54.0,95.0,3,3,2,1,15.0,sedang,SHM,8.7,3.2,1,0,0,972.3
P007583,2023-12-26,jakarta_barat,rumah,67.0,32.0,1,1,1,1,12.0,sedang,SHM,3.4,9.9,1,0,0,941.9
P007728,2023-12-26,tangerang_selatan,rumah,232.0,170.0,2,5,4,1,32.0,sedang,SHM,5.1,24.2,0,0,0,1455.5
P000953,2023-12-27,tangerang_selatan,ruko,71.0,129.0,3,1,1,0,27.0,baik,SHM,6.1,11.0,0,1,1,1066.5
P001119,2023-12-27,tangerang_selatan,rumah,156.0,216.0,2,7,6,2,28.0,sedang,SHM,8.1,12.7,0,0,0,1960.6
P001641,2023-12-27,bandung,townhouse,77.0,101.0,2,2,1,1,9.0,baik,SHM,3.8,16.6,0,0,0,784.3
P004207,2023-12-27,jakarta_barat,rumah,83.0,142.0,2,4,4,1,10.0,sedang,HGB,5.4,15.9,0,0,0,1148.4
P004651,2023-12-27,surabaya,ruko,69.0,129.0,3,1,1,1,14.0,sedang,SHM,10.9,15.8,0,0,0,1025.0
P004764,2023-12-27,depok,townhouse,81.0,177.0,3,5,5,1,7.0,baik,SHM,5.7,8.0,0,0,1,1349.1
P004922,2023-12-27,jakarta_barat,rumah,50.0,33.0,1,1,1,0,12.0,baik,girik_ajb,3.5,16.1,1,1,0,520.1
P004947,2023-12-27,bogor,rumah,181.0,289.0,2,10,8,2,7.0,baik,SHM,3.3,3.4,1,1,0,2353.2
P006280,2023-12-27,jakarta_selatan,rumah,196.0,266.0,3,8,8,2,7.0,sedang,HGB,6.8,2.8,1,0,0,6777.6
P009524,2023-12-27,depok,rumah,129.0,102.0,2,3,3,1,10.0,sedang,SHM,4.9,13.7,0,0,0,973.7
P000587,2023-12-28,jakarta_barat,rumah,220.0,267.0,2,7,5,2,6.0,perlu_renovasi,SHM,4.5,13.3,1,1,1,2838.5
P000603,2023-12-28,semarang,rumah,165.0,89.0,1,2,2,3,1.0,baik,SHM,6.2,17.7,1,0,0,1017.6
P002005,2023-12-28,jakarta_selatan,rumah,232.0,169.0,1,4,2,4,1.0,baik,SHM,5.8,4.8,0,1,0,6888.8
P003624,2023-12-28,surabaya,rumah,152.0,165.0,2,4,3,2,13.0,baik,SHM,3.9,24.8,0,0,1,1104.4
P004851,2023-12-28,jakarta_barat,townhouse,99.0,99.0,2,3,3,1,15.0,sedang,SHM,6.0,13.2,0,1,0,1492.2
P005406,2023-12-28,bandung,rumah,178.0,260.0,2,6,5,2,3.0,baik,SHM,5.4,19.9,0,1,0,2160.5
P005857,2023-12-28,bogor,rumah,182.0,242.0,2,9,8,2,18.0,perlu_renovasi,HGB,6.5,23.5,0,0,0,910.2
P006467,2023-12-28,tangerang_selatan,townhouse,146.0,101.0,2,2,2,2,8.0,baik,SHM,4.8,18.3,0,0,0,1437.1
P007153,2023-12-28,yogyakarta,rumah,116.0,82.0,1,2,2,1,8.0,sedang,SHM,9.6,13.3,1,0,0,923.1
P007457,2023-12-28,bandung,rumah,119.0,156.0,3,5,4,2,14.0,baik,SHM,5.5,16.7,1,0,0,1370.7
P007580,2023-12-28,bekasi,townhouse,60.0,84.0,2,2,2,0,9.0,sedang,SHM,4.2,14.1,1,0,0,548.6
P009416,2023-12-28,depok,rumah,66.0,87.0,2,2,2,1,16.0,baik,SHM,3.6,17.9,0,0,1,496.6
P000335,2023-12-29,jakarta_barat,rumah,202.0,254.0,2,9,8,2,5.0,baik,SHM,4.5,6.2,1,0,1,3287.4
P000547,2023-12-29,bekasi,rumah,172.0,116.0,1,4,3,3,9.0,sedang,HGB,7.2,18.9,0,0,0,1233.0
P001270,2023-12-29,depok,rumah,95.0,61.0,1,2,1,1,60.0,baik,HGB,4.7,7.1,0,0,1,641.8
P001381,2023-12-29,bekasi,townhouse,58.0,74.0,2,2,2,1,,sedang,SHM,8.4,20.5,0,0,0,519.7
P002302,2023-12-29,bandung,rumah,158.0,366.0,3,10,8,2,26.0,sedang,SHM,4.0,11.1,0,0,0,1540.3
P002388,2023-12-29,jakarta_selatan,rumah,129.0,53.0,1,1,1,2,7.0,baik,HGB,7.0,11.4,1,0,0,2757.5
P002533,2023-12-29,bandung,townhouse,62.0,51.0,2,1,1,0,15.0,sedang,SHM,1.9,9.5,0,0,1,394.9
P009954,2023-12-29,depok,townhouse,92.0,103.0,2,4,4,1,11.0,baik,HGB,4.1,24.8,0,0,0,798.0
P000165,2023-12-30,depok,rumah,62.0,69.0,2,2,2,1,7.0,baik,SHM,4.7,5.4,0,1,1,779.4
P002683,2023-12-30,jakarta_barat,rumah,73.0,102.0,2,3,2,0,,baik,HGB,5.8,3.6,0,0,0,1725.3
P003732,2023-12-30,semarang,rumah,102.0,43.0,1,1,1,2,25.0,baik,SHM,8.2,9.6,0,1,0,510.6
P005393,2023-12-30,yogyakarta,rumah,97.0,35.0,1,1,1,0,25.0,sedang,SHM,,17.4,0,0,0,442.3
P005511,2023-12-30,jakarta_selatan,ruko,60.0,78.0,2,0,1,1,7.0,baik,SHM,13.5,3.4,1,1,0,2695.3
P005550,2023-12-30,bekasi,rumah,123.0,151.0,2,3,2,1,8.0,baik,SHM,7.7,22.0,0,0,0,1015.8
P006726,2023-12-30,bekasi,rumah,180.0,244.0,2,6,4,2,4.0,baik,SHM,8.0,14.7,0,0,1,2027.0
P007510,2023-12-30,bogor,rumah,87.0,73.0,2,3,2,0,27.0,perlu_renovasi,SHM,7.9,5.5,1,0,0,581.4
P007585,2023-12-30,depok,ruko,63.0,102.0,2,1,1,1,16.0,baik,SHM,7.1,6.7,1,1,0,1118.8
P008598,2023-12-30,bogor,rumah,68.0,59.0,2,2,2,1,20.0,baik,SHM,5.7,11.5,1,0,0,524.4
P001452,2024-01-02,bogor,rumah,87.0,106.0,2,4,3,2,7.0,baik,HGB,3.1,28.9,0,0,0,673.5
P002703,2024-01-02,bekasi,rumah,284.0,534.0,2,10,7,4,19.0,sedang,SHM,5.5,21.8,0,0,1,2409.4
P003702,2024-01-02,tangerang_selatan,rumah,284.0,195.0,1,6,5,2,6.0,sedang,girik_ajb,10.7,9.7,0,0,0,2741.3
P006296,2024-01-02,surabaya,rumah,111.0,82.0,2,2,1,2,23.0,sedang,HGB,4.8,11.8,1,0,0,950.9
P006645,2024-01-02,bogor,ruko,47.0,65.0,2,0,1,1,8.0,baik,HGB,9.8,20.3,1,0,0,461.0
P009934,2024-01-02,jakarta_barat,townhouse,50.0,89.0,2,2,1,2,,sedang,SHM,3.9,5.3,0,0,0,1154.9
P001118,2024-01-03,surabaya,rumah,60.0,31.0,1,1,1,0,15.0,perlu_renovasi,SHM,4.9,10.4,0,0,0,573.2
P001218,2024-01-03,depok,townhouse,60.0,68.0,2,2,2,2,8.0,sedang,SHM,8.5,11.3,1,0,0,653.1
P001529,2024-01-03,jakarta_barat,townhouse,89.0,107.0,2,3,2,1,4.0,baik,HGB,3.3,16.1,0,0,0,1142.5
P002208,2024-01-03,bekasi,rumah,126.0,70.0,1,2,2,2,21.0,sedang,girik_ajb,8.2,11.8,0,1,0,741.7
P002223,2024-01-03,bekasi,rumah,71.0,95.0,2,3,2,1,15.0,baik,SHM,8.7,22.2,0,0,0,646.3
P002472,2024-01-03,surabaya,rumah,158.0,170.0,2,5,3,2,25.0,sedang,girik_ajb,2.7,7.0,1,0,0,1134.8
P003059,2024-01-03,jakarta_barat,rumah,119.0,43.0,1,1,1,1,,sedang,HGB,7.1,9.8,1,0,0,1536.1
P004867,2024-01-03,tangerang_selatan,rumah,119.0,58.0,1,1,1,2,4.0,baik,SHM,9.3,12.7,0,0,0,1353.0
P006079,2024-01-03,jakarta_selatan,rumah,56.0,82.0,2,2,2,0,11.0,sedang,SHM,6.0,3.6,1,1,0,2207.4
P006095,2024-01-03,yogyakarta,townhouse,76.0,118.0,2,3,3,1,15.0,sedang,SHM,2.8,19.1,0,1,0,567.3
P006491,2024-01-03,tangerang_selatan,rumah,159.0,94.0,1,3,3,3,15.0,baik,HGB,3.7,13.1,1,0,0,1502.0
P006493,2024-01-03,surabaya,rumah,170.0,123.0,2,3,2,2,7.0,baik,SHM,5.4,14.6,0,0,1,1515.3
P007343,2024-01-03,semarang,rumah,112.0,80.0,2,3,3,1,,sedang,girik_ajb,7.7,6.1,0,0,0,708.0
P007555,2024-01-03,bandung,rumah,81.0,36.0,1,1,1,2,19.0,sedang,SHM,6.1,4.2,1,1,0,939.6
P007790,2024-01-03,tangerang_selatan,rumah,214.0,91.0,1,3,3,2,7.0,baik,SHM,2.7,5.6,1,0,0,3024.3
P000091,2024-01-04,jakarta_barat,townhouse,88.0,144.0,3,4,4,0,13.0,sedang,SHM,4.4,14.3,0,1,0,1604.7
P000134,2024-01-04,tangerang_selatan,rumah,295.0,380.0,2,10,6,3,3.0,baik,SHM,7.0,21.6,0,0,0,3505.5
P000201,2024-01-04,surabaya,rumah,159.0,64.0,1,2,2,3,9.0,sedang,SHM,7.0,17.0,0,0,0,1201.2
P001051,2024-01-04,bandung,rumah,124.0,114.0,2,3,2,2,12.0,sedang,SHM,3.3,4.7,1,0,0,1307.2
P001100,2024-01-04,jakarta_barat,rumah,133.0,152.0,2,4,4,3,13.0,baik,SHM,3.5,10.4,1,0,1,1896.8
P001453,2024-01-04,surabaya,rumah,168.0,81.0,1,2,1,2,3.0,baik,HGB,5.3,10.4,1,0,0,1695.3
P004338,2024-01-04,jakarta_selatan,rumah,193.0,228.0,2,5,3,2,17.0,sedang,SHM,11.6,15.3,1,0,0,3870.3
P008642,2024-01-04,yogyakarta,rumah,172.0,136.0,2,3,2,2,29.0,baik,HGB,3.8,3.3,1,0,0,1703.9
P009466,2024-01-04,tangerang_selatan,rumah,202.0,220.0,2,7,7,2,2.0,baik,SHM,10.9,24.3,0,0,0,2695.9
P009650,2024-01-04,bekasi,townhouse,83.0,79.0,2,2,2,1,15.0,sedang,SHM,5.9,3.1,0,1,0,929.5
P003824,2024-01-05,jakarta_selatan,rumah,213.0,148.0,2,4,2,3,,sedang,SHM,4.2,15.5,0,1,0,3611.8
P007534,2024-01-05,jakarta_selatan,rumah,95.0,148.0,2,5,3,2,9.0,baik,HGB,6.0,5.9,1,0,0,2957.8
P009145,2024-01-05,jakarta_selatan,rumah,111.0,139.0,2,4,3,1,9.0,sedang,SHM,5.1,13.0,0,0,0,2430.8
P009440,2024-01-05,jakarta_barat,rumah,121.0,95.0,1,2,2,2,44.0,baik,HGB,6.8,6.6,1,0,0,1663.4
P004751,2024-01-06,jakarta_barat,rumah,168.0,146.0,2,4,3,1,2.0,sedang,HGB,6.6,6.3,0,1,0,3294.8
P006343,2024-01-06,semarang,rumah,143.0,90.0,1,3,2,1,,perlu_renovasi,HGB,3.9,7.8,0,1,0,926.4
P006884,2024-01-06,surabaya,townhouse,57.0,117.0,3,4,4,1,3.0,perlu_renovasi,SHM,4.6,8.6,1,0,0,976.0
P007741,2024-01-06,depok,rumah,60.0,82.0,3,2,2,0,19.0,sedang,SHM,3.9,7.0,1,0,0,763.9
P003190,2024-01-07,tangerang_selatan,ruko,95.0,240.0,4,5,5,1,5.0,baik,SHM,7.4,19.6,1,0,0,2125.4
P004264,2024-01-07,surabaya,rumah,73.0,34.0,1,1,1,1,20.0,sedang,HGB,2.8,3.8,0,0,0,749.0
P004660,2024-01-07,jakarta_barat,rumah,192.0,327.0,2,8,6,3,13.0,sedang,SHM,5.9,7.3,0,0,0,3511.7
P007710,2024-01-07,bandung,townhouse,87.0,126.0,2,4,3,0,10.0,baik,SHM,2.8,16.4,0,0,0,895.2
P000269,2024-01-08,jakarta_selatan,rumah,92.0,109.0,3,3,2,0,38.0,sedang,HGB,3.2,14.6,0,0,0,1500.0
P003423,2024-01-08,bandung,rumah,111.0,291.0,3,9,7,1,15.0,sedang,HGB,5.1,21.8,0,0,0,1416.4
P004181,2024-01-08,bandung,ruko,74.0,132.0,3,2,2,1,8.0,baik,SHM,8.3,11.7,1,0,0,1152.6
P004293,2024-01-08,jakarta_selatan,rumah,307.0,147.0,1,3,2,4,3.0,sedang,SHM,2.5,11.6,0,0,0,5257.9
P004332,2024-01-08,yogyakarta,ruko,83.0,201.0,3,3,2,0,7.0,baik,HGB,5.1,13.1,1,0,0,1567.4
P007098,2024-01-08,tangerang_selatan,rumah,152.0,98.0,1,2,2,2,9.0,sedang,SHM,9.1,14.5,1,1,0,1975.6
P007162,2024-01-08,bekasi,rumah,129.0,167.0,2,4,3,2,41.0,sedang,SHM,4.8,20.1,1,0,0,734.2
P008026,2024-01-08,depok,rumah,30.0,21.0,1,1,1,0,5.0,baik,SHM,4.2,23.5,0,1,0,217.8
P009274,2024-01-08,bogor,ruko,79.0,128.0,2,1,1,2,8.0,baik,SHM,8.4,9.1,0,0,0,1011.9
P009322,2024-01-08,tangerang_selatan,ruko,133.0,144.0,2,2,2,0,33.0,baik,HGB,8.3,12.7,1,1,0,2071.2
P000387,2024-01-09,bandung,ruko,76.0,106.0,2,1,1,2,11.0,baik,SHM,5.5,14.7,0,0,0,980.3
P000503,2024-01-09,semarang,rumah,127.0,86.0,1,2,2,1,,sedang,SHM,3.6,5.1,1,0,0,847.5
P002040,2024-01-09,surabaya,ruko,49.0,120.0,4,1,1,1,13.0,perlu_renovasi,SHM,9.4,15.3,1,0,1,743.4
P003290,2024-01-09,bekasi,rumah,139.0,57.0,1,1,1,2,6.0,sedang,SHM,2.3,30.0,0,0,0,553.3
P004188,2024-01-09,jakarta_barat,rumah,153.0,191.0,3,6,6,2,12.0,baik,SHM,3.9,10.4,0,1,0,3189.4
P006858,2024-01-09,tangerang_selatan,rumah,220.0,107.0,1,3,3,3,5.0,sedang,SHM,2.6,19.8,0,0,0,1660.2
P007273,2024-01-09,jakarta_selatan,rumah,86.0,132.0,2,5,4,0,24.0,baik,SHM,5.4,9.0,1,0,0,1772.9
P009779,2024-01-09,bandung,rumah,240.0,124.0,1,3,3,3,26.0,sedang,SHM,4.7,3.9,1,1,0,2760.4
P009787,2024-01-09,jakarta_barat,townhouse,73.0,74.0,2,2,1,1,13.0,perlu_renovasi,HGB,6.6,9.8,0,0,0,1156.8
P000741,2024-01-10,jakarta_selatan,rumah,264.0,339.0,2,8,6,4,15.0,baik,HGB,5.1,17.1,1,0,0,4000.3
P003397,2024-01-10,jakarta_selatan,rumah,101.0,125.0,2,3,3,1,12.0,sedang,HGB,5.0,4.2,0,0,0,2532.9
P004318,2024-01-10,surabaya,rumah,271.0,213.0,1,6,5,3,9.0,sedang,HGB,4.6,18.6,0,0,0,2546.6
P004678,2024-01-10,jakarta_barat,townhouse,82.0,104.0,2,4,3,1,15.0,perlu_renovasi,HGB,3.5,15.2,0,0,0,864.1
P005376,2024-01-10,bandung,rumah,148.0,76.0,1,2,2,2,6.0,baik,SHM,5.5,8.6,0,0,1,1067.9
P005797,2024-01-10,depok,rumah,105.0,38.0,1,1,1,1,34.0,sedang,SHM,4.6,4.0,0,1,0,1030.5
P006053,2024-01-10,surabaya,townhouse,71.0,68.0,2,2,2,1,8.0,sedang,SHM,2.2,24.6,1,0,0,505.5
P008177,2024-01-10,bogor,rumah,152.0,246.0,3,6,5,3,17.0,perlu_renovasi,HGB,9.0,4.0,0,1,0,1554.9
P008882,2024-01-10,yogyakarta,rumah,63.0,49.0,1,2,2,0,11.0,baik,SHM,3.4,13.2,0,1,0,580.7
P004588,2024-01-11,semarang,rumah,104.0,68.0,1,2,2,1,,baik,SHM,6.5,7.1,0,0,0,587.2
P005738,2024-01-11,bandung,rumah,136.0,47.0,1,2,2,1,11.0,baik,SHM,5.5,21.3,1,0,0,627.6
P007777,2024-01-11,jakarta_barat,ruko,72.0,102.0,3,1,1,2,4.0,baik,SHM,12.0,12.9,1,1,0,1673.5
P009254,2024-01-11,surabaya,townhouse,52.0,60.0,2,1,1,0,15.0,sedang,SHM,7.1,11.0,0,0,0,522.9
P009669,2024-01-11,semarang,rumah,150.0,259.0,2,7,5,1,19.0,baik,SHM,4.3,15.2,1,0,0,1145.4
P001776,2024-01-12,depok,rumah,53.0,73.0,3,2,2,1,14.0,sedang,HGB,3.6,3.6,0,0,0,860.4
P002227,2024-01-12,bandung,rumah,336.0,501.0,2,10,8,4,15.0,sedang,SHM,9.8,2.3,0,0,1,4387.9
P003691,2024-01-12,jakarta_selatan,rumah,104.0,69.0,1,2,1,2,16.0,sedang,SHM,5.4,2.1,0,0,1,2503.0
P004963,2024-01-12,depok,rumah,84.0,54.0,1,1,1,1,27.0,sedang,SHM,4.6,4.2,1,0,0,914.8
P005632,2024-01-12,jakarta_barat,ruko,99.0,216.0,3,4,4,1,6.0,baik,SHM,1.9,11.9,1,0,0,2043.1
P009672,2024-01-12,yogyakarta,rumah,91.0,97.0,2,3,3,1,7.0,baik,SHM,6.6,7.6,0,1,0,1109.5
P002104,2024-01-13,yogyakarta,rumah,125.0,64.0,1,2,1,1,37.0,sedang,HGB,9.5,12.8,0,0,1,589.5
P004382,2024-01-13,tangerang_selatan,rumah,148.0,176.0,2,4,3,2,14.0,perlu_renovasi,HGB,5.1,12.3,1,0,0,2200.1
P004393,2024-01-13,depok,rumah,288.0,410.0,2,10,8,3,7.0,baik,girik_ajb,5.1,12.8,0,0,0,2905.6
P004664,2024-01-13,jakarta_selatan,rumah,175.0,152.0,1,4,4,2,,perlu_renovasi,girik_ajb,3.6,10.2,0,0,0,2456.2
P009091,2024-01-13,bandung,ruko,70.0,122.0,3,2,2,2,35.0,sedang,SHM,3.7,18.9,0,0,0,580.5
P009590,2024-01-13,jakarta_barat,rumah,111.0,75.0,1,2,1,1,17.0,sedang,HGB,2.9,10.6,0,1,0,1262.7
P004358,2024-01-14,tangerang_selatan,rumah,65.0,83.0,3,3,3,1,29.0,baik,SHM,2.9,24.2,0,0,0,459.5
P006117,2024-01-14,bekasi,townhouse,69.0,69.0,2,2,2,1,9.0,baik,SHM,6.0,8.5,0,0,1,732.4
P001771,2024-01-15,bogor,ruko,72.0,57.0,2,0,1,0,18.0,baik,HGB,6.5,13.2,1,0,0,661.8
P002172,2024-01-15,tangerang_selatan,rumah,209.0,113.0,1,4,4,2,7.0,sedang,SHM,3.6,21.5,0,0,0,1356.5
P002570,2024-01-15,yogyakarta,rumah,112.0,49.0,1,1,1,1,16.0,baik,girik_ajb,6.7,10.3,0,0,0,789.2
P003208,2024-01-15,jakarta_selatan,townhouse,107.0,150.0,2,4,4,2,5.0,baik,SHM,7.0,16.3,1,0,0,2178.9
P004022,2024-01-15,jakarta_barat,rumah,122.0,87.0,1,2,2,3,2.0,baik,SHM,2.7,7.2,1,0,0,1777.4
P005223,2024-01-15,jakarta_selatan,rumah,124.0,107.0,2,3,3,1,6.0,baik,HGB,4.3,12.9,0,0,1,2081.4
P007262,2024-01-15,surabaya,rumah,96.0,36.0,1,1,1,1,21.0,baik,SHM,3.7,9.3,1,0,0,967.3
P007306,2024-01-15,bekasi,rumah,149.0,82.0,1,2,2,2,41.0,baik,SHM,5.7,27.6,1,0,0,594.5
P008252,2024-01-15,jakarta_barat,townhouse,60.0,84.0,2,2,2,1,15.0,sedang,HGB,3.1,6.1,0,1,0,1058.5
P009956,2024-01-15,depok,rumah,79.0,92.0,2,2,2,0,14.0,sedang,SHM,6.8,24.0,0,0,0,605.2
P000325,2024-01-16,surabaya,ruko,76.0,179.0,4,2,2,1,4.0,sedang,HGB,9.2,7.0,1,0,0,1430.2
P001739,2024-01-16,depok,rumah,233.0,107.0,1,2,2,2,12.0,baik,HGB,6.7,10.9,0,1,0,2246.5
P001859,2024-01-16,tangerang_selatan,rumah,122.0,94.0,1,3,3,1,18.0,baik,SHM,4.4,16.6,0,0,0,1096.4
P003034,2024-01-16,tangerang_selatan,rumah,75.0,60.0,2,2,2,0,3.0,baik,SHM,5.4,5.8,0,0,0,1136.4
P004327,2024-01-16,jakarta_selatan,rumah,140.0,235.0,3,5,5,2,10.0,sedang,HGB,3.1,7.0,1,0,0,3137.2
P004640,2024-01-16,tangerang_selatan,rumah,74.0,65.0,2,2,2,0,6.0,baik,HGB,3.8,22.4,0,0,0,587.5
P005078,2024-01-16,jakarta_barat,rumah,189.0,119.0,1,3,3,2,7.0,baik,SHM,3.7,15.2,1,0,0,2246.0
P005202,2024-01-16,jakarta_barat,ruko,121.0,202.0,3,3,2,2,11.0,baik,SHM,13.4,9.3,1,1,1,2551.5
P005777,2024-01-16,bandung,townhouse,64.0,136.0,3,4,3,1,15.0,baik,SHM,3.2,3.4,0,1,1,922.3
P006341,2024-01-16,semarang,townhouse,79.0,63.0,2,2,1,1,12.0,baik,SHM,4.7,11.6,0,0,1,464.5
P007325,2024-01-16,bandung,ruko,102.0,104.0,2,1,1,1,,sedang,SHM,8.4,7.4,0,0,0,1447.1
P007678,2024-01-16,yogyakarta,ruko,72.0,121.0,3,2,2,0,1.0,sedang,SHM,15.9,12.6,0,0,0,951.5
P007902,2024-01-16,bogor,rumah,64.0,52.0,2,1,1,1,16.0,baik,SHM,11.7,16.5,0,0,0,451.1
P008992,2024-01-16,jakarta_barat,rumah,70.0,43.0,1,1,1,0,12.0,baik,SHM,6.4,12.0,1,0,0,1029.7
P009409,2024-01-16,bandung,rumah,80.0,59.0,1,1,1,0,4.0,baik,SHM,3.9,14.5,0,0,0,652.2
P009671,2024-01-16,tangerang_selatan,rumah,101.0,143.0,2,3,3,1,8.0,baik,SHM,4.4,5.8,0,0,0,1692.8
P002785,2024-01-17,jakarta_barat,rumah,77.0,106.0,2,2,2,0,8.0,baik,SHM,6.8,13.2,1,0,1,1206.9
P008424,2024-01-17,yogyakarta,rumah,218.0,317.0,2,7,6,2,3.0,baik,SHM,2.8,8.9,0,0,1,1945.4
P008697,2024-01-17,jakarta_barat,rumah,164.0,125.0,2,4,3,2,4.0,baik,SHM,3.6,7.7,0,0,1,2275.7
P000478,2024-01-18,bogor,rumah,184.0,362.0,3,9,6,2,9.0,sedang,girik_ajb,10.3,14.7,1,0,0,1655.0
P002077,2024-01-18,yogyakarta,townhouse,58.0,62.0,2,2,1,0,13.0,sedang,SHM,6.0,9.7,0,1,0,690.1
P002882,2024-01-18,jakarta_selatan,ruko,68.0,119.0,3,1,1,0,3.0,baik,SHM,10.2,13.0,1,0,0,2567.3
P002934,2024-01-18,semarang,rumah,39.0,49.0,2,1,1,1,38.0,perlu_renovasi,SHM,2.4,15.4,0,0,0,129.8
P005064,2024-01-18,jakarta_barat,rumah,215.0,359.0,2,10,8,1,1.0,baik,girik_ajb,7.3,6.0,1,0,0,3870.5
P006070,2024-01-18,jakarta_barat,townhouse,120.0,253.0,3,8,6,1,13.0,baik,SHM,3.3,3.5,0,0,0,2515.0
P007971,2024-01-18,bogor,rumah,114.0,141.0,2,5,4,1,7.0,baik,SHM,3.7,24.9,0,0,0,827.3
P008195,2024-01-18,semarang,ruko,62.0,151.0,3,2,1,0,12.0,baik,SHM,9.5,7.3,0,1,0,1048.6
P008310,2024-01-18,yogyakarta,townhouse,68.0,104.0,2,3,2,1,15.0,sedang,HGB,3.9,6.4,0,0,0,803.0
P008706,2024-01-18,bekasi,townhouse,67.0,97.0,2,2,1,0,5.0,baik,SHM,5.3,14.6,0,0,0,940.1
P009215,2024-01-18,jakarta_selatan,rumah,151.0,130.0,1,3,3,2,5.0,baik,SHM,3.8,10.4,1,0,0,4164.4
P000359,2024-01-19,depok,rumah,55.0,30.0,1,1,1,0,2.0,baik,SHM,3.2,17.8,1,0,0,417.2
P002456,2024-01-19,depok,ruko,68.0,143.0,3,2,2,2,15.0,sedang,girik_ajb,7.4,22.3,0,0,0,640.2
P004978,2024-01-19,jakarta_barat,rumah,213.0,94.0,1,3,3,3,17.0,baik,SHM,4.5,12.6,0,1,0,2110.3
P005853,2024-01-19,jakarta_selatan,townhouse,67.0,84.0,2,2,2,1,15.0,baik,HGB,5.3,14.9,0,0,1,1191.3
P006135,2024-01-19,tangerang_selatan,rumah,192.0,128.0,1,3,2,1,5.0,baik,SHM,8.7,12.0,0,0,0,3005.1
P006496,2024-01-19,jakarta_selatan,townhouse,59.0,46.0,2,2,2,0,4.0,baik,SHM,6.7,6.1,0,0,0,1953.7
P008552,2024-01-19,bogor,rumah,115.0,174.0,2,4,3,0,18.0,sedang,SHM,3.8,12.1,0,1,0,974.8
P008696,2024-01-19,depok,rumah,147.0,87.0,1,2,1,2,6.0,baik,SHM,3.7,20.7,1,0,0,1208.8
P009309,2024-01-19,tangerang_selatan,rumah,61.0,26.0,1,1,1,0,14.0,baik,SHM,4.2,16.8,0,0,0,599.5
P009632,2024-01-19,yogyakarta,rumah,199.0,310.0,2,10,8,2,18.0,sedang,HGB,6.5,19.6,0,0,0,1532.1
P001047,2024-01-20,jakarta_barat,rumah,186.0,219.0,2,7,7,2,1.0,sedang,SHM,4.6,18.1,0,0,0,2293.1
P001162,2024-01-20,bandung,rumah,89.0,138.0,2,5,4,2,9.0,baik,SHM,4.3,16.4,1,0,0,1113.9
P005686,2024-01-20,jakarta_selatan,rumah,161.0,171.0,2,4,4,3,3.0,baik,girik_ajb,6.3,6.5,0,0,0,3978.7
P007743,2024-01-20,surabaya,rumah,98.0,141.0,2,3,3,1,22.0,perlu_renovasi,SHM,4.3,5.8,0,0,1,1203.8
P007757,2024-01-20,jakarta_barat,rumah,112.0,179.0,3,6,6,2,14.0,baik,HGB,4.2,9.2,0,0,0,2038.9
P009370,2024-01-20,surabaya,rumah,116.0,289.0,3,8,8,2,12.0,baik,SHM,10.0,16.4,0,1,0,1930.6
P000260,2024-01-21,bogor,ruko,85.0,160.0,3,3,3,1,27.0,sedang,SHM,7.7,27.7,0,0,0,574.6
P002680,2024-01-21,tangerang_selatan,rumah,63.0,29.0,1,1,1,0,14.0,baik,SHM,6.4,15.6,1,0,0,734.8
P005829,2024-01-21,depok,ruko,67.0,184.0,4,3,3,1,8.0,baik,SHM,8.6,18.8,1,0,0,1138.2
P006100,2024-01-21,jakarta_barat,rumah,248.0,210.0,2,5,3,3,4.0,baik,SHM,5.6,19.5,0,0,0,3133.2
P006438,2024-01-21,tangerang_selatan,rumah,104.0,60.0,1,2,1,1,21.0,sedang,SHM,5.0,23.2,0,0,0,647.4
P004100,2024-01-22,semarang,ruko,88.0,181.0,3,2,2,1,15.0,sedang,SHM,5.0,11.5,0,1,0,1036.6
P005235,2024-01-22,bandung,rumah,59.0,28.0,1,1,1,1,1.0,sedang,HGB,10.4,2.8,1,0,0,776.9
P005594,2024-01-22,jakarta_selatan,rumah,146.0,132.0,2,3,2,3,19.0,baik,SHM,3.8,9.7,1,1,0,3430.7
P006447,2024-01-22,bandung,ruko,93.0,127.0,3,2,2,2,11.0,baik,HGB,9.7,11.0,1,0,0,1134.8
P006520,2024-01-22,tangerang_selatan,rumah,223.0,282.0,2,9,7,2,8.0,baik,SHM,8.3,17.6,0,0,0,2884.6
P008274,2024-01-22,bandung,townhouse,80.0,147.0,2,4,3,0,14.0,baik,SHM,2.8,9.7,0,1,0,1172.6
P009957,2024-01-22,bandung,rumah,76.0,132.0,2,3,2,0,8.0,baik,HGB,2.5,3.4,0,1,1,1199.5
P009992,2024-01-22,tangerang_selatan,ruko,107.0,136.0,3,2,1,2,17.0,sedang,SHM,1.5,4.1,0,0,0,1597.3
P001289,2024-01-23,bekasi,rumah,73.0,50.0,1,1,1,1,12.0,baik,SHM,5.5,14.7,0,0,0,571.0
P002468,2024-01-23,bogor,rumah,176.0,289.0,2,9,8,2,2.0,baik,HGB,3.6,6.1,0,1,0,2710.7
P004761,2024-01-23,depok,rumah,60.0,118.0,3,4,3,2,15.0,baik,SHM,3.9,11.3,1,0,0,871.1
P005288,2024-01-23,depok,townhouse,58.0,112.0,3,3,2,2,3.0,sedang,HGB,7.7,6.4,1,0,1,978.0
P008095,2024-01-23,jakarta_selatan,rumah,114.0,49.0,1,1,1,2,11.0,sedang,SHM,3.2,8.5,1,0,0,2078.3
P002054,2024-01-24,surabaya,rumah,134.0,96.0,1,3,3,2,2.0,perlu_renovasi,SHM,3.1,12.1,0,0,0,1350.1
P005254,2024-01-24,surabaya,rumah,197.0,258.0,2,8,7,2,17.0,baik,HGB,5.2,7.5,1,1,1,2548.8
P005932,2024-01-24,tangerang_selatan,rumah,198.0,109.0,1,3,2,2,8.0,baik,HGB,3.0,13.9,1,0,0,1838.9
P007023,2024-01-24,tangerang_selatan,ruko,117.0,324.0,4,6,6,1,6.0,baik,SHM,6.1,4.0,1,0,0,4313.6
P007458,2024-01-24,surabaya,townhouse,110.0,83.0,2,2,2,2,5.0,baik,SHM,4.3,15.3,1,1,1,1289.7
P007919,2024-01-24,semarang,rumah,63.0,79.0,2,2,2,1,14.0,sedang,HGB,4.5,12.7,0,0,0,519.2
P008927,2024-01-24,bandung,rumah,222.0,394.0,3,10,6,2,16.0,sedang,SHM,3.5,20.6,0,0,0,2034.2
P008936,2024-01-24,yogyakarta,rumah,169.0,249.0,2,8,8,1,16.0,baik,SHM,3.2,14.3,1,0,0,1514.6
P009986,2024-01-24,yogyakarta,rumah,178.0,166.0,2,4,3,2,37.0,perlu_renovasi,HGB,2.1,9.9,1,0,0,835.0
P002161,2024-01-25,bekasi,rumah,82.0,53.0,1,2,1,2,20.0,baik,SHM,5.1,3.6,0,1,0,874.2
P002867,2024-01-25,bekasi,rumah,129.0,86.0,1,2,2,1,7.0,baik,SHM,5.0,10.2,0,0,0,987.4
P003920,2024-01-25,bekasi,rumah,179.0,430.0,3,10,8,2,2.0,baik,SHM,4.3,28.7,0,0,0,2672.3
P004292,2024-01-25,jakarta_selatan,rumah,130.0,68.0,1,2,2,1,29.0,perlu_renovasi,SHM,7.6,8.6,0,0,1,2421.2
P005750,2024-01-25,yogyakarta,rumah,93.0,65.0,1,2,2,1,7.0,baik,SHM,4.1,8.4,1,0,0,845.8
P006446,2024-01-25,jakarta_barat,rumah,280.0,203.0,1,5,3,3,5.0,sedang,SHM,5.5,13.9,1,0,0,3263.3
P006734,2024-01-25,surabaya,townhouse,108.0,164.0,2,4,3,1,13.0,sedang,SHM,5.3,13.4,1,0,0,1635.3
P006941,2024-01-25,bandung,rumah,86.0,67.0,2,2,2,1,5.0,perlu_renovasi,SHM,8.2,19.2,0,0,1,558.4
P008249,2024-01-25,bekasi,ruko,47.0,48.0,2,0,1,0,10.0,sedang,HGB,10.0,28.0,0,0,0,285.9
P008634,2024-01-25,bogor,rumah,107.0,98.0,2,3,2,1,18.0,baik,SHM,2.6,3.9,0,0,1,628.5
P009781,2024-01-25,jakarta_barat,rumah,66.0,35.0,1,1,1,2,45.0,perlu_renovasi,HGB,4.6,17.4,1,0,1,506.1
P002155,2024-01-26,bogor,rumah,79.0,109.0,2,3,2,1,11.0,sedang,SHM,8.1,22.1,0,1,0,599.3
P005181,2024-01-26,bandung,rumah,200.0,286.0,2,7,5,1,18.0,baik,HGB,8.6,11.2,0,0,1,2019.7
P007055,2024-01-26,jakarta_barat,rumah,102.0,145.0,2,3,2,1,9.0,baik,HGB,10.3,11.2,0,0,0,1644.7
P007904,2024-01-26,bandung,ruko,59.0,94.0,2,0,1,1,6.0,baik,SHM,,5.7,1,0,0,1093.9
P008518,2024-01-26,jakarta_barat,townhouse,115.0,174.0,2,4,4,2,14.0,baik,SHM,5.4,19.4,0,0,0,1479.1
P009596,2024-01-26,depok,rumah,205.0,130.0,1,4,4,2,13.0,baik,SHM,3.9,21.8,1,0,0,1415.2
P003081,2024-01-27,tangerang_selatan,rumah,224.0,109.0,1,3,2,1,17.0,sedang,HGB,6.5,12.6,0,0,0,2814.0
P003351,2024-01-27,jakarta_selatan,rumah,120.0,43.0,1,1,1,2,20.0,perlu_renovasi,SHM,4.6,13.8,0,0,0,1593.2
P003696,2024-01-27,bekasi,rumah,191.0,85.0,1,3,2,2,57.0,sedang,SHM,5.2,11.9,0,1,1,1031.8
P004958,2024-01-27,tangerang_selatan,rumah,133.0,169.0,2,6,4,1,18.0,perlu_renovasi,girik_ajb,4.4,10.1,0,1,0,1419.3
P006454,2024-01-27,tangerang_selatan,rumah,266.0,275.0,2,6,6,2,5.0,baik,SHM,4.7,13.5,0,0,0,3748.8
P007248,2024-01-27,jakarta_barat,rumah,208.0,236.0,2,7,6,3,6.0,baik,SHM,2.3,5.4,1,1,0,3763.3
P008288,2024-01-27,semarang,rumah,118.0,138.0,2,5,4,2,10.0,sedang,SHM,4.3,16.8,1,0,1,919.5
P009481,2024-01-27,yogyakarta,rumah,96.0,42.0,1,1,1,1,13.0,baik,SHM,6.7,16.2,0,0,0,632.8
P000164,2024-01-28,jakarta_selatan,townhouse,68.0,160.0,3,5,5,0,7.0,sedang,HGB,3.6,10.6,0,0,0,2101.4
P001382,2024-01-28,jakarta_selatan,rumah,71.0,30.0,1,1,1,1,7.0,sedang,SHM,6.6,5.1,1,0,1,1545.9
P001572,2024-01-28,depok,rumah,148.0,155.0,2,5,4,2,9.0,baik,SHM,7.2,24.9,0,0,0,1295.9
P001658,2024-01-28,surabaya,rumah,220.0,345.0,2,8,5,3,28.0,baik,SHM,5.0,17.1,1,0,0,2371.7
P001902,2024-01-28,jakarta_selatan,rumah,198.0,271.0,2,6,5,3,2.0,sedang,HGB,10.4,8.8,0,0,0,4206.3
P002246,2024-01-28,jakarta_barat,rumah,94.0,93.0,2,3,3,1,15.0,baik,HGB,7.1,12.5,0,0,0,1046.5
P003063,2024-01-28,tangerang_selatan,ruko,48.0,96.0,3,1,1,0,12.0,sedang,SHM,4.6,16.0,0,0,0,784.6
P005798,2024-01-28,semarang,ruko,74.0,86.0,3,1,1,1,,sedang,girik_ajb,11.5,14.9,0,0,0,518.2
P008590,2024-01-28,bogor,ruko,94.0,253.0,3,5,3,0,2.0,baik,SHM,10.8,3.1,0,1,0,2138.9
P000244,2024-01-29,depok,rumah,80.0,34.0,1,1,1,0,34.0,sedang,SHM,5.1,10.4,0,0,1,577.4
P000886,2024-01-29,bekasi,rumah,119.0,76.0,1,2,2,2,11.0,baik,girik_ajb,4.0,9.2,1,0,0,1026.6
P001965,2024-01-29,bandung,rumah,63.0,94.0,2,3,2,0,2.0,sedang,SHM,,7.1,1,1,0,1071.3
P003805,2024-01-29,jakarta_selatan,rumah,142.0,221.0,2,5,3,0,24.0,sedang,SHM,3.1,11.5,1,0,0,3311.9
P003811,2024-01-29,depok,rumah,94.0,101.0,2,3,3,2,10.0,baik,SHM,6.7,5.0,1,1,0,1573.5
P006120,2024-01-29,jakarta_selatan,rumah,285.0,521.0,2,10,7,3,7.0,baik,HGB,4.9,14.8,1,0,0,6259.1
P006686,2024-01-29,bekasi,rumah,132.0,192.0,2,6,6,1,2.0,baik,SHM,5.2,24.5,0,0,0,1592.3
P007964,2024-01-29,bandung,rumah,205.0,282.0,2,10,8,2,7.0,baik,SHM,5.6,20.0,0,0,0,2158.5
P002794,2024-02-02,yogyakarta,rumah,132.0,143.0,2,4,3,1,31.0,sedang,girik_ajb,5.2,2.0,0,0,0,1183.1
P004688,2024-02-02,bekasi,rumah,146.0,246.0,2,8,7,2,20.0,sedang,SHM,9.4,18.8,1,0,1,1366.3
P005061,2024-02-02,jakarta_barat,ruko,63.0,93.0,3,1,1,1,14.0,baik,HGB,7.6,8.0,1,1,0,1631.4
P005679,2024-02-02,bandung,rumah,95.0,151.0,2,5,4,1,6.0,baik,SHM,5.5,16.9,0,1,1,1027.3
P007840,2024-02-02,tangerang_selatan,rumah,63.0,65.0,2,2,2,1,28.0,sedang,HGB,4.7,18.8,0,0,0,547.1
P008834,2024-02-02,depok,rumah,156.0,194.0,2,5,5,2,11.0,sedang,SHM,4.4,14.6,0,0,0,1728.4
P009945,2024-02-02,tangerang_selatan,rumah,68.0,57.0,2,2,1,1,25.0,sedang,SHM,12.2,4.1,0,1,1,976.8
P000877,2024-02-03,bekasi,ruko,94.0,221.0,3,5,5,1,2.0,baik,SHM,7.7,9.3,1,0,0,1889.0
P001814,2024-02-03,tangerang_selatan,rumah,111.0,45.0,1,1,1,2,11.0,sedang,SHM,3.4,25.0,0,0,0,751.3
P008962,2024-02-03,bekasi,rumah,144.0,244.0,2,8,6,1,10.0,baik,SHM,14.3,7.2,1,0,0,1883.1
P000655,2024-02-04,surabaya,rumah,209.0,272.0,2,9,6,3,5.0,baik,SHM,5.1,9.7,1,1,0,2960.2
P001456,2024-02-04,jakarta_selatan,townhouse,92.0,99.0,2,3,2,1,15.0,sedang,SHM,2.9,2.3,1,1,0,2696.7
P001608,2024-02-04,tangerang_selatan,ruko,94.0,172.0,3,4,4,1,3.0,sedang,SHM,7.7,11.6,0,0,0,1621.7
P003672,2024-02-04,bogor,rumah,123.0,65.0,1,2,1,1,33.0,sedang,SHM,4.0,28.0,0,0,0,411.8
P004813,2024-02-04,depok,ruko,172.0,477.0,4,6,4,3,11.0,baik,SHM,12.3,22.2,0,1,0,3060.1
P006637,2024-02-04,jakarta_barat,townhouse,113.0,161.0,2,5,4,1,15.0,perlu_renovasi,SHM,9.0,19.7,0,0,0,1387.9
P006996,2024-02-04,surabaya,ruko,75.0,140.0,3,2,2,3,7.0,baik,HGB,12.1,2.5,1,0,0,1835.4
P007670,2024-02-04,depok,rumah,79.0,36.0,1,1,1,2,26.0,sedang,HGB,2.8,17.6,1,0,0,385.2
P008922,2024-02-04,bandung,rumah,194.0,96.0,1,3,3,2,14.0,sedang,HGB,5.0,3.6,1,1,0,1964.5
P000605,2024-02-05,yogyakarta,rumah,158.0,112.0,1,3,3,2,18.0,perlu_renovasi,SHM,8.8,9.8,1,0,1,930.2
P001766,2024-02-05,jakarta_selatan,rumah,75.0,49.0,1,1,1,1,7.0,baik,HGB,4.9,3.1,0,0,0,2347.4
P002036,2024-02-05,surabaya,rumah,117.0,66.0,1,2,1,1,20.0,baik,SHM,6.0,22.0,1,0,0,823.6
P004326,2024-02-05,depok,rumah,96.0,72.0,1,2,2,0,26.0,baik,SHM,6.3,17.0,0,0,0,745.7
P007448,2024-02-05,bekasi,rumah,147.0,122.0,1,4,4,2,16.0,baik,SHM,2.6,10.8,0,0,0,986.1
P007878,2024-02-05,surabaya,ruko,105.0,157.0,2,2,2,1,8.0,baik,HGB,8.8,23.3,0,0,0,1169.4
P008311,2024-02-05,semarang,rumah,248.0,438.0,3,10,8,3,3.0,baik,HGB,2.3,7.0,1,0,0,3509.6
P009106,2024-02-05,bandung,rumah,107.0,135.0,2,3,2,2,27.0,sedang,SHM,6.6,4.4,0,0,0,1365.5
P009377,2024-02-05,yogyakarta,rumah,54.0,25.0,1,1,1,1,6.0,baik,SHM,4.4,9.0,1,0,0,449.3
P001415,2024-02-06,jakarta_barat,ruko,106.0,222.0,4,6,4,2,4.0,perlu_renovasi,HGB,9.1,19.1,0,0,0,1873.2
P001701,2024-02-06,semarang,rumah,132.0,185.0,2,4,3,2,25.0,baik,SHM,9.9,9.0,1,1,0,1187.5
P002115,2024-02-06,jakarta_selatan,rumah,74.0,120.0,2,3,3,1,,sedang,girik_ajb,4.6,12.1,1,0,0,1568.9
P005338,2024-02-06,bandung,ruko,58.0,97.0,2,0,1,1,,baik,HGB,9.5,6.1,0,0,0,926.2
P005503,2024-02-06,jakarta_selatan,rumah,124.0,41.0,1,1,1,3,7.0,baik,girik_ajb,8.4,8.7,0,0,0,2027.1
P007883,2024-02-06,tangerang_selatan,rumah,188.0,228.0,2,6,5,2,19.0,baik,HGB,4.2,14.8,1,0,0,2235.5
P000511,2024-02-07,jakarta_selatan,rumah,138.0,185.0,3,6,5,1,36.0,baik,SHM,6.7,10.8,0,0,1,2772.5
P000566,2024-02-07,bandung,rumah,61.0,51.0,2,1,1,1,8.0,sedang,HGB,2.3,10.6,0,0,0,475.1
P000578,2024-02-07,bogor,rumah,91.0,106.0,2,3,2,0,,sedang,SHM,5.0,14.4,0,0,0,562.8
P000684,2024-02-07,bekasi,townhouse,78.0,122.0,2,4,4,1,10.0,baik,SHM,2.3,25.9,1,0,0,661.9
P005013,2024-02-07,jakarta_barat,ruko,109.0,275.0,4,6,7,0,5.0,sedang,SHM,6.7,16.8,0,0,0,2059.6
P006082,2024-02-07,jakarta_selatan,rumah,32.0,21.0,2,1,1,1,21.0,sedang,HGB,7.2,13.2,0,0,0,559.7
P006895,2024-02-07,jakarta_barat,ruko,37.0,62.0,2,0,1,2,3.0,baik,HGB,7.3,4.3,0,0,0,1113.9
P007066,2024-02-07,surabaya,rumah,199.0,258.0,2,9,7,2,14.0,baik,SHM,4.2,8.7,0,0,0,2543.8
P008017,2024-02-07,surabaya,rumah,111.0,95.0,2,2,1,3,11.0,baik,SHM,5.0,23.1,0,0,0,925.4
P008549,2024-02-07,bandung,rumah,70.0,152.0,3,5,5,0,21.0,sedang,HGB,4.5,8.5,0,0,0,880.8
P002669,2024-02-08,bogor,rumah,95.0,147.0,3,4,4,1,8.0,baik,SHM,3.3,14.2,0,0,0,1207.6
P003711,2024-02-08,surabaya,townhouse,52.0,87.0,2,3,2,0,5.0,baik,girik_ajb,6.1,6.6,0,0,0,767.6
P007654,2024-02-08,jakarta_selatan,rumah,71.0,58.0,1,1,1,1,2.0,baik,SHM,2.9,15.6,0,0,0,1148.8
P008360,2024-02-08,jakarta_barat,ruko,96.0,180.0,3,3,2,0,6.0,baik,SHM,7.7,5.0,0,0,0,2881.8
P008844,2024-02-08,bogor,rumah,43.0,21.0,1,1,1,0,23.0,baik,SHM,3.6,6.3,1,1,0,363.7
P008983,2024-02-08,bogor,rumah,56.0,84.0,3,2,1,1,18.0,baik,HGB,6.8,3.6,1,0,0,744.3
P001265,2024-02-09,bogor,rumah,152.0,148.0,2,4,3,3,18.0,sedang,SHM,2.9,4.7,0,0,0,1132.4
P002136,2024-02-09,depok,rumah,62.0,106.0,3,3,2,1,10.0,baik,HGB,,14.4,1,1,0,735.5
P005792,2024-02-09,bandung,townhouse,77.0,106.0,2,3,2,1,4.0,baik,SHM,4.7,19.8,1,0,1,901.2
P006266,2024-02-09,surabaya,ruko,44.0,47.0,2,0,1,1,15.0,sedang,SHM,8.3,8.4,0,1,0,909.7
P006474,2024-02-09,depok,rumah,140.0,129.0,2,3,2,2,3.0,sedang,HGB,2.4,23.9,0,0,0,879.2
P008330,2024-02-09,depok,rumah,57.0,50.0,1,1,1,0,26.0,baik,girik_ajb,4.2,10.3,0,0,1,374.6
P009436,2024-02-09,depok,ruko,100.0,225.0,3,5,3,1,10.0,baik,girik_ajb,6.5,19.8,0,0,0,1128.6
P009469,2024-02-09,depok,townhouse,132.0,167.0,2,5,5,1,15.0,perlu_renovasi,SHM,4.8,18.0,1,0,0,1288.2
P009552,2024-02-09,jakarta_selatan,rumah,113.0,86.0,2,2,2,1,3.0,sedang,HGB,8.1,3.0,1,1,1,3408.3
P009658,2024-02-09,jakarta_selatan,rumah,123.0,102.0,1,3,3,2,11.0,sedang,SHM,5.9,4.4,1,0,0,3883.8
P003998,2024-02-10,bekasi,townhouse,83.0,93.0,2,3,3,1,6.0,sedang,HGB,4.9,15.3,0,0,0,725.0
P005690,2024-02-10,semarang,ruko,66.0,86.0,3,0,1,2,,sedang,SHM,11.8,19.5,1,0,0,429.0
P006934,2024-02-10,bandung,rumah,97.0,262.0,3,7,8,1,11.0,baik,SHM,,12.6,1,0,0,1803.5
P007012,2024-02-10,yogyakarta,rumah,112.0,157.0,2,4,3,1,27.0,sedang,SHM,4.8,5.0,1,0,0,983.6
P009164,2024-02-10,bogor,rumah,349.0,527.0,2,10,6,3,6.0,sedang,SHM,4.1,5.9,1,0,0,4715.0
P000805,2024-02-11,jakarta_barat,rumah,263.0,159.0,1,4,4,3,6.0,sedang,HGB,5.3,12.4,1,0,0,2648.8
P003404,2024-02-11,semarang,ruko,112.0,134.0,2,1,1,1,18.0,perlu_renovasi,SHM,9.2,14.2,1,0,0,824.7
P003458,2024-02-11,semarang,rumah,158.0,227.0,2,5,5,2,5.0,sedang,SHM,4.2,16.3,0,0,0,1549.3
P003538,2024-02-11,bogor,rumah,101.0,149.0,2,5,4,2,4.0,baik,SHM,5.1,27.4,0,0,1,1009.9
P005163,2024-02-11,jakarta_barat,ruko,59.0,163.0,3,2,2,0,4.0,baik,HGB,10.5,15.6,0,0,0,1276.7
P005621,2024-02-11,bekasi,rumah,83.0,43.0,1,2,2,1,25.0,sedang,SHM,3.6,27.1,0,0,0,348.2
P006367,2024-02-11,bekasi,rumah,56.0,31.0,1,1,1,1,4.0,baik,HGB,5.8,14.3,1,0,0,468.3
P006827,2024-02-11,jakarta_selatan,townhouse,74.0,96.0,2,3,3,1,8.0,baik,SHM,2.3,13.4,0,1,0,1856.5
P007034,2024-02-11,jakarta_barat,ruko,70.0,109.0,3,1,1,1,27.0,baik,SHM,10.3,12.2,1,0,0,1319.8
P007711,2024-02-11,bekasi,ruko,58.0,74.0,3,0,1,1,9.0,baik,SHM,10.2,28.7,0,0,0,500.3
P008653,2024-02-11,yogyakarta,rumah,229.0,173.0,1,6,4,3,6.0,baik,SHM,8.8,17.0,0,0,0,1758.6
P000421,2024-02-12,bandung,rumah,170.0,89.0,1,2,1,3,16.0,baik,SHM,5.1,5.4,1,0,0,1750.8
P002765,2024-02-12,jakarta_selatan,rumah,95.0,139.0,2,3,3,1,2.0,baik,SHM,3.8,9.3,1,1,0,3097.8
P004267,2024-02-12,bekasi,rumah,79.0,103.0,2,3,2,0,10.0,baik,HGB,2.7,25.5,0,1,0,610.0
P006521,2024-02-12,yogyakarta,townhouse,50.0,49.0,2,1,1,0,15.0,baik,HGB,5.1,17.3,0,0,0,425.8
P008156,2024-02-12,yogyakarta,ruko,49.0,54.0,2,0,1,1,,perlu_renovasi,SHM,12.6,7.4,1,0,1,454.5
P008578,2024-02-12,tangerang_selatan,rumah,167.0,71.0,1,2,2,2,15.0,sedang,SHM,5.6,4.9,0,1,0,2155.7
P001059,2024-02-13,depok,rumah,95.0,109.0,2,3,2,1,2.0,baik,SHM,4.2,23.6,0,0,0,857.9
P002263,2024-02-13,bekasi,townhouse,86.0,63.0,2,1,1,1,6.0,sedang,SHM,4.3,15.4,0,0,0,650.2
P004782,2024-02-13,yogyakarta,rumah,100.0,74.0,1,2,2,0,1.0,baik,HGB,4.8,13.2,0,0,0,962.3
P004810,2024-02-13,bogor,rumah,187.0,119.0,1,3,3,2,7.0,sedang,SHM,8.7,3.2,0,0,0,1859.9
P004838,2024-02-13,jakarta_selatan,townhouse,64.0,100.0,2,3,3,1,15.0,baik,HGB,4.4,7.2,1,1,1,1697.4
P005281,2024-02-13,yogyakarta,rumah,89.0,56.0,1,1,1,1,18.0,perlu_renovasi,SHM,6.4,16.6,1,0,0,518.2
P005395,2024-02-13,bekasi,rumah,168.0,109.0,1,3,2,1,3.0,baik,HGB,5.0,8.8,0,1,0,1586.8
P007445,2024-02-13,jakarta_selatan,rumah,193.0,107.0,1,3,3,2,7.0,sedang,SHM,4.9,14.8,0,0,1,2970.8
P007463,2024-02-13,jakarta_selatan,rumah,116.0,74.0,1,2,2,2,16.0,sedang,SHM,3.4,17.3,1,0,0,1753.8
P007748,2024-02-13,bogor,rumah,170.0,192.0,2,5,5,3,13.0,perlu_renovasi,SHM,10.6,22.9,0,0,1,931.7
P008469,2024-02-13,depok,rumah,70.0,121.0,2,3,3,0,3.0,baik,HGB,3.9,21.8,0,0,0,902.9
P000580,2024-02-14,tangerang_selatan,rumah,81.0,75.0,2,2,2,1,27.0,sedang,SHM,6.6,4.9,0,0,0,1586.6
P000796,2024-02-14,tangerang_selatan,rumah,361.0,598.0,2,10,8,4,8.0,sedang,girik_ajb,5.5,15.3,1,0,1,3947.0
P002293,2024-02-14,bogor,rumah,105.0,108.0,2,3,3,1,9.0,baik,SHM,2.9,9.0,0,0,0,740.1
P003482,2024-02-14,bandung,ruko,114.0,144.0,3,1,1,2,11.0,sedang,SHM,10.8,5.3,1,1,1,1762.4
P003675,2024-02-14,surabaya,rumah,384.0,753.0,3,10,6,5,,sedang,SHM,4.6,14.7,0,0,0,4388.5
P004432,2024-02-14,semarang,rumah,140.0,190.0,2,5,4,1,9.0,baik,SHM,7.0,14.4,0,0,0,1542.2
P006322,2024-02-14,bekasi,rumah,144.0,209.0,2,5,3,1,22.0,sedang,HGB,3.2,20.7,0,1,1,927.9
P006593,2024-02-14,bekasi,ruko,77.0,123.0,3,1,1,1,17.0,baik,SHM,7.7,10.9,1,0,0,978.8
P006868,2024-02-14,jakarta_selatan,rumah,65.0,32.0,1,1,1,1,5.0,baik,HGB,5.3,11.2,1,0,0,1419.7
P008137,2024-02-14,depok,rumah,115.0,92.0,2,3,2,1,15.0,sedang,girik_ajb,1.9,9.7,0,1,0,884.2
P000709,2024-02-15,bekasi,ruko,121.0,182.0,3,2,2,2,31.0,perlu_renovasi,HGB,7.3,20.4,0,0,0,805.6
P001227,2024-02-15,bekasi,rumah,115.0,54.0,1,1,1,1,10.0,baik,SHM,3.1,10.9,0,1,0,1072.5
P001546,2024-02-15,bekasi,rumah,118.0,181.0,3,4,3,2,3.0,baik,SHM,5.8,21.8,0,1,0,1371.2
P002101,2024-02-15,bandung,townhouse,96.0,139.0,3,4,4,2,4.0,baik,girik_ajb,6.3,4.9,1,1,0,1401.2
P002483,2024-02-15,jakarta_selatan,rumah,99.0,157.0,3,4,4,0,12.0,baik,SHM,7.7,3.3,1,0,0,3682.0
P002705,2024-02-15,bandung,townhouse,72.0,76.0,2,2,2,0,5.0,baik,SHM,9.3,9.6,0,0,0,1090.0
P003867,2024-02-15,depok,townhouse,50.0,111.0,3,4,4,1,13.0,perlu_renovasi,SHM,7.8,16.5,0,0,0,638.7
P004122,2024-02-15,surabaya,rumah,221.0,255.0,2,7,4,2,7.0,baik,SHM,7.1,8.5,0,0,1,3185.7
P007032,2024-02-15,tangerang_selatan,rumah,127.0,132.0,2,4,4,1,10.0,baik,SHM,9.4,4.0,1,1,0,2287.6
P008201,2024-02-15,jakarta_selatan,rumah,122.0,55.0,1,1,1,2,5.0,sedang,SHM,5.4,15.2,0,0,0,2360.2
P000177,2024-02-16,bekasi,rumah,246.0,346.0,2,10,8,2,17.0,baik,SHM,6.6,5.4,1,1,0,3600.6
P000546,2024-02-16,bekasi,rumah,237.0,107.0,1,3,3,2,45.0,sedang,SHM,2.7,25.8,1,0,0,736.9
P002269,2024-02-16,bandung,rumah,106.0,149.0,2,4,4,2,9.0,sedang,SHM,4.5,2.9,1,0,0,1611.1
P004042,2024-02-16,bandung,rumah,118.0,67.0,1,2,2,1,10.0,baik,HGB,6.3,18.6,1,0,0,870.7
P004436,2024-02-16,depok,ruko,56.0,102.0,3,0,1,1,27.0,sedang,SHM,3.3,20.0,0,0,0,536.9
P005815,2024-02-16,depok,rumah,111.0,101.0,2,3,2,2,10.0,sedang,HGB,3.1,5.0,1,0,0,1155.4
P007613,2024-02-16,bandung,rumah,51.0,67.0,2,2,2,1,32.0,sedang,HGB,5.5,7.0,1,0,0,491.2
P008515,2024-02-16,bekasi,rumah,166.0,112.0,2,3,3,1,3.0,sedang,SHM,2.5,13.7,0,1,0,1195.4
P009005,2024-02-16,jakarta_selatan,ruko,84.0,159.0,3,2,2,1,26.0,sedang,HGB,6.4,10.9,0,1,0,2231.2
P001985,2024-02-17,bogor,rumah,159.0,149.0,2,4,4,2,5.0,sedang,SHM,3.4,7.8,0,1,0,1292.5
P003431,2024-02-17,depok,townhouse,91.0,119.0,2,3,2,2,5.0,baik,HGB,3.3,24.1,0,0,1,835.8
P004948,2024-02-17,surabaya,rumah,212.0,340.0,2,10,8,2,4.0,baik,SHM,3.8,13.2,1,0,0,2980.4
P004980,2024-02-17,semarang,townhouse,59.0,42.0,2,1,1,2,11.0,baik,SHM,,12.9,1,0,0,357.5
P006139,2024-02-17,jakarta_barat,rumah,134.0,92.0,1,3,2,2,5.0,baik,HGB,4.6,5.9,1,1,0,2323.5
P006486,2024-02-17,semarang,rumah,238.0,262.0,2,9,7,2,7.0,baik,SHM,4.5,19.0,0,0,1,1617.5
P008476,2024-02-17,tangerang_selatan,rumah,103.0,39.0,1,1,1,2,33.0,sedang,SHM,5.5,8.3,1,1,0,1397.2
P008767,2024-02-17,surabaya,rumah,82.0,45.0,1,1,1,1,12.0,sedang,HGB,5.6,6.9,1,1,0,1097.5
P003486,2024-02-18,bandung,rumah,184.0,75.0,1,2,2,1,15.0,sedang,HGB,4.5,19.5,0,0,0,1019.8
P005056,2024-02-18,tangerang_selatan,ruko,57.0,96.0,3,1,1,0,16.0,sedang,SHM,6.4,22.1,0,0,0,721.4
P005908,2024-02-18,bogor,rumah,131.0,98.0,2,3,3,0,24.0,sedang,girik_ajb,4.6,7.5,0,0,1,584.0
P009314,2024-02-18,bogor,rumah,96.0,53.0,1,2,2,1,18.0,sedang,SHM,7.7,20.0,0,0,0,424.3
P002552,2024-02-19,depok,rumah,180.0,197.0,2,5,3,2,4.0,sedang,SHM,3.6,11.3,0,1,0,1904.6
P003470,2024-02-19,yogyakarta,rumah,141.0,214.0,2,5,3,1,18.0,perlu_renovasi,HGB,7.5,6.4,0,0,0,1240.3
P003712,2024-02-19,bandung,rumah,86.0,57.0,1,2,2,1,22.0,sedang,SHM,5.0,14.0,0,0,1,478.9
P003959,2024-02-19,jakarta_selatan,rumah,133.0,143.0,2,4,3,1,7.0,sedang,SHM,6.7,14.0,0,0,0,3363.4
P000608,2024-02-20,jakarta_selatan,rumah,282.0,196.0,1,4,3,4,21.0,baik,SHM,6.3,16.9,0,0,0,5088.9
P001134,2024-02-20,bandung,rumah,181.0,204.0,2,5,4,2,31.0,sedang,SHM,4.4,21.5,0,0,0,1050.1
P005677,2024-02-20,jakarta_barat,ruko,62.0,131.0,3,1,1,1,15.0,perlu_renovasi,SHM,2.8,16.8,0,0,1,746.8
P006351,2024-02-20,surabaya,rumah,162.0,255.0,2,8,6,2,11.0,sedang,girik_ajb,6.8,2.5,0,1,0,2595.6
P006752,2024-02-20,tangerang_selatan,townhouse,100.0,106.0,2,3,2,1,15.0,sedang,SHM,4.9,14.3,0,0,0,925.7
P002564,2024-02-21,depok,rumah,216.0,98.0,1,3,3,1,5.0,sedang,SHM,11.6,23.7,1,1,0,1440.5
P003820,2024-02-21,surabaya,townhouse,100.0,166.0,2,4,3,1,15.0,perlu_renovasi,SHM,4.2,20.5,0,0,0,1052.0
P006260,2024-02-21,tangerang_selatan,rumah,90.0,51.0,1,2,2,2,5.0,sedang,HGB,6.0,20.7,0,0,0,671.4
P006536,2024-02-21,jakarta_barat,rumah,73.0,85.0,2,3,3,1,11.0,baik,HGB,4.1,5.8,1,0,0,1391.4
P006719,2024-02-21,bogor,ruko,67.0,102.0,2,2,1,0,10.0,baik,SHM,11.7,20.0,0,0,0,587.6
P008438,2024-02-21,surabaya,rumah,78.0,113.0,2,3,3,1,11.0,baik,SHM,7.2,23.0,0,0,0,942.5
P000235,2024-02-22,yogyakarta,rumah,112.0,147.0,2,4,3,1,11.0,sedang,SHM,5.6,16.1,1,0,0,1014.2
P001317,2024-02-22,depok,rumah,103.0,182.0,2,4,4,1,18.0,perlu_renovasi,HGB,2.4,10.7,0,0,0,927.4
P004860,2024-02-22,tangerang_selatan,rumah,95.0,78.0,1,3,3,0,15.0,baik,SHM,4.0,13.4,0,0,0,1000.0
P005843,2024-02-22,tangerang_selatan,townhouse,82.0,187.0,3,4,3,0,15.0,sedang,SHM,4.6,12.4,0,1,0,1750.6
P000181,2024-02-23,semarang,rumah,102.0,78.0,1,2,1,2,19.0,sedang,girik_ajb,6.3,17.7,0,0,1,378.3
P001532,2024-02-23,jakarta_barat,rumah,117.0,50.0,1,1,1,1,46.0,sedang,HGB,6.0,3.8,0,0,0,1716.9
P002053,2024-02-23,bekasi,rumah,94.0,65.0,1,2,2,0,22.0,baik,HGB,7.1,5.4,0,1,0,1143.6
P003965,2024-02-23,tangerang_selatan,rumah,174.0,73.0,1,3,3,2,5.0,sedang,SHM,5.1,21.5,1,0,0,1300.7
P004631,2024-02-23,tangerang_selatan,rumah,221.0,397.0,2,10,8,3,15.0,sedang,SHM,4.5,7.7,1,1,0,4208.8
P004769,2024-02-23,jakarta_barat,rumah,148.0,123.0,2,4,4,1,1.0,perlu_renovasi,SHM,5.1,6.3,1,1,0,2404.6
P005025,2024-02-23,bogor,rumah,119.0,106.0,2,3,2,2,13.0,sedang,girik_ajb,6.5,25.0,0,0,0,665.3
P005609,2024-02-23,bekasi,ruko,80.0,121.0,3,2,2,2,3.0,baik,SHM,7.4,8.9,1,0,0,1239.4
P006215,2024-02-23,tangerang_selatan,rumah,323.0,272.0,2,6,5,4,8.0,sedang,HGB,5.5,18.6,0,0,0,2268.6
P007135,2024-02-23,tangerang_selatan,rumah,110.0,80.0,1,2,2,2,7.0,baik,HGB,3.8,8.9,0,1,1,1176.9
P008800,2024-02-23,bekasi,ruko,66.0,62.0,2,0,1,0,18.0,baik,SHM,9.4,13.0,0,0,0,792.1
P000272,2024-02-24,jakarta_barat,rumah,100.0,57.0,1,1,1,2,,sedang,SHM,5.5,17.5,1,0,1,826.9
P000296,2024-02-24,semarang,rumah,135.0,187.0,2,4,3,2,7.0,perlu_renovasi,HGB,8.5,14.0,1,0,1,970.1
P000602,2024-02-24,surabaya,ruko,34.0,60.0,3,0,1,0,31.0,perlu_renovasi,SHM,11.3,19.5,1,0,0,341.4
P002125,2024-02-24,bekasi,rumah,143.0,184.0,2,4,3,1,24.0,sedang,HGB,3.8,29.9,0,0,0,948.1
P003147,2024-02-24,bandung,rumah,174.0,64.0,1,1,1,1,9.0,baik,SHM,5.7,21.3,0,0,0,945.4
P003239,2024-02-24,bekasi,ruko,69.0,218.0,4,4,4,0,8.0,sedang,HGB,10.2,9.4,0,1,0,1538.5
P003518,2024-02-24,jakarta_barat,rumah,97.0,63.0,1,1,1,1,,baik,HGB,4.2,4.7,0,0,0,1602.1
P003884,2024-02-24,bekasi,rumah,101.0,70.0,2,2,2,0,4.0,baik,HGB,4.0,12.5,0,0,0,806.4
P005192,2024-02-24,bandung,rumah,195.0,223.0,2,6,6,1,20.0,sedang,HGB,9.9,8.6,0,0,0,1952.3
P005581,2024-02-24,bandung,rumah,90.0,61.0,1,1,1,1,3.0,baik,SHM,4.4,3.5,0,0,0,1009.8
P005593,2024-02-24,bogor,rumah,85.0,100.0,2,3,3,1,14.0,sedang,SHM,9.5,17.7,0,0,1,553.5
P006636,2024-02-24,tangerang_selatan,rumah,178.0,207.0,2,6,4,3,8.0,sedang,SHM,9.5,11.8,0,0,0,2224.3
P006716,2024-02-24,surabaya,rumah,122.0,90.0,2,3,2,2,29.0,sedang,SHM,6.0,5.5,0,0,0,1751.5
P006825,2024-02-24,bogor,rumah,209.0,221.0,2,6,6,3,5.0,baik,HGB,6.9,3.2,1,0,0,2756.1
P008352,2024-02-24,semarang,rumah,105.0,47.0,1,2,2,1,12.0,sedang,HGB,7.5,16.0,0,0,0,499.5
P008622,2024-02-24,bogor,rumah,224.0,282.0,2,9,8,3,0.0,baik,SHM,6.2,25.0,1,0,0,2134.3
P009174,2024-02-24,jakarta_barat,rumah,87.0,74.0,1,2,2,1,8.0,sedang,SHM,4.8,8.3,1,0,0,1339.5
P000575,2024-02-25,surabaya,rumah,66.0,22.0,1,1,1,1,2.0,baik,girik_ajb,4.5,20.8,1,0,0,325.8
P000780,2024-02-25,surabaya,townhouse,98.0,158.0,2,5,4,0,6.0,baik,SHM,7.1,13.1,1,0,0,1649.0
P004718,2024-02-25,bogor,rumah,138.0,122.0,1,3,2,2,13.0,baik,SHM,6.4,23.0,0,0,0,970.7
P006525,2024-02-25,tangerang_selatan,rumah,163.0,191.0,2,5,3,3,,baik,SHM,6.6,13.6,1,0,0,2531.3
P007533,2024-02-25,bekasi,rumah,100.0,64.0,1,2,1,1,8.0,baik,HGB,4.6,8.0,0,0,0,860.0
P008267,2024-02-25,yogyakarta,rumah,175.0,92.0,1,2,2,1,41.0,perlu_renovasi,SHM,3.8,8.8,0,1,0,1009.4
P008960,2024-02-25,bogor,rumah,178.0,239.0,2,8,7,1,15.0,sedang,SHM,7.5,12.2,0,0,0,1327.5
P003575,2024-02-26,tangerang_selatan,rumah,237.0,180.0,1,5,5,3,12.0,sedang,SHM,5.8,14.9,0,0,0,2507.0
P003668,2024-02-26,jakarta_barat,rumah,82.0,111.0,2,3,3,1,9.0,sedang,HGB,3.8,18.8,0,0,0,961.7
P005340,2024-02-26,tangerang_selatan,rumah,123.0,150.0,2,4,3,0,27.0,sedang,SHM,5.3,15.6,0,0,0,1170.5
P008172,2024-02-26,bandung,rumah,65.0,25.0,1,1,1,1,8.0,baik,HGB,3.6,17.0,0,0,1,351.6
P008803,2024-02-26,jakarta_barat,rumah,109.0,74.0,1,2,2,2,5.0,baik,SHM,5.9,5.5,1,0,1,1630.6
P009041,2024-02-26,jakarta_selatan,ruko,77.0,144.0,3,1,1,1,24.0,sedang,SHM,9.5,11.0,1,0,0,2662.0
P009801,2024-02-26,jakarta_selatan,rumah,81.0,74.0,2,2,2,1,13.0,perlu_renovasi,HGB,3.3,10.7,1,0,0,1598.0
P000672,2024-02-27,bogor,rumah,56.0,82.0,3,2,2,0,43.0,sedang,SHM,4.0,24.5,0,0,0,248.5
P002615,2024-02-27,tangerang_selatan,townhouse,105.0,122.0,2,3,3,1,15.0,baik,SHM,4.2,6.5,1,0,0,1889.4
P003896,2024-02-27,bogor,rumah,59.0,51.0,1,1,1,0,5.0,baik,SHM,6.1,23.4,0,0,0,453.6
P006321,2024-02-27,tangerang_selatan,ruko,120.0,112.0,2,2,2,1,19.0,sedang,SHM,2.2,20.7,0,0,0,1025.8
P006555,2024-02-27,jakarta_barat,rumah,145.0,91.0,1,2,2,2,10.0,sedang,SHM,10.1,17.3,1,0,0,1415.4
P007491,2024-02-27,yogyakarta,townhouse,68.0,166.0,3,4,4,1,5.0,baik,HGB,8.3,15.2,1,1,0,1163.1
P007849,2024-02-27,jakarta_barat,ruko,130.0,173.0,2,2,2,1,36.0,perlu_renovasi,SHM,12.0,4.5,1,1,0,3309.6
P009644,2024-02-27,jakarta_selatan,rumah,133.0,56.0,1,2,2,3,10.0,baik,HGB,4.1,4.5,0,0,0,2624.6
P001264,2024-02-28,yogyakarta,rumah,64.0,98.0,2,2,2,0,9.0,baik,SHM,,7.2,1,1,0,919.3
P001639,2024-02-28,tangerang_selatan,ruko,74.0,85.0,3,0,1,1,6.0,sedang,SHM,6.8,23.1,1,0,0,754.4
P001812,2024-02-28,bekasi,rumah,103.0,106.0,2,2,2,1,6.0,baik,HGB,7.3,15.6,0,0,0,978.5
P004703,2024-02-28,tangerang_selatan,rumah,61.0,110.0,2,2,2,1,1.0,baik,SHM,6.4,15.9,0,0,0,1071.9
P005073,2024-02-28,bekasi,rumah,150.0,202.0,2,7,4,2,18.0,baik,SHM,5.2,7.7,1,1,0,1775.3
P005134,2024-02-28,depok,rumah,173.0,143.0,1,4,4,2,57.0,perlu_renovasi,HGB,3.6,14.0,0,1,1,850.4
P006676,2024-02-28,jakarta_barat,rumah,183.0,142.0,1,4,3,2,9.0,baik,SHM,5.1,18.6,0,0,0,2055.1
P006740,2024-02-28,tangerang_selatan,rumah,223.0,225.0,2,7,7,2,22.0,baik,SHM,6.0,21.0,0,0,0,2233.2
P006917,2024-02-28,tangerang_selatan,rumah,84.0,108.0,2,3,2,0,8.0,sedang,SHM,7.4,8.9,0,0,1,1144.4
P009720,2024-02-28,jakarta_selatan,rumah,42.0,67.0,2,2,2,0,,sedang,SHM,,6.8,1,1,0,1305.4
P003623,2024-02-29,bekasi,rumah,128.0,157.0,2,5,5,1,11.0,baik,HGB,2.8,24.2,0,0,0,1085.2
P009979,2024-02-29,jakarta_selatan,rumah,83.0,140.0,2,5,5,0,9.0,baik,SHM,3.1,13.4,1,1,0,2464.3
P000498,2024-03-03,bogor,townhouse,117.0,150.0,2,5,5,1,,sedang,SHM,4.4,21.8,1,0,1,876.4
P001856,2024-03-03,yogyakarta,townhouse,42.0,75.0,3,2,2,0,15.0,baik,SHM,4.0,7.8,1,0,0,585.4
P002175,2024-03-03,bekasi,rumah,131.0,62.0,1,1,1,2,18.0,baik,SHM,2.9,28.7,1,0,0,465.3
P002792,2024-03-03,jakarta_selatan,ruko,77.0,112.0,3,0,1,1,7.0,baik,SHM,13.0,4.4,1,1,0,3587.5
P003444,2024-03-03,bekasi,rumah,97.0,95.0,2,3,2,0,37.0,perlu_renovasi,SHM,,25.5,0,0,0,361.8
P003673,2024-03-03,tangerang_selatan,rumah,124.0,109.0,1,4,4,1,26.0,perlu_renovasi,SHM,9.1,7.6,0,0,0,1554.7
P006118,2024-03-03,jakarta_barat,rumah,190.0,389.0,3,10,8,3,11.0,baik,HGB,5.5,19.9,1,0,0,3028.3
P006319,2024-03-03,depok,rumah,60.0,77.0,2,2,1,0,8.0,sedang,HGB,4.8,12.1,0,1,0,667.5
P006512,2024-03-03,jakarta_barat,rumah,79.0,48.0,1,1,1,0,5.0,baik,HGB,6.5,5.8,1,1,0,1595.7
P007336,2024-03-03,semarang,rumah,102.0,142.0,2,3,3,2,10.0,baik,SHM,6.9,16.9,0,0,0,873.3
P007844,2024-03-03,bogor,ruko,72.0,100.0,2,0,1,1,19.0,sedang,SHM,6.5,17.4,0,0,0,538.7
P008908,2024-03-03,surabaya,rumah,102.0,79.0,1,2,2,2,15.0,sedang,HGB,2.7,7.0,1,0,0,975.0
P002810,2024-03-04,jakarta_barat,rumah,70.0,50.0,1,1,1,1,8.0,sedang,SHM,3.2,8.0,1,0,0,1093.7
P005307,2024-03-04,yogyakarta,townhouse,60.0,67.0,2,2,2,1,11.0,baik,SHM,8.5,9.2,0,0,0,766.9
P006103,2024-03-04,surabaya,rumah,158.0,80.0,1,2,2,2,12.0,baik,SHM,6.3,9.1,0,1,0,1736.5
P006422,2024-03-04,depok,ruko,60.0,199.0,4,3,2,0,31.0,sedang,HGB,9.7,18.8,0,0,1,631.6
P006783,2024-03-04,bogor,rumah,141.0,247.0,3,6,6,1,21.0,sedang,SHM,4.2,3.1,0,1,1,1258.8
P009462,2024-03-04,jakarta_selatan,ruko,59.0,107.0,3,1,1,2,6.0,baik,HGB,7.8,15.0,0,0,0,1652.8
P001461,2024-03-05,surabaya,rumah,240.0,215.0,2,5,3,2,5.0,baik,SHM,8.4,13.3,0,1,0,2557.3
P004058,2024-03-05,yogyakarta,rumah,67.0,84.0,2,2,1,0,23.0,baik,SHM,7.7,8.8,1,1,0,709.4
P005790,2024-03-05,bekasi,rumah,415.0,184.0,1,4,3,5,19.0,sedang,SHM,3.9,24.2,1,0,0,2098.2
P006031,2024-03-05,bekasi,rumah,165.0,120.0,1,4,3,2,6.0,sedang,girik_ajb,4.6,27.8,0,0,1,819.9
P006142,2024-03-05,jakarta_barat,rumah,58.0,26.0,1,1,1,1,4.0,baik,SHM,12.3,9.2,0,0,0,959.4
P007354,2024-03-05,bogor,rumah,80.0,43.0,1,1,1,1,17.0,baik,SHM,4.7,6.5,0,0,0,635.8
P004717,2024-03-06,tangerang_selatan,townhouse,75.0,123.0,3,4,3,2,15.0,baik,SHM,4.7,14.7,1,1,0,1265.6
P007204,2024-03-06,yogyakarta,rumah,84.0,139.0,2,5,3,4,20.0,perlu_renovasi,SHM,9.4,4.8,0,1,0,1322.6
P007915,2024-03-06,semarang,rumah,232.0,339.0,2,10,6,3,,baik,SHM,6.1,10.4,1,0,1,1787.2
P000293,2024-03-07,semarang,rumah,83.0,67.0,1,2,2,3,13.0,baik,SHM,7.7,17.2,0,0,0,505.7
P002650,2024-03-07,surabaya,rumah,142.0,178.0,2,5,3,1,29.0,baik,SHM,6.8,11.8,1,1,0,1756.4
P003152,2024-03-07,bogor,ruko,51.0,70.0,3,0,1,0,12.0,sedang,SHM,11.1,24.0,1,0,0,408.9
P007371,2024-03-07,tangerang_selatan,rumah,135.0,117.0,2,4,3,2,12.0,baik,SHM,6.9,13.4,0,0,0,1886.9
P008779,2024-03-07,surabaya,rumah,129.0,216.0,2,6,5,1,2.0,baik,SHM,4.4,2.3,1,1,0,3046.1
P008833,2024-03-07,jakarta_selatan,rumah,75.0,111.0,2,3,2,0,46.0,perlu_renovasi,SHM,4.0,14.9,1,0,0,1448.4
P000045,2024-03-08,surabaya,rumah,61.0,42.0,1,1,1,2,2.0,baik,SHM,5.3,9.6,0,1,0,784.6
P000601,2024-03-08,depok,rumah,112.0,105.0,2,3,2,0,12.0,baik,HGB,4.0,19.1,0,0,0,896.3
P002475,2024-03-08,bekasi,rumah,41.0,52.0,2,1,1,1,,baik,HGB,3.4,19.1,0,0,0,397.0
P003146,2024-03-08,bogor,rumah,143.0,254.0,2,6,5,1,44.0,perlu_renovasi,girik_ajb,2.9,3.7,0,0,0,622.8
P005026,2024-03-08,bogor,rumah,94.0,179.0,3,4,3,1,17.0,perlu_renovasi,HGB,2.8,22.1,0,0,0,631.3
P005577,2024-03-08,yogyakarta,townhouse,64.0,44.0,2,1,1,1,13.0,baik,SHM,2.6,19.8,0,0,1,399.0
P006046,2024-03-08,bekasi,rumah,135.0,161.0,2,4,4,2,34.0,baik,SHM,3.9,20.1,0,0,0,979.0
P006374,2024-03-08,bandung,ruko,120.0,155.0,3,3,3,2,6.0,sedang,HGB,7.2,15.0,0,0,0,1475.9
P007366,2024-03-08,jakarta_selatan,rumah,84.0,38.0,1,1,1,1,5.0,baik,HGB,3.0,2.7,1,1,1,2208.8
P007689,2024-03-08,bekasi,ruko,106.0,136.0,3,3,2,1,,sedang,SHM,15.6,24.6,0,0,0,777.7
P008536,2024-03-08,tangerang_selatan,rumah,129.0,148.0,2,4,4,2,13.0,perlu_renovasi,SHM,5.4,4.5,0,0,0,1868.0
P000268,2024-03-09,jakarta_barat,townhouse,74.0,68.0,2,2,2,2,8.0,sedang,SHM,2.6,8.0,0,0,0,907.9
P001961,2024-03-09,bogor,rumah,141.0,135.0,2,4,3,1,13.0,baik,SHM,3.3,16.2,1,0,0,947.8
P002621,2024-03-09,semarang,rumah,100.0,140.0,2,4,4,2,15.0,perlu_renovasi,girik_ajb,5.8,15.0,0,0,0,524.5
P004715,2024-03-09,depok,rumah,133.0,47.0,1,1,1,3,11.0,baik,SHM,6.2,17.5,1,0,0,824.5
P004741,2024-03-09,jakarta_barat,rumah,95.0,201.0,3,5,5,1,19.0,perlu_renovasi,SHM,6.0,13.5,0,0,0,1342.9
P005888,2024-03-09,jakarta_barat,rumah,107.0,51.0,1,1,1,1,32.0,perlu_renovasi,HGB,2.4,4.5,0,0,0,1200.2
P006991,2024-03-09,jakarta_barat,rumah,130.0,70.0,1,2,2,2,7.0,baik,HGB,5.3,10.0,1,0,1,1457.6
P007820,2024-03-09,bekasi,rumah,151.0,139.0,2,4,3,2,7.0,baik,SHM,5.1,13.0,0,1,0,1570.3
P008884,2024-03-09,jakarta_selatan,townhouse,69.0,69.0,2,2,2,1,15.0,baik,SHM,6.4,11.4,0,0,0,1619.9
P009157,2024-03-09,bekasi,rumah,171.0,140.0,1,3,3,2,8.0,sedang,SHM,3.2,21.1,0,0,0,1139.3
P009463,2024-03-09,tangerang_selatan,townhouse,56.0,98.0,2,3,3,1,5.0,baik,SHM,4.5,13.1,0,0,0,1056.6
P002228,2024-03-10,jakarta_selatan,rumah,147.0,119.0,1,3,3,1,8.0,baik,SHM,4.7,10.2,1,0,0,3407.7
P003017,2024-03-10,yogyakarta,rumah,87.0,220.0,3,7,7,1,8.0,baik,HGB,3.0,14.4,0,0,0,1322.2
P004975,2024-03-10,bogor,rumah,168.0,141.0,2,5,5,2,7.0,baik,SHM,7.1,5.4,0,0,1,1382.6
P005105,2024-03-10,surabaya,rumah,73.0,28.0,1,1,1,1,14.0,baik,SHM,5.0,11.8,1,0,0,864.0
P006828,2024-03-10,surabaya,ruko,56.0,52.0,2,0,1,0,21.0,sedang,SHM,7.2,2.3,1,0,0,1050.3
P008397,2024-03-10,depok,rumah,82.0,65.0,2,2,2,1,11.0,baik,SHM,5.6,13.5,0,0,1,657.6
P001870,2024-03-11,surabaya,rumah,102.0,80.0,2,2,2,1,22.0,sedang,HGB,7.3,7.0,1,0,0,1338.9
P004685,2024-03-11,yogyakarta,rumah,98.0,106.0,2,4,3,1,25.0,sedang,SHM,6.2,9.1,0,1,0,978.6
P004997,2024-03-11,jakarta_barat,rumah,137.0,162.0,2,4,4,2,12.0,baik,SHM,6.0,12.9,1,0,0,2493.8
P005635,2024-03-11,jakarta_selatan,townhouse,92.0,133.0,2,3,3,0,6.0,baik,SHM,2.8,14.1,0,0,0,1836.2
P006102,2024-03-11,jakarta_barat,ruko,54.0,119.0,3,2,2,1,36.0,perlu_renovasi,SHM,7.9,11.1,0,0,0,913.8
P006597,2024-03-11,tangerang_selatan,rumah,62.0,23.0,1,1,1,1,6.0,perlu_renovasi,SHM,4.8,10.2,0,1,0,932.8
P009546,2024-03-11,tangerang_selatan,rumah,144.0,132.0,2,3,2,3,31.0,sedang,SHM,6.1,22.3,0,0,0,1101.8
P002216,2024-03-12,jakarta_selatan,rumah,172.0,91.0,1,2,1,1,10.0,baik,SHM,5.9,3.1,0,0,0,4279.7
P002531,2024-03-12,bogor,townhouse,45.0,40.0,2,1,1,1,4.0,sedang,HGB,4.2,7.9,0,0,0,391.1
P004023,2024-03-12,tangerang_selatan,rumah,165.0,261.0,3,9,6,2,21.0,sedang,SHM,9.0,18.7,0,0,1,2063.1
P006148,2024-03-12,tangerang_selatan,rumah,92.0,44.0,1,1,1,2,4.0,baik,HGB,6.7,7.4,0,0,0,1247.3
P006218,2024-03-12,bandung,townhouse,132.0,130.0,2,4,4,1,11.0,sedang,HGB,11.8,10.7,1,0,0,1399.8
P006675,2024-03-12,bandung,townhouse,73.0,165.0,3,5,4,1,,sedang,HGB,4.2,12.3,0,0,0,975.6
P006838,2024-03-12,bogor,ruko,51.0,67.0,2,0,1,1,,baik,SHM,8.6,13.9,1,0,1,623.4
P007294,2024-03-12,jakarta_barat,rumah,153.0,141.0,2,5,4,1,28.0,sedang,HGB,5.0,6.5,0,0,0,2236.9
P009930,2024-03-12,depok,townhouse,87.0,61.0,2,2,2,1,13.0,baik,HGB,8.6,24.3,0,0,0,664.2
P002633,2024-03-13,semarang,rumah,104.0,138.0,2,3,3,1,17.0,sedang,HGB,3.2,19.1,1,0,0,674.7
P003893,2024-03-13,depok,rumah,126.0,182.0,2,5,5,2,3.0,baik,SHM,4.5,22.5,0,1,0,1559.0
P003982,2024-03-13,bekasi,rumah,66.0,37.0,1,1,1,0,8.0,baik,SHM,3.0,10.2,0,0,1,488.2
P004880,2024-03-13,bekasi,rumah,71.0,51.0,1,1,1,1,7.0,sedang,SHM,1.7,23.7,0,0,0,363.9
P006779,2024-03-13,bekasi,rumah,164.0,125.0,1,3,3,2,18.0,sedang,HGB,6.0,17.0,1,0,0,925.3
P000327,2024-03-14,surabaya,rumah,331.0,624.0,3,10,8,3,9.0,sedang,SHM,5.7,7.4,0,0,0,4296.5
P001466,2024-03-14,bandung,rumah,146.0,83.0,1,2,2,2,5.0,baik,SHM,5.2,16.7,0,0,0,1293.9
P002769,2024-03-14,surabaya,rumah,54.0,28.0,1,1,1,0,9.0,sedang,SHM,6.2,15.9,1,0,0,449.3
P003433,2024-03-14,yogyakarta,ruko,51.0,98.0,3,1,1,1,22.0,baik,SHM,7.3,8.3,0,0,0,550.5
P003589,2024-03-14,surabaya,rumah,58.0,61.0,3,2,1,1,32.0,sedang,SHM,5.0,17.1,0,0,0,484.7
P003663,2024-03-14,semarang,rumah,147.0,54.0,1,2,2,2,26.0,baik,HGB,2.2,18.8,1,1,0,534.4
P004006,2024-03-14,jakarta_barat,rumah,88.0,68.0,1,2,2,1,29.0,sedang,SHM,7.5,17.2,0,0,0,970.6
P005194,2024-03-14,bandung,townhouse,81.0,202.0,3,6,6,1,15.0,sedang,HGB,7.2,8.1,0,1,0,1340.7
P008038,2024-03-14,depok,rumah,129.0,170.0,2,4,3,2,,baik,HGB,3.0,16.8,0,0,0,1144.5
P009715,2024-03-14,jakarta_selatan,rumah,135.0,98.0,1,3,2,1,8.0,baik,HGB,5.1,4.0,1,0,1,3082.7
P009736,2024-03-14,bogor,rumah,195.0,182.0,2,5,4,2,4.0,perlu_renovasi,SHM,5.3,19.1,1,0,0,1233.1
P000076,2024-03-15,tangerang_selatan,ruko,84.0,87.0,2,0,1,1,41.0,perlu_renovasi,SHM,7.2,19.4,0,0,1,721.6
P000147,2024-03-15,tangerang_selatan,rumah,100.0,124.0,2,3,3,1,10.0,sedang,HGB,4.5,3.2,0,0,0,1537.5
P001025,2024-03-15,bandung,rumah,474.0,754.0,2,10,6,5,2.0,baik,SHM,4.5,6.8,1,1,0,6534.4
P003268,2024-03-15,surabaya,rumah,101.0,120.0,2,4,4,2,15.0,baik,HGB,4.2,12.0,1,0,0,1193.8
P007528,2024-03-15,surabaya,ruko,117.0,212.0,4,4,3,1,,baik,SHM,10.3,22.2,0,0,0,1471.2
P008240,2024-03-15,bekasi,rumah,143.0,83.0,1,3,2,2,10.0,baik,SHM,8.0,3.8,1,1,0,1702.9
P003904,2024-03-16,depok,ruko,65.0,180.0,3,3,3,0,,baik,SHM,14.8,14.2,0,0,1,1148.9
P006177,2024-03-16,bandung,townhouse,90.0,137.0,2,4,4,1,15.0,sedang,HGB,5.5,15.7,0,1,0,1075.6
P006714,2024-03-16,bogor,townhouse,85.0,79.0,2,2,2,2,7.0,baik,SHM,8.4,17.7,1,0,0,680.8
P007824,2024-03-16,tangerang_selatan,ruko,71.0,149.0,3,2,2,0,12.0,baik,SHM,16.3,21.7,0,0,0,1101.1
P008478,2024-03-16,bekasi,rumah,103.0,156.0,2,5,4,1,30.0,sedang,girik_ajb,7.4,18.3,1,0,1,549.0
P009093,2024-03-16,jakarta_barat,rumah,155.0,225.0,2,5,5,1,9.0,baik,SHM,11.5,3.9,1,0,0,3821.9
P009118,2024-03-16,depok,rumah,212.0,137.0,1,4,3,3,11.0,baik,SHM,5.8,9.5,1,0,0,1976.9
P000309,2024-03-17,tangerang_selatan,ruko,51.0,50.0,3,0,1,1,30.0,sedang,SHM,8.9,18.5,0,0,0,603.3
P002467,2024-03-17,surabaya,townhouse,84.0,127.0,2,3,3,1,11.0,baik,HGB,,8.6,0,0,0,1295.9
P002832,2024-03-17,bekasi,townhouse,58.0,49.0,2,1,1,0,12.0,baik,HGB,8.2,16.9,0,0,0,470.4
P004397,2024-03-17,jakarta_barat,rumah,115.0,51.0,1,1,1,2,2.0,sedang,SHM,7.7,14.2,1,0,0,1609.2
P004937,2024-03-17,bekasi,rumah,140.0,92.0,1,2,2,1,5.0,baik,SHM,2.8,17.1,0,0,0,854.5
P009567,2024-03-17,tangerang_selatan,rumah,153.0,241.0,2,6,5,1,8.0,baik,HGB,5.7,25.0,0,0,0,2113.1
P009847,2024-03-17,surabaya,rumah,135.0,117.0,1,3,2,2,9.0,sedang,HGB,3.5,21.5,0,1,0,1309.1
P000128,2024-03-18,jakarta_barat,rumah,71.0,65.0,2,2,2,0,8.0,sedang,SHM,5.1,19.2,0,0,0,757.3
P001195,2024-03-18,semarang,rumah,76.0,37.0,1,1,1,1,12.0,baik,HGB,8.5,13.7,1,1,0,440.6
P001287,2024-03-18,bekasi,townhouse,74.0,128.0,2,3,3,0,6.0,baik,SHM,6.6,29.0,0,0,0,908.1
P001519,2024-03-18,jakarta_barat,rumah,168.0,253.0,2,8,8,2,13.0,sedang,girik_ajb,3.5,6.9,0,1,0,2135.5
P002133,2024-03-18,yogyakarta,rumah,108.0,51.0,1,1,1,1,21.0,baik,SHM,7.3,7.9,0,1,0,1018.3
P003358,2024-03-18,depok,rumah,86.0,160.0,3,4,3,0,1.0,sedang,SHM,5.0,4.9,1,1,1,1298.8
P003649,2024-03-18,tangerang_selatan,rumah,258.0,134.0,1,3,3,2,15.0,baik,SHM,5.4,5.2,1,0,0,3710.6
P007348,2024-03-18,depok,rumah,56.0,92.0,2,2,2,0,25.0,baik,SHM,2.9,13.0,0,0,0,593.2
P007547,2024-03-18,depok,rumah,89.0,99.0,2,3,2,1,,baik,SHM,2.7,7.3,1,0,0,976.1
P001692,2024-03-19,semarang,rumah,128.0,65.0,1,2,2,1,2.0,sedang,SHM,5.1,15.4,1,0,1,638.0
P001779,2024-03-19,tangerang_selatan,townhouse,96.0,126.0,3,4,4,2,,baik,HGB,7.5,11.0,0,0,0,1802.2
P003053,2024-03-19,bogor,townhouse,72.0,129.0,3,4,3,1,15.0,sedang,HGB,5.3,6.9,1,1,0,812.2
P005739,2024-03-19,semarang,townhouse,88.0,112.0,2,4,3,0,15.0,sedang,SHM,4.1,4.2,1,1,0,983.2
P008603,2024-03-19,tangerang_selatan,rumah,102.0,83.0,2,2,1,1,21.0,sedang,SHM,7.9,6.7,1,0,1,1433.5
P000374,2024-03-20,tangerang_selatan,rumah,126.0,58.0,1,2,2,2,16.0,baik,SHM,8.3,8.4,1,1,0,1886.5
P001095,2024-03-20,bogor,rumah,187.0,98.0,1,3,3,3,22.0,sedang,SHM,3.6,4.2,1,0,0,1279.7
P001627,2024-03-20,bekasi,rumah,108.0,159.0,2,6,6,1,13.0,baik,HGB,5.4,8.6,1,0,0,1156.2
P002203,2024-03-20,semarang,rumah,62.0,152.0,3,4,4,0,30.0,sedang,SHM,4.9,13.3,1,0,0,484.5
P003010,2024-03-20,bandung,ruko,95.0,112.0,3,0,1,0,7.0,baik,SHM,9.7,10.0,0,0,0,1166.7
P005639,2024-03-20,jakarta_selatan,rumah,181.0,249.0,2,8,5,1,5.0,baik,SHM,6.0,8.9,0,0,1,4996.8
P007679,2024-03-20,semarang,rumah,122.0,88.0,2,2,2,0,6.0,baik,HGB,5.7,13.4,0,0,0,743.8
P007991,2024-03-20,depok,rumah,164.0,102.0,1,3,3,1,14.0,perlu_renovasi,SHM,,3.1,0,1,0,1853.0
P008821,2024-03-20,bekasi,rumah,151.0,172.0,2,4,4,0,4.0,baik,SHM,5.4,10.4,0,0,0,1875.6
P008937,2024-03-20,jakarta_barat,rumah,122.0,171.0,2,5,3,2,8.0,sedang,SHM,3.9,5.0,0,0,0,2649.0
P009758,2024-03-20,depok,rumah,105.0,147.0,2,5,4,3,11.0,baik,SHM,3.8,8.6,1,0,1,1277.0
P000878,2024-03-21,tangerang_selatan,ruko,79.0,171.0,3,2,2,1,7.0,baik,SHM,10.8,13.9,0,0,0,1847.1
P001588,2024-03-21,depok,rumah,98.0,91.0,2,3,2,1,18.0,perlu_renovasi,HGB,4.8,7.8,0,0,0,758.3
P001672,2024-03-21,bogor,rumah,166.0,95.0,1,2,2,2,,perlu_renovasi,girik_ajb,4.7,20.2,0,0,0,643.0
P002953,2024-03-21,jakarta_barat,townhouse,60.0,83.0,2,2,2,2,5.0,sedang,HGB,6.4,7.1,0,0,0,1256.1
P004341,2024-03-21,jakarta_barat,ruko,49.0,43.0,2,0,1,0,5.0,baik,SHM,9.2,13.2,1,0,0,887.9
P006824,2024-03-21,jakarta_selatan,townhouse,68.0,95.0,3,3,3,1,10.0,sedang,HGB,4.2,16.5,0,0,0,1244.3
P006942,2024-03-21,depok,rumah,128.0,96.0,1,3,3,1,15.0,baik,SHM,4.9,16.0,1,0,1,822.9
P008124,2024-03-21,jakarta_barat,rumah,87.0,36.0,1,1,1,1,13.0,baik,SHM,12.4,6.7,0,0,1,1034.2
P009648,2024-03-21,depok,townhouse,63.0,74.0,2,2,2,1,10.0,baik,SHM,4.3,9.9,0,0,0,803.1
P000753,2024-03-22,tangerang_selatan,rumah,236.0,305.0,2,7,4,3,,sedang,HGB,1.5,18.0,0,0,1,2082.5
P001544,2024-03-22,jakarta_barat,rumah,60.0,85.0,2,2,2,1,24.0,baik,SHM,7.2,17.4,0,0,0,857.7
P001564,2024-03-22,semarang,rumah,262.0,190.0,1,5,5,3,12.0,baik,HGB,1.5,5.4,1,0,1,1490.1
P001750,2024-03-22,bekasi,rumah,357.0,420.0,2,10,8,5,25.0,perlu_renovasi,HGB,3.3,23.5,0,0,0,1595.3
P002287,2024-03-22,semarang,townhouse,72.0,65.0,2,2,1,1,15.0,perlu_renovasi,SHM,3.0,11.9,0,0,0,420.2
P008744,2024-03-22,bandung,rumah,84.0,41.0,1,1,1,1,14.0,sedang,SHM,5.9,21.0,0,0,0,443.7
P009092,2024-03-22,depok,rumah,94.0,116.0,2,4,4,2,23.0,sedang,HGB,7.1,15.1,0,0,0,739.0
P001775,2024-03-23,bogor,rumah,40.0,97.0,3,3,3,1,3.0,baik,SHM,4.7,9.1,0,0,0,660.0
P002317,2024-03-23,jakarta_barat,townhouse,90.0,146.0,2,5,3,2,1.0,baik,girik_ajb,5.3,17.3,0,0,0,1291.8
P003542,2024-03-23,depok,rumah,172.0,234.0,2,8,8,2,4.0,baik,SHM,7.5,24.5,0,0,0,1869.7
P004674,2024-03-23,tangerang_selatan,ruko,90.0,140.0,3,2,2,2,11.0,baik,SHM,9.5,13.1,0,0,0,1517.8
P005782,2024-03-23,yogyakarta,rumah,66.0,82.0,2,3,3,1,6.0,sedang,girik_ajb,3.7,12.6,0,0,0,536.3
P007089,2024-03-23,jakarta_barat,rumah,102.0,67.0,1,2,2,2,15.0,baik,girik_ajb,6.3,11.8,0,1,0,1204.9
P007894,2024-03-23,jakarta_barat,townhouse,75.0,155.0,3,5,4,1,7.0,baik,SHM,5.2,6.6,0,0,0,1442.8
P007999,2024-03-23,tangerang_selatan,rumah,99.0,49.0,1,2,1,0,16.0,baik,HGB,4.8,21.9,0,0,0,728.9
P008727,2024-03-23,yogyakarta,rumah,86.0,37.0,1,1,1,1,9.0,baik,HGB,3.8,14.7,0,0,0,503.5
P001457,2024-03-24,tangerang_selatan,townhouse,85.0,100.0,2,2,2,1,15.0,baik,SHM,3.8,7.9,0,0,0,1498.4
P001966,2024-03-24,jakarta_selatan,rumah,95.0,224.0,3,7,7,2,14.0,sedang,SHM,3.3,3.7,1,1,0,3304.4
P003073,2024-03-24,surabaya,rumah,106.0,93.0,2,2,1,1,6.0,baik,SHM,5.0,14.7,0,0,0,1060.4
P003874,2024-03-24,jakarta_selatan,rumah,74.0,70.0,2,2,2,1,22.0,perlu_renovasi,SHM,3.6,16.3,0,0,0,1345.2
P004835,2024-03-24,tangerang_selatan,rumah,167.0,122.0,1,3,3,2,16.0,sedang,SHM,11.2,22.7,0,0,0,1448.8
P005610,2024-03-24,bandung,rumah,162.0,226.0,2,8,6,1,4.0,baik,HGB,3.0,13.3,1,0,0,2133.9
P006052,2024-03-24,depok,rumah,121.0,202.0,2,6,4,1,13.0,sedang,SHM,9.2,12.8,0,0,0,1322.4
P006069,2024-03-24,tangerang_selatan,rumah,164.0,253.0,2,8,6,2,,sedang,SHM,4.1,9.2,0,1,1,2471.3
P000522,2024-03-25,bekasi,rumah,80.0,56.0,2,2,2,0,1.0,baik,SHM,4.9,23.2,1,0,0,479.5
P006546,2024-03-25,surabaya,rumah,78.0,66.0,1,2,2,0,2.0,baik,HGB,,13.4,0,1,0,1037.3
P007150,2024-03-25,bogor,rumah,67.0,65.0,2,2,2,1,4.0,baik,HGB,5.9,6.3,0,1,0,748.9
P008455,2024-03-25,jakarta_barat,rumah,102.0,79.0,1,2,2,1,,sedang,SHM,2.4,18.4,0,0,0,861.5
P009874,2024-03-25,tangerang_selatan,rumah,256.0,370.0,2,10,8,3,9.0,baik,HGB,2.8,8.3,0,0,1,3587.0
P000582,2024-03-26,depok,rumah,103.0,70.0,1,2,2,1,18.0,sedang,SHM,5.1,12.1,0,1,0,933.5
P002233,2024-03-26,jakarta_selatan,ruko,141.0,366.0,4,6,4,2,5.0,baik,SHM,9.1,4.8,1,0,0,7050.4
P006231,2024-03-26,semarang,rumah,97.0,50.0,1,2,2,2,35.0,perlu_renovasi,HGB,2.5,4.5,1,0,0,486.7
P008525,2024-03-26,jakarta_barat,rumah,83.0,88.0,2,3,3,1,11.0,baik,SHM,5.8,12.3,0,0,0,1183.0
P005003,2024-03-27,surabaya,townhouse,72.0,141.0,3,3,3,1,15.0,sedang,HGB,3.8,8.9,1,1,0,1324.8
P005669,2024-03-27,bandung,townhouse,76.0,88.0,2,3,3,0,15.0,sedang,HGB,,6.9,0,0,0,901.1
P005755,2024-03-27,jakarta_selatan,rumah,110.0,99.0,2,3,2,1,14.0,sedang,SHM,2.7,9.5,1,0,0,2117.0
P000731,2024-03-28,tangerang_selatan,townhouse,67.0,84.0,2,3,3,0,4.0,baik,SHM,4.5,14.4,0,1,0,1076.1
P005841,2024-03-28,bekasi,rumah,88.0,152.0,2,4,4,2,16.0,perlu_renovasi,SHM,4.3,17.4,1,0,1,712.2
P007322,2024-03-28,jakarta_selatan,rumah,50.0,48.0,2,1,1,1,10.0,baik,girik_ajb,5.3,13.4,1,0,0,771.4
P007566,2024-03-28,semarang,rumah,230.0,191.0,2,6,5,4,20.0,perlu_renovasi,HGB,10.3,8.7,0,0,0,1086.7
P008541,2024-03-28,jakarta_barat,rumah,109.0,148.0,2,3,3,1,12.0,baik,HGB,7.6,15.2,0,0,0,1819.9
P001074,2024-03-29,yogyakarta,townhouse,63.0,65.0,2,2,1,1,10.0,baik,SHM,7.1,7.9,1,1,0,805.5
P002237,2024-03-29,jakarta_barat,rumah,85.0,61.0,2,2,1,1,4.0,sedang,HGB,6.7,14.6,0,0,1,996.7
P003546,2024-03-29,depok,rumah,94.0,42.0,1,1,1,1,7.0,sedang,SHM,4.3,20.7,0,0,0,459.0
P003906,2024-03-29,bandung,rumah,84.0,32.0,1,1,1,1,14.0,sedang,girik_ajb,2.9,20.7,0,0,0,233.8
P005956,2024-03-29,bogor,ruko,45.0,123.0,4,1,1,2,20.0,perlu_renovasi,HGB,7.2,27.0,0,0,0,303.7
P006723,2024-03-29,bekasi,rumah,189.0,120.0,1,4,4,2,8.0,baik,SHM,7.9,13.6,1,0,0,1683.0
P009917,2024-03-29,depok,rumah,74.0,56.0,1,2,2,1,,baik,SHM,3.3,3.8,0,1,0,898.3
P001351,2024-03-30,surabaya,rumah,96.0,40.0,1,1,1,1,20.0,sedang,SHM,6.8,3.2,0,0,0,1125.0
P002739,2024-03-30,bandung,rumah,108.0,148.0,2,4,3,1,24.0,sedang,SHM,10.3,8.9,0,0,0,1368.0
P002788,2024-03-30,depok,rumah,72.0,30.0,1,1,1,1,3.0,baik,SHM,7.2,20.2,0,0,0,594.1
P003334,2024-03-30,tangerang_selatan,rumah,144.0,78.0,1,3,3,1,11.0,baik,SHM,4.4,10.0,1,0,0,1987.5
P006410,2024-03-30,jakarta_barat,rumah,180.0,235.0,2,6,5,3,12.0,baik,SHM,4.3,11.1,1,0,0,2823.2
P007601,2024-03-30,yogyakarta,rumah,132.0,79.0,1,3,2,1,12.0,baik,SHM,2.0,11.8,1,0,0,1011.5
P009413,2024-03-30,tangerang_selatan,rumah,57.0,75.0,2,3,3,1,8.0,baik,SHM,7.3,12.6,1,0,1,911.0
P001682,2024-04-02,surabaya,townhouse,111.0,278.0,3,7,7,1,15.0,sedang,SHM,5.2,12.4,1,0,0,1836.8
P002153,2024-04-02,surabaya,rumah,125.0,131.0,2,5,5,1,10.0,sedang,SHM,3.3,20.9,0,0,0,1078.9
P004828,2024-04-02,bekasi,rumah,95.0,58.0,1,2,2,1,1.0,baik,girik_ajb,5.8,5.7,0,0,0,866.8
P007512,2024-04-02,depok,rumah,274.0,117.0,1,3,2,3,14.0,baik,HGB,6.0,7.7,1,0,0,2401.6
P008096,2024-04-02,surabaya,rumah,123.0,73.0,1,2,2,1,,baik,SHM,7.5,4.9,1,0,1,1524.8
P000026,2024-04-03,jakarta_barat,rumah,243.0,378.0,2,10,8,2,29.0,sedang,HGB,3.7,5.2,0,0,0,4393.7
P000446,2024-04-03,bandung,rumah,121.0,68.0,1,2,2,1,10.0,baik,SHM,4.8,2.7,1,1,0,1308.6
P005180,2024-04-03,depok,rumah,125.0,92.0,1,2,2,1,26.0,sedang,SHM,4.8,7.9,0,0,0,1050.7
P007241,2024-04-03,depok,rumah,64.0,88.0,2,2,2,1,11.0,baik,SHM,5.7,8.1,0,0,0,826.1
P007850,2024-04-03,bandung,townhouse,97.0,104.0,2,2,2,2,10.0,sedang,SHM,5.5,12.6,0,0,0,904.8
P000288,2024-04-04,bekasi,townhouse,87.0,73.0,2,2,1,1,2.0,baik,SHM,6.2,27.1,0,0,0,711.2
P001520,2024-04-04,jakarta_barat,ruko,76.0,131.0,3,1,1,1,4.0,baik,SHM,6.2,12.7,0,1,0,1731.1
P002844,2024-04-04,tangerang_selatan,rumah,127.0,84.0,1,2,1,2,3.0,baik,SHM,4.9,7.9,0,0,0,1629.2
P003085,2024-04-04,surabaya,rumah,77.0,102.0,2,3,3,0,2.0,sedang,SHM,6.2,13.2,0,1,1,1069.6
P003738,2024-04-04,bandung,rumah,109.0,236.0,3,6,4,1,26.0,perlu_renovasi,SHM,6.4,9.4,1,0,0,1277.0
P004189,2024-04-04,jakarta_selatan,ruko,51.0,160.0,4,4,3,0,8.0,baik,HGB,7.5,13.8,1,0,1,1573.5
P004848,2024-04-04,bandung,rumah,237.0,565.0,3,10,6,2,7.0,sedang,SHM,5.8,10.8,1,0,0,4200.3
P008321,2024-04-04,jakarta_selatan,rumah,102.0,44.0,1,1,1,2,14.0,sedang,SHM,6.4,16.2,0,0,0,1943.8
P008328,2024-04-04,depok,ruko,92.0,175.0,3,3,3,1,18.0,baik,SHM,9.9,15.2,1,0,0,1244.1
P008620,2024-04-04,bandung,rumah,70.0,30.0,1,1,1,2,3.0,baik,SHM,4.8,18.2,0,0,0,452.7
P009285,2024-04-04,depok,rumah,151.0,139.0,2,3,3,3,12.0,baik,SHM,5.0,8.2,1,0,0,1459.3
P009805,2024-04-04,tangerang_selatan,rumah,228.0,207.0,2,5,5,2,4.0,baik,SHM,3.9,4.5,0,0,0,4424.2
P000711,2024-04-05,yogyakarta,ruko,69.0,78.0,3,1,1,1,2.0,baik,SHM,3.2,16.9,0,0,1,673.1
P001394,2024-04-05,jakarta_selatan,rumah,84.0,97.0,2,3,2,2,58.0,sedang,HGB,4.2,8.8,1,1,1,1587.2
P002409,2024-04-05,tangerang_selatan,rumah,86.0,65.0,1,2,2,1,28.0,baik,SHM,2.6,17.3,0,0,0,733.1
P002644,2024-04-05,surabaya,ruko,67.0,62.0,2,0,1,1,16.0,sedang,girik_ajb,6.7,8.5,0,0,0,938.8
P003297,2024-04-05,bandung,rumah,129.0,54.0,1,1,1,2,16.0,sedang,SHM,4.5,10.7,0,0,0,954.9
P004184,2024-04-05,depok,ruko,92.0,186.0,3,4,3,1,4.0,baik,HGB,5.9,10.0,0,1,0,1883.4
P004912,2024-04-05,bekasi,rumah,92.0,142.0,2,4,3,2,29.0,sedang,HGB,8.7,14.0,0,0,0,664.5
P004996,2024-04-05,tangerang_selatan,rumah,195.0,96.0,1,3,2,1,17.0,baik,HGB,3.6,22.2,0,0,0,1352.8
P005118,2024-04-05,surabaya,rumah,71.0,60.0,2,2,2,1,14.0,baik,SHM,1.8,23.2,1,0,0,440.8
P005775,2024-04-05,tangerang_selatan,rumah,50.0,24.0,1,1,1,1,17.0,baik,SHM,5.5,13.1,1,0,0,494.3
P008501,2024-04-05,jakarta_selatan,rumah,73.0,52.0,1,1,1,0,8.0,baik,SHM,5.2,7.8,1,0,0,2398.7
P008973,2024-04-05,surabaya,rumah,57.0,39.0,1,1,1,0,15.0,sedang,HGB,5.7,3.9,1,0,0,702.6
P009192,2024-04-05,tangerang_selatan,rumah,296.0,137.0,1,3,3,3,9.0,baik,SHM,3.5,14.6,0,0,0,2642.3
P000474,2024-04-06,jakarta_barat,ruko,61.0,77.0,2,0,1,1,16.0,sedang,SHM,6.4,17.2,0,0,0,1007.4
P003565,2024-04-06,yogyakarta,ruko,104.0,169.0,2,3,2,1,15.0,perlu_renovasi,SHM,12.1,14.0,0,0,0,961.4
P005688,2024-04-06,jakarta_barat,townhouse,60.0,78.0,2,2,1,1,12.0,baik,SHM,7.1,8.1,0,0,0,1267.8
P006808,2024-04-06,yogyakarta,rumah,99.0,74.0,2,2,2,0,7.0,baik,SHM,6.3,2.9,1,1,0,1514.8
P008082,2024-04-06,bogor,rumah,130.0,67.0,1,2,2,2,6.0,baik,SHM,6.3,19.2,0,0,1,661.1
P009499,2024-04-06,yogyakarta,rumah,140.0,234.0,2,7,8,2,18.0,perlu_renovasi,girik_ajb,7.8,6.1,0,1,1,1116.8
P000462,2024-04-07,jakarta_barat,rumah,128.0,147.0,2,4,4,0,18.0,sedang,HGB,4.2,14.3,1,0,0,2052.7
P003083,2024-04-07,bandung,rumah,229.0,137.0,1,4,4,3,7.0,baik,SHM,3.9,7.6,1,1,0,2507.4
P005480,2024-04-07,yogyakarta,rumah,75.0,43.0,1,1,1,1,19.0,baik,SHM,7.0,7.4,1,0,0,726.8
P002296,2024-04-08,jakarta_selatan,rumah,90.0,164.0,2,4,4,1,9.0,sedang,girik_ajb,9.0,14.2,0,0,1,1529.2
P007104,2024-04-08,jakarta_selatan,ruko,142.0,292.0,3,6,4,1,3.0,baik,HGB,8.7,17.8,1,0,0,3734.2
P001085,2024-04-09,yogyakarta,rumah,156.0,182.0,2,6,4,2,3.0,baik,SHM,5.5,7.6,1,1,0,2368.8
P002329,2024-04-09,bogor,rumah,130.0,104.0,1,2,2,2,11.0,sedang,SHM,3.1,9.0,1,0,0,928.0
P002439,2024-04-09,bekasi,rumah,63.0,79.0,2,2,2,1,2.0,baik,girik_ajb,,17.7,0,0,0,608.3
P004213,2024-04-09,bekasi,rumah,127.0,94.0,1,2,2,2,10.0,baik,SHM,4.5,5.3,1,0,0,1447.6
P005023,2024-04-09,semarang,townhouse,69.0,88.0,2,3,3,2,2.0,baik,HGB,4.1,15.6,0,0,0,864.7
P005082,2024-04-09,bogor,rumah,165.0,213.0,2,6,5,2,10.0,baik,SHM,3.9,17.8,0,0,0,1596.4
P007465,2024-04-09,yogyakarta,ruko,114.0,170.0,3,2,2,0,12.0,baik,SHM,10.4,13.3,1,0,0,1412.2
P008538,2024-04-09,yogyakarta,ruko,79.0,85.0,2,1,1,1,17.0,perlu_renovasi,HGB,11.3,16.6,1,0,0,603.2
P008544,2024-04-09,yogyakarta,ruko,68.0,162.0,3,4,3,1,24.0,baik,SHM,5.9,11.7,0,0,0,807.4
P008781,2024-04-09,bogor,rumah,72.0,73.0,2,2,1,0,13.0,sedang,SHM,2.6,18.7,1,0,0,450.0
P009465,2024-04-09,yogyakarta,rumah,96.0,126.0,2,4,3,2,14.0,sedang,SHM,3.5,3.9,1,0,0,1253.9
P009963,2024-04-09,jakarta_barat,rumah,158.0,206.0,2,5,5,3,18.0,baik,SHM,4.4,19.6,0,0,0,1626.0
P000600,2024-04-10,bogor,rumah,137.0,181.0,2,6,4,2,6.0,baik,SHM,4.1,27.2,0,0,0,1173.4
P000937,2024-04-10,yogyakarta,rumah,99.0,45.0,1,1,1,2,11.0,baik,SHM,3.5,16.1,0,0,0,659.9
P001559,2024-04-10,bogor,rumah,353.0,436.0,2,10,8,4,31.0,sedang,SHM,3.6,22.4,0,0,0,1807.6
P001842,2024-04-10,depok,ruko,58.0,133.0,3,2,2,0,20.0,perlu_renovasi,SHM,5.3,21.9,0,0,0,492.4
P002324,2024-04-10,jakarta_selatan,rumah,100.0,141.0,2,3,2,1,39.0,perlu_renovasi,HGB,3.5,7.8,0,1,0,2160.5
P004529,2024-04-10,tangerang_selatan,rumah,146.0,148.0,2,5,5,2,8.0,baik,HGB,4.3,7.8,1,0,0,1697.2
P004757,2024-04-10,bekasi,ruko,62.0,132.0,3,1,1,1,1.0,baik,HGB,6.4,10.4,0,0,0,1097.9
P005704,2024-04-10,bandung,rumah,86.0,53.0,1,1,1,0,2.0,sedang,SHM,1.7,18.6,1,0,0,579.8
P002052,2024-04-11,jakarta_selatan,rumah,199.0,107.0,1,2,2,3,8.0,baik,SHM,5.1,4.2,1,0,0,4832.1
P003799,2024-04-11,bekasi,rumah,62.0,70.0,2,2,2,1,21.0,baik,SHM,3.8,7.7,0,0,0,572.1
P004036,2024-04-11,bekasi,rumah,148.0,203.0,2,5,4,2,9.0,sedang,SHM,4.1,21.5,1,0,0,1415.0
P004080,2024-04-11,bekasi,rumah,107.0,105.0,2,3,2,1,3.0,sedang,HGB,1.6,18.6,1,0,0,747.3
P004206,2024-04-11,bandung,ruko,56.0,82.0,3,0,1,0,9.0,baik,SHM,8.5,4.3,1,1,1,971.8
P004713,2024-04-11,bogor,rumah,102.0,90.0,2,3,3,1,9.0,sedang,SHM,6.9,27.8,0,0,0,544.2
P005152,2024-04-11,jakarta_selatan,rumah,57.0,53.0,2,2,2,0,18.0,baik,SHM,6.4,17.7,0,1,0,963.8
P006255,2024-04-11,semarang,townhouse,99.0,254.0,3,8,6,1,10.0,baik,SHM,4.2,5.2,0,1,0,1579.1
P007031,2024-04-11,jakarta_selatan,townhouse,71.0,122.0,3,3,2,0,7.0,baik,SHM,4.6,13.9,1,0,0,1718.6
P007700,2024-04-11,bogor,townhouse,91.0,158.0,2,5,3,2,15.0,sedang,SHM,3.3,15.9,0,0,0,711.7
P008091,2024-04-11,tangerang_selatan,townhouse,115.0,265.0,3,7,7,0,15.0,baik,SHM,5.9,19.6,1,0,0,1901.8
P009855,2024-04-11,jakarta_selatan,rumah,151.0,151.0,2,5,4,1,19.0,perlu_renovasi,HGB,8.0,4.9,0,0,0,4114.2
P009967,2024-04-11,bekasi,rumah,118.0,73.0,1,2,2,2,16.0,sedang,SHM,2.6,21.0,0,0,1,579.4
P000988,2024-04-12,jakarta_selatan,rumah,158.0,66.0,1,2,2,2,40.0,sedang,SHM,3.8,18.0,0,0,0,1661.9
P002719,2024-04-12,jakarta_selatan,rumah,92.0,116.0,2,3,3,1,5.0,baik,HGB,6.8,8.4,0,0,0,2533.7
P002963,2024-04-12,jakarta_selatan,rumah,220.0,298.0,2,8,8,2,5.0,baik,SHM,8.2,14.7,0,0,0,4781.5
P003283,2024-04-12,tangerang_selatan,rumah,95.0,39.0,1,1,1,1,34.0,perlu_renovasi,HGB,5.5,24.9,0,0,0,449.1
P006277,2024-04-12,jakarta_barat,rumah,119.0,55.0,1,2,2,1,11.0,baik,SHM,5.4,5.5,1,1,0,2093.3
P007784,2024-04-12,tangerang_selatan,rumah,181.0,339.0,3,8,8,1,18.0,sedang,SHM,3.3,24.4,0,0,0,2205.1
P008140,2024-04-12,tangerang_selatan,townhouse,83.0,94.0,2,3,3,1,15.0,sedang,HGB,4.1,10.0,1,0,0,1092.5
P009085,2024-04-12,jakarta_selatan,rumah,103.0,150.0,3,5,5,2,11.0,sedang,SHM,7.0,15.5,0,0,1,2385.5
P000661,2024-04-13,tangerang_selatan,rumah,142.0,159.0,2,5,4,2,24.0,perlu_renovasi,SHM,6.6,5.9,1,0,0,2198.9
P001334,2024-04-13,yogyakarta,ruko,61.0,85.0,3,0,1,0,12.0,baik,girik_ajb,7.0,9.5,1,1,0,884.8
P003449,2024-04-13,tangerang_selatan,rumah,431.0,237.0,1,7,7,5,7.0,baik,SHM,3.1,22.5,0,0,0,3368.7
P003912,2024-04-13,depok,ruko,98.0,82.0,2,0,1,1,20.0,sedang,SHM,6.2,3.3,1,0,0,1477.0
P006379,2024-04-13,tangerang_selatan,rumah,77.0,47.0,1,2,2,1,24.0,baik,SHM,6.9,4.1,1,0,0,1474.8
P009611,2024-04-13,yogyakarta,rumah,88.0,56.0,1,1,1,1,31.0,sedang,SHM,6.2,4.7,1,0,0,912.3
P001783,2024-04-14,tangerang_selatan,rumah,84.0,94.0,2,3,3,2,12.0,sedang,SHM,8.9,15.7,0,0,0,947.7
P002008,2024-04-14,jakarta_barat,ruko,94.0,139.0,3,2,1,1,2.0,baik,SHM,9.7,18.4,1,0,0,1666.9
P002185,2024-04-14,depok,ruko,73.0,176.0,3,2,2,1,11.0,baik,SHM,9.6,16.7,1,0,0,1122.2
P002390,2024-04-14,jakarta_selatan,townhouse,106.0,100.0,2,3,2,1,15.0,sedang,girik_ajb,5.7,14.0,0,0,0,1348.9
P002826,2024-04-14,bandung,rumah,55.0,57.0,2,2,2,1,3.0,sedang,HGB,3.9,18.8,1,0,0,668.6
P003013,2024-04-14,surabaya,townhouse,76.0,67.0,2,2,2,1,15.0,sedang,SHM,8.5,24.7,0,0,1,555.4
P004403,2024-04-14,jakarta_selatan,rumah,147.0,120.0,2,4,2,3,2.0,baik,HGB,3.9,16.4,0,1,0,2657.3
P007332,2024-04-14,semarang,rumah,322.0,212.0,1,6,5,3,4.0,sedang,SHM,3.4,7.8,0,0,1,2463.7
P007714,2024-04-14,tangerang_selatan,ruko,102.0,231.0,4,4,3,1,15.0,sedang,HGB,9.8,14.2,0,0,0,1668.1
P007908,2024-04-14,surabaya,rumah,108.0,81.0,1,2,2,1,13.0,baik,HGB,7.4,17.0,1,0,0,921.6
P009013,2024-04-14,semarang,townhouse,86.0,110.0,2,3,2,1,5.0,baik,HGB,8.6,12.6,1,0,0,839.1
P009710,2024-04-14,bogor,ruko,35.0,39.0,2,0,1,1,7.0,sedang,SHM,10.4,25.6,0,0,0,293.6
P009802,2024-04-14,bogor,rumah,62.0,48.0,2,1,1,1,10.0,baik,HGB,6.1,19.2,0,0,0,377.2
P000687,2024-04-15,bekasi,ruko,83.0,161.0,3,3,3,1,3.0,perlu_renovasi,SHM,5.1,25.4,0,0,0,887.3
P002275,2024-04-15,surabaya,rumah,155.0,242.0,2,8,7,1,44.0,sedang,SHM,4.1,18.9,0,0,0,910.4
P002639,2024-04-15,surabaya,rumah,103.0,45.0,1,1,1,1,4.0,sedang,SHM,3.9,14.1,0,0,0,757.6
P003408,2024-04-15,tangerang_selatan,rumah,108.0,140.0,2,4,3,2,23.0,baik,HGB,4.7,16.3,0,0,0,1133.9
P005840,2024-04-15,jakarta_barat,rumah,101.0,72.0,2,2,2,1,6.0,baik,SHM,9.1,14.8,0,0,0,1649.3
P006523,2024-04-15,jakarta_selatan,townhouse,46.0,34.0,2,1,1,0,12.0,baik,SHM,6.7,15.0,0,0,0,1003.1
P007794,2024-04-15,bekasi,rumah,233.0,259.0,2,7,7,3,30.0,sedang,SHM,4.5,6.8,0,0,0,1886.2
P008207,2024-04-15,bekasi,ruko,91.0,95.0,2,1,1,1,19.0,perlu_renovasi,HGB,12.6,25.6,0,0,1,442.9
P008713,2024-04-15,surabaya,rumah,179.0,153.0,1,5,4,2,6.0,baik,girik_ajb,3.6,2.9,0,1,0,2597.1
P008993,2024-04-15,jakarta_barat,rumah,143.0,130.0,1,5,5,2,16.0,sedang,SHM,2.5,13.2,0,0,0,1440.3
P009054,2024-04-15,surabaya,ruko,96.0,155.0,3,2,2,1,4.0,sedang,SHM,14.7,17.8,1,0,0,1184.2
P001006,2024-04-16,bekasi,rumah,487.0,779.0,2,10,8,6,29.0,baik,SHM,5.9,6.2,1,0,0,5021.2
P005335,2024-04-16,bekasi,ruko,47.0,61.0,3,0,1,0,13.0,baik,SHM,8.1,9.3,0,1,0,869.5
P005568,2024-04-16,jakarta_barat,rumah,121.0,175.0,3,4,3,1,4.0,baik,SHM,7.0,11.9,0,1,0,2517.2
P007094,2024-04-16,surabaya,rumah,93.0,151.0,2,4,4,1,16.0,sedang,HGB,2.6,4.2,1,0,0,1349.2
P007173,2024-04-16,bandung,ruko,50.0,37.0,2,0,1,1,14.0,perlu_renovasi,SHM,6.1,9.1,0,1,0,613.7
P007690,2024-04-16,bekasi,rumah,188.0,114.0,1,3,3,2,14.0,sedang,SHM,5.8,10.5,1,1,0,1683.9
P007911,2024-04-16,yogyakarta,rumah,94.0,100.0,2,3,2,1,17.0,perlu_renovasi,SHM,3.2,15.6,1,0,0,562.7
P008905,2024-04-16,yogyakarta,rumah,190.0,251.0,2,7,5,2,9.0,baik,HGB,5.5,9.2,0,1,1,1735.3
P009433,2024-04-16,bogor,ruko,92.0,146.0,3,3,3,1,5.0,sedang,HGB,11.4,19.0,0,0,0,861.6
P009877,2024-04-16,surabaya,rumah,119.0,101.0,1,2,2,2,18.0,sedang,HGB,6.8,23.9,0,0,1,784.6
P000710,2024-04-17,depok,rumah,267.0,98.0,1,3,3,3,17.0,sedang,SHM,5.9,17.9,0,0,0,1371.8
P001853,2024-04-17,depok,rumah,111.0,71.0,1,2,2,1,27.0,baik,SHM,10.4,11.1,0,0,0,1010.1
P002006,2024-04-17,semarang,rumah,188.0,219.0,2,6,6,2,18.0,perlu_renovasi,HGB,5.9,6.6,1,0,1,1169.6
P002093,2024-04-17,bogor,townhouse,53.0,87.0,3,3,3,0,15.0,sedang,SHM,8.2,10.9,0,0,0,556.1
P002363,2024-04-17,depok,rumah,76.0,35.0,1,1,1,1,4.0,baik,girik_ajb,7.6,6.8,0,1,0,611.6
P002364,2024-04-17,semarang,townhouse,83.0,128.0,2,3,2,1,3.0,baik,HGB,7.4,13.2,0,0,0,1205.0
P002976,2024-04-17,surabaya,rumah,87.0,58.0,1,2,2,1,3.0,perlu_renovasi,SHM,6.2,3.6,1,0,1,1117.8
P003343,2024-04-17,jakarta_barat,townhouse,81.0,116.0,2,3,3,2,5.0,sedang,girik_ajb,3.1,4.0,1,1,0,1663.4
P004818,2024-04-17,depok,rumah,127.0,60.0,1,2,2,2,1.0,baik,HGB,2.6,23.7,0,0,0,727.5
P004833,2024-04-17,bandung,townhouse,63.0,60.0,2,1,1,0,5.0,baik,SHM,6.0,19.5,0,0,0,803.3
P006559,2024-04-17,semarang,ruko,124.0,289.0,3,6,5,1,4.0,baik,girik_ajb,9.0,6.6,0,1,0,2053.9
P000659,2024-04-18,bogor,rumah,131.0,90.0,1,3,3,1,4.0,baik,HGB,7.6,15.3,0,0,0,760.8
P000809,2024-04-18,depok,rumah,47.0,33.0,1,1,1,1,,sedang,SHM,,8.0,1,0,0,485.4
P004894,2024-04-18,tangerang_selatan,ruko,84.0,192.0,3,2,2,1,2.0,sedang,SHM,6.4,21.6,0,0,0,1383.8
P005663,2024-04-18,depok,rumah,90.0,68.0,2,2,2,1,14.0,perlu_renovasi,HGB,9.0,22.9,0,0,1,448.8
P006350,2024-04-18,bandung,rumah,100.0,107.0,2,3,3,1,17.0,baik,SHM,4.7,9.4,0,0,0,1046.6
P006744,2024-04-18,jakarta_selatan,rumah,308.0,402.0,3,10,8,4,15.0,baik,SHM,3.5,11.8,0,0,0,6843.2
P007549,2024-04-18,jakarta_selatan,rumah,220.0,332.0,3,8,6,3,17.0,perlu_renovasi,SHM,3.7,10.7,0,0,0,4570.8
P008746,2024-04-18,bekasi,rumah,88.0,121.0,2,4,4,2,9.0,baik,HGB,6.0,27.6,0,0,0,771.9
P009724,2024-04-18,bekasi,rumah,124.0,74.0,1,2,2,2,60.0,sedang,SHM,3.8,13.4,1,1,0,826.0
P000236,2024-04-19,surabaya,rumah,148.0,200.0,2,5,4,2,,sedang,HGB,4.3,7.7,0,0,0,2203.2
P000481,2024-04-19,bekasi,rumah,248.0,148.0,1,4,4,3,8.0,sedang,SHM,5.5,29.3,0,0,0,1057.2
P001439,2024-04-19,yogyakarta,rumah,152.0,161.0,2,5,4,2,8.0,baik,SHM,,15.6,0,0,0,1370.0
P003145,2024-04-19,surabaya,townhouse,67.0,75.0,2,2,2,1,5.0,baik,SHM,5.5,11.3,1,0,0,969.9
P003669,2024-04-19,bekasi,rumah,129.0,76.0,1,2,2,0,13.0,sedang,SHM,5.0,19.9,0,0,0,799.2
P005848,2024-04-19,jakarta_barat,townhouse,78.0,117.0,2,4,4,0,6.0,sedang,girik_ajb,8.6,6.3,1,0,0,1666.4
P008682,2024-04-19,bogor,rumah,80.0,88.0,2,3,2,1,9.0,baik,HGB,4.2,21.1,0,0,0,621.7
P009423,2024-04-19,depok,rumah,147.0,99.0,1,3,3,1,10.0,baik,HGB,7.1,23.1,0,0,0,992.4
P009722,2024-04-19,yogyakarta,ruko,74.0,112.0,2,1,1,1,33.0,perlu_renovasi,SHM,10.0,16.4,0,0,0,549.7
P009950,2024-04-19,depok,ruko,78.0,163.0,3,3,2,0,15.0,perlu_renovasi,HGB,8.3,22.9,0,0,0,655.4
P000300,2024-04-20,bogor,rumah,115.0,78.0,1,2,1,2,30.0,sedang,girik_ajb,3.1,29.7,0,0,0,300.8
P003481,2024-04-20,bekasi,rumah,199.0,275.0,2,8,8,3,13.0,perlu_renovasi,HGB,6.9,12.4,0,1,0,1620.4
P005948,2024-04-20,bandung,rumah,147.0,80.0,1,2,2,2,6.0,baik,girik_ajb,11.9,7.6,1,1,0,1362.9
P006529,2024-04-20,depok,rumah,102.0,147.0,2,4,4,2,18.0,baik,SHM,8.4,4.6,1,0,0,1401.5
P006786,2024-04-20,depok,rumah,77.0,46.0,1,1,1,0,30.0,sedang,HGB,4.3,15.3,0,0,1,473.2
P007029,2024-04-20,bogor,rumah,224.0,98.0,1,3,2,2,37.0,perlu_renovasi,SHM,10.0,18.7,0,1,0,876.6
P008483,2024-04-20,surabaya,rumah,193.0,264.0,2,6,4,3,6.0,baik,HGB,12.1,12.4,0,0,0,3320.9
P000917,2024-04-21,jakarta_selatan,townhouse,84.0,87.0,2,3,2,1,7.0,baik,SHM,2.4,8.8,1,0,0,1701.5
P002415,2024-04-21,depok,rumah,128.0,68.0,1,2,2,2,10.0,baik,SHM,8.7,16.9,1,0,1,826.4
P002505,2024-04-21,tangerang_selatan,rumah,263.0,479.0,3,10,8,3,3.0,baik,SHM,3.9,15.7,0,0,0,4212.9
P003969,2024-04-21,bekasi,rumah,75.0,67.0,2,2,2,1,9.0,sedang,SHM,5.8,9.1,0,1,0,669.8
P004311,2024-04-21,depok,townhouse,89.0,123.0,3,4,4,1,11.0,sedang,SHM,2.2,3.8,0,0,0,1402.8
P006571,2024-04-21,bandung,rumah,123.0,93.0,1,3,3,1,6.0,baik,HGB,4.2,14.8,0,1,0,1064.9
P000337,2024-04-22,jakarta_selatan,rumah,79.0,38.0,1,1,1,1,8.0,baik,SHM,4.2,11.7,1,0,0,1465.6
P005522,2024-04-22,tangerang_selatan,townhouse,55.0,87.0,2,3,3,1,5.0,baik,SHM,3.3,16.7,1,0,0,864.4
P005984,2024-04-22,tangerang_selatan,rumah,134.0,96.0,1,3,2,2,4.0,baik,HGB,6.0,4.9,0,1,0,2686.8
P006562,2024-04-22,bekasi,rumah,105.0,66.0,1,2,2,2,39.0,perlu_renovasi,HGB,3.1,12.7,1,0,0,471.2
P007260,2024-04-22,jakarta_selatan,ruko,81.0,130.0,2,1,1,1,21.0,sedang,SHM,14.9,12.8,0,0,0,2123.2
P002400,2024-04-23,depok,rumah,115.0,174.0,2,6,4,1,12.0,sedang,SHM,3.9,16.0,0,0,0,1286.4
P002880,2024-04-23,jakarta_selatan,rumah,134.0,227.0,3,5,4,2,42.0,perlu_renovasi,HGB,3.1,7.0,0,0,0,2501.2
P003574,2024-04-23,bekasi,rumah,112.0,120.0,2,4,3,2,15.0,sedang,SHM,4.2,21.4,0,0,0,782.1
P004445,2024-04-23,jakarta_selatan,rumah,166.0,180.0,2,5,4,1,14.0,baik,SHM,8.8,11.8,1,0,0,4060.8
P005612,2024-04-23,bandung,rumah,158.0,269.0,2,9,8,2,14.0,sedang,SHM,4.0,10.1,0,0,0,1788.2
P005756,2024-04-23,bogor,townhouse,91.0,90.0,2,2,2,1,15.0,sedang,SHM,4.2,10.2,0,0,0,694.8
P007766,2024-04-23,jakarta_selatan,rumah,81.0,99.0,2,3,3,1,9.0,baik,SHM,4.3,7.3,0,0,0,2110.1
P009076,2024-04-23,jakarta_barat,rumah,97.0,61.0,1,1,1,1,,baik,HGB,6.6,3.1,1,0,0,1860.2
P000875,2024-04-24,bandung,rumah,109.0,126.0,2,4,3,0,35.0,sedang,SHM,6.7,21.9,0,0,0,836.6
P001411,2024-04-24,surabaya,ruko,77.0,101.0,2,1,1,1,4.0,baik,SHM,5.9,5.6,0,0,0,1425.2
P003174,2024-04-24,yogyakarta,rumah,86.0,105.0,3,3,2,0,19.0,perlu_renovasi,SHM,9.6,10.5,1,0,0,693.0
P005246,2024-04-24,bandung,townhouse,105.0,106.0,2,2,2,1,12.0,sedang,HGB,6.9,21.3,0,0,1,689.8
P005722,2024-04-24,jakarta_selatan,townhouse,123.0,203.0,2,5,5,1,8.0,baik,HGB,,2.3,1,1,0,4292.2
P006430,2024-04-24,jakarta_barat,rumah,56.0,51.0,2,1,1,1,31.0,perlu_renovasi,HGB,14.2,3.4,1,1,1,1189.7
P008864,2024-04-24,bogor,ruko,63.0,71.0,2,0,1,0,9.0,baik,SHM,6.9,26.1,0,0,0,499.6
P000138,2024-04-25,depok,rumah,68.0,67.0,2,2,2,1,11.0,baik,HGB,7.7,18.0,0,0,0,709.2
P000557,2024-04-25,tangerang_selatan,rumah,105.0,81.0,2,3,2,1,15.0,sedang,HGB,6.8,11.7,0,1,0,1249.3
P001235,2024-04-25,jakarta_barat,rumah,145.0,178.0,3,5,3,2,7.0,baik,SHM,8.0,15.6,0,0,0,2001.2
P002684,2024-04-25,bogor,rumah,117.0,123.0,2,3,2,3,16.0,perlu_renovasi,HGB,10.6,6.9,1,1,1,826.6
P003521,2024-04-25,depok,rumah,68.0,35.0,1,1,1,2,19.0,sedang,SHM,5.1,16.4,0,0,0,433.6
P004652,2024-04-25,surabaya,townhouse,88.0,127.0,2,4,4,2,15.0,sedang,SHM,4.8,4.5,0,0,0,1309.9
P004748,2024-04-25,bogor,rumah,45.0,44.0,2,1,1,0,13.0,sedang,HGB,6.5,15.6,0,0,0,347.3
P005884,2024-04-25,yogyakarta,townhouse,73.0,108.0,2,3,2,0,15.0,perlu_renovasi,SHM,4.2,16.8,0,0,1,518.9
P006093,2024-04-25,bogor,ruko,79.0,146.0,3,1,1,1,32.0,baik,SHM,8.7,7.7,0,0,1,671.2
P007567,2024-04-25,jakarta_selatan,rumah,80.0,112.0,2,3,3,1,12.0,perlu_renovasi,SHM,4.0,6.0,0,0,0,2259.5
P007644,2024-04-25,bandung,ruko,72.0,151.0,3,3,3,1,14.0,sedang,HGB,,19.8,0,0,1,793.4
P007721,2024-04-25,jakarta_barat,townhouse,70.0,115.0,2,3,3,0,15.0,baik,SHM,4.6,14.9,0,0,0,1188.6
P008318,2024-04-25,semarang,rumah,149.0,152.0,2,4,4,2,2.0,sedang,SHM,2.2,19.5,0,0,0,1016.5
P009251,2024-04-25,tangerang_selatan,rumah,159.0,63.0,1,2,2,1,23.0,baik,girik_ajb,3.2,12.4,0,1,0,1250.7
P000892,2024-04-26,yogyakarta,rumah,91.0,94.0,2,2,1,1,,baik,HGB,3.1,6.4,1,0,0,1048.7
P002179,2024-04-26,tangerang_selatan,rumah,94.0,139.0,2,3,3,2,4.0,baik,HGB,5.7,10.3,0,0,0,1550.9
P004305,2024-04-26,jakarta_selatan,rumah,179.0,110.0,1,3,2,2,4.0,sedang,SHM,6.9,16.9,0,0,0,2461.9
P005357,2024-04-26,bogor,rumah,83.0,77.0,2,2,2,1,13.0,baik,SHM,6.1,3.1,1,0,0,993.2
P007400,2024-04-26,surabaya,ruko,87.0,127.0,3,2,1,1,9.0,baik,SHM,9.0,4.4,0,1,0,2170.6
P007943,2024-04-26,bandung,rumah,76.0,39.0,1,1,1,1,16.0,sedang,SHM,4.0,2.2,1,1,0,830.0
P002353,2024-04-27,tangerang_selatan,rumah,182.0,99.0,1,2,2,2,14.0,baik,SHM,5.0,13.2,0,0,1,1629.8
P002986,2024-04-27,tangerang_selatan,ruko,54.0,111.0,4,2,1,1,1.0,baik,SHM,5.5,18.2,1,0,1,972.3
P005597,2024-04-27,semarang,rumah,113.0,47.0,1,1,1,2,14.0,baik,SHM,2.2,2.6,1,0,0,685.8
P005849,2024-04-27,jakarta_selatan,ruko,68.0,127.0,4,1,1,0,7.0,baik,SHM,10.5,17.9,0,0,0,1842.0
P007418,2024-04-27,semarang,rumah,283.0,388.0,2,9,8,2,19.0,sedang,SHM,4.6,16.1,0,0,0,2050.9
P009219,2024-04-27,surabaya,townhouse,81.0,81.0,2,3,3,1,15.0,perlu_renovasi,SHM,4.1,24.5,1,0,0,552.9
P009537,2024-04-27,surabaya,rumah,199.0,151.0,2,4,4,1,18.0,baik,HGB,2.6,20.0,1,0,0,1295.3
P002419,2024-04-28,jakarta_selatan,rumah,101.0,85.0,2,2,2,1,8.0,baik,SHM,3.0,12.2,1,0,1,1858.6
P002997,2024-04-28,bandung,rumah,66.0,95.0,2,3,3,1,24.0,sedang,SHM,6.2,19.7,0,1,0,558.4
P003273,2024-04-28,bogor,townhouse,103.0,107.0,2,3,3,1,15.0,sedang,SHM,6.0,27.1,0,0,0,690.3
P004777,2024-04-28,bekasi,rumah,141.0,180.0,2,6,6,2,6.0,baik,SHM,6.3,23.7,0,0,0,1469.7
P005048,2024-04-28,surabaya,rumah,132.0,88.0,1,3,2,2,,sedang,SHM,5.0,9.8,0,1,0,1086.0
P006327,2024-04-28,surabaya,rumah,107.0,72.0,2,2,2,2,8.0,baik,SHM,3.9,15.4,0,0,0,1030.0
P007134,2024-04-28,bekasi,rumah,68.0,45.0,1,1,1,1,36.0,sedang,SHM,5.6,5.8,0,0,0,546.3
P007277,2024-04-28,bekasi,rumah,140.0,76.0,1,3,3,1,11.0,sedang,SHM,6.4,28.6,0,0,0,677.1
P007411,2024-04-28,surabaya,rumah,77.0,63.0,2,1,1,1,7.0,baik,SHM,4.8,18.9,0,0,0,648.7
P008470,2024-04-28,bekasi,rumah,141.0,89.0,1,3,3,2,4.0,baik,HGB,4.6,14.3,0,0,0,1024.1
P001274,2024-04-29,bogor,rumah,206.0,82.0,1,2,2,2,8.0,baik,SHM,3.3,8.5,0,0,0,1261.5
P001719,2024-04-29,bandung,rumah,106.0,48.0,1,1,1,2,11.0,baik,SHM,7.7,13.5,1,0,1,634.7
P002949,2024-04-29,yogyakarta,rumah,140.0,104.0,1,3,3,1,24.0,sedang,SHM,7.5,6.7,0,1,1,1117.7
P008210,2024-04-29,yogyakarta,townhouse,49.0,66.0,2,2,2,1,10.0,baik,SHM,3.0,2.6,1,0,0,691.5
P008649,2024-04-29,bekasi,rumah,123.0,85.0,1,2,1,1,21.0,sedang,HGB,,6.8,0,0,0,926.6
P008964,2024-04-29,depok,townhouse,84.0,128.0,2,3,2,1,7.0,sedang,SHM,6.2,7.1,1,1,0,1467.1
P009045,2024-04-29,tangerang_selatan,rumah,226.0,280.0,2,9,8,2,9.0,sedang,HGB,4.1,9.3,0,0,0,3582.9
P009937,2024-04-29,tangerang_selatan,rumah,117.0,140.0,2,5,4,1,7.0,sedang,HGB,8.3,12.6,1,0,0,1877.0
P000166,2024-05-03,bekasi,townhouse,97.0,103.0,2,4,4,1,5.0,baik,HGB,6.1,28.7,1,1,0,1023.3
P008069,2024-05-03,jakarta_barat,rumah,93.0,46.0,1,1,1,1,22.0,sedang,SHM,9.3,18.7,0,0,1,850.1
P008788,2024-05-03,bandung,rumah,124.0,69.0,1,2,1,0,20.0,sedang,SHM,2.3,2.1,1,1,1,1158.9
P002716,2024-05-04,tangerang_selatan,rumah,144.0,58.0,1,2,2,2,15.0,sedang,SHM,10.7,8.7,1,0,0,2177.4
P003740,2024-05-04,bekasi,rumah,65.0,81.0,2,2,2,0,20.0,sedang,SHM,4.2,20.1,0,0,0,536.1
P005360,2024-05-04,surabaya,rumah,42.0,31.0,2,1,1,1,23.0,sedang,SHM,4.0,8.7,0,0,0,500.4
P006481,2024-05-04,bandung,rumah,71.0,79.0,2,3,3,1,13.0,sedang,SHM,6.1,18.2,1,0,0,581.9
P007502,2024-05-04,bandung,rumah,119.0,65.0,1,2,2,1,14.0,sedang,SHM,3.0,21.3,0,0,0,619.8
P008840,2024-05-04,bandung,townhouse,60.0,92.0,3,2,2,1,,sedang,SHM,1.8,12.6,0,1,0,679.3
P000584,2024-05-05,bekasi,rumah,110.0,58.0,1,2,2,1,12.0,baik,SHM,4.2,15.7,0,0,0,829.3
P001957,2024-05-05,depok,rumah,53.0,66.0,2,1,1,1,28.0,perlu_renovasi,SHM,5.1,19.6,1,0,0,345.7
P002710,2024-05-05,bogor,rumah,168.0,120.0,1,4,3,3,3.0,baik,SHM,6.0,9.9,1,0,0,1403.3
P007618,2024-05-05,bandung,rumah,190.0,63.0,1,2,2,3,2.0,baik,SHM,3.9,6.9,0,1,0,1940.7
P002028,2024-05-06,bekasi,rumah,137.0,244.0,3,8,6,3,21.0,sedang,SHM,6.1,15.9,0,0,0,1353.2
P002891,2024-05-06,jakarta_barat,rumah,128.0,115.0,2,3,3,2,27.0,sedang,HGB,4.0,15.0,1,0,0,1634.9
P004025,2024-05-06,surabaya,rumah,107.0,49.0,1,2,2,2,31.0,sedang,HGB,2.8,14.8,1,0,0,616.1
P005158,2024-05-06,bogor,rumah,123.0,128.0,2,4,4,2,11.0,sedang,SHM,9.3,12.6,0,0,0,1022.0
P009975,2024-05-06,bogor,rumah,160.0,190.0,2,4,4,2,11.0,baik,SHM,4.6,7.5,1,0,0,1495.0
P001924,2024-05-07,bekasi,ruko,109.0,127.0,2,1,1,0,8.0,sedang,SHM,14.7,23.3,0,0,0,1042.0
P002614,2024-05-07,surabaya,ruko,102.0,144.0,3,3,3,0,11.0,sedang,SHM,9.0,18.2,0,0,0,1263.3
P003363,2024-05-07,bogor,townhouse,54.0,94.0,2,3,3,0,5.0,baik,HGB,4.4,11.1,0,0,0,804.8
P004000,2024-05-07,jakarta_barat,rumah,105.0,54.0,1,1,1,1,14.0,sedang,SHM,5.0,10.9,0,0,0,1490.7
P004119,2024-05-07,tangerang_selatan,rumah,189.0,208.0,2,5,5,2,29.0,baik,HGB,,18.0,0,0,0,1419.2
P004309,2024-05-07,yogyakarta,ruko,101.0,152.0,2,2,2,1,16.0,baik,SHM,5.5,9.6,0,0,0,1146.7
P005316,2024-05-07,bekasi,rumah,133.0,226.0,2,6,4,2,5.0,perlu_renovasi,HGB,4.6,17.7,0,0,0,1211.1
P005988,2024-05-07,bekasi,ruko,81.0,85.0,2,0,1,1,6.0,sedang,SHM,11.0,18.6,0,0,0,806.4
P006815,2024-05-07,depok,ruko,60.0,71.0,2,0,1,1,14.0,sedang,HGB,5.9,23.2,0,0,0,585.5
P009425,2024-05-07,bogor,ruko,64.0,114.0,3,1,1,1,17.0,sedang,girik_ajb,8.6,16.3,0,0,0,451.9
P003389,2024-05-08,bekasi,rumah,93.0,44.0,1,1,1,1,4.0,baik,SHM,4.4,16.4,0,0,0,587.0
P005189,2024-05-08,semarang,ruko,144.0,191.0,2,3,2,1,5.0,sedang,HGB,7.7,6.0,0,0,0,1556.0
P005491,2024-05-08,tangerang_selatan,townhouse,123.0,131.0,2,3,2,2,5.0,baik,SHM,5.4,18.6,1,0,1,1223.9
P006201,2024-05-08,depok,townhouse,57.0,84.0,2,2,2,0,5.0,baik,SHM,4.0,8.4,0,0,0,816.1
P000126,2024-05-09,depok,ruko,67.0,74.0,3,0,1,1,34.0,sedang,SHM,9.3,9.6,1,0,0,801.0
P002030,2024-05-09,bogor,rumah,97.0,86.0,2,2,1,1,19.0,baik,SHM,5.4,16.8,0,0,0,564.1
P002413,2024-05-09,bekasi,townhouse,74.0,65.0,2,2,2,1,12.0,baik,SHM,2.6,27.7,0,0,0,445.5
P004765,2024-05-09,bekasi,rumah,138.0,102.0,1,3,3,2,6.0,sedang,girik_ajb,3.5,8.5,0,0,0,1054.9
P005033,2024-05-09,jakarta_selatan,rumah,66.0,49.0,1,1,1,1,9.0,baik,SHM,4.2,4.8,1,1,0,1806.0
P005474,2024-05-09,jakarta_barat,rumah,226.0,119.0,1,4,4,3,4.0,baik,SHM,5.1,18.2,0,0,1,2301.0
P007073,2024-05-09,tangerang_selatan,rumah,168.0,248.0,2,8,5,2,14.0,perlu_renovasi,SHM,5.3,3.4,1,0,0,2632.4
P007367,2024-05-09,jakarta_barat,townhouse,63.0,77.0,2,2,1,1,15.0,sedang,SHM,2.1,18.3,1,0,0,632.9
P008168,2024-05-09,yogyakarta,rumah,110.0,54.0,1,2,2,1,2.0,baik,HGB,8.0,14.9,0,0,1,679.1
P008351,2024-05-09,semarang,rumah,209.0,322.0,2,7,6,2,2.0,baik,SHM,3.1,9.3,0,0,0,2181.9
P008357,2024-05-09,bandung,rumah,136.0,130.0,2,3,2,1,15.0,sedang,SHM,9.2,2.4,1,1,0,1733.0
P008804,2024-05-09,jakarta_barat,ruko,58.0,46.0,2,0,1,1,21.0,sedang,SHM,10.0,9.0,0,0,0,1329.5
P009429,2024-05-09,bandung,ruko,89.0,165.0,3,2,2,1,4.0,baik,SHM,4.2,9.6,1,0,0,1672.8
P000777,2024-05-10,bogor,rumah,116.0,273.0,3,7,6,2,5.0,baik,girik_ajb,11.4,26.9,0,0,1,1527.5
P003479,2024-05-10,yogyakarta,rumah,120.0,86.0,2,2,2,1,6.0,sedang,SHM,5.9,15.6,0,0,0,808.2
P005109,2024-05-10,depok,rumah,104.0,132.0,2,4,2,1,1.0,sedang,SHM,5.0,13.2,0,0,0,1389.2
P007187,2024-05-10,tangerang_selatan,rumah,200.0,170.0,2,5,4,1,30.0,baik,girik_ajb,2.9,10.2,0,0,1,1579.2
P007530,2024-05-10,jakarta_barat,ruko,86.0,131.0,4,1,1,1,28.0,perlu_renovasi,SHM,7.3,9.2,1,1,0,2179.3
P008810,2024-05-10,semarang,rumah,154.0,73.0,1,2,2,0,20.0,sedang,HGB,3.1,12.4,1,1,1,790.7
P009557,2024-05-10,bekasi,ruko,57.0,98.0,3,1,1,2,12.0,baik,SHM,5.6,3.4,1,0,0,1064.3
P002150,2024-05-11,jakarta_selatan,townhouse,57.0,69.0,3,2,1,2,15.0,sedang,girik_ajb,10.2,10.7,0,0,1,1192.4
P003459,2024-05-11,jakarta_selatan,rumah,282.0,192.0,1,7,4,2,7.0,baik,SHM,5.0,11.3,0,0,1,4840.7
P008251,2024-05-11,bekasi,rumah,86.0,36.0,1,1,1,1,2.0,baik,SHM,3.4,10.1,0,0,0,601.0
P008824,2024-05-11,bandung,ruko,108.0,230.0,3,5,4,1,6.0,baik,SHM,11.3,12.5,1,1,0,2101.8
P008921,2024-05-11,bekasi,rumah,115.0,42.0,1,1,1,1,8.0,baik,SHM,2.3,28.1,0,0,0,403.5
P000506,2024-05-12,surabaya,townhouse,58.0,59.0,2,2,1,2,11.0,sedang,SHM,3.4,19.4,0,0,0,546.1
P001199,2024-05-12,tangerang_selatan,rumah,132.0,54.0,1,2,1,1,27.0,baik,HGB,4.6,6.6,1,0,0,1848.2
P002624,2024-05-12,yogyakarta,rumah,191.0,118.0,1,4,4,2,17.0,sedang,SHM,5.4,12.5,0,0,0,1223.6
P004989,2024-05-12,semarang,rumah,145.0,64.0,1,2,2,2,29.0,perlu_renovasi,SHM,5.6,10.5,0,0,0,664.0
P005292,2024-05-12,bekasi,ruko,53.0,52.0,2,0,1,0,7.0,baik,HGB,7.2,5.5,0,1,0,754.6
P007617,2024-05-12,tangerang_selatan,townhouse,84.0,105.0,2,3,2,2,15.0,sedang,SHM,6.2,23.2,0,0,0,961.1
P009120,2024-05-12,surabaya,ruko,113.0,239.0,4,3,3,2,7.0,sedang,HGB,2.2,8.8,1,0,0,1942.6
P009240,2024-05-12,yogyakarta,rumah,122.0,70.0,1,2,1,1,11.0,perlu_renovasi,SHM,6.7,13.2,0,0,0,701.9
P003051,2024-05-13,semarang,rumah,190.0,248.0,2,6,7,3,16.0,baik,SHM,4.9,4.7,0,0,0,1769.1
P003065,2024-05-13,bekasi,rumah,66.0,51.0,2,1,1,1,5.0,sedang,SHM,,12.5,0,0,1,504.6
P003098,2024-05-13,bekasi,rumah,100.0,62.0,1,2,2,1,24.0,perlu_renovasi,SHM,4.6,7.7,1,1,0,835.3
P003943,2024-05-13,jakarta_barat,rumah,73.0,114.0,2,3,3,1,11.0,baik,SHM,9.0,15.0,0,0,1,939.7
P001846,2024-05-14,bogor,townhouse,120.0,119.0,2,3,2,0,15.0,sedang,SHM,6.7,16.0,0,0,0,963.9
P008692,2024-05-14,tangerang_selatan,rumah,249.0,240.0,2,6,7,3,8.0,sedang,HGB,3.1,10.2,0,1,0,3205.5
P001617,2024-05-15,jakarta_selatan,rumah,69.0,58.0,2,2,2,2,8.0,sedang,HGB,4.6,7.4,0,0,0,1539.5
P002069,2024-05-15,tangerang_selatan,rumah,102.0,180.0,3,4,4,1,15.0,sedang,SHM,5.2,4.9,1,0,0,2039.3
P003124,2024-05-15,bekasi,townhouse,60.0,55.0,2,2,1,1,7.0,baik,SHM,4.0,28.1,1,0,0,428.9
P003129,2024-05-15,bandung,rumah,70.0,50.0,1,1,1,1,6.0,sedang,SHM,4.5,13.3,0,0,0,639.6
P005563,2024-05-15,jakarta_selatan,rumah,110.0,228.0,3,5,5,2,3.0,baik,SHM,6.4,11.8,1,0,0,3531.4
P006036,2024-05-15,semarang,rumah,46.0,72.0,3,2,2,0,2.0,baik,SHM,6.9,17.4,0,0,0,490.7
P008750,2024-05-15,depok,rumah,133.0,190.0,2,5,3,1,1.0,baik,HGB,8.7,10.9,0,0,0,1876.3
P000576,2024-05-16,depok,rumah,120.0,64.0,1,2,2,1,7.0,baik,HGB,7.1,17.9,1,0,0,830.3
P001300,2024-05-16,bekasi,rumah,433.0,543.0,2,10,8,5,22.0,perlu_renovasi,SHM,4.2,20.3,1,0,1,2155.0
P002938,2024-05-16,jakarta_selatan,rumah,300.0,223.0,1,7,5,4,24.0,baik,HGB,5.2,7.2,1,0,0,5994.7
P005296,2024-05-16,bogor,rumah,139.0,170.0,2,6,7,2,41.0,sedang,SHM,5.6,8.1,0,0,0,872.5
P007944,2024-05-16,depok,rumah,165.0,248.0,2,9,8,1,15.0,baik,HGB,3.2,7.7,0,0,1,1691.9
P003413,2024-05-17,depok,rumah,240.0,239.0,2,6,5,3,18.0,sedang,SHM,3.9,19.2,0,0,0,1680.7
P007639,2024-05-17,bogor,rumah,157.0,134.0,2,3,3,3,7.0,baik,HGB,5.6,28.9,0,0,0,869.9
P008229,2024-05-17,yogyakarta,rumah,271.0,109.0,1,3,3,3,12.0,baik,SHM,11.0,2.3,0,1,0,2466.5
P008799,2024-05-17,jakarta_barat,rumah,78.0,100.0,2,3,3,1,21.0,sedang,SHM,7.8,18.9,0,0,0,1068.0
P001745,2024-05-18,bandung,rumah,154.0,85.0,1,2,2,2,17.0,sedang,SHM,3.0,10.3,0,1,0,1357.6
P005420,2024-05-18,bekasi,rumah,287.0,412.0,2,9,7,2,11.0,sedang,SHM,5.1,3.3,1,1,1,4385.0
P006871,2024-05-18,bandung,rumah,140.0,98.0,1,2,1,2,6.0,sedang,HGB,4.2,20.9,0,0,0,786.0
P009031,2024-05-18,tangerang_selatan,rumah,248.0,83.0,1,3,2,2,25.0,sedang,HGB,7.1,17.6,1,0,1,1484.0
P009304,2024-05-18,depok,rumah,118.0,122.0,2,4,3,1,20.0,sedang,HGB,3.9,23.3,0,1,0,723.4
P009587,2024-05-18,tangerang_selatan,rumah,234.0,93.0,1,2,2,3,6.0,baik,SHM,6.3,6.0,0,1,0,2861.2
P001505,2024-05-19,surabaya,rumah,144.0,122.0,1,3,3,1,14.0,sedang,SHM,,22.4,1,0,0,961.3
P002495,2024-05-19,semarang,ruko,73.0,140.0,3,3,2,2,3.0,baik,SHM,8.1,13.6,0,0,0,969.0
P004253,2024-05-19,jakarta_barat,rumah,61.0,45.0,1,1,1,1,7.0,baik,SHM,3.8,15.0,0,1,0,864.7
P005414,2024-05-19,jakarta_barat,townhouse,100.0,77.0,2,2,2,1,4.0,baik,girik_ajb,7.1,15.7,0,0,0,1007.1
P008183,2024-05-19,depok,rumah,76.0,39.0,1,1,1,1,9.0,baik,SHM,4.6,14.1,0,0,1,513.1
P008605,2024-05-19,bandung,rumah,97.0,145.0,2,4,3,1,10.0,baik,HGB,3.4,11.8,1,0,0,1085.8
P002459,2024-05-20,tangerang_selatan,rumah,86.0,59.0,2,2,2,1,29.0,sedang,HGB,3.6,20.5,0,0,1,580.9
P003072,2024-05-20,yogyakarta,ruko,66.0,86.0,3,1,1,1,15.0,baik,SHM,9.7,4.6,0,0,1,853.4
P003135,2024-05-20,bandung,rumah,134.0,48.0,1,1,1,1,6.0,baik,HGB,7.5,4.3,0,0,0,1590.7
P004836,2024-05-20,surabaya,rumah,99.0,59.0,1,2,1,1,8.0,baik,SHM,10.5,11.1,0,0,0,1168.0
P005058,2024-05-20,depok,townhouse,61.0,78.0,2,2,2,2,12.0,baik,SHM,3.5,21.0,0,0,0,713.3
P005681,2024-05-20,surabaya,rumah,117.0,46.0,1,2,1,1,19.0,sedang,SHM,4.9,16.9,0,0,0,773.1
P006354,2024-05-20,bekasi,ruko,55.0,124.0,3,2,2,1,20.0,baik,SHM,7.1,27.1,0,0,0,640.2
P007453,2024-05-20,bekasi,rumah,152.0,257.0,2,6,5,2,14.0,perlu_renovasi,HGB,5.9,28.6,0,0,0,985.1
P009889,2024-05-20,jakarta_selatan,townhouse,57.0,61.0,2,1,1,1,6.0,baik,SHM,8.1,6.6,0,1,0,1797.2
P001596,2024-05-21,bandung,rumah,61.0,34.0,1,1,1,2,22.0,perlu_renovasi,SHM,4.3,7.5,0,1,0,580.5
P002376,2024-05-21,jakarta_barat,rumah,117.0,142.0,2,4,3,1,12.0,baik,SHM,7.9,6.2,0,0,0,2635.6
P003243,2024-05-21,semarang,townhouse,66.0,128.0,3,4,3,0,9.0,baik,girik_ajb,4.5,19.9,0,0,0,732.3
P004118,2024-05-21,surabaya,rumah,128.0,64.0,1,2,2,2,6.0,baik,SHM,5.8,2.5,1,0,0,1726.1
P006713,2024-05-21,tangerang_selatan,rumah,98.0,215.0,3,5,4,1,13.0,baik,SHM,4.3,13.1,0,0,0,1601.6
P007853,2024-05-21,bogor,rumah,121.0,167.0,2,5,4,2,26.0,sedang,SHM,4.7,9.2,1,0,0,766.9
P008106,2024-05-21,jakarta_selatan,rumah,96.0,46.0,1,1,1,2,8.0,baik,SHM,5.1,12.4,0,0,0,1936.3
P009050,2024-05-21,bekasi,rumah,296.0,146.0,1,4,3,3,7.0,baik,SHM,2.9,18.4,0,0,0,1709.8
P000540,2024-05-22,surabaya,rumah,163.0,249.0,2,8,6,2,19.0,baik,SHM,7.6,24.0,0,0,0,2000.8
P002910,2024-05-22,depok,rumah,104.0,79.0,1,2,1,0,11.0,baik,SHM,5.6,3.5,1,1,0,1443.9
P004994,2024-05-22,bekasi,rumah,64.0,21.0,1,1,1,0,19.0,sedang,HGB,5.8,12.4,0,0,1,306.8
P005232,2024-05-22,semarang,rumah,106.0,65.0,1,2,1,2,3.0,baik,SHM,3.9,17.9,0,0,0,748.1
P006598,2024-05-22,tangerang_selatan,rumah,31.0,21.0,1,1,1,0,3.0,sedang,HGB,4.2,6.9,1,0,0,510.1
P007597,2024-05-22,tangerang_selatan,rumah,214.0,294.0,2,9,8,2,23.0,sedang,SHM,5.6,4.1,1,0,0,3721.1
P007979,2024-05-22,semarang,rumah,90.0,253.0,3,9,7,1,,sedang,HGB,4.9,17.7,0,0,0,944.4
P008316,2024-05-22,depok,rumah,163.0,233.0,2,6,5,1,14.0,sedang,SHM,2.5,18.2,0,0,0,1200.8
P001540,2024-05-23,bekasi,rumah,122.0,142.0,2,4,4,1,10.0,baik,SHM,5.0,24.8,1,0,0,1119.9
P001820,2024-05-23,bogor,ruko,63.0,102.0,3,0,1,0,31.0,perlu_renovasi,SHM,9.3,15.2,1,0,0,435.0
P003168,2024-05-23,jakarta_barat,rumah,329.0,297.0,2,7,7,4,15.0,sedang,SHM,4.0,8.2,0,0,0,5614.1
P003607,2024-05-23,jakarta_barat,rumah,60.0,60.0,2,2,2,0,13.0,sedang,HGB,1.8,3.2,0,1,0,1110.9
P005894,2024-05-23,surabaya,townhouse,154.0,252.0,2,7,6,2,15.0,baik,SHM,4.1,17.7,0,0,1,1717.3
P007805,2024-05-23,tangerang_selatan,rumah,197.0,382.0,3,10,8,2,14.0,perlu_renovasi,SHM,2.7,6.8,1,0,0,2366.6
P008387,2024-05-23,yogyakarta,rumah,174.0,206.0,2,7,7,2,36.0,perlu_renovasi,SHM,4.6,19.1,0,0,0,788.2
P001355,2024-05-24,semarang,rumah,220.0,132.0,1,4,4,3,22.0,perlu_renovasi,SHM,5.1,10.3,0,1,0,1074.3
P002925,2024-05-24,jakarta_selatan,rumah,217.0,439.0,3,10,8,1,19.0,baik,HGB,4.7,17.2,0,0,0,4612.0
P003337,2024-05-24,depok,townhouse,76.0,115.0,2,3,2,0,15.0,sedang,SHM,2.5,5.5,1,0,0,995.3
P006023,2024-05-24,jakarta_barat,rumah,85.0,51.0,1,1,1,1,20.0,sedang,SHM,4.7,19.1,1,0,0,813.5
P007087,2024-05-24,bandung,ruko,68.0,56.0,2,0,1,2,8.0,baik,SHM,3.8,11.8,0,0,0,727.3
P007472,2024-05-24,surabaya,rumah,219.0,124.0,1,4,4,2,4.0,sedang,girik_ajb,5.2,8.8,1,0,1,1782.5
P009749,2024-05-24,surabaya,ruko,86.0,125.0,3,1,1,1,15.0,sedang,SHM,,8.4,0,0,0,1434.3
P001308,2024-05-25,bandung,rumah,63.0,27.0,1,1,1,1,15.0,baik,SHM,3.0,19.5,0,0,0,390.4
P001330,2024-05-25,jakarta_barat,rumah,80.0,56.0,1,1,1,2,9.0,baik,SHM,5.7,19.4,1,0,0,963.3
P004259,2024-05-25,yogyakarta,rumah,178.0,216.0,2,7,8,2,11.0,sedang,SHM,5.6,9.4,0,0,0,1552.8
P005355,2024-05-25,semarang,rumah,114.0,45.0,1,1,1,1,15.0,baik,SHM,5.0,3.7,0,0,0,743.7
P005788,2024-05-25,surabaya,rumah,68.0,114.0,3,3,3,0,,perlu_renovasi,SHM,,9.6,0,0,0,721.0
P008715,2024-05-25,jakarta_selatan,townhouse,80.0,71.0,2,2,2,2,15.0,baik,SHM,6.7,11.5,1,0,0,2100.6
P008907,2024-05-25,bekasi,rumah,130.0,85.0,1,3,3,0,4.0,sedang,SHM,,4.4,0,0,0,1123.8
P000370,2024-05-26,semarang,rumah,177.0,208.0,2,7,6,2,16.0,sedang,HGB,7.9,19.8,0,0,0,1149.8
P000739,2024-05-26,bekasi,townhouse,50.0,74.0,2,3,2,1,9.0,baik,SHM,,22.5,0,0,0,505.9
P001447,2024-05-26,semarang,rumah,114.0,247.0,3,6,5,2,7.0,baik,SHM,2.9,16.2,0,0,0,1482.2
P002772,2024-05-26,surabaya,rumah,99.0,146.0,2,4,4,1,2.0,sedang,SHM,4.4,8.2,0,0,0,1391.1
P004736,2024-05-26,bandung,rumah,119.0,188.0,2,5,4,2,7.0,baik,HGB,7.3,7.5,0,1,0,1878.7
P004780,2024-05-26,bandung,rumah,142.0,97.0,1,3,2,1,23.0,baik,HGB,9.6,2.1,0,1,0,2004.4
P006748,2024-05-26,depok,townhouse,70.0,53.0,2,2,2,1,15.0,sedang,HGB,5.7,23.9,0,1,0,477.0
P006910,2024-05-26,bekasi,townhouse,79.0,83.0,2,2,2,0,15.0,baik,SHM,4.4,22.5,0,0,0,661.1
P008346,2024-05-26,depok,rumah,80.0,110.0,2,3,3,1,0.0,sedang,SHM,5.1,8.9,1,1,0,1316.1
P009205,2024-05-26,jakarta_selatan,townhouse,112.0,154.0,2,4,4,0,8.0,baik,SHM,4.2,8.2,0,0,0,2805.8
P000783,2024-05-27,bekasi,ruko,89.0,90.0,3,1,1,0,15.0,perlu_renovasi,SHM,10.0,10.0,1,0,0,788.3
P002587,2024-05-27,tangerang_selatan,townhouse,141.0,247.0,2,6,6,1,10.0,sedang,SHM,7.1,4.3,1,0,1,3122.6
P002814,2024-05-27,jakarta_selatan,rumah,126.0,55.0,1,1,1,1,10.0,baik,SHM,9.2,6.2,1,1,0,3652.0
P004295,2024-05-27,surabaya,rumah,134.0,73.0,1,2,2,1,22.0,baik,SHM,7.4,11.8,0,1,0,1269.6
P007996,2024-05-27,tangerang_selatan,rumah,253.0,359.0,3,9,8,4,16.0,baik,HGB,,4.8,1,1,0,3814.6
P009026,2024-05-27,depok,rumah,97.0,49.0,1,1,1,1,30.0,sedang,SHM,8.1,14.2,1,1,0,763.9
P009867,2024-05-27,jakarta_selatan,rumah,104.0,108.0,2,4,3,1,14.0,baik,SHM,,15.8,0,0,0,1922.2
P000032,2024-05-28,yogyakarta,rumah,94.0,135.0,2,5,3,1,17.0,sedang,SHM,7.7,15.5,0,0,0,765.9
P002742,2024-05-28,surabaya,rumah,50.0,39.0,2,1,1,1,14.0,sedang,SHM,2.1,5.9,0,1,0,596.3
P003285,2024-05-28,jakarta_barat,rumah,274.0,247.0,2,6,6,3,33.0,perlu_renovasi,girik_ajb,8.3,19.5,1,0,0,2157.2
P005757,2024-05-28,jakarta_barat,rumah,97.0,131.0,2,4,4,1,8.0,sedang,SHM,7.7,7.7,1,0,0,1998.8
P005953,2024-05-28,bekasi,townhouse,84.0,79.0,2,3,3,0,11.0,baik,HGB,4.3,18.3,0,1,0,782.7
P006406,2024-05-28,bandung,townhouse,113.0,152.0,2,5,5,2,7.0,baik,SHM,4.4,8.0,0,0,0,1438.1
P006411,2024-05-28,jakarta_selatan,rumah,87.0,83.0,2,2,2,2,27.0,sedang,HGB,4.2,4.5,1,0,0,1999.0
P007416,2024-05-28,surabaya,ruko,91.0,141.0,2,2,2,2,26.0,sedang,SHM,14.6,12.1,1,0,0,1135.1
P008369,2024-05-28,tangerang_selatan,rumah,93.0,55.0,1,2,1,1,53.0,perlu_renovasi,SHM,5.9,3.8,0,1,1,1125.9
P008930,2024-05-28,bekasi,rumah,141.0,98.0,1,3,3,1,19.0,baik,SHM,4.2,12.9,0,0,0,1053.0
P008952,2024-05-28,depok,rumah,202.0,350.0,2,9,7,2,10.0,baik,SHM,2.5,11.7,0,1,1,2488.7
P009058,2024-05-28,yogyakarta,rumah,85.0,95.0,2,3,3,2,,sedang,girik_ajb,3.3,8.0,0,0,0,634.7
P009728,2024-05-28,tangerang_selatan,rumah,133.0,117.0,2,4,3,2,4.0,baik,SHM,3.1,10.0,1,0,1,2120.6
P003226,2024-05-29,surabaya,rumah,106.0,146.0,2,4,3,1,7.0,sedang,HGB,3.5,10.2,1,0,0,1561.6
P003567,2024-05-29,surabaya,rumah,95.0,83.0,1,2,1,1,8.0,baik,SHM,5.0,11.7,1,1,0,1082.3
P003641,2024-05-29,tangerang_selatan,rumah,89.0,45.0,1,1,1,1,,perlu_renovasi,SHM,3.3,5.9,1,0,0,1268.1
P003709,2024-05-29,bekasi,townhouse,64.0,72.0,2,2,1,0,15.0,baik,SHM,2.6,28.5,0,0,0,457.4
P004388,2024-05-29,jakarta_barat,rumah,222.0,390.0,2,10,8,2,,perlu_renovasi,SHM,,9.9,1,1,0,3855.8
P007590,2024-05-29,bekasi,rumah,182.0,145.0,1,4,3,2,12.0,sedang,SHM,4.3,7.0,0,0,0,1344.9
P008047,2024-05-29,bandung,ruko,88.0,111.0,3,1,1,1,16.0,sedang,SHM,7.9,3.9,0,0,0,1317.1
P001693,2024-05-30,tangerang_selatan,townhouse,77.0,92.0,3,2,2,1,9.0,baik,SHM,9.2,7.4,1,0,0,1287.3
P002609,2024-05-30,bandung,rumah,188.0,187.0,2,5,4,3,15.0,sedang,SHM,6.7,8.3,0,0,1,2047.3
P002808,2024-05-30,bandung,ruko,69.0,110.0,3,1,1,2,13.0,baik,SHM,7.7,20.4,0,0,0,729.1
P003869,2024-05-30,bogor,rumah,54.0,45.0,1,1,1,1,13.0,baik,SHM,4.6,6.7,0,0,0,472.8
P007801,2024-05-30,jakarta_barat,rumah,113.0,164.0,2,6,4,2,3.0,baik,SHM,6.6,12.9,1,0,0,1921.6
P008170,2024-05-30,bekasi,rumah,127.0,114.0,1,3,3,0,18.0,sedang,SHM,4.1,24.4,0,0,1,658.7
P008500,2024-05-30,jakarta_selatan,rumah,140.0,71.0,1,2,2,1,21.0,perlu_renovasi,SHM,9.0,10.9,1,0,1,2804.8
P008728,2024-05-30,bekasi,rumah,318.0,153.0,1,5,4,4,12.0,sedang,SHM,9.2,9.1,1,1,0,3177.6
P009695,2024-05-30,depok,rumah,64.0,86.0,2,2,2,0,5.0,baik,SHM,4.1,19.9,0,0,0,672.8
P002458,2024-06-02,jakarta_selatan,rumah,99.0,162.0,2,5,3,1,7.0,baik,SHM,5.3,8.4,1,1,0,2686.0
P004659,2024-06-02,bogor,rumah,110.0,55.0,1,2,2,1,9.0,baik,SHM,4.2,12.4,0,0,0,602.7
P007779,2024-06-02,jakarta_barat,rumah,229.0,94.0,1,3,2,2,9.0,sedang,SHM,2.4,4.1,0,1,0,4223.6
P008089,2024-06-02,bekasi,rumah,116.0,136.0,2,3,2,1,13.0,baik,SHM,5.7,14.3,0,0,1,949.7
P008608,2024-06-02,bandung,townhouse,65.0,49.0,2,1,1,1,15.0,sedang,HGB,7.3,16.3,0,0,0,449.6
P001697,2024-06-03,jakarta_barat,rumah,122.0,73.0,1,2,2,1,2.0,baik,SHM,9.1,15.4,1,0,0,1656.4
P001730,2024-06-03,bekasi,rumah,120.0,210.0,3,5,5,3,23.0,baik,HGB,10.6,7.9,1,1,0,1727.2
P002849,2024-06-03,surabaya,townhouse,106.0,125.0,2,3,3,1,13.0,sedang,HGB,5.6,3.0,1,0,0,1567.6
P003142,2024-06-03,jakarta_barat,rumah,286.0,377.0,2,10,7,2,20.0,baik,SHM,2.4,3.1,1,0,0,5789.1
P004520,2024-06-03,tangerang_selatan,ruko,96.0,117.0,2,1,1,2,12.0,baik,HGB,14.3,16.6,0,1,0,1823.0
P006209,2024-06-03,jakarta_selatan,rumah,150.0,207.0,3,5,4,1,22.0,perlu_renovasi,HGB,3.6,12.2,0,0,1,2343.3
P008527,2024-06-03,surabaya,rumah,187.0,205.0,2,6,5,3,0.0,baik,HGB,5.8,5.1,0,1,0,3565.1
P009713,2024-06-03,surabaya,townhouse,99.0,129.0,2,3,3,2,7.0,perlu_renovasi,SHM,7.7,16.0,0,0,0,1039.2
P001066,2024-06-04,yogyakarta,townhouse,55.0,55.0,2,2,1,1,14.0,perlu_renovasi,HGB,6.3,8.2,1,1,0,598.2
P002346,2024-06-04,jakarta_selatan,ruko,90.0,308.0,4,6,4,0,,baik,HGB,6.7,8.7,1,0,0,4471.0
P003697,2024-06-04,tangerang_selatan,rumah,206.0,129.0,1,4,3,2,5.0,perlu_renovasi,HGB,5.9,6.5,0,1,1,2194.0
P005352,2024-06-04,bandung,rumah,173.0,89.0,1,3,3,3,9.0,sedang,HGB,3.1,13.6,1,0,0,1230.9
P005366,2024-06-04,yogyakarta,rumah,206.0,93.0,1,3,3,2,,baik,SHM,,18.2,0,0,0,1256.1
P006561,2024-06-04,bekasi,ruko,93.0,254.0,4,5,5,1,12.0,baik,SHM,9.2,23.4,0,1,1,1460.9
P001756,2024-06-05,bogor,ruko,74.0,58.0,2,0,1,2,12.0,baik,SHM,8.4,21.1,0,0,0,549.6
P002740,2024-06-05,bogor,rumah,87.0,146.0,2,5,4,2,9.0,baik,HGB,5.5,22.3,0,0,1,894.6
P002887,2024-06-05,jakarta_selatan,rumah,288.0,178.0,1,5,5,3,6.0,baik,SHM,6.9,7.2,0,0,0,7868.9
P003200,2024-06-05,yogyakarta,rumah,76.0,45.0,1,1,1,1,9.0,baik,SHM,11.3,9.4,0,0,0,689.2
P004506,2024-06-05,bekasi,ruko,69.0,105.0,2,1,1,1,4.0,baik,SHM,7.8,21.1,0,0,0,789.1
P000210,2024-06-06,depok,rumah,144.0,105.0,1,3,3,2,38.0,perlu_renovasi,SHM,7.0,10.9,0,0,1,982.2
P000746,2024-06-06,depok,ruko,65.0,120.0,3,1,1,0,7.0,sedang,SHM,11.9,14.4,0,0,0,754.8
P002932,2024-06-06,jakarta_barat,townhouse,92.0,85.0,2,3,2,1,15.0,sedang,SHM,5.8,12.7,0,1,0,1257.2
P003694,2024-06-06,depok,rumah,105.0,61.0,1,1,1,1,10.0,baik,HGB,5.6,7.8,1,0,0,1027.8
P007756,2024-06-06,semarang,rumah,242.0,139.0,1,3,3,3,25.0,sedang,SHM,4.3,16.0,0,0,1,940.0
P008117,2024-06-06,bogor,rumah,102.0,96.0,2,2,2,0,3.0,baik,SHM,4.5,10.5,0,1,0,1058.1
P000675,2024-06-07,bogor,rumah,69.0,43.0,1,1,1,1,12.0,baik,SHM,5.9,28.6,0,0,0,348.8
P000764,2024-06-07,jakarta_barat,ruko,62.0,109.0,4,0,1,1,36.0,baik,SHM,11.4,17.0,0,0,0,870.5
P001001,2024-06-07,jakarta_selatan,rumah,111.0,155.0,2,5,3,3,10.0,baik,SHM,4.3,14.8,0,0,0,2471.7
P002978,2024-06-07,bandung,rumah,129.0,165.0,2,4,3,2,16.0,baik,SHM,6.5,12.0,0,0,0,1214.0
P004951,2024-06-07,tangerang_selatan,rumah,157.0,70.0,1,2,2,1,8.0,baik,SHM,4.7,19.7,1,0,0,1638.7
P005303,2024-06-07,bandung,rumah,119.0,194.0,2,6,4,1,13.0,baik,HGB,9.1,18.2,1,0,0,1422.9
P006088,2024-06-07,tangerang_selatan,rumah,159.0,306.0,3,10,8,1,6.0,baik,girik_ajb,2.8,3.1,0,1,1,2464.3
P007133,2024-06-07,jakarta_barat,townhouse,78.0,95.0,2,2,2,1,5.0,sedang,SHM,5.6,19.1,0,0,0,1177.5
P008044,2024-06-07,bekasi,rumah,85.0,72.0,2,3,3,1,20.0,baik,HGB,3.0,10.3,1,0,1,544.4
P000667,2024-06-08,surabaya,ruko,177.0,244.0,3,5,5,1,5.0,baik,SHM,12.8,8.8,0,1,0,3751.7
P000913,2024-06-08,semarang,rumah,98.0,64.0,1,2,2,1,18.0,sedang,SHM,4.3,13.8,1,1,1,554.3
P001526,2024-06-08,jakarta_barat,rumah,68.0,83.0,2,2,2,1,,baik,SHM,7.0,16.5,0,0,0,1302.4
P001841,2024-06-08,jakarta_selatan,townhouse,115.0,142.0,2,4,3,2,1.0,baik,SHM,4.5,16.6,0,1,0,2628.7
P002569,2024-06-08,bandung,ruko,97.0,117.0,3,2,2,1,9.0,baik,HGB,11.0,21.8,0,0,0,865.0
P003860,2024-06-08,jakarta_selatan,ruko,126.0,284.0,3,6,6,2,7.0,baik,SHM,7.3,15.8,0,0,0,3559.7
P007058,2024-06-08,jakarta_barat,rumah,57.0,39.0,1,1,1,0,10.0,baik,SHM,4.5,18.7,0,0,1,550.1
P008441,2024-06-08,surabaya,rumah,111.0,178.0,2,4,3,1,4.0,baik,HGB,6.5,24.9,0,0,0,1213.7
P000925,2024-06-09,jakarta_barat,rumah,248.0,164.0,1,4,3,3,20.0,sedang,SHM,2.2,8.0,0,0,0,2639.6
P001120,2024-06-09,semarang,townhouse,67.0,61.0,2,1,1,1,12.0,sedang,SHM,3.9,14.0,0,0,0,483.9
P004312,2024-06-09,surabaya,ruko,64.0,92.0,4,0,1,2,5.0,baik,SHM,12.6,6.1,0,0,1,1317.8
P005887,2024-06-09,tangerang_selatan,rumah,99.0,78.0,1,2,2,1,31.0,perlu_renovasi,SHM,10.7,23.5,0,1,0,786.0
P006267,2024-06-09,jakarta_selatan,ruko,78.0,127.0,3,2,2,1,11.0,sedang,SHM,8.1,12.6,0,0,1,1800.5
P006304,2024-06-09,jakarta_barat,rumah,52.0,36.0,1,1,1,0,16.0,sedang,SHM,3.5,10.0,0,0,1,603.8
P007203,2024-06-09,jakarta_selatan,rumah,102.0,137.0,2,4,4,1,4.0,baik,SHM,4.3,12.5,0,0,1,2279.6
P008516,2024-06-09,depok,rumah,191.0,196.0,2,5,4,2,3.0,baik,SHM,,19.7,0,0,0,1911.3
P008883,2024-06-09,bogor,rumah,54.0,45.0,2,1,1,1,13.0,perlu_renovasi,SHM,9.1,13.5,0,0,0,344.4
P000867,2024-06-10,surabaya,rumah,144.0,138.0,2,3,3,1,4.0,sedang,SHM,5.6,2.8,1,0,0,2650.9
P003355,2024-06-10,depok,townhouse,59.0,59.0,2,2,1,0,15.0,sedang,HGB,3.4,20.7,0,0,0,522.4
P003907,2024-06-10,surabaya,townhouse,108.0,188.0,2,5,5,2,15.0,perlu_renovasi,SHM,4.1,11.5,0,0,0,1365.4
P005692,2024-06-10,jakarta_selatan,rumah,82.0,49.0,1,1,1,0,17.0,baik,SHM,4.0,4.6,1,0,0,2141.5
P006468,2024-06-10,bandung,rumah,72.0,92.0,2,2,2,0,30.0,baik,HGB,3.2,21.7,0,0,0,431.8
P008135,2024-06-10,tangerang_selatan,ruko,93.0,103.0,2,0,1,2,13.0,baik,SHM,7.6,24.3,1,0,1,955.5
P009751,2024-06-10,yogyakarta,ruko,58.0,92.0,3,0,1,1,7.0,sedang,girik_ajb,11.5,2.6,0,0,0,752.3
P000286,2024-06-11,bekasi,rumah,90.0,91.0,2,2,2,0,14.0,baik,SHM,6.7,8.0,0,0,0,975.4
P000945,2024-06-11,bekasi,ruko,64.0,94.0,2,0,1,1,13.0,sedang,SHM,10.6,28.3,1,0,0,649.2
P003764,2024-06-11,tangerang_selatan,rumah,154.0,92.0,1,2,1,2,,sedang,HGB,,9.9,1,1,0,1950.9
P004650,2024-06-11,bekasi,ruko,39.0,30.0,2,0,1,0,6.0,sedang,HGB,11.7,20.6,0,0,0,340.7
P007174,2024-06-11,bogor,rumah,178.0,114.0,1,3,2,2,7.0,sedang,HGB,6.4,10.0,1,1,1,1132.9
P007622,2024-06-11,bandung,rumah,213.0,90.0,1,3,3,3,12.0,baik,HGB,6.8,5.9,1,0,0,2642.3
P008392,2024-06-11,bekasi,rumah,192.0,116.0,1,3,2,2,29.0,sedang,SHM,3.6,9.3,0,0,0,1481.0
P009539,2024-06-11,bandung,rumah,107.0,79.0,1,2,2,1,9.0,sedang,girik_ajb,2.8,3.1,0,1,0,882.9
P002066,2024-06-12,yogyakarta,rumah,150.0,76.0,1,2,2,1,10.0,baik,SHM,5.0,9.8,1,0,0,1022.6
P005442,2024-06-12,surabaya,rumah,103.0,133.0,2,4,4,2,6.0,baik,SHM,9.0,23.7,0,0,0,1158.3
P006320,2024-06-12,bogor,rumah,132.0,104.0,1,3,3,2,5.0,baik,girik_ajb,7.5,12.1,0,1,0,749.7
P006671,2024-06-12,bekasi,rumah,96.0,120.0,2,4,3,1,24.0,perlu_renovasi,HGB,4.2,28.8,0,0,0,459.9
P006813,2024-06-12,tangerang_selatan,rumah,105.0,56.0,1,1,1,1,,baik,SHM,4.2,21.6,0,0,0,785.8
P007511,2024-06-12,bogor,ruko,56.0,116.0,3,2,2,1,7.0,baik,SHM,8.7,25.1,0,1,0,621.8
P009365,2024-06-12,surabaya,rumah,151.0,243.0,2,6,6,1,11.0,baik,SHM,4.8,4.1,1,1,0,2657.7
P001283,2024-06-13,bekasi,ruko,75.0,95.0,3,1,1,0,15.0,sedang,HGB,11.0,16.5,0,0,0,728.8
P003534,2024-06-13,jakarta_barat,townhouse,81.0,106.0,2,3,2,0,15.0,sedang,SHM,3.6,18.5,0,0,0,1071.3
P004173,2024-06-13,yogyakarta,rumah,94.0,109.0,2,4,4,0,39.0,perlu_renovasi,HGB,6.5,13.1,1,0,0,624.3
P005483,2024-06-13,bekasi,rumah,85.0,53.0,1,1,1,1,8.0,baik,SHM,3.5,18.8,1,0,0,543.4
P006173,2024-06-13,bekasi,ruko,87.0,136.0,3,2,2,2,,sedang,SHM,9.7,14.0,0,1,0,1043.1
P008825,2024-06-13,semarang,ruko,44.0,50.0,3,0,1,0,5.0,sedang,SHM,11.4,5.5,0,1,0,534.5
P000896,2024-06-14,semarang,rumah,286.0,225.0,1,6,6,4,24.0,sedang,HGB,3.3,19.3,0,0,1,1224.8
P002326,2024-06-14,yogyakarta,ruko,65.0,72.0,3,0,1,1,3.0,baik,SHM,8.9,5.3,1,0,0,1099.5
P002601,2024-06-14,bekasi,townhouse,108.0,95.0,2,3,3,3,4.0,sedang,HGB,3.8,22.9,0,0,0,932.4
P003758,2024-06-14,tangerang_selatan,rumah,89.0,98.0,2,3,2,0,3.0,baik,SHM,5.6,12.4,1,0,0,1460.5
P004547,2024-06-14,yogyakarta,rumah,115.0,78.0,1,2,1,1,3.0,baik,HGB,3.3,11.0,0,0,0,925.6
P007443,2024-06-14,bandung,rumah,121.0,85.0,1,2,2,2,2.0,sedang,SHM,6.1,14.4,1,0,0,952.2
P000346,2024-06-15,surabaya,ruko,92.0,151.0,3,3,2,2,4.0,sedang,HGB,9.0,21.3,0,0,0,1026.1
P000554,2024-06-15,semarang,rumah,130.0,219.0,2,5,4,1,,baik,SHM,4.3,2.6,0,0,0,1325.1
P001594,2024-06-15,bekasi,rumah,196.0,145.0,1,3,3,2,1.0,sedang,SHM,4.5,21.1,0,0,0,1280.9
P002132,2024-06-15,bandung,rumah,107.0,151.0,2,5,3,0,58.0,perlu_renovasi,SHM,7.9,5.5,0,1,1,929.4
P002252,2024-06-15,surabaya,townhouse,63.0,108.0,2,4,4,0,10.0,baik,SHM,2.8,4.9,1,0,0,1002.5
P002914,2024-06-15,bandung,ruko,69.0,160.0,4,2,2,1,32.0,perlu_renovasi,SHM,16.4,20.5,0,0,0,569.4
P003895,2024-06-15,semarang,rumah,88.0,131.0,2,3,3,0,18.0,sedang,SHM,7.8,5.1,1,0,1,824.4
P004693,2024-06-15,bandung,rumah,112.0,125.0,2,3,3,1,,sedang,HGB,3.5,16.5,0,0,0,951.3
P005250,2024-06-15,surabaya,ruko,92.0,228.0,3,5,3,0,14.0,baik,SHM,7.6,4.8,0,1,0,2655.9
P005252,2024-06-15,jakarta_selatan,rumah,103.0,91.0,2,3,2,1,20.0,sedang,SHM,2.4,4.5,1,0,0,2329.4
P005709,2024-06-15,jakarta_selatan,rumah,186.0,235.0,2,8,6,2,12.0,perlu_renovasi,SHM,6.2,6.9,0,0,0,4442.6
P006798,2024-06-15,jakarta_barat,rumah,242.0,375.0,3,9,8,3,12.0,baik,SHM,5.1,10.4,0,0,1,3024.8
P006913,2024-06-15,bandung,ruko,34.0,73.0,4,0,1,1,28.0,sedang,SHM,15.2,10.8,0,0,0,489.0
P008013,2024-06-15,bandung,rumah,68.0,45.0,1,1,1,1,13.0,baik,SHM,3.4,11.1,1,0,0,623.6
P000174,2024-06-16,yogyakarta,rumah,199.0,102.0,1,3,2,1,10.0,baik,SHM,3.1,5.4,0,1,0,1683.3
P000951,2024-06-16,depok,ruko,74.0,86.0,3,0,1,1,10.0,baik,SHM,10.3,11.4,0,1,0,1128.8
P002744,2024-06-16,surabaya,townhouse,42.0,54.0,2,2,1,0,4.0,baik,SHM,8.1,15.4,0,0,0,569.3
P004361,2024-06-16,tangerang_selatan,rumah,111.0,140.0,2,3,2,1,23.0,baik,SHM,5.0,6.5,1,1,0,2167.9
P004606,2024-06-16,tangerang_selatan,rumah,143.0,50.0,1,1,1,1,30.0,sedang,SHM,6.5,21.7,0,1,0,1148.0
P004621,2024-06-16,jakarta_barat,rumah,64.0,94.0,2,3,3,1,1.0,baik,SHM,4.3,13.4,0,0,0,987.6
P006365,2024-06-16,surabaya,rumah,97.0,46.0,1,1,1,2,24.0,sedang,HGB,5.3,9.3,0,0,1,663.1
P000096,2024-06-17,bogor,rumah,204.0,335.0,2,10,8,2,38.0,baik,SHM,4.4,20.8,1,0,0,1133.1
P001319,2024-06-17,bandung,rumah,126.0,103.0,2,3,3,2,9.0,sedang,HGB,4.6,15.8,0,0,0,851.7
P001637,2024-06-17,bekasi,rumah,114.0,167.0,2,5,4,1,42.0,perlu_renovasi,SHM,8.0,23.9,0,0,0,511.4
P003505,2024-06-17,bandung,ruko,70.0,104.0,2,1,1,1,13.0,baik,SHM,8.4,4.5,1,1,1,1151.7
P004052,2024-06-17,bandung,ruko,87.0,161.0,3,3,3,1,18.0,sedang,HGB,8.1,18.7,0,0,0,975.2
P005431,2024-06-17,bekasi,rumah,196.0,145.0,1,4,4,1,6.0,baik,SHM,4.5,24.4,1,0,0,1450.7
P005536,2024-06-17,bandung,rumah,94.0,84.0,2,3,3,0,30.0,perlu_renovasi,SHM,7.5,4.1,0,0,0,886.2
P005665,2024-06-17,jakarta_barat,ruko,106.0,215.0,4,4,3,1,11.0,sedang,SHM,18.0,6.1,1,0,0,2690.4
P005780,2024-06-17,jakarta_selatan,ruko,67.0,86.0,2,0,1,1,6.0,baik,SHM,7.7,8.3,0,1,0,2723.4
P006902,2024-06-17,depok,rumah,133.0,239.0,2,7,6,0,5.0,sedang,SHM,6.9,3.2,0,0,1,2020.5
P007508,2024-06-17,surabaya,townhouse,47.0,35.0,2,1,1,0,,baik,HGB,,7.5,1,0,0,629.1
P001377,2024-06-18,bandung,ruko,59.0,121.0,3,2,1,1,27.0,sedang,HGB,10.7,20.0,0,0,0,633.8
P001707,2024-06-18,jakarta_selatan,rumah,84.0,115.0,2,3,2,1,10.0,baik,SHM,7.9,10.3,0,1,0,2497.0
P003032,2024-06-18,jakarta_selatan,townhouse,67.0,73.0,2,2,2,1,2.0,baik,SHM,9.2,7.6,1,1,0,2142.6
P005005,2024-06-18,jakarta_selatan,rumah,121.0,84.0,1,2,2,1,13.0,baik,HGB,3.3,9.9,0,0,0,2489.9
P005771,2024-06-18,surabaya,rumah,152.0,209.0,2,6,7,2,10.0,baik,SHM,8.3,24.0,0,0,0,1554.4
P000261,2024-06-19,jakarta_barat,townhouse,72.0,98.0,2,2,1,0,15.0,perlu_renovasi,HGB,6.9,17.2,0,0,0,893.3
P004231,2024-06-19,yogyakarta,rumah,136.0,83.0,1,2,1,2,19.0,perlu_renovasi,SHM,2.8,18.6,0,0,0,477.9
P004438,2024-06-19,tangerang_selatan,rumah,79.0,42.0,1,1,1,1,36.0,perlu_renovasi,SHM,5.6,18.4,0,1,0,689.4
P006208,2024-06-19,tangerang_selatan,rumah,96.0,251.0,3,8,7,1,6.0,baik,girik_ajb,4.2,10.1,0,0,0,2037.4
P006709,2024-06-19,bogor,ruko,87.0,171.0,3,3,3,2,13.0,sedang,SHM,6.6,20.4,0,0,0,910.1
P008049,2024-06-19,depok,rumah,59.0,29.0,1,1,1,0,18.0,sedang,SHM,3.4,16.7,0,0,0,400.4
P008088,2024-06-19,jakarta_barat,rumah,175.0,138.0,2,3,3,1,7.0,baik,HGB,3.4,18.0,1,0,0,1843.1
P000023,2024-06-20,yogyakarta,rumah,61.0,79.0,2,2,1,1,8.0,sedang,SHM,4.3,7.6,0,0,0,762.7
P001037,2024-06-20,tangerang_selatan,rumah,153.0,194.0,2,5,4,2,3.0,sedang,SHM,7.2,14.4,0,0,0,2293.0
P005139,2024-06-20,tangerang_selatan,townhouse,96.0,111.0,2,3,2,1,14.0,sedang,SHM,4.0,19.6,0,0,0,959.7
P005889,2024-06-20,surabaya,rumah,110.0,145.0,2,4,4,1,2.0,baik,SHM,5.9,23.9,0,0,0,1268.9
P006805,2024-06-20,semarang,rumah,98.0,82.0,1,2,2,1,1.0,baik,SHM,3.2,4.4,0,0,0,866.5
P007005,2024-06-20,semarang,rumah,142.0,127.0,2,4,3,2,28.0,perlu_renovasi,SHM,7.1,11.1,0,0,0,881.8
P009117,2024-06-20,jakarta_barat,rumah,218.0,315.0,2,9,8,3,13.0,sedang,SHM,4.7,14.5,0,0,1,3046.2
P009386,2024-06-20,depok,ruko,65.0,136.0,3,1,1,1,,sedang,SHM,8.5,22.7,1,0,0,738.9
P000480,2024-06-21,bekasi,rumah,74.0,147.0,3,4,3,1,3.0,baik,HGB,3.2,27.2,0,0,0,1049.1
P001536,2024-06-21,depok,rumah,189.0,141.0,1,4,4,3,4.0,perlu_renovasi,SHM,4.6,8.3,1,0,0,1493.5
P001748,2024-06-21,depok,townhouse,81.0,124.0,2,3,3,1,7.0,baik,HGB,4.4,6.4,0,0,1,1213.3
P001953,2024-06-21,surabaya,ruko,96.0,332.0,4,6,4,1,6.0,baik,SHM,10.7,3.9,0,0,0,3364.6
P002159,2024-06-21,bekasi,rumah,236.0,135.0,1,5,5,2,11.0,baik,HGB,3.0,6.2,0,1,0,2154.2
P002937,2024-06-21,tangerang_selatan,rumah,51.0,77.0,2,2,2,0,18.0,baik,HGB,2.7,10.1,0,1,0,787.8
P006974,2024-06-21,yogyakarta,rumah,181.0,325.0,3,9,8,3,10.0,baik,SHM,3.9,3.6,0,0,1,2784.7
P007239,2024-06-21,depok,rumah,110.0,78.0,1,2,2,1,14.0,perlu_renovasi,SHM,3.7,9.8,0,0,0,730.2
P008114,2024-06-21,bandung,rumah,100.0,93.0,2,3,3,1,8.0,baik,SHM,8.5,9.0,0,1,0,1407.8
P008324,2024-06-21,yogyakarta,townhouse,117.0,89.0,2,2,1,0,,baik,SHM,2.6,9.8,1,1,1,1044.3
P009270,2024-06-21,semarang,ruko,80.0,159.0,4,2,1,1,14.0,sedang,SHM,11.9,2.5,0,0,0,1202.7
P000132,2024-06-22,semarang,rumah,88.0,104.0,2,2,1,1,25.0,baik,SHM,4.3,3.9,1,0,0,797.5
P005670,2024-06-22,surabaya,rumah,110.0,154.0,2,4,3,2,39.0,perlu_renovasi,SHM,12.3,9.7,0,0,0,1081.3
P005821,2024-06-22,bandung,rumah,84.0,72.0,2,2,1,1,8.0,baik,SHM,3.2,17.4,0,0,0,797.6
P008166,2024-06-22,bandung,rumah,126.0,116.0,2,4,4,0,4.0,baik,SHM,6.0,2.3,1,1,0,1981.2
P000013,2024-06-23,bogor,rumah,205.0,174.0,2,5,5,2,3.0,sedang,girik_ajb,6.1,4.2,1,1,0,1725.6
P000532,2024-06-23,bandung,rumah,84.0,71.0,1,2,1,1,11.0,sedang,SHM,4.6,3.3,1,0,0,1045.3
P001040,2024-06-23,jakarta_barat,rumah,54.0,34.0,1,1,1,0,40.0,perlu_renovasi,HGB,6.6,17.4,0,0,0,478.7
P003115,2024-06-23,bekasi,rumah,140.0,103.0,1,3,2,1,21.0,baik,girik_ajb,6.4,5.8,0,0,0,997.1
P005468,2024-06-23,jakarta_barat,rumah,87.0,110.0,3,3,2,1,17.0,sedang,SHM,6.1,3.7,0,1,0,2161.7
P005660,2024-06-23,bandung,townhouse,65.0,71.0,2,2,2,1,15.0,sedang,SHM,9.1,17.5,0,0,1,520.2
P006229,2024-06-23,bekasi,rumah,89.0,124.0,2,3,2,1,6.0,sedang,SHM,4.9,9.5,1,0,0,1134.1
P006314,2024-06-23,jakarta_barat,rumah,113.0,87.0,1,3,3,0,,baik,SHM,3.1,19.4,0,0,0,1256.9
P006916,2024-06-23,semarang,rumah,139.0,109.0,1,3,3,1,5.0,baik,HGB,9.6,9.8,0,0,0,974.5
P008015,2024-06-23,jakarta_selatan,ruko,68.0,200.0,4,4,4,1,3.0,sedang,SHM,11.2,3.1,1,1,0,3483.9
P009324,2024-06-23,bandung,rumah,86.0,129.0,2,3,3,1,6.0,sedang,SHM,,9.3,0,1,0,1095.2
P000634,2024-06-24,bekasi,ruko,48.0,33.0,2,0,1,1,10.0,baik,SHM,8.9,20.1,1,0,0,537.7
P001867,2024-06-24,yogyakarta,townhouse,78.0,153.0,3,4,4,1,6.0,sedang,SHM,3.8,8.3,0,0,0,1232.5
P003015,2024-06-24,tangerang_selatan,rumah,47.0,53.0,2,2,2,0,24.0,sedang,SHM,4.9,8.1,0,0,0,720.4
P004028,2024-06-24,bandung,rumah,204.0,300.0,2,7,6,2,3.0,baik,HGB,11.4,16.6,1,0,0,2628.7
P006092,2024-06-24,jakarta_selatan,ruko,55.0,65.0,2,0,1,2,12.0,baik,HGB,7.3,17.6,1,0,0,1182.2
P008963,2024-06-24,bandung,rumah,112.0,189.0,2,5,4,1,15.0,sedang,SHM,6.2,17.4,0,0,0,1521.2
P008985,2024-06-24,bogor,rumah,96.0,130.0,2,3,2,1,15.0,sedang,SHM,5.2,25.1,1,0,0,622.6
P000219,2024-06-25,semarang,townhouse,59.0,83.0,2,3,2,1,15.0,perlu_renovasi,HGB,4.7,3.1,0,1,0,571.9
P001157,2024-06-25,jakarta_selatan,rumah,78.0,63.0,1,2,2,0,8.0,sedang,SHM,7.1,16.5,0,0,0,1352.1
P001440,2024-06-25,yogyakarta,rumah,85.0,103.0,2,3,3,2,26.0,baik,SHM,4.9,17.3,0,0,0,628.3
P003304,2024-06-25,yogyakarta,rumah,138.0,188.0,3,5,4,2,5.0,sedang,HGB,7.0,18.0,0,0,0,1478.8
P003601,2024-06-25,tangerang_selatan,ruko,40.0,54.0,2,0,1,0,25.0,baik,SHM,8.4,16.6,0,0,0,487.5
P004816,2024-06-25,jakarta_selatan,rumah,79.0,90.0,2,2,2,1,3.0,sedang,HGB,5.7,9.2,0,0,0,2036.2
P005094,2024-06-25,bekasi,rumah,121.0,82.0,1,2,1,0,14.0,baik,SHM,11.2,24.5,0,0,0,881.9
P005926,2024-06-25,jakarta_barat,rumah,73.0,89.0,2,2,2,1,12.0,sedang,SHM,4.6,17.7,0,0,0,877.3
P008060,2024-06-25,semarang,rumah,204.0,329.0,3,9,8,2,,baik,SHM,1.8,16.8,1,0,0,1631.9
P000231,2024-06-26,jakarta_barat,rumah,87.0,106.0,2,3,3,1,18.0,sedang,SHM,9.0,12.0,0,1,1,1523.9
P005217,2024-06-26,bekasi,rumah,77.0,103.0,2,2,2,0,19.0,sedang,SHM,8.7,14.8,0,0,0,762.6
P005921,2024-06-26,bekasi,rumah,156.0,269.0,2,9,8,1,16.0,perlu_renovasi,SHM,8.3,3.0,1,0,0,2055.7
P009043,2024-06-26,bekasi,rumah,67.0,45.0,1,1,1,1,8.0,sedang,SHM,4.0,22.4,0,0,0,426.1
P009078,2024-06-26,bandung,townhouse,66.0,85.0,2,3,3,1,15.0,perlu_renovasi,HGB,7.1,16.7,0,0,0,549.7
P001543,2024-06-27,bekasi,rumah,154.0,346.0,3,10,8,2,8.0,baik,SHM,4.9,14.6,0,0,1,1840.8
P002167,2024-06-27,semarang,rumah,178.0,145.0,1,5,5,2,7.0,sedang,SHM,4.2,10.4,1,0,0,1445.1
P004492,2024-06-27,surabaya,rumah,81.0,91.0,2,2,1,0,10.0,sedang,HGB,4.7,18.2,0,1,0,796.3
P006881,2024-06-27,jakarta_selatan,rumah,64.0,43.0,1,1,1,1,15.0,baik,SHM,8.5,5.4,0,0,0,1708.8
P009523,2024-06-27,jakarta_selatan,ruko,61.0,75.0,3,0,1,2,17.0,baik,HGB,11.8,2.4,1,1,0,2570.6
P003246,2024-06-28,depok,ruko,65.0,45.0,2,0,1,1,21.0,baik,HGB,7.2,23.3,0,0,0,439.0
P003406,2024-06-28,surabaya,rumah,122.0,176.0,2,5,4,1,10.0,baik,SHM,2.2,13.2,1,0,0,1462.4
P003734,2024-06-28,bogor,rumah,145.0,84.0,1,2,2,1,6.0,baik,SHM,5.6,23.5,0,0,0,791.7
P003990,2024-06-28,yogyakarta,townhouse,74.0,90.0,2,3,2,0,6.0,baik,SHM,3.1,6.0,1,1,0,1155.6
P006290,2024-06-28,semarang,rumah,100.0,58.0,1,2,2,0,12.0,baik,SHM,5.2,11.0,1,0,0,630.7
P006442,2024-06-28,semarang,rumah,153.0,108.0,1,3,2,2,4.0,baik,SHM,3.2,18.3,0,1,1,1045.7
P001151,2024-06-29,jakarta_barat,rumah,118.0,215.0,2,7,5,1,5.0,baik,SHM,5.2,5.4,0,1,0,2421.5
P005477,2024-06-29,jakarta_barat,rumah,93.0,48.0,1,2,2,1,6.0,baik,SHM,6.9,8.4,1,0,0,1488.7
P005519,2024-06-29,jakarta_barat,rumah,268.0,103.0,1,3,3,4,10.0,baik,SHM,4.7,6.9,0,0,0,4027.1
P007274,2024-06-29,tangerang_selatan,rumah,89.0,43.0,1,1,1,1,21.0,sedang,SHM,7.4,17.4,0,1,1,802.4
P009279,2024-06-29,tangerang_selatan,rumah,149.0,126.0,1,3,2,3,12.0,baik,SHM,3.7,14.9,0,0,0,1634.5
P000334,2024-07-03,surabaya,rumah,39.0,31.0,1,1,1,0,9.0,sedang,HGB,5.9,2.2,0,1,0,598.3
P000823,2024-07-03,tangerang_selatan,rumah,115.0,54.0,1,2,1,1,8.0,sedang,girik_ajb,7.6,7.0,1,0,0,1367.9
P001077,2024-07-03,depok,rumah,45.0,45.0,2,1,1,0,26.0,baik,HGB,4.9,4.8,1,0,0,626.3
P003476,2024-07-03,bekasi,rumah,114.0,53.0,1,1,1,2,26.0,sedang,SHM,5.0,19.0,0,1,0,651.2
P006821,2024-07-03,bandung,rumah,196.0,356.0,3,10,8,3,15.0,perlu_renovasi,SHM,1.8,8.1,0,0,0,2096.0
P009827,2024-07-03,semarang,rumah,292.0,381.0,2,9,8,3,9.0,baik,SHM,3.1,19.6,1,0,0,2740.1
P002476,2024-07-04,jakarta_selatan,rumah,167.0,118.0,1,3,3,2,23.0,perlu_renovasi,girik_ajb,8.9,13.0,1,0,0,2367.6
P002603,2024-07-04,bekasi,rumah,97.0,136.0,2,3,3,0,8.0,baik,SHM,2.6,27.8,0,0,0,916.4
P004065,2024-07-04,jakarta_selatan,rumah,161.0,155.0,2,5,3,2,10.0,baik,SHM,4.0,9.0,1,0,0,4330.9
P005290,2024-07-04,bogor,townhouse,71.0,72.0,2,2,1,1,9.0,baik,HGB,7.3,13.9,1,0,0,554.1
P006376,2024-07-04,jakarta_barat,rumah,88.0,129.0,2,3,2,2,36.0,sedang,SHM,7.8,16.9,1,0,1,947.1
P009498,2024-07-04,jakarta_selatan,rumah,77.0,35.0,1,1,1,1,19.0,sedang,SHM,4.4,15.4,1,0,0,1306.4
P009893,2024-07-04,jakarta_selatan,rumah,129.0,103.0,2,3,3,1,29.0,baik,HGB,3.3,15.3,1,0,0,2140.4
P009894,2024-07-04,semarang,townhouse,101.0,131.0,2,3,2,2,2.0,baik,girik_ajb,2.6,10.5,1,1,0,1150.8
P001605,2024-07-05,tangerang_selatan,rumah,75.0,39.0,1,1,1,1,21.0,perlu_renovasi,girik_ajb,5.2,7.2,0,0,0,628.1
P002455,2024-07-05,bogor,rumah,205.0,91.0,1,3,2,3,26.0,sedang,SHM,8.6,17.3,0,0,0,930.2
P003631,2024-07-05,jakarta_selatan,rumah,56.0,61.0,2,2,2,2,7.0,baik,SHM,,4.6,0,0,0,1500.4
P005731,2024-07-05,tangerang_selatan,rumah,236.0,406.0,3,9,7,4,7.0,baik,SHM,5.2,12.2,1,0,0,4420.6
P005865,2024-07-05,bandung,rumah,313.0,248.0,1,7,6,3,16.0,sedang,SHM,8.3,15.1,1,1,1,2854.0
P006993,2024-07-05,semarang,rumah,191.0,439.0,3,10,7,2,12.0,sedang,HGB,5.8,14.0,1,0,0,2227.6
P007770,2024-07-05,bandung,rumah,145.0,79.0,1,2,1,2,11.0,sedang,HGB,12.4,13.0,0,1,1,1165.0
P001167,2024-07-06,surabaya,rumah,144.0,164.0,2,4,4,2,13.0,sedang,SHM,6.1,2.2,0,0,0,2531.4
P002470,2024-07-06,tangerang_selatan,rumah,213.0,102.0,1,3,2,3,,baik,HGB,4.2,7.7,0,0,1,2237.8
P003035,2024-07-06,yogyakarta,rumah,179.0,111.0,1,3,2,3,,sedang,HGB,6.5,2.1,0,0,1,1363.1
P004582,2024-07-06,surabaya,rumah,181.0,120.0,2,4,2,3,18.0,sedang,HGB,5.6,9.4,0,1,0,1659.3
P006375,2024-07-06,tangerang_selatan,townhouse,85.0,117.0,2,3,3,1,15.0,sedang,SHM,9.4,17.2,0,0,0,1123.4
P006600,2024-07-06,bekasi,townhouse,42.0,66.0,2,2,2,0,15.0,sedang,SHM,5.4,22.0,0,0,0,367.9
P008448,2024-07-06,bandung,rumah,71.0,89.0,2,2,1,1,25.0,baik,HGB,5.2,3.4,0,0,0,934.6
P000117,2024-07-07,bandung,rumah,186.0,160.0,2,5,5,3,24.0,sedang,SHM,4.1,20.9,0,0,0,1272.8
P002561,2024-07-07,bogor,townhouse,91.0,190.0,3,7,6,1,15.0,baik,girik_ajb,4.5,10.3,1,0,0,1064.2
P002649,2024-07-07,bandung,rumah,180.0,106.0,1,3,3,2,14.0,sedang,HGB,4.7,5.8,1,1,1,1681.8
P005279,2024-07-07,jakarta_barat,ruko,50.0,93.0,4,0,1,1,20.0,baik,HGB,9.8,17.7,1,0,0,861.3
P005389,2024-07-07,bekasi,rumah,125.0,118.0,1,3,3,2,16.0,baik,SHM,5.7,19.6,1,0,0,954.4
P005717,2024-07-07,surabaya,rumah,278.0,447.0,3,10,6,4,10.0,sedang,SHM,7.2,4.3,1,0,0,5285.2
P006674,2024-07-07,bekasi,rumah,93.0,105.0,2,3,3,1,,baik,SHM,3.0,13.0,0,1,0,965.4
P007603,2024-07-07,depok,rumah,84.0,82.0,2,3,3,0,30.0,baik,SHM,3.5,6.9,1,1,0,1123.7
P007666,2024-07-07,bekasi,ruko,120.0,204.0,3,3,2,1,18.0,baik,HGB,5.6,9.0,0,1,0,1667.2
P009019,2024-07-07,bandung,rumah,52.0,67.0,2,2,2,0,22.0,baik,SHM,4.1,5.6,0,0,0,573.2
P009482,2024-07-07,bekasi,ruko,80.0,114.0,3,1,1,1,22.0,perlu_renovasi,SHM,6.0,5.2,1,1,0,1090.8
P000936,2024-07-08,jakarta_barat,rumah,213.0,80.0,1,2,2,1,8.0,baik,SHM,6.0,5.1,1,0,0,3526.3
P004945,2024-07-08,depok,rumah,193.0,180.0,2,4,3,3,8.0,baik,HGB,5.6,20.5,0,0,1,1398.7
P005155,2024-07-08,jakarta_selatan,rumah,119.0,146.0,3,4,2,1,16.0,baik,SHM,2.9,11.6,0,0,0,2452.7
P005525,2024-07-08,tangerang_selatan,rumah,128.0,63.0,1,2,2,2,4.0,baik,HGB,6.4,17.0,0,1,0,1222.1
P005816,2024-07-08,surabaya,rumah,72.0,85.0,2,2,2,0,3.0,baik,HGB,5.8,19.9,0,0,0,851.6
P007312,2024-07-08,tangerang_selatan,rumah,112.0,81.0,1,3,3,2,8.0,baik,girik_ajb,11.8,7.4,0,0,0,1664.0
P007896,2024-07-08,bandung,rumah,160.0,351.0,3,9,6,2,29.0,sedang,SHM,5.4,20.9,0,0,0,1332.6
P008102,2024-07-08,jakarta_barat,rumah,100.0,78.0,1,2,2,1,11.0,baik,SHM,4.7,14.1,1,1,0,1449.9
P008427,2024-07-08,surabaya,rumah,271.0,326.0,3,7,6,2,4.0,baik,SHM,8.0,23.6,0,0,0,3379.1
P000631,2024-07-09,semarang,rumah,122.0,298.0,3,10,8,0,16.0,baik,SHM,2.8,5.0,1,1,1,1382.7
P002316,2024-07-09,tangerang_selatan,rumah,132.0,185.0,2,6,6,2,16.0,perlu_renovasi,girik_ajb,4.4,11.1,0,0,0,1626.0
P003068,2024-07-09,jakarta_barat,rumah,122.0,66.0,1,2,2,2,18.0,baik,SHM,2.8,17.1,0,0,0,917.3
P004018,2024-07-09,bekasi,rumah,80.0,38.0,1,1,1,1,3.0,sedang,HGB,4.8,10.9,1,0,0,663.1
P005883,2024-07-09,surabaya,rumah,81.0,65.0,2,2,1,1,15.0,baik,SHM,9.8,8.6,0,0,0,1130.1
P006643,2024-07-09,jakarta_barat,rumah,83.0,61.0,1,2,2,0,18.0,baik,SHM,3.3,11.4,0,0,0,1079.3
P001437,2024-07-10,jakarta_barat,rumah,139.0,73.0,1,2,1,1,21.0,sedang,HGB,4.4,8.7,0,0,0,1920.9
P002273,2024-07-10,bandung,rumah,81.0,68.0,2,2,2,1,24.0,baik,SHM,8.1,7.6,0,0,0,817.4
P004168,2024-07-10,bekasi,townhouse,100.0,160.0,2,6,5,1,15.0,perlu_renovasi,SHM,6.7,23.4,1,0,0,835.5
P004242,2024-07-10,surabaya,rumah,162.0,132.0,1,4,2,2,56.0,sedang,SHM,6.8,3.5,0,1,0,2007.5
P006463,2024-07-10,bandung,rumah,116.0,160.0,3,5,4,0,26.0,baik,HGB,4.7,4.9,0,0,0,1299.2
P007339,2024-07-10,jakarta_barat,rumah,165.0,94.0,1,3,3,2,39.0,baik,HGB,7.2,13.6,0,0,0,1856.2
P007476,2024-07-10,depok,townhouse,98.0,116.0,3,4,3,1,9.0,baik,SHM,5.6,17.4,0,1,0,1185.8
P008475,2024-07-10,tangerang_selatan,rumah,88.0,61.0,1,2,2,1,18.0,sedang,SHM,7.2,16.9,0,0,0,865.1
P008828,2024-07-10,yogyakarta,ruko,98.0,182.0,4,2,1,1,20.0,sedang,SHM,6.7,9.3,0,0,0,1308.8
P009222,2024-07-10,tangerang_selatan,ruko,119.0,195.0,3,3,3,1,7.0,baik,HGB,5.0,3.6,0,1,0,3130.9
P000186,2024-07-11,bandung,townhouse,84.0,107.0,2,2,2,1,15.0,baik,HGB,4.6,3.8,0,0,0,1075.1
P000922,2024-07-11,surabaya,rumah,106.0,39.0,1,1,1,2,0.0,baik,SHM,3.0,17.0,0,0,0,978.1
P001874,2024-07-11,yogyakarta,townhouse,78.0,181.0,3,5,4,0,10.0,perlu_renovasi,SHM,5.0,2.1,1,0,0,1136.2
P005641,2024-07-11,bekasi,rumah,58.0,67.0,2,2,2,0,16.0,sedang,SHM,9.9,4.0,1,1,0,909.9
P001141,2024-07-12,bekasi,rumah,130.0,203.0,2,5,5,2,36.0,perlu_renovasi,SHM,6.4,11.8,0,0,0,1042.5
P004586,2024-07-12,surabaya,ruko,69.0,196.0,4,3,3,1,8.0,baik,SHM,11.1,9.1,0,1,0,1777.9
P008959,2024-07-12,jakarta_selatan,rumah,150.0,264.0,2,8,8,2,18.0,sedang,HGB,8.3,13.0,0,0,0,3410.8
P009351,2024-07-12,surabaya,rumah,169.0,71.0,1,2,2,2,3.0,baik,SHM,3.9,7.3,0,1,0,1799.5
P001105,2024-07-13,jakarta_barat,rumah,88.0,114.0,2,3,3,1,14.0,sedang,SHM,4.6,17.7,0,0,0,1047.0
P003039,2024-07-13,jakarta_barat,rumah,89.0,32.0,1,1,1,2,32.0,sedang,SHM,3.5,4.6,0,1,0,1579.9
P003044,2024-07-13,bekasi,townhouse,92.0,124.0,2,3,3,2,15.0,perlu_renovasi,SHM,5.9,22.5,1,0,0,558.8
P006182,2024-07-13,depok,rumah,77.0,132.0,2,4,4,0,10.0,baik,SHM,3.2,19.3,0,0,0,878.4
P006654,2024-07-13,depok,rumah,305.0,212.0,1,5,5,3,5.0,baik,SHM,6.6,13.8,0,0,0,2739.8
P006725,2024-07-13,bekasi,rumah,90.0,95.0,2,3,3,2,16.0,sedang,SHM,5.9,24.8,0,0,1,567.9
P006893,2024-07-13,jakarta_selatan,rumah,116.0,84.0,2,2,2,1,26.0,perlu_renovasi,SHM,5.1,7.7,1,0,0,2889.6
P007897,2024-07-13,bogor,rumah,82.0,52.0,1,1,1,1,37.0,baik,SHM,2.3,28.6,0,0,0,195.8
P008271,2024-07-13,depok,rumah,248.0,109.0,1,4,3,3,23.0,sedang,SHM,7.9,4.7,0,1,1,2080.6
P008934,2024-07-13,yogyakarta,rumah,144.0,74.0,1,2,2,3,13.0,baik,SHM,2.7,15.5,0,0,0,804.6
P009299,2024-07-13,bandung,ruko,89.0,177.0,4,4,4,0,16.0,sedang,SHM,11.1,10.0,1,0,0,1331.4
P009338,2024-07-13,depok,rumah,123.0,60.0,1,2,1,2,,baik,SHM,3.6,23.7,0,0,0,739.0
P009875,2024-07-13,jakarta_barat,ruko,91.0,140.0,3,2,1,0,1.0,baik,SHM,8.3,4.7,0,0,0,2057.6
P000846,2024-07-14,semarang,rumah,252.0,120.0,1,4,4,3,,sedang,HGB,2.7,18.3,0,0,0,981.0
P002328,2024-07-14,jakarta_barat,ruko,80.0,99.0,2,1,1,2,23.0,sedang,SHM,9.8,5.4,1,0,0,1812.1
P002557,2024-07-14,jakarta_selatan,rumah,220.0,216.0,2,7,6,3,,sedang,SHM,4.4,3.3,1,1,0,7671.5
P004029,2024-07-14,depok,rumah,111.0,55.0,1,2,2,1,12.0,baik,girik_ajb,2.9,19.1,0,0,0,592.8
P004389,2024-07-14,bandung,rumah,55.0,44.0,1,1,1,1,46.0,sedang,SHM,3.5,8.7,1,0,0,426.1
P004966,2024-07-14,jakarta_selatan,townhouse,76.0,87.0,2,2,2,1,5.0,perlu_renovasi,HGB,8.7,13.7,0,1,0,1613.7
P006625,2024-07-14,jakarta_selatan,rumah,146.0,149.0,2,4,2,2,6.0,baik,SHM,2.7,2.1,0,0,0,4078.3
P006773,2024-07-14,bekasi,rumah,192.0,236.0,2,8,7,2,30.0,baik,SHM,4.1,29.5,1,0,0,997.0
P006791,2024-07-14,bekasi,rumah,260.0,181.0,1,5,4,4,4.0,sedang,SHM,4.2,20.4,1,0,0,1609.8
P006834,2024-07-14,yogyakarta,rumah,322.0,208.0,1,5,4,5,22.0,baik,SHM,4.9,16.8,0,0,0,1629.2
P008971,2024-07-14,surabaya,townhouse,92.0,207.0,3,7,6,1,10.0,sedang,HGB,5.5,12.3,0,0,0,1515.2
P009051,2024-07-14,jakarta_selatan,rumah,40.0,35.0,1,1,1,0,9.0,baik,HGB,4.5,8.8,0,0,0,855.3
P009540,2024-07-14,jakarta_selatan,rumah,167.0,98.0,1,3,2,1,12.0,sedang,SHM,6.8,11.2,0,0,1,3152.6
P009603,2024-07-14,bandung,rumah,108.0,121.0,2,3,2,0,5.0,baik,girik_ajb,4.2,21.9,1,0,0,994.6
P000281,2024-07-15,jakarta_selatan,rumah,155.0,50.0,1,2,2,2,25.0,baik,HGB,6.3,12.7,1,0,1,2944.9
P001574,2024-07-15,surabaya,rumah,54.0,40.0,1,1,1,1,15.0,sedang,SHM,,22.7,0,0,0,515.6
P003016,2024-07-15,bandung,rumah,140.0,190.0,2,5,4,2,23.0,baik,SHM,3.2,5.5,0,0,0,1861.1
P007355,2024-07-15,depok,townhouse,65.0,73.0,2,2,2,1,7.0,sedang,HGB,3.3,16.5,0,0,0,693.7
P008504,2024-07-15,bogor,townhouse,64.0,115.0,2,4,3,0,11.0,baik,HGB,5.3,6.2,1,0,0,846.2
P001429,2024-07-16,surabaya,ruko,71.0,119.0,3,1,1,1,3.0,baik,HGB,12.8,3.7,0,0,1,1454.0
P002035,2024-07-16,jakarta_selatan,rumah,260.0,289.0,2,8,7,3,14.0,baik,SHM,3.8,7.1,0,0,0,6969.4
P009331,2024-07-16,bogor,rumah,78.0,43.0,1,1,1,0,7.0,baik,SHM,7.4,22.7,0,0,0,445.7
P009477,2024-07-16,depok,rumah,43.0,24.0,1,1,1,0,14.0,sedang,girik_ajb,5.5,18.3,0,0,0,260.5
P002959,2024-07-17,tangerang_selatan,rumah,149.0,84.0,1,2,2,2,,sedang,SHM,5.0,24.3,0,0,0,992.0
P005687,2024-07-17,jakarta_selatan,ruko,83.0,159.0,3,3,3,2,6.0,baik,HGB,12.9,17.1,1,0,0,2452.2
P007539,2024-07-17,jakarta_barat,rumah,109.0,120.0,2,3,2,2,23.0,sedang,SHM,2.8,12.1,0,0,1,1153.1
P001347,2024-07-18,bekasi,rumah,134.0,172.0,2,4,3,1,14.0,baik,HGB,5.6,22.9,0,0,0,1219.8
P002856,2024-07-18,yogyakarta,rumah,93.0,81.0,2,2,1,0,48.0,sedang,SHM,5.1,13.4,0,0,0,509.5
P003426,2024-07-18,depok,rumah,246.0,367.0,2,8,7,2,7.0,baik,HGB,3.9,10.5,0,0,0,3149.5
P006870,2024-07-18,depok,rumah,126.0,132.0,2,3,3,2,17.0,sedang,HGB,4.5,17.2,1,0,0,979.4
P007695,2024-07-18,tangerang_selatan,rumah,109.0,170.0,2,6,5,2,7.0,baik,SHM,5.3,13.8,0,0,0,1799.5
P008204,2024-07-18,bogor,rumah,147.0,114.0,1,3,3,2,26.0,sedang,SHM,4.6,5.7,0,0,1,909.8
P009142,2024-07-18,yogyakarta,ruko,78.0,131.0,3,1,1,1,30.0,perlu_renovasi,SHM,12.3,19.0,0,0,0,651.6
P002873,2024-07-19,jakarta_selatan,ruko,82.0,106.0,2,1,1,1,6.0,baik,SHM,8.6,2.4,0,0,0,3368.3
P004641,2024-07-19,jakarta_barat,rumah,118.0,92.0,2,2,2,1,5.0,baik,HGB,6.8,13.9,0,1,0,1637.4
P006107,2024-07-19,yogyakarta,rumah,125.0,80.0,1,2,2,1,,sedang,HGB,7.6,4.7,0,1,0,1007.4
P006265,2024-07-19,bekasi,rumah,120.0,89.0,2,3,3,0,10.0,baik,HGB,5.8,28.7,0,0,0,698.2
P007280,2024-07-19,bandung,rumah,249.0,251.0,2,7,6,2,13.0,sedang,SHM,7.2,2.6,1,0,0,3248.0
P004130,2024-07-20,semarang,rumah,310.0,463.0,2,10,8,3,3.0,baik,SHM,5.5,7.2,1,1,0,4110.7
P005760,2024-07-20,jakarta_selatan,ruko,58.0,91.0,2,1,1,0,4.0,sedang,HGB,7.5,6.3,1,0,0,2191.0
P006416,2024-07-20,jakarta_barat,ruko,56.0,109.0,3,2,2,1,9.0,baik,SHM,11.0,14.1,1,0,1,1183.8
P006484,2024-07-20,bandung,rumah,114.0,212.0,2,5,4,1,3.0,baik,SHM,3.6,6.4,1,0,0,1820.9
P007190,2024-07-20,bandung,rumah,68.0,37.0,1,1,1,0,14.0,perlu_renovasi,SHM,7.9,4.7,1,0,0,760.6
P007237,2024-07-20,bekasi,rumah,111.0,134.0,2,5,4,0,31.0,perlu_renovasi,SHM,5.6,22.2,0,0,0,607.6
P009369,2024-07-20,surabaya,rumah,69.0,86.0,3,3,3,1,,baik,SHM,5.7,22.2,0,0,0,724.7
P000502,2024-07-21,semarang,rumah,108.0,94.0,2,3,2,1,18.0,sedang,SHM,3.5,2.9,1,1,0,1109.3
P000527,2024-07-21,yogyakarta,townhouse,83.0,106.0,3,3,3,0,0.0,baik,girik_ajb,6.4,19.3,0,0,0,965.7
P000968,2024-07-21,jakarta_barat,rumah,211.0,299.0,2,7,5,3,9.0,baik,HGB,4.8,19.1,0,0,0,2426.7
P002402,2024-07-21,surabaya,rumah,223.0,73.0,1,2,2,2,33.0,perlu_renovasi,HGB,4.3,20.2,1,0,0,1371.1
P002663,2024-07-21,bekasi,townhouse,56.0,63.0,2,2,2,0,15.0,baik,HGB,3.1,18.1,0,0,0,580.5
P003170,2024-07-21,bogor,townhouse,70.0,81.0,3,2,2,0,9.0,sedang,SHM,5.0,9.2,0,0,0,616.3
P003175,2024-07-21,bandung,rumah,104.0,68.0,1,2,2,1,4.0,sedang,SHM,4.6,4.6,0,1,0,1137.5
P003924,2024-07-21,semarang,rumah,173.0,393.0,3,10,8,2,10.0,sedang,SHM,13.5,19.9,0,0,1,1919.5
P005636,2024-07-21,bandung,ruko,57.0,49.0,2,0,1,1,17.0,sedang,SHM,5.1,20.4,1,0,0,440.5
P007406,2024-07-21,jakarta_selatan,rumah,53.0,56.0,2,1,1,1,30.0,sedang,SHM,5.2,11.8,0,0,0,941.0
P008526,2024-07-21,surabaya,townhouse,99.0,252.0,3,8,7,2,15.0,baik,SHM,3.4,11.2,0,1,1,1928.1
P008958,2024-07-21,bandung,rumah,102.0,41.0,1,1,1,1,14.0,perlu_renovasi,SHM,6.5,2.2,0,1,1,1095.5
P000423,2024-07-22,jakarta_selatan,townhouse,77.0,59.0,2,1,1,1,7.0,sedang,SHM,7.1,8.8,0,0,0,2083.1
P001557,2024-07-22,yogyakarta,rumah,136.0,174.0,2,5,4,2,13.0,baik,SHM,5.8,5.7,0,0,0,1555.7
P004493,2024-07-22,yogyakarta,rumah,126.0,80.0,1,3,2,2,6.0,baik,HGB,3.5,17.9,1,0,0,872.2
P005781,2024-07-22,yogyakarta,townhouse,104.0,178.0,2,4,4,1,10.0,baik,SHM,4.1,2.4,0,1,0,1688.9
P007842,2024-07-22,tangerang_selatan,townhouse,63.0,99.0,2,4,2,0,1.0,baik,SHM,4.0,11.9,0,1,0,1274.4
P008032,2024-07-22,bekasi,rumah,46.0,22.0,1,1,1,1,4.0,baik,SHM,3.7,29.3,0,0,0,241.4
P005045,2024-07-23,tangerang_selatan,rumah,121.0,107.0,2,3,2,2,,baik,SHM,5.0,15.8,0,0,0,1288.1
P005385,2024-07-23,tangerang_selatan,rumah,92.0,62.0,1,2,2,1,16.0,baik,SHM,5.5,5.3,0,0,0,1568.2
P005773,2024-07-23,tangerang_selatan,rumah,215.0,294.0,2,9,8,2,30.0,sedang,SHM,4.5,17.9,1,0,0,2032.9
P008480,2024-07-23,surabaya,townhouse,99.0,136.0,2,5,4,1,15.0,baik,SHM,4.0,4.6,0,0,0,1581.1
P008607,2024-07-23,tangerang_selatan,rumah,172.0,141.0,1,4,3,1,13.0,sedang,SHM,5.9,20.3,0,0,0,1583.7
P009813,2024-07-23,bogor,ruko,85.0,73.0,2,0,1,1,19.0,perlu_renovasi,SHM,13.6,20.0,1,1,0,574.7
P001080,2024-07-24,tangerang_selatan,rumah,144.0,354.0,3,10,8,1,14.0,sedang,SHM,3.2,19.6,1,0,1,2255.0
P001133,2024-07-24,jakarta_selatan,rumah,129.0,93.0,1,2,2,2,24.0,baik,SHM,3.3,4.9,0,1,0,3596.8
P002251,2024-07-24,depok,rumah,66.0,40.0,1,1,1,0,28.0,baik,SHM,3.3,4.9,0,1,0,753.9
P002410,2024-07-24,yogyakarta,rumah,64.0,30.0,1,1,1,2,9.0,sedang,SHM,6.1,12.7,0,0,0,394.3
P003703,2024-07-24,bogor,rumah,121.0,89.0,1,3,3,1,5.0,baik,SHM,6.5,5.6,0,1,0,1434.9
P003724,2024-07-24,bekasi,rumah,51.0,44.0,1,1,1,0,21.0,sedang,SHM,6.1,23.2,0,0,0,297.5
P005144,2024-07-24,semarang,rumah,156.0,348.0,3,10,8,2,9.0,baik,SHM,3.6,10.1,0,0,0,2314.0
P005918,2024-07-24,surabaya,rumah,94.0,49.0,1,1,1,1,,sedang,SHM,3.6,7.0,0,0,0,995.6
P000060,2024-07-25,jakarta_selatan,ruko,45.0,98.0,3,1,1,1,9.0,sedang,SHM,9.8,17.5,0,1,1,996.0
P000216,2024-07-25,bandung,rumah,83.0,65.0,2,1,1,1,19.0,baik,HGB,,13.2,1,0,0,805.8
P002267,2024-07-25,bandung,townhouse,68.0,66.0,2,2,2,1,4.0,baik,SHM,,12.1,1,0,0,896.4
P003670,2024-07-25,bogor,rumah,126.0,64.0,1,2,2,1,14.0,sedang,SHM,9.1,22.2,1,0,0,645.7
P004172,2024-07-25,bandung,rumah,73.0,38.0,1,1,1,0,12.0,sedang,HGB,6.0,7.3,1,1,0,785.6
P005820,2024-07-25,bekasi,rumah,234.0,120.0,1,4,3,3,12.0,baik,HGB,3.8,22.7,0,0,1,963.4
P006388,2024-07-25,jakarta_barat,ruko,68.0,82.0,2,1,1,1,10.0,baik,SHM,9.2,9.3,0,0,1,1068.1
P007365,2024-07-25,jakarta_barat,rumah,158.0,112.0,2,3,2,3,5.0,baik,HGB,7.4,16.1,0,0,0,2208.8
P008165,2024-07-25,bekasi,rumah,235.0,158.0,1,4,3,3,10.0,baik,SHM,5.7,10.7,0,0,0,2024.6
P008429,2024-07-25,yogyakarta,townhouse,86.0,174.0,3,5,5,1,15.0,baik,SHM,4.4,11.3,0,0,0,1278.6
P009275,2024-07-25,bogor,rumah,218.0,152.0,1,5,4,2,16.0,sedang,HGB,5.9,8.0,1,0,0,1358.1
P001397,2024-07-26,depok,rumah,251.0,346.0,2,10,8,4,9.0,sedang,SHM,2.2,21.4,0,0,0,2381.1
P002245,2024-07-26,bekasi,townhouse,100.0,112.0,2,3,3,0,6.0,sedang,HGB,7.3,26.2,0,0,0,723.4
P006677,2024-07-26,bekasi,rumah,124.0,71.0,1,2,2,2,18.0,baik,SHM,4.4,25.0,0,1,0,648.6
P008926,2024-07-26,bekasi,rumah,151.0,99.0,1,2,1,1,15.0,sedang,SHM,4.1,8.3,1,0,0,1258.9
P009484,2024-07-26,bogor,townhouse,119.0,132.0,2,3,3,2,5.0,baik,SHM,4.5,26.2,0,0,0,911.6
P009933,2024-07-26,depok,townhouse,93.0,135.0,2,3,3,1,3.0,sedang,SHM,4.7,5.0,0,0,0,1585.5
P001158,2024-07-27,jakarta_selatan,ruko,71.0,145.0,3,2,2,1,,baik,SHM,4.9,16.0,0,0,0,2245.0
P001342,2024-07-27,surabaya,rumah,111.0,56.0,1,2,2,1,4.0,baik,SHM,3.8,6.2,1,0,0,1316.1
P001618,2024-07-27,bogor,rumah,119.0,50.0,1,1,1,1,7.0,baik,SHM,6.9,7.0,1,0,0,996.7
P001822,2024-07-27,depok,rumah,190.0,255.0,2,7,5,2,11.0,baik,HGB,10.1,10.2,0,0,0,2390.9
P002872,2024-07-27,bekasi,rumah,105.0,86.0,1,2,2,1,6.0,sedang,HGB,4.0,6.2,0,1,0,1376.9
P004928,2024-07-27,depok,rumah,173.0,157.0,2,5,5,2,7.0,baik,HGB,6.4,20.8,0,0,0,1742.2
P005016,2024-07-27,tangerang_selatan,rumah,305.0,175.0,1,4,4,3,23.0,baik,SHM,7.6,22.7,0,0,0,2046.9
P005038,2024-07-27,jakarta_barat,ruko,94.0,99.0,2,0,1,2,27.0,sedang,SHM,10.4,3.9,1,0,0,2023.7
P006349,2024-07-27,depok,rumah,75.0,79.0,2,2,1,1,11.0,sedang,SHM,3.8,25.0,0,0,0,634.6
P009372,2024-07-27,jakarta_selatan,rumah,210.0,164.0,2,4,2,3,,baik,SHM,2.5,17.2,0,0,0,3535.3
P000533,2024-07-28,bekasi,rumah,159.0,72.0,1,2,1,2,5.0,baik,girik_ajb,3.3,12.3,1,0,0,1019.7
P001470,2024-07-28,jakarta_barat,rumah,184.0,86.0,1,2,2,2,11.0,baik,SHM,4.7,15.9,1,0,0,2174.8
P001714,2024-07-28,semarang,rumah,107.0,124.0,2,3,3,2,9.0,baik,SHM,5.5,8.3,1,0,0,1099.6
P001941,2024-07-28,tangerang_selatan,rumah,103.0,60.0,1,2,1,1,15.0,sedang,SHM,7.5,14.9,0,0,0,1210.1
P002725,2024-07-28,jakarta_barat,ruko,76.0,131.0,3,1,1,1,3.0,sedang,SHM,6.2,4.6,1,1,1,2141.8
P005539,2024-07-28,bekasi,rumah,88.0,46.0,1,1,1,1,17.0,perlu_renovasi,HGB,4.4,18.9,0,0,0,508.4
P006399,2024-07-28,depok,townhouse,45.0,89.0,3,2,2,1,12.0,baik,SHM,3.7,15.0,0,0,0,795.8
P009495,2024-07-28,jakarta_selatan,rumah,48.0,77.0,2,2,1,0,10.0,sedang,SHM,6.8,17.4,1,0,1,1004.0
P009631,2024-07-28,surabaya,rumah,118.0,161.0,2,4,3,1,13.0,sedang,HGB,9.1,18.8,1,1,0,1472.5
P000345,2024-07-29,surabaya,ruko,137.0,239.0,3,4,4,2,5.0,sedang,SHM,11.2,11.0,0,0,0,2854.4
P001401,2024-07-29,bekasi,rumah,70.0,100.0,2,3,3,1,11.0,perlu_renovasi,SHM,4.8,24.2,1,0,0,515.2
P001441,2024-07-29,tangerang_selatan,rumah,152.0,69.0,1,2,2,2,42.0,sedang,SHM,3.5,10.1,0,0,0,1628.3
P003766,2024-07-29,surabaya,townhouse,55.0,45.0,2,1,1,0,10.0,sedang,SHM,5.3,16.3,0,0,0,555.3
P004373,2024-07-29,depok,rumah,61.0,61.0,2,2,2,1,60.0,sedang,girik_ajb,5.5,23.4,0,1,1,201.2
P005141,2024-07-29,bogor,rumah,119.0,88.0,1,2,2,2,4.0,sedang,SHM,,18.1,0,0,0,758.8
P006041,2024-07-29,bekasi,rumah,70.0,76.0,2,2,1,1,24.0,sedang,SHM,5.9,29.0,0,0,0,319.9
P006539,2024-07-29,depok,rumah,111.0,72.0,1,2,2,1,20.0,baik,SHM,6.6,11.8,0,1,0,1055.4
P006949,2024-07-29,bandung,rumah,129.0,85.0,2,2,2,0,13.0,baik,SHM,8.8,6.6,1,0,0,1452.7
P007093,2024-07-29,surabaya,ruko,84.0,82.0,2,0,1,1,1.0,sedang,SHM,12.0,18.5,0,1,0,1165.5
P007489,2024-07-29,jakarta_barat,rumah,241.0,233.0,2,8,6,3,2.0,baik,SHM,9.5,12.5,1,0,0,4075.9
P008154,2024-07-29,semarang,rumah,100.0,132.0,2,4,3,1,37.0,baik,SHM,5.6,8.1,0,0,0,674.9
P003295,2024-07-30,depok,rumah,90.0,39.0,1,1,1,1,9.0,baik,HGB,5.3,3.2,1,0,0,979.4
P003309,2024-07-30,bogor,ruko,71.0,158.0,3,2,1,1,12.0,baik,SHM,12.6,7.1,1,0,0,1071.2
P003792,2024-07-30,tangerang_selatan,rumah,106.0,58.0,1,1,1,1,6.0,baik,SHM,6.3,22.0,1,0,0,972.9
P005287,2024-07-30,surabaya,rumah,158.0,269.0,2,7,5,2,18.0,baik,HGB,7.9,23.5,0,0,0,1562.1
P005412,2024-07-30,surabaya,ruko,51.0,113.0,4,1,1,1,11.0,baik,SHM,10.6,18.5,0,0,0,825.9
P008301,2024-07-30,bandung,rumah,255.0,147.0,1,4,3,3,6.0,baik,SHM,2.0,16.6,0,1,1,1825.5
P009527,2024-07-30,depok,townhouse,86.0,131.0,3,3,3,2,4.0,sedang,SHM,4.8,7.2,1,0,0,1471.1
P000297,2024-08-02,yogyakarta,rumah,53.0,57.0,2,2,2,0,18.0,sedang,HGB,2.9,15.3,1,0,1,386.5
P000982,2024-08-02,surabaya,townhouse,67.0,92.0,3,3,3,0,6.0,baik,SHM,3.0,8.3,0,1,0,1258.0
P003369,2024-08-02,jakarta_barat,ruko,88.0,179.0,3,4,3,1,17.0,baik,SHM,9.0,14.5,1,0,0,1704.0
P005748,2024-08-02,yogyakarta,ruko,39.0,114.0,4,2,2,0,4.0,baik,SHM,10.7,14.5,0,1,0,814.9
P007293,2024-08-02,surabaya,rumah,135.0,122.0,2,3,2,1,19.0,sedang,SHM,5.7,24.9,0,0,1,1007.4
P009160,2024-08-02,bekasi,ruko,47.0,94.0,3,1,1,1,6.0,baik,SHM,3.7,16.5,0,0,0,594.2
P000390,2024-08-03,surabaya,rumah,95.0,53.0,1,1,1,0,44.0,sedang,SHM,6.4,6.4,1,1,0,1336.6
P000904,2024-08-03,depok,townhouse,57.0,105.0,2,3,2,1,15.0,sedang,SHM,,13.5,0,0,1,658.5
P002902,2024-08-03,yogyakarta,rumah,68.0,89.0,2,2,2,0,,sedang,HGB,5.8,15.1,0,1,0,673.5
P004134,2024-08-03,depok,rumah,75.0,57.0,1,1,1,0,17.0,sedang,SHM,,15.5,1,0,0,635.5
P004501,2024-08-03,jakarta_selatan,rumah,75.0,75.0,2,2,2,2,8.0,baik,SHM,8.0,3.6,0,1,0,2254.3
P005801,2024-08-03,bekasi,ruko,146.0,214.0,3,3,2,1,16.0,baik,SHM,10.2,22.4,1,0,0,1320.6
P006076,2024-08-03,depok,rumah,134.0,65.0,1,2,2,1,22.0,perlu_renovasi,SHM,3.4,13.7,1,1,0,1097.3
P006427,2024-08-03,jakarta_selatan,rumah,139.0,114.0,2,3,2,1,7.0,baik,SHM,7.9,7.2,1,0,0,4103.1
P007862,2024-08-03,jakarta_selatan,rumah,90.0,91.0,2,2,2,1,16.0,perlu_renovasi,HGB,2.0,15.1,0,0,0,1379.3
P008305,2024-08-03,bandung,rumah,160.0,77.0,1,2,1,1,12.0,sedang,SHM,3.6,16.9,1,0,0,1130.7
P008365,2024-08-03,depok,ruko,56.0,72.0,3,1,1,1,19.0,perlu_renovasi,SHM,10.2,6.2,1,0,0,764.8
P009690,2024-08-03,jakarta_barat,townhouse,111.0,208.0,2,5,5,3,5.0,baik,HGB,,10.6,0,1,0,2344.4
P000082,2024-08-04,bekasi,rumah,170.0,193.0,2,6,6,2,43.0,baik,SHM,2.8,9.1,0,0,1,1140.2
P000154,2024-08-04,depok,townhouse,101.0,256.0,3,7,6,0,14.0,perlu_renovasi,HGB,2.1,10.5,0,0,0,1460.1
P001807,2024-08-04,jakarta_selatan,rumah,77.0,46.0,1,1,1,0,9.0,sedang,SHM,5.7,11.8,0,0,1,1603.5
P003551,2024-08-04,surabaya,rumah,103.0,173.0,3,5,4,1,10.0,sedang,HGB,4.9,5.6,0,0,0,1590.6
P004335,2024-08-04,surabaya,rumah,129.0,80.0,1,2,2,1,44.0,sedang,HGB,5.8,3.5,1,1,0,1691.1
P007614,2024-08-04,bekasi,rumah,112.0,104.0,1,3,2,1,10.0,sedang,girik_ajb,5.4,19.3,0,0,0,834.9
P000172,2024-08-05,depok,ruko,70.0,134.0,3,2,2,0,10.0,baik,SHM,5.7,10.0,1,0,1,1202.0
P000558,2024-08-05,depok,townhouse,93.0,141.0,2,3,3,2,6.0,baik,SHM,4.2,4.6,1,0,0,1620.0
P000679,2024-08-05,jakarta_barat,rumah,133.0,126.0,2,4,4,1,8.0,baik,SHM,4.3,4.7,1,1,0,2700.0
P001290,2024-08-05,depok,rumah,120.0,45.0,1,1,1,1,7.0,baik,HGB,6.8,8.0,0,0,1,1021.9
P001722,2024-08-05,tangerang_selatan,rumah,71.0,30.0,1,1,1,1,6.0,sedang,HGB,3.7,15.1,1,1,0,672.5
P003438,2024-08-05,tangerang_selatan,rumah,97.0,123.0,2,3,2,1,7.0,baik,SHM,8.3,9.6,0,1,0,1968.0
P003929,2024-08-05,jakarta_barat,townhouse,63.0,66.0,2,2,2,1,1.0,sedang,SHM,6.3,15.0,1,0,0,955.4
P004499,2024-08-05,surabaya,rumah,142.0,158.0,2,4,4,2,22.0,baik,HGB,10.8,12.9,1,0,0,1556.7
P004942,2024-08-05,jakarta_selatan,rumah,115.0,139.0,2,4,4,1,2.0,baik,SHM,3.0,16.7,0,0,0,2345.0
P006879,2024-08-05,bandung,rumah,149.0,185.0,2,4,2,1,16.0,baik,SHM,4.9,8.1,0,0,0,1729.6
P008991,2024-08-05,semarang,rumah,201.0,87.0,1,2,2,2,14.0,perlu_renovasi,SHM,8.7,11.8,1,0,0,1118.9
P003002,2024-08-06,bogor,rumah,63.0,104.0,2,3,2,1,46.0,perlu_renovasi,SHM,6.5,22.0,0,0,0,311.0
P005187,2024-08-06,jakarta_selatan,rumah,91.0,49.0,1,1,1,2,39.0,perlu_renovasi,HGB,4.9,2.6,0,0,0,1988.2
P007452,2024-08-06,tangerang_selatan,rumah,104.0,185.0,2,5,4,1,7.0,baik,SHM,4.7,3.4,1,1,0,2352.9
P009367,2024-08-06,bandung,rumah,121.0,52.0,1,1,1,1,,sedang,SHM,3.3,6.9,1,1,0,1165.2
P000279,2024-08-07,semarang,rumah,37.0,28.0,1,1,1,0,11.0,sedang,SHM,4.3,2.8,1,0,1,298.3
P001208,2024-08-07,depok,rumah,86.0,76.0,2,2,1,0,34.0,baik,SHM,5.6,17.2,1,0,0,724.9
P001462,2024-08-07,depok,townhouse,82.0,199.0,3,5,4,0,4.0,sedang,SHM,5.5,12.3,0,1,0,1670.2
P005372,2024-08-07,yogyakarta,rumah,121.0,77.0,1,2,2,1,17.0,sedang,HGB,6.8,3.0,0,0,0,1211.7
P006063,2024-08-07,jakarta_barat,rumah,168.0,61.0,1,1,1,1,6.0,sedang,SHM,5.2,13.1,1,0,0,2175.5
P009210,2024-08-07,bandung,rumah,52.0,68.0,3,2,2,0,7.0,sedang,SHM,7.0,21.2,0,0,0,409.8
P000490,2024-08-08,depok,rumah,139.0,122.0,1,4,4,2,12.0,sedang,SHM,4.8,17.0,0,0,0,1128.5
P001036,2024-08-08,bogor,rumah,62.0,31.0,1,1,1,1,11.0,baik,SHM,3.8,27.6,0,0,0,268.4
P001309,2024-08-08,jakarta_selatan,ruko,97.0,110.0,2,1,1,0,60.0,baik,HGB,12.0,2.2,1,1,0,4349.6
P005107,2024-08-08,jakarta_barat,townhouse,100.0,130.0,2,3,2,1,15.0,sedang,SHM,3.7,10.8,0,0,0,1615.4
P007800,2024-08-08,tangerang_selatan,rumah,163.0,233.0,3,6,4,2,25.0,sedang,HGB,3.5,19.8,0,0,0,1732.3
P000799,2024-08-09,bandung,rumah,119.0,112.0,2,3,2,2,2.0,baik,SHM,7.1,20.8,0,0,0,1233.1
P001795,2024-08-09,semarang,rumah,172.0,134.0,1,3,3,2,5.0,baik,SHM,4.8,14.0,0,0,0,1158.8
P003000,2024-08-09,jakarta_selatan,townhouse,41.0,55.0,3,1,1,1,3.0,baik,SHM,4.9,10.7,0,0,0,1166.0
P003977,2024-08-09,jakarta_selatan,ruko,65.0,126.0,4,1,1,1,11.0,baik,HGB,12.2,6.2,0,0,0,2315.1
P006240,2024-08-09,depok,rumah,110.0,73.0,1,2,1,1,18.0,sedang,SHM,3.7,24.0,0,0,0,577.2
P006579,2024-08-09,yogyakarta,townhouse,138.0,155.0,2,5,4,2,15.0,baik,SHM,6.7,10.2,1,0,0,1429.4
P007117,2024-08-09,bekasi,rumah,148.0,86.0,1,3,3,1,7.0,baik,SHM,11.6,14.3,1,1,0,1192.6
P008073,2024-08-09,tangerang_selatan,rumah,134.0,295.0,3,7,5,1,15.0,sedang,SHM,3.6,10.9,0,0,0,2275.7
P008917,2024-08-09,depok,rumah,40.0,31.0,1,1,1,1,17.0,baik,HGB,10.9,11.0,0,1,1,336.0
P009485,2024-08-09,bandung,ruko,87.0,294.0,4,5,4,1,3.0,baik,HGB,1.5,8.4,0,0,0,2214.1
P009925,2024-08-09,jakarta_selatan,townhouse,90.0,101.0,2,4,4,1,11.0,baik,SHM,6.7,2.6,1,0,0,2916.4
P001350,2024-08-10,jakarta_selatan,rumah,122.0,115.0,2,4,3,1,16.0,perlu_renovasi,SHM,5.5,17.5,0,0,0,1720.4
P001624,2024-08-10,jakarta_selatan,ruko,52.0,74.0,4,0,1,0,17.0,baik,SHM,13.4,12.8,1,0,1,1363.9
P008384,2024-08-10,tangerang_selatan,townhouse,81.0,70.0,2,2,2,1,15.0,sedang,SHM,7.6,16.4,0,0,0,1057.9
P009682,2024-08-10,jakarta_selatan,rumah,238.0,113.0,1,4,4,3,11.0,baik,SHM,5.2,16.2,1,0,0,4071.9
P000114,2024-08-11,bogor,rumah,70.0,110.0,2,3,2,0,5.0,baik,HGB,2.9,26.2,0,0,0,714.4
P006408,2024-08-11,jakarta_barat,rumah,84.0,92.0,2,2,2,2,10.0,baik,SHM,5.2,9.6,1,0,0,1430.3
P006959,2024-08-11,bekasi,ruko,106.0,221.0,3,4,4,1,52.0,sedang,HGB,10.4,23.7,0,0,0,735.4
P000238,2024-08-12,surabaya,ruko,79.0,130.0,3,2,2,1,,sedang,SHM,14.2,6.1,0,1,0,1418.8
P001689,2024-08-12,bogor,ruko,68.0,62.0,2,0,1,2,8.0,baik,SHM,11.3,19.1,0,0,0,495.3
P002370,2024-08-12,depok,ruko,79.0,80.0,2,0,1,0,,baik,SHM,9.0,8.2,0,1,0,1327.3
P002527,2024-08-12,semarang,townhouse,69.0,85.0,3,2,2,0,10.0,baik,HGB,5.8,14.8,0,0,0,676.5
P003849,2024-08-12,tangerang_selatan,rumah,114.0,152.0,2,4,3,0,4.0,baik,SHM,5.2,22.3,0,0,0,1402.3
P004724,2024-08-12,bogor,rumah,130.0,49.0,1,1,1,3,21.0,baik,SHM,,19.5,0,0,0,520.4
P008219,2024-08-12,bekasi,rumah,107.0,91.0,2,3,3,1,5.0,baik,HGB,5.1,13.3,0,0,0,888.3
P009548,2024-08-12,bandung,rumah,130.0,156.0,2,4,3,2,8.0,sedang,SHM,3.2,12.3,0,0,0,1324.1
P000525,2024-08-13,jakarta_selatan,rumah,117.0,169.0,2,4,3,2,43.0,perlu_renovasi,SHM,3.8,16.3,0,1,0,2097.8
P002405,2024-08-13,surabaya,rumah,133.0,76.0,1,3,3,1,9.0,baik,SHM,5.7,23.5,1,0,0,833.6
P006204,2024-08-13,jakarta_barat,rumah,145.0,82.0,1,3,2,1,26.0,perlu_renovasi,SHM,3.2,15.4,1,0,0,1869.7
P007009,2024-08-13,jakarta_selatan,rumah,211.0,116.0,1,4,4,3,8.0,baik,SHM,4.2,12.2,0,0,0,3693.6
P009002,2024-08-13,tangerang_selatan,townhouse,73.0,60.0,2,2,1,1,1.0,baik,SHM,3.0,24.6,0,0,0,817.9
P009090,2024-08-13,bekasi,ruko,87.0,144.0,2,1,1,1,4.0,baik,SHM,9.1,14.9,0,0,0,1220.4
P009985,2024-08-13,bogor,rumah,87.0,48.0,1,2,2,0,7.0,sedang,SHM,4.2,20.3,0,0,0,458.0
P001091,2024-08-14,tangerang_selatan,ruko,63.0,90.0,3,1,1,1,10.0,baik,HGB,8.0,15.2,1,0,0,1109.3
P001233,2024-08-14,jakarta_barat,rumah,75.0,133.0,2,4,4,0,30.0,sedang,SHM,3.8,3.9,1,1,0,1601.7
P003206,2024-08-14,bekasi,rumah,176.0,95.0,1,3,3,1,5.0,baik,SHM,3.5,14.3,0,0,0,1350.8
P004191,2024-08-14,jakarta_selatan,townhouse,63.0,53.0,2,2,2,1,7.0,baik,SHM,7.8,2.9,0,0,0,1964.3
P004417,2024-08-14,depok,ruko,54.0,140.0,4,1,1,1,9.0,baik,HGB,6.3,21.9,1,0,0,999.6
P004450,2024-08-14,jakarta_selatan,ruko,69.0,162.0,3,2,2,0,8.0,baik,SHM,8.4,13.7,0,0,0,1957.8
P006212,2024-08-14,bandung,rumah,98.0,153.0,2,5,4,0,6.0,baik,SHM,7.2,12.1,0,0,0,1383.5
P008736,2024-08-14,tangerang_selatan,rumah,69.0,41.0,1,1,1,0,33.0,sedang,SHM,4.1,3.1,1,0,0,1134.5
P000915,2024-08-15,yogyakarta,rumah,244.0,211.0,2,5,5,3,14.0,sedang,SHM,5.5,18.8,0,0,0,1328.7
P001659,2024-08-15,bekasi,rumah,149.0,168.0,2,4,3,1,10.0,baik,SHM,5.6,6.9,1,0,0,1832.1
P002827,2024-08-15,bekasi,rumah,97.0,100.0,2,3,2,1,12.0,sedang,SHM,7.2,26.5,1,0,0,597.9
P004096,2024-08-15,tangerang_selatan,ruko,69.0,128.0,3,2,1,1,2.0,sedang,SHM,3.8,11.4,1,0,0,1420.5
P004625,2024-08-15,jakarta_selatan,rumah,146.0,116.0,2,4,4,2,6.0,baik,SHM,4.2,17.8,1,0,0,2592.0
P005950,2024-08-15,bandung,rumah,132.0,125.0,2,4,3,1,8.0,baik,SHM,5.9,17.3,1,0,0,1343.1
P006122,2024-08-15,bekasi,rumah,171.0,198.0,2,6,6,1,1.0,baik,SHM,6.7,28.7,0,0,0,1543.0
P008454,2024-08-15,yogyakarta,rumah,123.0,90.0,1,3,3,1,29.0,baik,HGB,10.5,17.2,1,0,0,679.6
P003203,2024-08-16,semarang,rumah,125.0,68.0,1,2,2,2,19.0,perlu_renovasi,HGB,6.7,11.6,0,1,1,623.0
P003935,2024-08-16,depok,rumah,153.0,213.0,2,6,5,2,3.0,sedang,HGB,4.9,19.8,0,1,0,1692.9
P005458,2024-08-16,bogor,rumah,147.0,248.0,2,7,7,2,4.0,baik,SHM,2.4,12.3,1,0,0,1789.9
P009186,2024-08-16,yogyakarta,rumah,66.0,116.0,2,3,2,0,13.0,sedang,HGB,2.5,14.2,0,0,0,726.2
P001615,2024-08-17,surabaya,rumah,67.0,59.0,2,2,1,1,2.0,sedang,SHM,3.9,21.7,0,0,0,570.7
P001683,2024-08-17,bandung,rumah,191.0,98.0,1,3,3,1,11.0,baik,SHM,3.4,19.4,0,0,0,1179.3
P002427,2024-08-17,jakarta_selatan,townhouse,60.0,71.0,2,2,2,2,15.0,sedang,SHM,3.1,12.4,0,0,0,1381.2
P002446,2024-08-17,bogor,rumah,63.0,41.0,1,1,1,0,14.0,sedang,SHM,13.6,7.4,1,1,0,513.0
P003768,2024-08-17,tangerang_selatan,rumah,157.0,218.0,2,6,4,2,20.0,baik,SHM,6.5,11.3,1,0,0,2766.0
P005496,2024-08-17,tangerang_selatan,rumah,65.0,59.0,2,2,2,1,12.0,baik,HGB,3.3,17.8,0,0,1,665.7
P007985,2024-08-17,surabaya,rumah,157.0,131.0,2,5,3,0,12.0,baik,HGB,4.8,16.9,1,0,0,1417.4
P002966,2024-08-18,depok,rumah,170.0,212.0,2,7,5,2,10.0,sedang,SHM,5.2,19.1,0,0,0,1420.1
P003164,2024-08-18,bandung,rumah,93.0,59.0,1,2,1,1,19.0,baik,SHM,6.4,5.1,1,0,0,1216.6
P003520,2024-08-18,surabaya,rumah,96.0,63.0,1,2,2,0,13.0,sedang,SHM,7.9,15.2,1,0,0,834.7
P005935,2024-08-18,tangerang_selatan,ruko,96.0,145.0,3,2,2,2,31.0,perlu_renovasi,SHM,6.0,9.9,1,0,0,1737.6
P007429,2024-08-18,bogor,townhouse,95.0,116.0,2,4,3,1,5.0,baik,SHM,5.7,18.7,0,0,0,895.3
P007451,2024-08-18,tangerang_selatan,townhouse,108.0,153.0,2,4,4,1,10.0,baik,SHM,4.9,10.2,1,0,0,1801.3
P009376,2024-08-18,jakarta_barat,rumah,92.0,138.0,2,3,3,0,23.0,sedang,HGB,2.8,11.2,0,1,0,1447.7
P001070,2024-08-19,bekasi,rumah,127.0,60.0,1,1,1,1,16.0,sedang,SHM,8.3,13.4,0,0,0,863.9
P003544,2024-08-19,tangerang_selatan,townhouse,78.0,96.0,2,3,3,1,15.0,sedang,SHM,2.3,8.9,1,0,0,1127.4
P007249,2024-08-19,surabaya,rumah,104.0,103.0,2,3,3,1,4.0,sedang,SHM,1.5,10.2,0,1,1,965.4
P009123,2024-08-19,semarang,ruko,117.0,150.0,2,3,3,1,11.0,baik,SHM,10.7,19.7,0,0,0,1162.7
P001503,2024-08-20,bekasi,rumah,169.0,182.0,2,6,4,2,5.0,baik,HGB,5.4,15.7,0,0,0,2005.1
P004131,2024-08-20,bandung,ruko,55.0,85.0,3,0,1,2,9.0,baik,girik_ajb,9.1,19.3,1,1,0,775.8
P006381,2024-08-20,bandung,rumah,98.0,67.0,1,2,2,1,14.0,sedang,HGB,8.1,22.0,0,0,0,601.3
P007892,2024-08-20,semarang,rumah,143.0,58.0,1,2,1,2,5.0,baik,HGB,5.9,9.2,1,0,1,780.6
P008743,2024-08-20,jakarta_barat,rumah,220.0,273.0,2,8,7,1,5.0,sedang,SHM,6.3,10.6,0,0,0,3662.9
P000229,2024-08-21,bogor,rumah,54.0,24.0,1,1,1,1,6.0,baik,HGB,3.8,4.7,1,0,0,425.2
P000958,2024-08-21,depok,rumah,211.0,289.0,2,7,6,2,17.0,sedang,SHM,3.5,15.2,1,0,0,2682.3
P000993,2024-08-21,surabaya,rumah,161.0,117.0,1,4,4,1,10.0,baik,SHM,,14.9,0,0,0,1687.3
P001007,2024-08-21,semarang,rumah,98.0,154.0,2,4,4,2,3.0,baik,HGB,3.6,16.5,0,0,0,1089.8
P002272,2024-08-21,bogor,rumah,151.0,55.0,1,2,1,1,39.0,sedang,SHM,4.0,7.8,0,0,1,628.6
P002550,2024-08-21,tangerang_selatan,rumah,84.0,100.0,2,3,3,0,8.0,baik,SHM,6.1,11.6,0,0,0,1568.6
P002942,2024-08-21,tangerang_selatan,rumah,153.0,83.0,1,2,2,1,24.0,sedang,HGB,5.8,12.8,1,1,0,1773.5
P002975,2024-08-21,depok,ruko,60.0,75.0,3,0,1,1,7.0,baik,SHM,4.1,3.7,0,0,0,1069.0
P003323,2024-08-21,bandung,rumah,87.0,138.0,3,3,3,1,24.0,sedang,SHM,7.6,17.6,0,0,0,848.2
P004530,2024-08-21,depok,ruko,59.0,211.0,4,3,2,2,6.0,baik,SHM,8.8,6.4,0,1,1,1515.2
P005308,2024-08-21,tangerang_selatan,rumah,120.0,99.0,2,2,2,2,22.0,sedang,SHM,6.6,21.4,0,0,0,880.0
P005874,2024-08-21,jakarta_barat,ruko,80.0,99.0,3,1,1,1,10.0,baik,SHM,8.0,14.3,1,0,0,1430.7
P006129,2024-08-21,depok,rumah,121.0,163.0,2,5,4,1,23.0,baik,SHM,3.3,11.6,0,0,0,1254.5
P007759,2024-08-21,tangerang_selatan,rumah,104.0,147.0,2,4,3,2,8.0,baik,HGB,4.0,8.3,0,0,1,1563.9
P008795,2024-08-21,depok,rumah,74.0,64.0,2,2,2,1,17.0,sedang,SHM,8.8,9.1,0,0,0,839.4
P009404,2024-08-21,bekasi,ruko,74.0,202.0,3,5,4,1,7.0,baik,SHM,11.6,17.5,0,0,0,1457.8
P000109,2024-08-22,jakarta_selatan,rumah,211.0,384.0,3,10,8,2,25.0,perlu_renovasi,SHM,2.7,15.8,1,0,0,3941.3
P000644,2024-08-22,tangerang_selatan,rumah,118.0,118.0,2,3,2,2,9.0,baik,HGB,,24.5,0,0,0,988.2
P002366,2024-08-22,bandung,rumah,117.0,119.0,2,4,3,1,15.0,sedang,SHM,2.8,19.9,0,0,0,727.7
P002534,2024-08-22,jakarta_selatan,rumah,101.0,84.0,2,3,3,2,15.0,sedang,HGB,6.9,9.5,0,1,0,2439.6
P003040,2024-08-22,bogor,rumah,86.0,92.0,2,2,1,1,49.0,perlu_renovasi,SHM,7.1,29.7,0,0,0,236.2
P003591,2024-08-22,surabaya,rumah,177.0,145.0,1,4,3,2,13.0,perlu_renovasi,HGB,3.6,3.0,1,1,0,2356.7
P007373,2024-08-22,depok,rumah,95.0,159.0,2,4,3,0,3.0,baik,SHM,3.0,19.5,0,0,0,1275.4
P008712,2024-08-22,jakarta_barat,rumah,97.0,75.0,1,2,2,0,19.0,sedang,girik_ajb,6.4,10.7,0,0,0,1046.0
P009743,2024-08-22,bogor,rumah,66.0,44.0,1,1,1,2,40.0,sedang,SHM,2.9,6.3,0,0,0,325.8
P009993,2024-08-22,bekasi,rumah,291.0,207.0,1,7,4,4,17.0,sedang,HGB,4.9,21.0,0,0,1,1397.1
P000158,2024-08-23,bandung,townhouse,56.0,100.0,2,2,2,1,1.0,sedang,SHM,3.2,17.8,1,0,0,859.8
P000849,2024-08-23,jakarta_barat,rumah,89.0,117.0,2,3,3,1,27.0,baik,HGB,5.6,16.6,0,0,0,868.1
P001752,2024-08-23,jakarta_barat,rumah,149.0,108.0,2,3,3,1,5.0,sedang,SHM,6.8,4.9,0,0,0,2858.7
P003354,2024-08-23,tangerang_selatan,rumah,60.0,72.0,2,2,2,0,16.0,sedang,HGB,10.5,19.2,0,0,0,737.9
P005381,2024-08-23,jakarta_barat,ruko,56.0,146.0,4,2,2,1,34.0,sedang,HGB,13.1,7.7,1,0,1,852.5
P006223,2024-08-23,depok,rumah,180.0,100.0,1,3,3,2,9.0,baik,SHM,7.2,14.3,1,0,1,1411.0
P006739,2024-08-23,surabaya,ruko,77.0,80.0,2,0,1,1,17.0,perlu_renovasi,SHM,8.9,21.5,0,0,0,698.5
P007906,2024-08-23,jakarta_barat,rumah,149.0,136.0,2,5,3,2,5.0,sedang,girik_ajb,7.8,3.1,0,0,0,2175.1
P009642,2024-08-23,jakarta_barat,rumah,109.0,113.0,2,4,4,1,14.0,baik,SHM,5.7,10.6,1,1,0,1731.5
P005309,2024-08-24,jakarta_barat,townhouse,69.0,141.0,3,3,3,1,6.0,baik,SHM,3.9,13.9,1,0,0,1475.4
P007865,2024-08-24,bandung,rumah,386.0,514.0,3,10,8,5,13.0,sedang,HGB,3.5,20.3,0,0,0,3039.8
P009738,2024-08-24,jakarta_barat,rumah,116.0,117.0,2,4,3,2,22.0,baik,SHM,5.3,19.2,1,0,0,1336.9
P000836,2024-08-25,depok,rumah,104.0,156.0,2,4,2,1,2.0,baik,SHM,5.8,4.7,1,1,0,1783.6
P001161,2024-08-25,jakarta_selatan,rumah,163.0,62.0,1,2,2,2,11.0,baik,HGB,6.0,5.0,1,0,0,5442.7
P001632,2024-08-25,surabaya,rumah,188.0,274.0,3,8,5,2,11.0,baik,SHM,3.5,13.8,0,0,0,2208.3
P007011,2024-08-25,jakarta_selatan,rumah,193.0,117.0,1,3,3,3,7.0,sedang,HGB,5.2,2.9,0,0,0,4937.8
P009339,2024-08-25,bogor,rumah,264.0,164.0,1,4,3,3,13.0,sedang,SHM,6.0,26.2,0,0,0,1190.5
P001417,2024-08-26,depok,rumah,147.0,129.0,2,3,3,1,20.0,sedang,SHM,3.8,19.9,0,0,0,1028.4
P002380,2024-08-26,bandung,rumah,98.0,133.0,2,3,3,1,10.0,baik,SHM,3.8,7.1,0,1,0,1413.4
P003296,2024-08-26,yogyakarta,townhouse,93.0,181.0,3,6,6,1,15.0,sedang,SHM,4.6,6.6,1,0,0,1282.4
P003823,2024-08-26,depok,rumah,174.0,271.0,2,9,6,3,8.0,baik,HGB,5.1,9.7,1,0,0,2405.4
P005530,2024-08-26,surabaya,rumah,214.0,246.0,2,7,5,1,8.0,baik,girik_ajb,4.3,8.6,0,1,0,2521.0
P006954,2024-08-26,bogor,rumah,163.0,139.0,1,3,2,2,17.0,baik,HGB,7.8,25.9,0,0,0,933.9
P006979,2024-08-26,surabaya,rumah,232.0,97.0,1,2,1,4,4.0,sedang,SHM,9.6,22.8,0,0,0,1837.6
P008440,2024-08-26,jakarta_barat,rumah,160.0,60.0,1,1,1,2,33.0,perlu_renovasi,SHM,3.6,5.8,0,0,1,1937.7
P008802,2024-08-26,tangerang_selatan,rumah,127.0,103.0,1,3,2,1,2.0,baik,SHM,3.0,4.3,1,0,0,2161.0
P001821,2024-08-27,semarang,rumah,101.0,69.0,1,2,1,1,6.0,baik,SHM,1.5,16.2,0,0,0,539.4
P003158,2024-08-27,jakarta_selatan,rumah,121.0,151.0,2,5,4,2,5.0,baik,SHM,7.3,9.1,1,0,0,3444.2
P006295,2024-08-27,jakarta_barat,ruko,131.0,240.0,3,3,3,1,18.0,baik,SHM,11.1,10.3,0,1,1,2676.7
P007359,2024-08-27,tangerang_selatan,rumah,64.0,76.0,2,3,3,0,6.0,baik,SHM,6.2,16.7,0,0,0,995.3
P008929,2024-08-27,bekasi,rumah,104.0,175.0,2,5,5,2,9.0,baik,SHM,10.0,23.3,1,0,0,1146.9
P004084,2024-08-28,tangerang_selatan,rumah,119.0,132.0,2,5,4,1,21.0,perlu_renovasi,HGB,4.3,11.3,0,0,0,1177.0
P004599,2024-08-28,tangerang_selatan,rumah,136.0,87.0,1,2,1,1,7.0,baik,SHM,4.4,14.5,0,0,0,1362.7
P008294,2024-08-28,jakarta_selatan,rumah,35.0,52.0,3,1,1,0,12.0,sedang,SHM,10.2,7.4,1,0,0,978.8
P001512,2024-08-29,jakarta_barat,rumah,77.0,42.0,1,1,1,0,13.0,baik,HGB,7.8,20.0,0,0,1,726.3
P003087,2024-08-29,jakarta_barat,ruko,52.0,99.0,3,0,1,1,21.0,sedang,girik_ajb,11.6,9.1,0,0,0,934.1
P004250,2024-08-29,surabaya,rumah,118.0,61.0,1,2,2,1,11.0,baik,SHM,9.4,12.3,1,1,0,1373.8
P005198,2024-08-29,tangerang_selatan,townhouse,96.0,96.0,2,3,2,2,5.0,baik,HGB,4.5,5.1,0,1,0,1546.0
P005461,2024-08-29,bandung,rumah,73.0,50.0,1,2,2,1,29.0,baik,girik_ajb,4.0,15.5,0,0,0,450.0
P006307,2024-08-29,bandung,rumah,120.0,65.0,1,1,1,0,6.0,sedang,SHM,3.4,12.4,0,0,0,909.9
P006392,2024-08-29,bogor,townhouse,72.0,87.0,2,3,3,0,2.0,baik,HGB,6.4,27.4,0,1,1,756.0
P007017,2024-08-29,bekasi,ruko,101.0,160.0,3,2,2,1,4.0,baik,girik_ajb,12.5,23.7,1,0,1,1064.3
P000381,2024-09-02,depok,rumah,70.0,67.0,2,2,2,1,0.0,baik,HGB,8.7,18.0,0,0,0,677.0
P002186,2024-09-02,jakarta_barat,rumah,76.0,31.0,1,1,1,2,2.0,baik,SHM,4.8,9.6,0,0,0,1020.6
P002871,2024-09-02,bogor,ruko,102.0,240.0,3,4,3,2,15.0,sedang,SHM,9.1,27.3,0,0,0,1209.0
P004140,2024-09-02,surabaya,ruko,62.0,189.0,4,3,2,0,23.0,baik,HGB,14.8,20.2,1,0,0,869.3
P005087,2024-09-02,surabaya,rumah,91.0,91.0,2,3,3,2,16.0,sedang,HGB,6.7,5.4,0,1,0,1368.9
P005533,2024-09-02,depok,rumah,47.0,32.0,1,1,1,1,3.0,baik,HGB,3.2,5.1,0,0,0,507.4
P007182,2024-09-02,bekasi,rumah,126.0,156.0,2,5,5,1,12.0,baik,SHM,4.6,11.5,1,0,0,1464.2
P007296,2024-09-02,yogyakarta,rumah,81.0,33.0,1,1,1,0,11.0,baik,SHM,7.1,19.0,0,0,0,444.3
P008332,2024-09-02,bogor,rumah,124.0,164.0,2,4,4,2,40.0,baik,HGB,4.2,24.1,0,0,1,515.7
P008588,2024-09-02,bekasi,rumah,160.0,124.0,1,3,3,2,18.0,sedang,SHM,4.3,4.1,1,1,0,2065.7
P009374,2024-09-02,yogyakarta,rumah,205.0,248.0,2,8,8,2,12.0,sedang,SHM,5.4,14.3,0,0,0,1688.1
P009817,2024-09-02,jakarta_selatan,townhouse,86.0,106.0,2,3,3,1,9.0,baik,HGB,5.1,6.6,0,0,1,2679.9
P000433,2024-09-03,bandung,rumah,96.0,75.0,2,2,2,2,4.0,sedang,SHM,9.3,7.7,0,1,0,1184.9
P003084,2024-09-03,surabaya,rumah,118.0,49.0,1,1,1,1,22.0,sedang,SHM,3.5,16.4,0,0,0,1001.8
P003089,2024-09-03,depok,townhouse,59.0,129.0,3,4,3,1,7.0,sedang,SHM,4.0,22.0,1,0,0,886.2
P004435,2024-09-03,bogor,rumah,115.0,90.0,2,3,3,1,6.0,sedang,SHM,5.4,4.2,0,0,0,996.0
P004443,2024-09-03,semarang,rumah,110.0,112.0,2,3,2,2,8.0,baik,HGB,10.1,4.3,1,0,0,1262.6
P004787,2024-09-03,tangerang_selatan,rumah,55.0,36.0,1,1,1,2,10.0,baik,SHM,2.2,22.0,0,0,0,482.7
P000014,2024-09-04,surabaya,rumah,276.0,224.0,2,6,4,2,2.0,baik,SHM,4.0,5.7,1,0,0,4192.2
P000468,2024-09-04,yogyakarta,rumah,103.0,117.0,2,3,2,1,16.0,perlu_renovasi,SHM,5.3,5.6,0,0,0,853.5
P001501,2024-09-04,bandung,rumah,96.0,56.0,1,1,1,0,13.0,baik,SHM,2.6,12.4,0,1,0,727.2
P003090,2024-09-04,semarang,rumah,251.0,528.0,3,10,8,2,13.0,sedang,HGB,1.5,16.9,0,0,0,2147.6
P004801,2024-09-04,bekasi,rumah,111.0,221.0,3,7,8,1,,baik,girik_ajb,4.5,4.6,1,0,0,1612.3
P006547,2024-09-04,jakarta_selatan,rumah,119.0,80.0,1,2,2,1,10.0,baik,SHM,9.1,6.9,0,1,0,3238.9
P008078,2024-09-04,tangerang_selatan,rumah,159.0,349.0,3,8,5,2,23.0,perlu_renovasi,SHM,5.5,13.7,0,1,0,2078.4
P009807,2024-09-04,bandung,rumah,90.0,132.0,2,3,3,0,25.0,sedang,SHM,3.7,5.1,1,0,1,1023.2
P000111,2024-09-05,bekasi,ruko,89.0,141.0,3,2,2,0,42.0,perlu_renovasi,SHM,9.3,13.1,1,0,1,599.0
P001333,2024-09-05,depok,ruko,40.0,54.0,2,0,1,0,8.0,baik,SHM,9.0,12.1,0,0,0,526.9
P002055,2024-09-05,tangerang_selatan,ruko,89.0,144.0,3,1,1,1,39.0,perlu_renovasi,SHM,6.3,23.3,1,0,1,627.0
P002310,2024-09-05,semarang,rumah,57.0,88.0,2,3,2,0,24.0,sedang,SHM,4.6,8.3,0,0,0,487.2
P004089,2024-09-05,jakarta_selatan,rumah,188.0,182.0,2,6,6,2,16.0,baik,SHM,3.2,10.0,0,0,0,4896.7
P006956,2024-09-05,depok,rumah,73.0,55.0,2,1,1,1,13.0,sedang,HGB,6.3,6.1,1,0,0,854.7
P007479,2024-09-05,bekasi,rumah,147.0,164.0,2,4,3,1,22.0,sedang,SHM,,18.1,0,0,0,1182.7
P007554,2024-09-05,tangerang_selatan,rumah,144.0,210.0,3,7,7,2,8.0,baik,girik_ajb,4.0,11.8,1,1,0,2275.7
P008382,2024-09-05,depok,ruko,80.0,100.0,2,1,1,0,11.0,sedang,SHM,10.8,4.8,1,1,0,1625.3
P009300,2024-09-05,jakarta_selatan,townhouse,69.0,72.0,2,2,2,0,15.0,sedang,HGB,3.0,16.1,0,0,0,1241.1
P000030,2024-09-06,bandung,rumah,65.0,71.0,2,2,2,1,12.0,sedang,HGB,12.8,15.0,0,1,0,725.9
P000903,2024-09-06,jakarta_selatan,rumah,59.0,49.0,1,2,1,2,17.0,sedang,SHM,3.7,8.4,0,0,1,1108.1
P000905,2024-09-06,yogyakarta,rumah,170.0,103.0,1,3,2,2,15.0,sedang,SHM,,6.4,0,0,0,1557.8
P001551,2024-09-06,jakarta_barat,rumah,115.0,133.0,2,4,3,1,26.0,perlu_renovasi,HGB,3.2,5.3,0,1,0,1884.6
P002277,2024-09-06,depok,rumah,161.0,278.0,2,7,7,1,15.0,baik,SHM,2.7,23.8,1,0,0,1730.0
P003385,2024-09-06,jakarta_barat,ruko,81.0,109.0,2,1,1,2,22.0,baik,SHM,,14.2,1,0,0,1214.0
P003497,2024-09-06,bandung,rumah,74.0,41.0,1,1,1,1,1.0,baik,HGB,7.2,7.2,0,0,0,794.1
P004114,2024-09-06,depok,rumah,91.0,81.0,2,2,2,1,8.0,baik,SHM,4.8,7.8,0,0,0,1054.7
P006806,2024-09-06,surabaya,rumah,184.0,132.0,1,4,3,3,39.0,perlu_renovasi,SHM,5.8,22.9,0,0,1,755.1
P007206,2024-09-06,bekasi,rumah,85.0,158.0,3,6,6,2,17.0,sedang,HGB,2.9,26.3,1,0,0,759.2
P008846,2024-09-06,bogor,ruko,151.0,471.0,4,6,6,2,12.0,baik,SHM,10.3,15.0,1,0,0,2517.9
P008899,2024-09-06,tangerang_selatan,rumah,112.0,133.0,2,4,3,1,24.0,baik,SHM,6.4,24.8,0,0,0,1150.4
P000401,2024-09-07,tangerang_selatan,rumah,146.0,103.0,1,3,2,1,21.0,sedang,HGB,9.4,23.4,0,0,0,1115.2
P003966,2024-09-07,jakarta_selatan,rumah,131.0,96.0,1,2,1,2,16.0,sedang,SHM,2.9,17.3,1,0,0,2134.7
P007276,2024-09-07,bandung,rumah,98.0,71.0,1,2,2,1,22.0,sedang,HGB,4.1,14.4,1,0,1,716.2
P009742,2024-09-07,bekasi,rumah,82.0,48.0,1,2,2,1,13.0,sedang,SHM,3.6,24.6,0,0,0,468.7
P009814,2024-09-07,jakarta_selatan,rumah,165.0,211.0,2,5,4,1,14.0,sedang,SHM,7.3,3.4,0,0,0,6234.8
P000097,2024-09-08,bekasi,townhouse,66.0,62.0,2,2,2,0,15.0,baik,SHM,4.5,4.0,1,1,0,906.5
P000215,2024-09-08,bandung,townhouse,55.0,83.0,3,2,2,0,15.0,baik,SHM,7.9,16.1,0,0,1,626.6
P001115,2024-09-08,yogyakarta,rumah,87.0,89.0,2,2,2,1,4.0,baik,SHM,3.7,13.7,0,0,0,974.8
P002321,2024-09-08,jakarta_selatan,townhouse,123.0,103.0,2,3,3,1,,perlu_renovasi,SHM,5.5,9.4,0,0,0,2406.4
P005278,2024-09-08,bandung,ruko,56.0,151.0,3,2,1,0,15.0,sedang,SHM,11.5,17.9,0,0,1,615.9
P005876,2024-09-08,depok,rumah,71.0,94.0,2,2,2,2,15.0,sedang,SHM,5.3,17.4,0,0,0,618.9
P000571,2024-09-09,tangerang_selatan,rumah,55.0,55.0,2,2,2,1,28.0,perlu_renovasi,HGB,6.7,15.5,0,0,0,537.7
P001185,2024-09-09,jakarta_barat,rumah,152.0,119.0,2,3,2,3,9.0,baik,SHM,2.0,4.1,1,1,0,2446.0
P001623,2024-09-09,surabaya,rumah,183.0,146.0,2,4,4,3,36.0,perlu_renovasi,SHM,3.8,13.4,1,1,0,1539.3
P002383,2024-09-09,jakarta_barat,rumah,119.0,169.0,2,4,3,1,9.0,baik,girik_ajb,4.0,16.2,1,0,1,1600.2
P004604,2024-09-09,bandung,rumah,117.0,86.0,1,3,2,3,4.0,baik,HGB,6.6,20.5,1,0,0,935.8
P004889,2024-09-09,bekasi,rumah,195.0,131.0,1,4,3,1,45.0,baik,SHM,5.2,26.0,0,0,0,782.5
P005390,2024-09-09,yogyakarta,ruko,84.0,106.0,2,1,1,1,15.0,sedang,SHM,10.0,4.2,1,1,0,1199.5
P006167,2024-09-09,bogor,ruko,83.0,165.0,4,2,2,0,13.0,baik,SHM,9.7,19.4,0,0,0,1033.0
P006919,2024-09-09,tangerang_selatan,rumah,505.0,835.0,2,10,7,5,13.0,perlu_renovasi,SHM,6.1,3.0,1,1,1,10667.3
P009868,2024-09-09,surabaya,rumah,100.0,150.0,2,5,4,1,14.0,sedang,SHM,3.3,6.9,1,0,1,1538.9
P002999,2024-09-10,yogyakarta,rumah,94.0,53.0,1,2,1,2,18.0,sedang,SHM,3.5,17.1,1,0,0,488.0
P003282,2024-09-10,jakarta_selatan,rumah,78.0,82.0,2,3,2,2,16.0,sedang,SHM,7.4,2.1,1,1,0,3027.2
P004290,2024-09-10,bogor,rumah,186.0,133.0,1,4,3,2,10.0,baik,SHM,6.0,13.1,0,0,0,1289.2
P004911,2024-09-10,jakarta_barat,rumah,64.0,92.0,2,3,2,1,16.0,baik,SHM,9.8,7.4,0,1,1,1485.3
P006428,2024-09-10,bekasi,rumah,142.0,73.0,1,2,1,0,10.0,baik,SHM,6.4,6.4,0,0,0,1333.0
P006823,2024-09-10,depok,rumah,98.0,69.0,2,2,1,0,23.0,baik,SHM,5.8,18.1,0,0,0,694.0
P007929,2024-09-10,jakarta_selatan,rumah,107.0,113.0,2,3,3,0,6.0,sedang,HGB,5.1,12.1,1,0,0,2004.4
P008502,2024-09-10,surabaya,townhouse,68.0,112.0,2,3,3,1,15.0,perlu_renovasi,SHM,4.5,20.3,0,0,0,599.2
P008954,2024-09-10,yogyakarta,rumah,123.0,161.0,2,4,4,1,16.0,sedang,SHM,5.9,2.6,1,0,1,1348.9
P009876,2024-09-10,bekasi,rumah,114.0,144.0,3,3,2,2,8.0,baik,HGB,8.0,22.8,0,0,0,1087.9
P000243,2024-09-11,tangerang_selatan,rumah,154.0,179.0,2,6,4,1,11.0,baik,SHM,2.7,8.2,0,0,1,1982.9
P001907,2024-09-11,bekasi,rumah,231.0,191.0,2,5,5,2,12.0,baik,SHM,7.9,19.7,0,0,0,1652.3
P003066,2024-09-11,bekasi,rumah,132.0,90.0,1,3,2,2,13.0,sedang,HGB,7.7,3.1,0,1,0,1672.0
P003875,2024-09-11,yogyakarta,rumah,127.0,44.0,1,1,1,1,8.0,baik,SHM,4.3,11.4,1,0,1,999.5
P004905,2024-09-11,bandung,rumah,81.0,77.0,2,2,2,0,13.0,sedang,HGB,7.1,9.0,1,0,0,829.4
P005041,2024-09-11,tangerang_selatan,rumah,140.0,137.0,2,4,4,1,16.0,sedang,HGB,3.6,12.0,0,0,0,1617.2
P005880,2024-09-11,tangerang_selatan,townhouse,88.0,80.0,2,3,3,2,6.0,sedang,SHM,6.5,20.2,0,0,0,1079.0
P006621,2024-09-11,surabaya,rumah,96.0,133.0,3,4,4,1,,sedang,HGB,4.1,18.0,1,0,1,828.9
P007738,2024-09-11,bekasi,rumah,164.0,138.0,2,3,2,3,9.0,baik,SHM,3.6,21.4,0,0,0,1201.3
P000291,2024-09-12,surabaya,townhouse,102.0,74.0,2,2,2,1,11.0,baik,HGB,7.4,9.0,0,0,0,1496.3
P003163,2024-09-12,jakarta_barat,rumah,66.0,74.0,2,2,1,2,,sedang,HGB,,17.1,0,0,1,664.9
P006203,2024-09-12,depok,rumah,119.0,108.0,2,3,2,1,15.0,baik,SHM,5.4,9.8,0,0,0,1345.6
P007255,2024-09-12,depok,rumah,74.0,91.0,2,3,3,3,6.0,baik,HGB,7.1,18.3,1,0,0,845.1
P007441,2024-09-12,semarang,rumah,82.0,47.0,1,2,2,1,15.0,sedang,girik_ajb,8.2,3.0,1,0,0,621.7
P007993,2024-09-12,jakarta_selatan,rumah,107.0,112.0,2,3,3,0,4.0,baik,SHM,5.3,12.8,1,0,1,2238.8
P008471,2024-09-12,bekasi,rumah,207.0,138.0,1,4,3,3,22.0,sedang,SHM,3.9,14.9,0,1,0,1424.3
P008658,2024-09-12,depok,rumah,112.0,156.0,2,5,4,1,13.0,sedang,SHM,4.6,4.5,0,0,1,1329.6
P000702,2024-09-13,tangerang_selatan,ruko,109.0,165.0,2,3,3,1,3.0,baik,SHM,14.4,12.0,0,0,1,1790.6
P003267,2024-09-13,jakarta_barat,rumah,203.0,105.0,1,3,3,2,11.0,baik,SHM,9.9,13.8,0,0,0,2750.3
P003666,2024-09-13,bekasi,rumah,39.0,57.0,2,2,2,1,4.0,baik,SHM,4.6,11.2,1,0,0,547.2
P005469,2024-09-13,depok,rumah,120.0,60.0,1,1,1,0,11.0,sedang,girik_ajb,9.1,5.8,0,0,0,1267.7
P005976,2024-09-13,tangerang_selatan,rumah,68.0,49.0,1,1,1,1,10.0,baik,SHM,6.1,16.8,0,0,0,929.3
P006186,2024-09-13,bandung,rumah,86.0,96.0,2,3,3,0,30.0,baik,SHM,6.3,4.8,0,1,0,974.2
P006253,2024-09-13,bekasi,rumah,56.0,59.0,2,1,1,1,9.0,baik,HGB,,15.4,0,0,0,551.6
P008173,2024-09-13,bogor,rumah,160.0,79.0,1,3,3,1,,baik,SHM,4.2,28.1,0,0,1,723.2
P000349,2024-09-14,bogor,rumah,105.0,113.0,2,3,2,1,,baik,SHM,4.9,12.7,0,0,0,970.3
P003213,2024-09-14,surabaya,rumah,68.0,41.0,1,1,1,2,16.0,sedang,SHM,3.5,13.4,0,0,0,590.5
P003549,2024-09-14,jakarta_selatan,rumah,123.0,138.0,2,4,3,3,3.0,baik,SHM,4.8,7.2,1,0,0,3616.2
P003580,2024-09-14,jakarta_selatan,rumah,120.0,171.0,2,5,5,2,15.0,sedang,SHM,,6.5,1,0,0,3778.9
P003996,2024-09-14,jakarta_selatan,rumah,104.0,89.0,2,3,2,2,6.0,baik,HGB,6.1,5.9,1,0,0,3101.4
P004256,2024-09-14,jakarta_selatan,rumah,157.0,96.0,1,3,3,2,6.0,sedang,SHM,5.8,17.2,0,0,0,2747.4
P004832,2024-09-14,tangerang_selatan,rumah,238.0,107.0,1,3,2,3,13.0,baik,SHM,5.6,15.4,0,1,0,2143.7
P004898,2024-09-14,depok,ruko,75.0,145.0,3,2,2,1,8.0,baik,HGB,9.1,5.4,0,0,1,1196.9
P005220,2024-09-14,jakarta_barat,rumah,199.0,257.0,2,6,6,2,20.0,sedang,SHM,4.6,11.5,0,0,0,2331.6
P005726,2024-09-14,semarang,rumah,195.0,87.0,1,3,3,2,,sedang,SHM,4.9,6.2,0,0,0,1186.3
P006119,2024-09-14,surabaya,townhouse,75.0,98.0,2,3,2,1,15.0,baik,HGB,6.2,23.4,0,0,0,819.9
P008457,2024-09-14,yogyakarta,townhouse,92.0,71.0,2,2,2,0,,baik,HGB,4.7,15.5,0,0,0,679.0
P008474,2024-09-14,jakarta_selatan,rumah,179.0,262.0,3,7,7,3,36.0,baik,SHM,5.5,10.2,0,0,1,3595.4
P001282,2024-09-15,bekasi,rumah,180.0,204.0,2,6,5,2,6.0,baik,SHM,3.2,19.3,0,0,0,1804.2
P001742,2024-09-15,tangerang_selatan,rumah,111.0,56.0,1,2,1,2,18.0,sedang,HGB,11.3,12.3,0,0,0,1460.3
P005142,2024-09-15,depok,rumah,81.0,138.0,2,5,4,2,13.0,baik,SHM,3.7,23.8,0,0,1,822.4
P005425,2024-09-15,yogyakarta,rumah,124.0,85.0,1,3,2,1,6.0,baik,SHM,8.6,11.2,1,0,1,1141.2
P009562,2024-09-15,jakarta_barat,rumah,111.0,77.0,1,3,2,2,12.0,baik,SHM,5.2,16.3,0,0,0,1329.8
P000121,2024-09-16,bogor,ruko,92.0,96.0,2,1,1,1,19.0,baik,SHM,10.1,5.0,1,1,0,1223.6
P003293,2024-09-16,bogor,townhouse,71.0,50.0,2,1,1,1,3.0,baik,SHM,2.4,20.7,0,0,0,465.3
P003914,2024-09-16,bekasi,rumah,85.0,112.0,2,3,2,1,5.0,baik,SHM,6.6,5.8,0,1,0,1257.1
P005380,2024-09-16,surabaya,rumah,59.0,41.0,1,1,1,1,7.0,sedang,SHM,5.5,22.0,0,0,0,529.6
P007841,2024-09-16,semarang,townhouse,93.0,93.0,2,3,2,1,13.0,baik,HGB,7.3,3.3,0,0,0,1046.4
P009577,2024-09-16,jakarta_barat,ruko,60.0,118.0,3,1,1,1,7.0,baik,SHM,14.1,15.6,1,0,0,1158.0
P009886,2024-09-16,surabaya,ruko,98.0,234.0,3,6,5,1,8.0,sedang,SHM,7.4,4.2,1,0,0,2766.6
P000887,2024-09-17,bekasi,rumah,139.0,182.0,2,4,4,2,12.0,baik,girik_ajb,5.9,17.1,0,0,0,1273.8
P001362,2024-09-17,bekasi,townhouse,64.0,86.0,2,2,2,0,12.0,baik,SHM,4.9,15.4,0,1,0,698.9
P002254,2024-09-17,bogor,townhouse,90.0,179.0,3,4,3,2,14.0,sedang,SHM,2.2,3.7,0,1,0,1079.3
P003298,2024-09-17,depok,rumah,178.0,236.0,2,7,4,2,17.0,perlu_renovasi,SHM,5.6,8.0,1,0,0,1575.4
P003310,2024-09-17,jakarta_selatan,rumah,135.0,217.0,2,7,6,3,14.0,sedang,SHM,6.8,7.1,0,0,0,4398.7
P003393,2024-09-17,yogyakarta,townhouse,92.0,109.0,2,3,3,2,15.0,sedang,SHM,5.8,15.9,1,0,0,903.8
P007740,2024-09-17,bekasi,townhouse,123.0,140.0,2,4,2,2,7.0,baik,SHM,2.7,17.6,0,0,0,1281.6
P008975,2024-09-17,tangerang_selatan,rumah,93.0,74.0,1,3,3,1,21.0,sedang,HGB,12.6,16.3,0,0,0,954.0
P009165,2024-09-17,depok,rumah,106.0,53.0,1,1,1,1,10.0,baik,HGB,9.1,18.4,0,0,0,807.4
P000155,2024-09-18,jakarta_selatan,townhouse,101.0,130.0,2,4,3,1,14.0,perlu_renovasi,SHM,4.7,7.6,1,0,0,2915.2
P001431,2024-09-18,yogyakarta,townhouse,88.0,138.0,2,4,3,1,15.0,perlu_renovasi,HGB,5.1,4.4,0,1,0,1060.0
P002347,2024-09-18,surabaya,townhouse,59.0,97.0,2,2,2,1,,perlu_renovasi,SHM,3.3,5.5,0,0,0,910.1
P007006,2024-09-18,bekasi,rumah,88.0,48.0,1,1,1,1,18.0,perlu_renovasi,SHM,5.9,8.2,0,0,0,635.8
P000874,2024-09-19,bekasi,rumah,132.0,195.0,2,6,5,1,8.0,baik,SHM,4.1,10.1,1,0,0,1909.5
P003902,2024-09-19,surabaya,rumah,145.0,128.0,2,4,3,2,19.0,baik,SHM,9.6,17.9,0,0,1,1094.7
P005245,2024-09-19,bekasi,rumah,160.0,74.0,1,2,2,2,11.0,baik,girik_ajb,4.9,27.1,0,0,0,626.7
P005294,2024-09-19,bandung,rumah,63.0,31.0,1,1,1,1,5.0,baik,SHM,6.2,12.2,1,0,0,573.7
P005744,2024-09-19,semarang,rumah,100.0,71.0,1,2,2,1,39.0,perlu_renovasi,SHM,8.1,13.0,0,0,0,410.9
P005823,2024-09-19,bandung,rumah,57.0,74.0,2,2,2,1,39.0,perlu_renovasi,HGB,9.2,12.3,0,0,0,412.4
P005861,2024-09-19,bogor,rumah,153.0,201.0,2,5,4,2,3.0,sedang,SHM,3.6,13.1,1,0,0,1352.5
P006660,2024-09-19,bekasi,ruko,73.0,62.0,2,0,1,0,0.0,baik,SHM,5.7,14.8,1,0,0,930.1
P007527,2024-09-19,surabaya,rumah,191.0,90.0,1,3,3,1,18.0,perlu_renovasi,SHM,9.6,23.7,0,0,1,1032.3
P007983,2024-09-19,semarang,rumah,56.0,39.0,1,1,1,0,6.0,sedang,SHM,7.8,18.6,0,0,0,378.2
P008456,2024-09-19,jakarta_selatan,rumah,342.0,394.0,2,10,8,2,6.0,sedang,SHM,3.4,16.9,0,0,0,6696.5
P009159,2024-09-19,tangerang_selatan,ruko,92.0,115.0,3,2,2,1,1.0,baik,SHM,8.8,5.6,0,0,0,2182.0
P009757,2024-09-19,bandung,rumah,101.0,170.0,2,5,3,1,10.0,baik,SHM,7.4,4.4,0,0,0,1535.3
P005106,2024-09-20,bekasi,rumah,125.0,75.0,1,2,2,1,8.0,baik,SHM,2.6,20.6,0,0,1,641.1
P005699,2024-09-20,surabaya,townhouse,120.0,154.0,2,5,4,1,11.0,baik,SHM,4.4,16.2,0,0,0,1685.6
P008277,2024-09-20,bekasi,rumah,90.0,85.0,2,3,2,1,5.0,baik,girik_ajb,8.7,11.7,0,0,0,906.8
P008370,2024-09-20,jakarta_selatan,rumah,121.0,113.0,2,3,2,2,13.0,baik,SHM,3.1,7.6,0,0,0,3107.6
P003046,2024-09-21,yogyakarta,ruko,67.0,151.0,3,2,2,1,10.0,baik,HGB,4.4,16.0,1,0,1,872.7
P003647,2024-09-21,bekasi,rumah,140.0,118.0,1,4,4,1,13.0,baik,SHM,4.9,19.8,1,0,1,960.3
P003695,2024-09-21,bandung,rumah,240.0,508.0,3,10,8,3,5.0,sedang,SHM,3.7,5.8,1,1,0,4084.9
P004861,2024-09-21,depok,rumah,96.0,153.0,3,4,4,1,21.0,sedang,HGB,4.9,8.2,1,0,0,1057.6
P006613,2024-09-21,depok,rumah,160.0,73.0,1,2,2,1,19.0,baik,SHM,7.1,5.6,1,1,0,1729.4
P007797,2024-09-21,tangerang_selatan,townhouse,84.0,107.0,2,3,3,0,12.0,baik,SHM,3.9,23.7,0,0,0,1071.8
P007995,2024-09-21,jakarta_selatan,townhouse,94.0,130.0,2,3,2,2,,sedang,HGB,5.2,4.3,0,1,1,2624.2
P008460,2024-09-21,depok,rumah,79.0,96.0,2,2,2,1,10.0,sedang,SHM,6.0,14.4,0,0,0,793.3
P003850,2024-09-22,tangerang_selatan,rumah,81.0,68.0,2,2,1,1,38.0,perlu_renovasi,SHM,5.4,8.4,0,1,0,1115.1
P004574,2024-09-22,bekasi,rumah,125.0,147.0,2,5,5,2,0.0,sedang,SHM,6.7,9.2,1,0,1,1463.3
P004935,2024-09-22,bogor,ruko,35.0,70.0,4,0,1,0,21.0,perlu_renovasi,HGB,12.2,27.4,0,0,0,230.1
P006648,2024-09-22,jakarta_selatan,townhouse,31.0,55.0,2,2,2,0,15.0,baik,girik_ajb,4.6,6.6,0,0,0,766.4
P001147,2024-09-23,bandung,rumah,125.0,165.0,2,4,3,1,10.0,sedang,HGB,6.2,4.5,0,0,0,1575.3
P002454,2024-09-23,surabaya,rumah,71.0,70.0,2,2,1,1,9.0,sedang,SHM,6.2,18.3,1,0,0,729.6
P003327,2024-09-23,bekasi,ruko,73.0,182.0,3,3,2,1,4.0,baik,SHM,6.5,27.5,0,0,0,1031.7
P005925,2024-09-23,depok,rumah,68.0,74.0,2,3,3,0,7.0,baik,HGB,2.7,16.7,1,0,0,633.0
P008072,2024-09-23,depok,rumah,86.0,108.0,2,3,3,1,13.0,baik,HGB,3.1,24.1,0,0,0,741.2
P002501,2024-09-24,jakarta_selatan,rumah,41.0,21.0,1,1,1,1,14.0,sedang,SHM,10.0,13.8,1,0,0,748.0
P003462,2024-09-24,surabaya,ruko,75.0,163.0,3,2,2,0,3.0,baik,SHM,17.3,13.5,0,0,0,1536.1
P003726,2024-09-24,surabaya,rumah,181.0,105.0,1,3,3,2,11.0,baik,SHM,4.5,24.8,1,0,0,1488.8
P003899,2024-09-24,jakarta_barat,rumah,195.0,279.0,2,7,7,2,9.0,sedang,SHM,3.8,9.6,0,0,0,3703.9
P004930,2024-09-24,tangerang_selatan,rumah,66.0,56.0,2,2,1,1,10.0,baik,girik_ajb,4.8,12.1,0,0,0,674.2
P008374,2024-09-24,bekasi,rumah,119.0,146.0,2,4,4,2,20.0,sedang,SHM,5.5,14.5,0,0,0,1101.8
P000306,2024-09-25,bekasi,rumah,129.0,43.0,1,1,1,2,18.0,baik,SHM,3.5,19.3,0,0,0,654.0
P000680,2024-09-25,bekasi,rumah,107.0,145.0,2,5,4,1,34.0,sedang,SHM,5.0,14.6,0,0,0,1090.5
P001343,2024-09-25,depok,ruko,139.0,214.0,3,4,4,1,17.0,baik,SHM,6.2,10.2,0,0,0,1819.0
P001885,2024-09-25,tangerang_selatan,rumah,66.0,40.0,1,1,1,1,9.0,sedang,girik_ajb,7.1,9.9,0,0,0,679.3
P002581,2024-09-25,jakarta_selatan,rumah,123.0,186.0,2,6,7,2,16.0,sedang,SHM,4.4,4.6,0,0,0,3097.0
P003829,2024-09-25,yogyakarta,rumah,85.0,60.0,1,1,1,1,,baik,SHM,3.9,9.4,0,1,0,871.2
P008532,2024-09-25,jakarta_selatan,rumah,91.0,103.0,2,3,3,1,21.0,baik,HGB,4.2,16.5,0,0,0,1428.7
P000100,2024-09-26,yogyakarta,rumah,141.0,150.0,2,4,3,1,42.0,sedang,SHM,2.9,6.2,1,0,1,947.7
P001425,2024-09-26,bekasi,rumah,164.0,217.0,2,5,5,2,,sedang,SHM,4.0,5.1,0,0,0,2164.4
P007360,2024-09-26,bandung,rumah,108.0,43.0,1,1,1,1,5.0,sedang,SHM,4.2,19.6,1,0,0,513.6
P007363,2024-09-26,semarang,ruko,111.0,205.0,4,3,2,2,10.0,baik,SHM,9.3,5.7,0,0,1,1476.8
P001306,2024-09-27,semarang,rumah,151.0,134.0,2,4,3,1,9.0,baik,SHM,8.5,12.4,0,0,0,1033.4
P001732,2024-09-27,jakarta_selatan,townhouse,70.0,64.0,2,2,1,0,15.0,baik,SHM,6.4,8.0,0,0,1,1697.7
P007254,2024-09-27,bogor,ruko,63.0,72.0,2,0,1,0,12.0,baik,HGB,12.9,8.5,0,0,0,703.1
P006480,2024-09-28,tangerang_selatan,ruko,57.0,181.0,4,4,3,1,20.0,sedang,HGB,10.6,11.0,0,0,0,1296.5
P006610,2024-09-28,jakarta_selatan,rumah,111.0,96.0,2,2,1,2,16.0,sedang,SHM,6.4,15.7,0,0,0,2227.7
P001284,2024-09-29,bogor,rumah,206.0,139.0,1,4,3,3,12.0,sedang,HGB,3.6,5.1,1,1,1,1479.0
P004750,2024-09-29,jakarta_selatan,rumah,122.0,55.0,1,1,1,1,2.0,baik,HGB,2.8,16.3,0,0,0,1587.4
P006289,2024-09-29,tangerang_selatan,ruko,67.0,109.0,2,1,1,1,11.0,baik,SHM,10.9,4.0,0,0,0,1553.6
P007198,2024-09-29,semarang,rumah,93.0,81.0,2,2,2,1,19.0,baik,SHM,6.4,6.4,0,1,0,953.3
P008492,2024-09-29,yogyakarta,rumah,96.0,41.0,1,1,1,1,23.0,perlu_renovasi,HGB,5.6,18.1,0,0,0,387.6
P009940,2024-09-29,bandung,rumah,118.0,135.0,2,4,3,1,16.0,baik,SHM,4.9,9.7,0,0,0,1606.7
P001003,2024-10-02,jakarta_barat,townhouse,64.0,81.0,2,2,2,1,15.0,sedang,SHM,5.4,17.9,0,0,0,803.8
P001030,2024-10-02,bekasi,townhouse,88.0,115.0,2,4,4,1,12.0,baik,SHM,6.1,28.3,0,1,0,937.5
P004831,2024-10-02,bogor,rumah,129.0,70.0,1,2,2,2,19.0,sedang,SHM,3.9,14.5,0,0,0,606.9
P005618,2024-10-02,surabaya,ruko,80.0,88.0,2,1,1,0,13.0,baik,HGB,12.6,6.7,1,0,0,1367.1
P005912,2024-10-02,jakarta_selatan,rumah,195.0,73.0,1,2,2,3,28.0,baik,SHM,5.4,12.1,0,0,0,3310.4
P006939,2024-10-02,jakarta_selatan,rumah,102.0,54.0,1,1,1,1,16.0,baik,SHM,4.3,15.6,0,0,1,1545.8
P009080,2024-10-02,tangerang_selatan,townhouse,84.0,97.0,2,3,2,1,12.0,baik,SHM,3.4,11.2,1,0,0,1485.6
P000860,2024-10-03,depok,rumah,188.0,133.0,1,3,2,3,6.0,sedang,HGB,2.5,13.8,0,0,0,1400.8
P004108,2024-10-03,bandung,rumah,191.0,240.0,3,8,8,1,11.0,baik,SHM,5.4,6.4,1,0,0,2299.5
P009177,2024-10-03,depok,rumah,186.0,331.0,2,10,8,2,2.0,baik,SHM,,18.3,0,1,0,2708.7
P005260,2024-10-04,jakarta_barat,rumah,181.0,202.0,2,6,6,3,4.0,baik,SHM,3.8,5.9,1,1,0,3803.0
P007315,2024-10-04,tangerang_selatan,ruko,90.0,221.0,3,5,5,2,3.0,baik,SHM,6.3,14.2,1,1,0,2050.0
P007947,2024-10-04,yogyakarta,rumah,109.0,144.0,2,5,4,1,10.0,baik,SHM,3.8,8.1,1,0,0,1278.7
P009604,2024-10-04,bekasi,rumah,120.0,101.0,1,3,3,2,4.0,baik,SHM,8.9,18.2,1,0,0,1177.0
P000534,2024-10-05,bogor,rumah,121.0,138.0,2,4,4,2,20.0,baik,SHM,11.3,22.4,0,0,0,970.1
P001757,2024-10-05,jakarta_barat,ruko,62.0,124.0,3,1,1,1,28.0,sedang,SHM,6.1,19.3,1,0,0,1058.5
P002778,2024-10-05,depok,rumah,371.0,180.0,1,5,4,5,37.0,baik,HGB,4.5,3.3,0,0,0,3190.8
P004085,2024-10-05,depok,rumah,74.0,60.0,1,1,1,0,9.0,baik,SHM,6.3,18.6,0,0,0,656.6
P004576,2024-10-05,jakarta_barat,rumah,73.0,36.0,1,1,1,0,11.0,baik,HGB,6.0,6.8,0,0,1,905.6
P004632,2024-10-05,bekasi,townhouse,83.0,103.0,2,3,3,1,6.0,sedang,SHM,6.6,4.2,0,0,1,1111.0
P007975,2024-10-05,surabaya,rumah,127.0,167.0,2,4,3,1,4.0,sedang,SHM,8.1,23.2,1,0,0,1265.7
P005924,2024-10-06,tangerang_selatan,ruko,56.0,106.0,3,1,1,1,28.0,sedang,SHM,10.4,16.6,0,0,1,868.0
P008348,2024-10-06,jakarta_barat,rumah,98.0,79.0,1,2,2,2,23.0,sedang,SHM,4.7,15.5,0,0,0,1019.1
P009667,2024-10-06,yogyakarta,ruko,135.0,177.0,2,4,3,1,14.0,sedang,SHM,13.2,18.9,1,0,0,1289.9
P002091,2024-10-07,bekasi,rumah,289.0,239.0,1,8,7,4,,baik,SHM,3.5,16.5,0,0,0,2292.6
P004012,2024-10-07,jakarta_barat,rumah,86.0,53.0,1,2,2,1,26.0,baik,SHM,3.3,10.6,0,1,1,1019.1
P004483,2024-10-07,surabaya,rumah,117.0,164.0,2,5,4,1,11.0,sedang,SHM,,21.6,0,0,0,1008.1
P005986,2024-10-07,bekasi,ruko,77.0,116.0,3,2,2,2,33.0,baik,SHM,7.1,7.2,1,0,0,1036.0
P006272,2024-10-07,tangerang_selatan,rumah,63.0,134.0,3,4,3,1,8.0,baik,SHM,2.7,24.8,0,0,0,894.3
P006335,2024-10-07,bandung,townhouse,94.0,140.0,2,4,3,2,3.0,baik,HGB,6.2,16.9,0,0,0,1340.6
P007529,2024-10-07,bekasi,rumah,174.0,360.0,3,10,8,3,14.0,baik,SHM,8.3,14.4,1,0,1,2336.5
P007681,2024-10-07,yogyakarta,rumah,76.0,47.0,1,1,1,0,16.0,sedang,SHM,2.5,18.7,0,0,0,315.6
P008400,2024-10-07,surabaya,rumah,140.0,163.0,2,4,3,2,18.0,perlu_renovasi,SHM,4.8,12.1,1,1,0,1576.5
P009327,2024-10-07,depok,townhouse,129.0,226.0,3,7,5,2,11.0,baik,HGB,3.0,23.1,1,0,0,1450.9
P009439,2024-10-07,depok,ruko,78.0,143.0,4,2,2,2,6.0,sedang,SHM,7.8,7.8,0,1,1,1495.9
P009609,2024-10-07,yogyakarta,townhouse,66.0,84.0,2,3,2,0,7.0,baik,SHM,4.6,5.9,0,0,0,948.5
P001513,2024-10-08,bogor,ruko,76.0,128.0,2,2,2,2,13.0,sedang,HGB,7.8,18.8,0,0,0,725.6
P002604,2024-10-08,bandung,rumah,139.0,128.0,2,3,3,1,14.0,baik,HGB,4.0,5.1,0,1,1,1392.3
P003381,2024-10-08,tangerang_selatan,rumah,103.0,162.0,2,4,4,1,12.0,baik,HGB,,8.7,0,0,0,1799.2
P004528,2024-10-08,bandung,rumah,97.0,114.0,2,3,2,1,8.0,baik,SHM,2.7,19.7,0,0,0,793.3
P005065,2024-10-08,semarang,townhouse,110.0,156.0,2,6,5,1,15.0,sedang,SHM,6.9,11.1,0,0,0,1174.6
P008709,2024-10-08,jakarta_selatan,rumah,223.0,301.0,3,10,6,2,6.0,baik,SHM,5.4,16.2,1,0,0,4575.4
P008753,2024-10-08,surabaya,rumah,73.0,110.0,2,3,2,1,11.0,baik,SHM,3.2,23.2,0,0,0,867.8
P000457,2024-10-09,yogyakarta,ruko,171.0,207.0,3,3,2,1,0.0,baik,SHM,10.0,11.5,1,0,0,2209.8
P001782,2024-10-09,surabaya,rumah,92.0,131.0,2,4,3,2,6.0,baik,girik_ajb,3.7,14.2,0,0,0,1155.5
P004057,2024-10-09,tangerang_selatan,rumah,104.0,121.0,2,3,3,2,18.0,sedang,HGB,7.4,14.4,1,0,0,1667.8
P005794,2024-10-09,jakarta_selatan,rumah,72.0,30.0,1,1,1,0,25.0,sedang,HGB,5.1,5.0,1,0,0,1473.7
P007588,2024-10-09,yogyakarta,rumah,74.0,81.0,2,2,2,1,17.0,sedang,SHM,6.3,3.3,1,0,0,891.5
P001121,2024-10-10,bandung,rumah,141.0,190.0,2,5,3,2,2.0,baik,SHM,2.3,20.0,1,0,0,1474.5
P001249,2024-10-10,semarang,rumah,79.0,157.0,3,5,4,1,20.0,sedang,HGB,7.1,6.5,0,0,0,785.6
P001747,2024-10-10,bandung,rumah,59.0,39.0,1,1,1,2,12.0,baik,HGB,,7.8,1,0,1,620.1
P003096,2024-10-10,jakarta_selatan,ruko,96.0,112.0,3,1,1,1,3.0,baik,SHM,12.9,10.6,1,1,0,3623.6
P003752,2024-10-10,depok,rumah,151.0,152.0,2,4,4,3,14.0,sedang,SHM,4.6,14.5,0,0,0,1601.8
P006373,2024-10-10,yogyakarta,rumah,161.0,205.0,2,5,5,1,5.0,sedang,SHM,4.9,18.0,0,0,1,1478.1
P007275,2024-10-10,bandung,townhouse,69.0,71.0,2,2,2,1,15.0,sedang,SHM,6.6,4.5,0,0,0,911.2
P003086,2024-10-11,tangerang_selatan,rumah,137.0,227.0,2,8,8,1,2.0,baik,SHM,3.9,19.0,1,0,0,2030.9
P005030,2024-10-11,jakarta_selatan,rumah,103.0,46.0,1,1,1,2,34.0,perlu_renovasi,SHM,10.5,11.4,1,0,0,2317.0
P005518,2024-10-11,jakarta_barat,ruko,44.0,67.0,2,0,1,2,15.0,baik,HGB,10.0,12.7,1,0,0,975.4
P006105,2024-10-11,bekasi,rumah,109.0,81.0,2,2,2,1,11.0,baik,SHM,5.2,19.5,0,0,0,727.9
P006851,2024-10-11,yogyakarta,rumah,113.0,156.0,2,5,5,2,28.0,perlu_renovasi,girik_ajb,,16.0,1,0,0,549.5
P007177,2024-10-11,jakarta_selatan,rumah,214.0,181.0,1,6,4,2,14.0,sedang,HGB,,11.7,0,0,1,3850.9
P007396,2024-10-11,semarang,rumah,74.0,107.0,2,3,2,1,5.0,baik,SHM,5.3,18.2,1,0,0,604.9
P009342,2024-10-11,jakarta_selatan,ruko,65.0,140.0,3,3,2,3,18.0,sedang,SHM,10.8,10.3,1,1,0,2562.0
P009385,2024-10-11,depok,rumah,148.0,135.0,2,3,2,1,7.0,sedang,SHM,3.7,3.9,1,0,0,1827.8
P009571,2024-10-11,jakarta_barat,rumah,176.0,105.0,1,3,2,2,11.0,sedang,SHM,2.8,19.8,0,0,0,1328.7
P001297,2024-10-12,jakarta_selatan,rumah,134.0,139.0,2,3,2,1,7.0,sedang,SHM,9.8,13.7,0,1,0,3413.3
P001368,2024-10-12,jakarta_barat,rumah,136.0,170.0,2,5,4,2,7.0,sedang,SHM,5.1,16.6,0,0,0,1972.6
P001837,2024-10-12,jakarta_selatan,rumah,166.0,82.0,1,3,3,2,10.0,baik,HGB,5.5,10.4,1,0,1,3352.5
P003506,2024-10-12,depok,townhouse,77.0,119.0,3,4,4,1,15.0,perlu_renovasi,HGB,5.7,17.6,0,0,0,593.7
P003735,2024-10-12,jakarta_barat,rumah,154.0,128.0,1,3,3,2,9.0,sedang,SHM,6.1,17.2,0,0,0,1981.1
P004294,2024-10-12,bogor,rumah,94.0,76.0,1,2,1,1,4.0,baik,SHM,4.7,26.6,0,0,0,612.5
P004507,2024-10-12,bekasi,townhouse,96.0,131.0,2,3,3,2,15.0,baik,girik_ajb,4.3,23.9,0,0,0,832.6
P005234,2024-10-12,bekasi,rumah,47.0,73.0,2,2,2,1,10.0,sedang,SHM,7.0,16.7,0,0,0,484.0
P005434,2024-10-12,bekasi,rumah,70.0,85.0,2,2,1,0,17.0,sedang,HGB,2.2,24.7,0,0,0,450.8
P006187,2024-10-12,bandung,rumah,88.0,48.0,1,1,1,1,24.0,sedang,SHM,6.1,13.9,0,0,0,631.4
P006397,2024-10-12,surabaya,townhouse,106.0,122.0,2,4,3,2,12.0,sedang,HGB,6.0,11.6,1,0,0,1350.7
P008258,2024-10-12,tangerang_selatan,rumah,175.0,96.0,1,3,3,1,5.0,sedang,HGB,3.6,14.6,0,0,0,1409.1
P008914,2024-10-12,bekasi,rumah,144.0,98.0,1,2,2,1,8.0,sedang,SHM,3.6,24.4,0,0,0,761.3
P009454,2024-10-12,bandung,rumah,117.0,205.0,2,7,7,2,2.0,baik,HGB,4.4,5.6,1,1,0,2320.8
P009532,2024-10-12,bogor,rumah,58.0,75.0,2,2,2,1,8.0,baik,HGB,5.7,24.9,0,0,0,507.3
P000149,2024-10-13,bekasi,rumah,185.0,284.0,2,7,6,2,,sedang,HGB,4.7,14.3,0,0,1,1831.1
P007283,2024-10-13,jakarta_barat,rumah,178.0,115.0,1,3,2,2,30.0,sedang,HGB,,19.6,0,0,0,1291.1
P002478,2024-10-14,jakarta_barat,rumah,124.0,100.0,2,2,2,1,7.0,baik,SHM,3.4,12.7,1,0,0,1791.2
P003060,2024-10-14,tangerang_selatan,townhouse,101.0,118.0,3,3,2,2,14.0,sedang,SHM,9.7,15.1,0,0,0,1560.3
P003706,2024-10-14,jakarta_barat,townhouse,81.0,136.0,2,4,3,1,15.0,sedang,SHM,5.0,16.1,0,0,0,1448.5
P004636,2024-10-14,jakarta_selatan,rumah,63.0,113.0,2,3,2,0,21.0,sedang,girik_ajb,4.8,12.3,1,0,0,1073.3
P008426,2024-10-14,depok,rumah,216.0,228.0,2,7,5,2,5.0,sedang,HGB,3.0,5.1,1,0,0,2787.1
P002658,2024-10-15,depok,rumah,118.0,274.0,3,9,8,2,25.0,sedang,SHM,1.9,19.1,0,0,0,1186.0
P005923,2024-10-15,bandung,townhouse,52.0,54.0,2,1,1,0,13.0,sedang,SHM,7.2,3.7,0,0,0,631.3
P006451,2024-10-15,tangerang_selatan,rumah,93.0,91.0,2,3,3,1,16.0,sedang,SHM,4.8,19.9,0,0,0,881.3
P007170,2024-10-15,jakarta_selatan,rumah,285.0,161.0,1,4,4,4,14.0,baik,SHM,4.3,4.4,1,1,0,9236.6
P007221,2024-10-15,jakarta_barat,rumah,131.0,186.0,2,5,5,1,11.0,baik,SHM,3.9,16.1,0,0,1,1721.9
P009112,2024-10-15,bekasi,rumah,102.0,136.0,2,4,3,2,8.0,sedang,SHM,8.1,12.8,0,0,0,1008.2
P000125,2024-10-16,jakarta_selatan,townhouse,83.0,72.0,2,2,1,1,15.0,sedang,SHM,6.6,4.6,0,1,0,2603.3
P000673,2024-10-16,yogyakarta,ruko,104.0,263.0,3,4,3,0,6.0,baik,SHM,11.7,7.3,1,1,0,2372.7
P007136,2024-10-16,bandung,ruko,92.0,201.0,4,3,2,0,12.0,sedang,SHM,11.6,20.4,0,0,1,1077.9
P008423,2024-10-16,bandung,rumah,185.0,179.0,2,5,4,0,4.0,sedang,SHM,8.6,15.8,0,0,0,1909.9
P002051,2024-10-17,yogyakarta,townhouse,154.0,216.0,2,6,5,2,11.0,baik,HGB,3.4,11.1,1,0,0,2109.4
P003587,2024-10-17,bekasi,rumah,157.0,111.0,1,3,3,2,10.0,baik,girik_ajb,5.8,15.8,0,0,0,891.3
P004516,2024-10-17,tangerang_selatan,rumah,155.0,129.0,2,4,4,1,6.0,baik,SHM,6.9,16.4,1,0,0,1734.4
P004665,2024-10-17,bogor,townhouse,70.0,54.0,2,1,1,1,9.0,baik,HGB,3.7,3.4,1,0,0,736.4
P004839,2024-10-17,jakarta_barat,rumah,96.0,157.0,2,4,4,2,6.0,baik,HGB,2.5,12.0,1,0,0,1777.7
P006633,2024-10-17,semarang,ruko,78.0,120.0,3,1,1,0,2.0,baik,HGB,6.0,2.4,1,1,0,1192.6
P007461,2024-10-17,depok,rumah,87.0,161.0,2,4,3,0,7.0,baik,SHM,11.3,20.8,0,0,0,1140.8
P007561,2024-10-17,semarang,rumah,66.0,83.0,2,2,2,0,8.0,sedang,SHM,5.8,3.7,1,0,0,701.5
P000217,2024-10-18,jakarta_barat,ruko,68.0,165.0,3,2,2,0,17.0,perlu_renovasi,SHM,10.9,14.8,0,0,0,1285.1
P000592,2024-10-18,bekasi,rumah,33.0,26.0,1,1,1,1,2.0,perlu_renovasi,SHM,3.0,24.8,0,1,0,180.4
P002508,2024-10-18,yogyakarta,townhouse,75.0,63.0,2,2,1,1,15.0,baik,SHM,2.7,11.1,0,1,0,689.1
P004255,2024-10-18,surabaya,rumah,239.0,393.0,2,9,8,3,4.0,sedang,SHM,7.0,22.9,0,0,0,3307.2
P004670,2024-10-18,tangerang_selatan,rumah,106.0,100.0,2,3,2,1,9.0,baik,SHM,6.0,7.8,0,0,0,1545.3
P009089,2024-10-18,depok,rumah,57.0,27.0,1,1,1,0,8.0,baik,HGB,2.9,9.5,0,0,0,528.5
P009494,2024-10-18,bogor,ruko,84.0,215.0,4,4,4,1,2.0,baik,SHM,4.5,11.3,0,0,1,1625.7
P000012,2024-10-19,semarang,ruko,43.0,57.0,3,0,1,0,9.0,baik,HGB,12.4,11.2,0,0,1,431.0
P000562,2024-10-19,tangerang_selatan,townhouse,54.0,42.0,2,1,1,0,9.0,baik,HGB,13.0,14.4,0,0,0,723.6
P000855,2024-10-19,jakarta_barat,rumah,268.0,277.0,2,9,6,3,54.0,sedang,SHM,7.2,18.2,0,0,0,2847.2
P001245,2024-10-19,bekasi,rumah,200.0,108.0,1,4,4,2,9.0,baik,SHM,4.1,25.2,0,0,0,925.6
P002972,2024-10-19,bandung,rumah,50.0,72.0,2,2,2,1,26.0,baik,HGB,6.1,9.9,0,0,0,512.8
P004878,2024-10-19,bandung,rumah,113.0,64.0,1,2,2,1,10.0,baik,SHM,3.9,11.8,1,0,0,1100.5
P006145,2024-10-19,bogor,rumah,222.0,268.0,2,7,5,2,5.0,baik,girik_ajb,7.6,22.4,0,0,0,1863.9
P006171,2024-10-19,yogyakarta,rumah,80.0,80.0,2,2,2,1,12.0,sedang,HGB,3.6,16.3,0,0,1,575.8
P007057,2024-10-19,surabaya,rumah,141.0,152.0,2,4,4,2,13.0,sedang,SHM,8.7,21.0,1,0,0,1413.2
P007591,2024-10-19,bekasi,townhouse,45.0,48.0,2,1,1,1,,baik,HGB,6.5,22.3,0,0,0,394.0
P009903,2024-10-19,bandung,rumah,97.0,113.0,2,3,3,0,15.0,perlu_renovasi,SHM,7.0,21.0,0,0,0,831.0
P004869,2024-10-20,bekasi,rumah,89.0,100.0,2,2,2,1,9.0,baik,SHM,6.7,17.6,1,0,0,932.8
P005585,2024-10-20,bandung,rumah,64.0,96.0,2,2,2,0,12.0,baik,HGB,4.1,18.0,0,0,0,763.0
P006584,2024-10-20,jakarta_barat,rumah,142.0,92.0,1,2,1,3,7.0,sedang,SHM,4.9,16.8,0,1,0,1734.6
P006755,2024-10-20,bekasi,rumah,125.0,104.0,1,3,3,1,2.0,baik,girik_ajb,3.7,19.3,0,0,0,913.9
P006989,2024-10-20,jakarta_selatan,ruko,52.0,48.0,2,0,1,0,46.0,sedang,HGB,8.8,11.1,0,0,0,1177.3
P007000,2024-10-20,bandung,ruko,94.0,114.0,3,1,1,1,6.0,sedang,girik_ajb,9.5,13.3,1,0,0,1089.4
P000646,2024-10-21,surabaya,rumah,163.0,129.0,1,3,3,2,6.0,baik,SHM,2.6,9.4,0,0,0,1691.4
P004324,2024-10-21,jakarta_selatan,rumah,188.0,115.0,1,3,3,2,7.0,baik,SHM,4.9,7.4,0,0,0,3576.0
P005201,2024-10-21,tangerang_selatan,rumah,191.0,168.0,1,5,3,2,11.0,sedang,girik_ajb,5.2,5.2,0,1,0,2649.5
P000521,2024-10-22,surabaya,ruko,57.0,128.0,3,2,2,1,,sedang,SHM,12.4,22.8,1,0,0,710.7
P001163,2024-10-22,surabaya,rumah,89.0,121.0,2,4,4,1,8.0,baik,HGB,3.5,7.8,1,0,0,1253.1
P001277,2024-10-22,jakarta_barat,rumah,35.0,26.0,1,1,1,1,14.0,baik,SHM,3.5,5.3,1,1,0,681.9
P001373,2024-10-22,bekasi,townhouse,98.0,165.0,2,5,3,1,5.0,baik,SHM,5.0,6.5,0,0,0,1678.6
P002387,2024-10-22,yogyakarta,rumah,127.0,219.0,2,5,5,1,10.0,baik,HGB,3.9,5.4,0,0,1,1808.6
P003585,2024-10-22,semarang,rumah,111.0,118.0,2,4,3,2,20.0,sedang,HGB,5.6,11.4,0,0,0,745.3
P005125,2024-10-22,depok,townhouse,67.0,88.0,2,2,2,1,14.0,sedang,SHM,5.4,13.8,0,0,0,728.2
P007047,2024-10-22,bekasi,rumah,218.0,398.0,2,9,6,2,5.0,baik,SHM,,5.6,1,1,0,3925.7
P009591,2024-10-22,bandung,townhouse,108.0,128.0,2,4,3,1,10.0,perlu_renovasi,SHM,3.9,2.8,0,0,0,1272.9
P000190,2024-10-23,tangerang_selatan,rumah,190.0,111.0,1,4,3,3,11.0,baik,HGB,4.4,7.8,1,0,0,3145.3
P000767,2024-10-23,jakarta_barat,townhouse,53.0,71.0,2,2,2,0,15.0,baik,HGB,,7.2,0,0,0,981.4
P000970,2024-10-23,jakarta_barat,rumah,240.0,192.0,1,5,5,2,3.0,sedang,HGB,2.8,9.9,0,1,0,3315.4
P002539,2024-10-23,jakarta_selatan,townhouse,90.0,154.0,3,5,4,1,10.0,sedang,HGB,3.6,15.7,0,0,0,1994.8
P002957,2024-10-23,jakarta_barat,townhouse,108.0,218.0,3,7,7,1,4.0,baik,HGB,3.9,7.5,0,0,0,2185.1
P003299,2024-10-23,depok,rumah,83.0,45.0,1,1,1,2,8.0,baik,SHM,6.4,14.3,0,0,0,738.9
P005803,2024-10-23,surabaya,ruko,105.0,139.0,3,2,1,1,8.0,baik,girik_ajb,14.5,11.9,0,0,0,1474.6
P005806,2024-10-23,bandung,rumah,90.0,76.0,2,2,2,0,17.0,sedang,HGB,12.4,18.1,0,0,0,692.1
P005937,2024-10-23,tangerang_selatan,rumah,221.0,298.0,2,8,8,2,8.0,baik,SHM,5.3,22.8,0,0,0,2570.7
P006918,2024-10-23,bandung,rumah,78.0,45.0,1,1,1,2,11.0,baik,SHM,3.3,4.8,0,0,0,859.5
P006952,2024-10-23,yogyakarta,rumah,106.0,128.0,2,4,4,1,14.0,sedang,SHM,6.1,16.9,0,0,0,763.2
P007131,2024-10-23,bekasi,townhouse,112.0,83.0,2,2,2,1,,sedang,SHM,3.8,28.3,0,0,0,589.1
P007217,2024-10-23,bandung,rumah,90.0,76.0,1,2,2,1,11.0,sedang,SHM,11.6,8.4,1,0,0,1096.8
P007600,2024-10-23,bogor,ruko,63.0,69.0,3,0,1,2,34.0,sedang,SHM,14.4,15.8,0,0,0,409.3
P005427,2024-10-24,yogyakarta,rumah,132.0,54.0,1,2,2,2,6.0,baik,HGB,5.4,17.8,0,0,0,774.1
P008200,2024-10-24,jakarta_barat,rumah,120.0,64.0,1,2,2,0,12.0,sedang,HGB,7.8,4.7,0,0,0,2491.6
P000881,2024-10-25,bekasi,rumah,173.0,95.0,1,3,3,2,29.0,baik,SHM,9.1,5.9,0,1,0,2116.6
P001252,2024-10-25,jakarta_selatan,rumah,182.0,244.0,2,7,6,1,21.0,sedang,HGB,7.6,14.5,0,0,0,3398.0
P001879,2024-10-25,depok,townhouse,85.0,206.0,3,5,3,1,1.0,baik,HGB,8.6,4.1,0,0,0,1674.7
P003578,2024-10-25,tangerang_selatan,rumah,86.0,42.0,1,1,1,1,4.0,baik,girik_ajb,4.7,24.7,0,0,1,495.8
P003678,2024-10-25,bogor,rumah,275.0,150.0,1,5,4,3,16.0,sedang,SHM,4.3,11.9,0,0,0,1819.0
P003793,2024-10-25,jakarta_selatan,rumah,220.0,256.0,2,8,6,3,11.0,sedang,SHM,5.6,6.2,0,1,0,5813.5
P005093,2024-10-25,tangerang_selatan,rumah,292.0,353.0,3,9,8,3,11.0,baik,SHM,,7.7,0,0,0,5639.2
P005907,2024-10-25,bogor,rumah,98.0,32.0,1,1,1,1,14.0,baik,SHM,4.4,18.3,0,0,0,441.9
P007783,2024-10-25,depok,rumah,49.0,75.0,2,2,1,1,6.0,baik,SHM,3.7,8.9,0,0,0,817.3
P002266,2024-10-26,jakarta_barat,ruko,74.0,110.0,3,2,2,0,7.0,baik,HGB,,4.8,0,1,0,1923.4
P002822,2024-10-26,bandung,rumah,99.0,160.0,2,5,4,0,1.0,baik,HGB,5.5,7.5,0,0,0,1635.1
P003708,2024-10-26,bandung,rumah,304.0,378.0,2,10,8,3,13.0,sedang,HGB,3.3,11.3,0,0,0,3014.2
P004199,2024-10-26,jakarta_barat,rumah,49.0,82.0,3,2,2,0,8.0,sedang,SHM,7.3,18.9,1,0,0,682.2
P005171,2024-10-26,bandung,rumah,178.0,123.0,1,3,3,3,7.0,sedang,SHM,6.4,10.0,1,1,1,1340.0
P009260,2024-10-26,bekasi,rumah,252.0,202.0,1,7,5,3,30.0,sedang,SHM,4.0,9.1,0,0,0,1959.9
P001468,2024-10-27,tangerang_selatan,townhouse,68.0,73.0,2,2,1,0,15.0,baik,SHM,4.5,10.9,0,0,0,907.5
P002927,2024-10-27,bandung,rumah,149.0,55.0,1,2,1,2,13.0,sedang,SHM,3.8,14.7,0,0,1,801.6
P003110,2024-10-27,yogyakarta,rumah,193.0,137.0,1,3,3,1,8.0,baik,SHM,2.6,4.3,0,1,0,1843.3
P004078,2024-10-27,bogor,rumah,174.0,205.0,2,7,5,2,4.0,sedang,girik_ajb,10.0,12.6,0,1,0,1644.8
P005084,2024-10-27,jakarta_selatan,townhouse,79.0,102.0,2,3,2,0,4.0,baik,SHM,13.1,14.2,1,0,0,2038.0
P006368,2024-10-27,jakarta_barat,rumah,84.0,81.0,2,3,2,1,3.0,baik,SHM,4.4,11.5,0,0,0,1380.3
P007304,2024-10-27,depok,rumah,159.0,149.0,2,5,5,2,29.0,sedang,SHM,4.0,13.1,0,0,0,1126.5
P007483,2024-10-27,depok,rumah,86.0,57.0,2,1,1,1,27.0,sedang,HGB,6.0,6.5,0,0,0,792.7
P009003,2024-10-27,depok,rumah,182.0,319.0,3,10,8,2,13.0,sedang,HGB,4.0,23.7,1,1,0,1829.5
P009676,2024-10-27,jakarta_selatan,rumah,148.0,254.0,2,8,5,2,13.0,sedang,SHM,9.5,4.7,0,0,0,4895.9
P001455,2024-10-28,tangerang_selatan,ruko,108.0,227.0,3,6,4,1,8.0,baik,SHM,10.5,19.5,0,0,0,1748.3
P002610,2024-10-28,bekasi,rumah,96.0,84.0,2,3,3,1,10.0,sedang,HGB,2.9,25.9,0,0,0,549.7
P002900,2024-10-28,bekasi,rumah,160.0,207.0,2,6,6,3,20.0,baik,SHM,5.2,12.5,0,0,0,1498.9
P003743,2024-10-28,surabaya,rumah,112.0,73.0,1,2,2,1,7.0,sedang,SHM,4.2,16.5,0,0,0,948.9
P005433,2024-10-28,bandung,rumah,96.0,140.0,2,3,3,0,16.0,baik,SHM,4.0,20.6,1,0,0,1021.4
P006281,2024-10-28,surabaya,ruko,104.0,112.0,2,1,1,1,8.0,baik,SHM,9.9,24.6,0,0,0,1165.9
P008444,2024-10-28,bekasi,ruko,81.0,151.0,4,2,1,0,13.0,perlu_renovasi,SHM,7.6,18.2,0,0,0,783.6
P008635,2024-10-28,jakarta_selatan,townhouse,82.0,109.0,2,4,4,1,4.0,baik,SHM,3.8,16.1,0,1,0,2240.0
P001578,2024-10-29,surabaya,townhouse,91.0,111.0,2,4,4,1,3.0,baik,girik_ajb,4.3,7.0,0,0,0,1208.5
P003779,2024-10-29,bandung,rumah,231.0,112.0,1,3,2,3,27.0,sedang,HGB,3.6,5.2,0,0,1,1715.0
P004583,2024-10-29,surabaya,rumah,149.0,249.0,2,6,4,3,18.0,baik,SHM,7.6,12.8,0,0,0,2057.8
P004701,2024-10-29,yogyakarta,rumah,113.0,60.0,1,1,1,1,17.0,baik,SHM,5.5,19.5,0,0,0,599.5
P004791,2024-10-29,depok,townhouse,58.0,78.0,2,2,2,2,7.0,baik,HGB,9.1,19.8,0,0,0,837.6
P005035,2024-10-29,bogor,rumah,117.0,85.0,1,3,2,2,18.0,baik,SHM,5.2,25.8,0,0,0,613.0
P006619,2024-10-29,tangerang_selatan,townhouse,83.0,77.0,2,2,1,2,8.0,baik,SHM,8.2,16.7,0,0,1,931.1
P006876,2024-10-29,depok,townhouse,67.0,54.0,2,1,1,1,5.0,sedang,SHM,5.8,4.3,1,1,0,1086.6
P008302,2024-10-29,bekasi,rumah,142.0,74.0,1,2,1,2,17.0,sedang,SHM,7.0,6.5,1,1,1,1214.9
P008613,2024-10-29,bogor,rumah,74.0,42.0,1,1,1,0,9.0,baik,SHM,3.9,14.1,1,0,0,463.2
P000116,2024-11-01,surabaya,rumah,154.0,62.0,1,1,1,1,25.0,baik,SHM,5.1,12.0,1,0,0,1319.0
P000544,2024-11-01,yogyakarta,townhouse,130.0,194.0,2,4,4,2,15.0,baik,SHM,3.2,15.9,0,0,1,1321.0
P003367,2024-11-01,bandung,ruko,66.0,194.0,4,5,4,1,15.0,baik,SHM,11.8,10.1,1,0,1,1263.0
P003932,2024-11-01,bogor,rumah,93.0,144.0,2,3,3,2,23.0,sedang,HGB,3.0,17.9,1,0,0,728.4
P004272,2024-11-01,depok,rumah,58.0,64.0,2,2,2,1,21.0,sedang,SHM,9.0,20.6,0,0,0,387.0
P004645,2024-11-01,tangerang_selatan,rumah,114.0,123.0,2,3,3,2,13.0,sedang,HGB,3.9,6.2,1,0,0,2088.6
P005268,2024-11-01,surabaya,rumah,157.0,112.0,2,3,2,3,17.0,sedang,SHM,4.3,4.5,1,1,0,2327.1
P006176,2024-11-01,yogyakarta,rumah,127.0,208.0,2,5,4,1,4.0,baik,SHM,5.3,15.4,0,0,0,1795.8
P007778,2024-11-01,semarang,rumah,158.0,97.0,1,2,2,2,30.0,baik,HGB,4.2,7.4,0,1,1,928.1
P009204,2024-11-01,bekasi,rumah,83.0,44.0,1,1,1,0,20.0,sedang,SHM,5.5,20.0,0,0,0,439.4
P009249,2024-11-01,bogor,townhouse,113.0,130.0,2,4,4,2,11.0,baik,SHM,3.7,22.3,0,0,1,947.2
P000572,2024-11-02,surabaya,rumah,199.0,125.0,1,3,3,2,13.0,sedang,HGB,2.1,13.8,0,0,0,1334.8
P000804,2024-11-02,bogor,townhouse,83.0,197.0,3,5,5,1,15.0,baik,SHM,11.6,4.7,1,1,0,1433.4
P003300,2024-11-02,jakarta_selatan,ruko,70.0,54.0,2,0,1,2,10.0,sedang,girik_ajb,8.6,12.5,0,0,0,1430.6
P003579,2024-11-02,bandung,rumah,238.0,140.0,1,3,2,2,11.0,baik,girik_ajb,2.7,19.2,0,0,0,1196.3
P005211,2024-11-02,bekasi,rumah,215.0,149.0,1,4,4,1,20.0,sedang,HGB,5.2,23.3,0,0,0,1164.2
P006922,2024-11-02,surabaya,rumah,176.0,81.0,1,2,1,2,22.0,baik,SHM,4.9,17.9,0,0,0,1168.2
P008689,2024-11-02,jakarta_selatan,rumah,181.0,138.0,1,4,3,3,15.0,sedang,HGB,3.3,10.0,1,0,0,3726.5
P001131,2024-11-03,yogyakarta,townhouse,69.0,78.0,2,2,1,1,4.0,sedang,HGB,8.0,6.3,1,0,0,786.9
P003244,2024-11-03,tangerang_selatan,townhouse,77.0,111.0,2,3,3,1,0.0,baik,SHM,7.8,6.5,1,0,0,1845.2
P003395,2024-11-03,bandung,rumah,86.0,32.0,1,1,1,1,3.0,baik,SHM,2.5,3.3,1,1,0,878.5
P003809,2024-11-03,yogyakarta,rumah,96.0,108.0,3,3,2,2,8.0,baik,SHM,5.8,13.0,1,0,0,1085.0
P004557,2024-11-03,surabaya,rumah,90.0,111.0,2,3,2,2,58.0,baik,HGB,3.5,2.7,0,1,0,1034.3
P004772,2024-11-03,bekasi,rumah,134.0,118.0,2,3,3,1,7.0,baik,HGB,4.7,22.1,1,0,0,1083.7
P007025,2024-11-03,jakarta_selatan,ruko,58.0,78.0,3,1,1,2,15.0,sedang,SHM,8.8,4.0,1,0,0,2431.4
P007298,2024-11-03,jakarta_selatan,rumah,134.0,53.0,1,2,1,2,7.0,baik,SHM,12.1,8.4,1,0,0,3049.0
P007732,2024-11-03,bekasi,ruko,88.0,137.0,3,3,2,1,8.0,baik,HGB,7.8,5.1,0,0,0,1779.3
P007868,2024-11-03,jakarta_barat,ruko,52.0,85.0,3,1,1,1,5.0,sedang,SHM,8.7,6.3,1,1,0,1580.2
P009320,2024-11-03,jakarta_selatan,rumah,96.0,67.0,1,2,1,1,9.0,baik,HGB,6.8,7.0,1,0,0,2508.5
P000695,2024-11-04,semarang,rumah,151.0,157.0,2,4,4,2,2.0,sedang,SHM,3.7,16.0,0,0,0,1200.8
P001020,2024-11-04,bekasi,rumah,116.0,144.0,2,4,4,2,11.0,baik,SHM,2.1,21.5,1,0,0,1138.6
P001219,2024-11-04,bandung,townhouse,70.0,77.0,2,2,2,0,7.0,baik,SHM,3.5,12.5,0,0,0,785.5
P001352,2024-11-04,surabaya,rumah,79.0,40.0,1,1,1,0,26.0,sedang,SHM,5.6,11.6,0,1,0,727.8
P002183,2024-11-04,surabaya,townhouse,56.0,41.0,2,1,1,0,3.0,baik,SHM,5.7,23.4,0,0,0,424.5
P002993,2024-11-04,tangerang_selatan,townhouse,119.0,123.0,2,3,3,1,13.0,sedang,girik_ajb,4.9,11.6,0,0,0,1318.8
P004106,2024-11-04,jakarta_selatan,rumah,70.0,82.0,2,2,2,1,7.0,perlu_renovasi,HGB,5.0,7.1,1,1,0,2028.7
P005328,2024-11-04,semarang,rumah,60.0,69.0,2,2,2,1,13.0,sedang,SHM,2.6,3.8,0,0,0,509.7
P008700,2024-11-04,jakarta_selatan,rumah,132.0,164.0,2,6,5,3,27.0,sedang,SHM,5.0,8.7,0,0,0,2887.2
P008867,2024-11-04,jakarta_selatan,ruko,63.0,146.0,3,3,3,1,14.0,sedang,SHM,10.1,4.2,1,1,0,3621.9
P001385,2024-11-05,yogyakarta,rumah,186.0,109.0,1,3,3,2,29.0,baik,SHM,8.3,8.0,0,0,0,1359.1
P002853,2024-11-05,surabaya,rumah,163.0,83.0,1,2,2,1,3.0,baik,HGB,5.5,5.4,1,0,0,2272.6
P006578,2024-11-05,bandung,townhouse,92.0,165.0,3,4,3,0,15.0,sedang,SHM,6.3,3.7,0,0,0,1615.6
P007507,2024-11-05,yogyakarta,rumah,54.0,75.0,3,2,2,0,16.0,sedang,SHM,4.8,13.7,1,0,1,455.7
P007560,2024-11-05,semarang,rumah,111.0,78.0,1,2,2,1,21.0,baik,SHM,4.0,13.5,0,0,0,493.9
P008632,2024-11-05,depok,rumah,97.0,138.0,2,5,4,1,10.0,baik,SHM,7.3,19.2,0,0,1,980.2
P000156,2024-11-06,bandung,townhouse,81.0,80.0,2,2,2,1,5.0,sedang,SHM,4.9,8.8,0,0,0,977.9
P000402,2024-11-06,semarang,rumah,165.0,183.0,2,6,5,2,8.0,sedang,SHM,6.5,4.8,0,0,0,1770.5
P000656,2024-11-06,tangerang_selatan,rumah,130.0,159.0,2,4,3,3,38.0,perlu_renovasi,SHM,7.0,8.9,0,0,0,1717.9
P004537,2024-11-06,bandung,rumah,227.0,199.0,1,6,4,2,23.0,sedang,HGB,4.8,9.2,1,1,0,1951.0
P006470,2024-11-06,surabaya,rumah,151.0,218.0,2,6,7,2,2.0,sedang,SHM,7.2,8.3,0,0,0,2308.4
P007481,2024-11-06,depok,ruko,86.0,177.0,3,3,3,1,13.0,sedang,SHM,7.4,11.8,0,1,0,1469.8
P001635,2024-11-07,yogyakarta,rumah,95.0,120.0,2,4,4,0,22.0,baik,HGB,2.8,10.8,1,0,0,767.4
P001970,2024-11-07,depok,rumah,68.0,39.0,1,1,1,1,34.0,perlu_renovasi,HGB,3.7,10.3,0,0,0,443.1
P002298,2024-11-07,jakarta_selatan,ruko,55.0,108.0,3,2,1,0,3.0,baik,SHM,11.1,2.6,0,0,0,2884.6
P002450,2024-11-07,bogor,rumah,224.0,126.0,1,3,3,3,3.0,baik,HGB,6.1,15.1,0,1,1,1422.6
P002888,2024-11-07,yogyakarta,rumah,140.0,96.0,1,2,2,2,10.0,baik,SHM,3.8,6.3,1,0,0,1262.8
P005944,2024-11-07,surabaya,rumah,172.0,192.0,2,5,5,3,2.0,baik,SHM,6.2,18.1,1,0,0,1960.9
P007337,2024-11-07,bogor,rumah,92.0,157.0,3,4,3,1,29.0,sedang,SHM,4.3,27.9,0,0,0,541.3
P008052,2024-11-07,bandung,rumah,205.0,121.0,1,4,4,2,12.0,baik,SHM,5.8,7.3,1,0,0,2161.6
P009568,2024-11-07,surabaya,ruko,83.0,129.0,3,1,1,2,10.0,baik,HGB,11.2,6.0,1,0,0,1923.4
P000415,2024-11-08,jakarta_selatan,rumah,93.0,67.0,1,2,1,0,5.0,baik,SHM,3.9,7.0,0,0,0,2687.4
P002915,2024-11-08,bekasi,townhouse,58.0,44.0,2,1,1,0,15.0,perlu_renovasi,HGB,9.3,7.1,1,0,0,553.9
P004128,2024-11-08,depok,rumah,94.0,125.0,2,4,3,1,3.0,baik,SHM,3.3,15.9,0,1,0,1205.5
P004217,2024-11-08,bandung,rumah,241.0,320.0,2,9,7,2,17.0,perlu_renovasi,girik_ajb,7.9,19.6,0,0,1,1481.3
P006497,2024-11-08,bekasi,ruko,41.0,88.0,4,1,1,0,12.0,baik,SHM,11.1,22.5,0,0,0,543.8
P008295,2024-11-08,bandung,rumah,276.0,279.0,2,8,8,3,16.0,sedang,SHM,3.9,21.6,0,0,1,2074.2
P000080,2024-11-09,surabaya,rumah,147.0,72.0,1,2,1,2,11.0,sedang,girik_ajb,2.5,18.4,0,0,0,710.7
P000173,2024-11-09,tangerang_selatan,rumah,125.0,142.0,2,4,2,1,4.0,baik,HGB,5.9,22.5,0,0,0,1511.2
P000518,2024-11-09,bandung,ruko,97.0,234.0,3,4,3,2,7.0,sedang,SHM,7.0,15.1,1,0,0,2045.7
P002276,2024-11-09,jakarta_selatan,ruko,72.0,106.0,2,1,1,0,10.0,sedang,HGB,6.4,9.1,0,0,0,2130.3
P002931,2024-11-09,bogor,rumah,124.0,161.0,2,4,3,1,6.0,baik,SHM,4.5,17.9,0,1,0,1218.8
P003027,2024-11-09,tangerang_selatan,rumah,56.0,54.0,2,2,1,0,2.0,baik,SHM,10.5,11.1,0,0,0,817.2
P003271,2024-11-09,yogyakarta,rumah,66.0,26.0,1,1,1,1,12.0,sedang,SHM,8.8,7.4,0,1,0,624.8
P003399,2024-11-09,bandung,rumah,159.0,174.0,2,4,4,3,20.0,baik,girik_ajb,3.7,14.2,1,0,0,1179.8
P004401,2024-11-09,surabaya,ruko,71.0,219.0,4,3,2,0,11.0,baik,SHM,5.5,4.9,1,1,0,2489.1
P004730,2024-11-09,bekasi,rumah,87.0,37.0,1,1,1,1,35.0,sedang,SHM,6.3,16.3,0,1,0,565.9
P005515,2024-11-09,jakarta_selatan,rumah,106.0,82.0,1,2,2,2,3.0,sedang,HGB,2.1,4.6,1,0,0,2615.5
P007123,2024-11-09,yogyakarta,rumah,68.0,51.0,1,1,1,1,9.0,baik,SHM,4.2,12.6,1,0,0,661.3
P009744,2024-11-09,bogor,ruko,92.0,191.0,4,4,3,1,17.0,sedang,SHM,9.2,8.6,0,0,0,975.3
P003189,2024-11-10,jakarta_barat,rumah,230.0,156.0,1,4,3,2,,sedang,SHM,4.6,4.3,0,0,0,4151.8
P003693,2024-11-10,jakarta_selatan,rumah,309.0,155.0,1,5,3,4,16.0,baik,SHM,8.2,3.8,0,1,0,10121.3
P004056,2024-11-10,surabaya,rumah,79.0,120.0,2,3,2,1,26.0,sedang,SHM,6.9,3.3,0,0,1,1113.8
P007827,2024-11-10,surabaya,rumah,92.0,50.0,1,1,1,2,24.0,sedang,SHM,5.1,7.3,0,1,0,994.6
P007930,2024-11-10,bandung,rumah,212.0,138.0,1,3,3,1,3.0,baik,SHM,6.8,17.3,0,0,0,1768.3
P008338,2024-11-10,jakarta_selatan,rumah,127.0,100.0,1,3,3,1,16.0,baik,SHM,3.5,13.1,0,0,0,2450.2
P008703,2024-11-10,jakarta_barat,rumah,83.0,37.0,1,1,1,1,3.0,baik,HGB,7.7,19.1,1,0,0,812.5
P009102,2024-11-10,depok,rumah,117.0,113.0,2,3,3,2,4.0,baik,SHM,7.8,12.1,0,0,0,1689.9
P009803,2024-11-10,bandung,rumah,80.0,66.0,2,2,2,2,,sedang,SHM,8.3,14.4,0,0,0,575.5
P000947,2024-11-11,bandung,rumah,181.0,113.0,1,3,3,2,17.0,perlu_renovasi,SHM,4.1,21.2,0,0,0,815.3
P001625,2024-11-11,bekasi,ruko,89.0,87.0,2,0,1,1,5.0,baik,SHM,8.2,25.2,0,0,0,807.7
P002636,2024-11-11,bekasi,rumah,194.0,222.0,2,5,3,3,4.0,sedang,HGB,4.4,21.0,0,0,0,1624.5
P002964,2024-11-11,bogor,rumah,102.0,161.0,3,4,4,2,24.0,sedang,SHM,5.6,23.7,0,0,1,643.8
P004953,2024-11-11,tangerang_selatan,rumah,184.0,83.0,1,2,2,3,6.0,sedang,HGB,5.2,13.1,1,1,0,2320.7
P005604,2024-11-11,semarang,townhouse,60.0,88.0,2,3,2,1,9.0,baik,SHM,3.2,2.5,0,0,0,787.9
P009434,2024-11-11,bekasi,rumah,134.0,62.0,1,2,2,3,15.0,sedang,HGB,5.5,4.0,0,1,0,1196.4
P000773,2024-11-12,bogor,townhouse,79.0,86.0,2,2,1,1,15.0,sedang,SHM,5.8,14.4,1,0,0,630.8
P004054,2024-11-12,bekasi,rumah,72.0,76.0,2,2,2,1,9.0,sedang,SHM,5.1,25.5,0,0,1,479.1
P004681,2024-11-12,yogyakarta,rumah,133.0,103.0,2,2,2,1,3.0,baik,SHM,1.7,17.6,0,0,0,897.9
P004890,2024-11-12,yogyakarta,rumah,124.0,147.0,2,4,4,1,29.0,sedang,girik_ajb,4.7,10.2,0,1,0,962.2
P004988,2024-11-12,jakarta_barat,townhouse,96.0,98.0,2,2,2,2,5.0,baik,HGB,7.2,8.8,1,1,0,2238.1
P005331,2024-11-12,surabaya,ruko,104.0,328.0,4,6,6,3,6.0,baik,HGB,8.7,21.4,0,0,0,2192.0
P006188,2024-11-12,tangerang_selatan,rumah,99.0,149.0,2,4,3,1,31.0,perlu_renovasi,SHM,6.9,20.6,0,0,0,891.0
P007059,2024-11-12,bogor,townhouse,78.0,211.0,3,7,7,1,15.0,sedang,SHM,3.4,13.9,0,0,0,1064.3
P007291,2024-11-12,bekasi,rumah,103.0,58.0,1,1,1,1,8.0,sedang,HGB,4.5,19.9,0,0,1,593.5
P007570,2024-11-12,yogyakarta,rumah,49.0,75.0,2,3,3,0,4.0,perlu_renovasi,HGB,4.0,14.1,0,0,0,475.1
P008479,2024-11-12,tangerang_selatan,townhouse,48.0,49.0,3,1,1,1,6.0,baik,SHM,3.6,18.8,1,0,0,638.7
P009203,2024-11-12,bekasi,rumah,54.0,32.0,1,1,1,1,5.0,baik,SHM,5.5,11.1,0,1,0,485.0
P009605,2024-11-12,jakarta_barat,rumah,84.0,59.0,1,2,2,0,9.0,sedang,HGB,2.9,4.2,1,1,0,1469.7
P009708,2024-11-12,semarang,rumah,114.0,65.0,1,2,2,2,11.0,baik,SHM,7.8,16.7,0,1,0,646.5
P001034,2024-11-13,semarang,townhouse,104.0,185.0,2,6,7,1,12.0,sedang,SHM,6.2,11.6,0,0,0,948.4
P001217,2024-11-13,tangerang_selatan,rumah,79.0,70.0,2,2,2,1,6.0,baik,SHM,,22.5,0,0,0,850.2
P004603,2024-11-13,yogyakarta,rumah,349.0,290.0,2,7,5,4,24.0,sedang,HGB,7.7,12.1,0,0,1,2122.7
P005196,2024-11-13,yogyakarta,rumah,132.0,87.0,1,2,2,1,49.0,sedang,SHM,8.3,15.5,0,0,1,656.1
P007882,2024-11-13,jakarta_selatan,rumah,41.0,23.0,1,1,1,1,8.0,baik,SHM,9.1,7.2,0,0,0,966.7
P000486,2024-11-14,bekasi,ruko,49.0,86.0,3,1,1,2,10.0,baik,SHM,8.6,20.1,0,0,0,659.6
P001174,2024-11-14,bandung,ruko,93.0,136.0,3,3,2,1,2.0,baik,HGB,12.9,21.1,0,0,1,943.8
P001860,2024-11-14,tangerang_selatan,ruko,82.0,106.0,3,1,1,1,2.0,sedang,SHM,7.9,14.7,0,0,0,1697.8
P005662,2024-11-14,jakarta_selatan,townhouse,96.0,78.0,2,2,2,1,9.0,sedang,SHM,4.6,11.4,1,0,0,2602.6
P006175,2024-11-14,bekasi,rumah,231.0,201.0,1,6,4,3,16.0,baik,SHM,3.8,27.7,0,0,0,1393.4
P007039,2024-11-14,semarang,rumah,79.0,30.0,1,1,1,1,16.0,sedang,SHM,5.8,4.6,0,1,0,521.0
P007271,2024-11-14,surabaya,rumah,96.0,201.0,3,7,4,2,24.0,baik,SHM,2.5,2.2,1,1,0,1675.5
P007611,2024-11-14,surabaya,rumah,263.0,435.0,2,10,7,2,32.0,sedang,SHM,6.0,2.8,1,0,0,4660.2
P007749,2024-11-14,tangerang_selatan,rumah,186.0,415.0,3,10,8,2,18.0,baik,SHM,8.6,14.9,0,0,0,2855.0
P007942,2024-11-14,bekasi,rumah,179.0,78.0,1,2,2,3,2.0,baik,SHM,5.3,6.5,0,1,0,1700.8
P001418,2024-11-15,depok,townhouse,103.0,103.0,2,3,2,2,15.0,baik,HGB,4.0,14.2,1,0,0,1422.5
P001504,2024-11-15,bekasi,townhouse,81.0,191.0,3,6,6,0,11.0,baik,HGB,5.9,19.5,0,0,0,1295.1
P001727,2024-11-15,tangerang_selatan,townhouse,64.0,52.0,2,2,2,1,12.0,baik,SHM,3.9,13.0,0,1,0,888.2
P002284,2024-11-15,bandung,rumah,132.0,147.0,2,5,5,2,13.0,sedang,HGB,6.3,7.5,1,0,0,1478.9
P003106,2024-11-15,bandung,rumah,63.0,40.0,1,1,1,1,7.0,sedang,SHM,9.3,16.9,1,0,0,482.7
P004177,2024-11-15,bogor,rumah,155.0,223.0,2,6,6,2,8.0,perlu_renovasi,SHM,6.9,17.8,0,0,0,1107.6
P006932,2024-11-15,bandung,townhouse,70.0,93.0,2,3,3,1,15.0,sedang,SHM,6.9,4.0,0,0,0,1000.5
P008016,2024-11-15,tangerang_selatan,ruko,58.0,141.0,3,2,2,0,33.0,baik,SHM,7.4,16.2,0,1,0,1093.2
P009243,2024-11-15,jakarta_selatan,rumah,171.0,183.0,2,5,5,2,28.0,perlu_renovasi,SHM,4.0,13.3,0,0,0,2839.8
P000594,2024-11-16,bogor,ruko,78.0,87.0,3,1,1,0,10.0,sedang,HGB,6.9,14.6,0,0,0,616.4
P000952,2024-11-16,tangerang_selatan,ruko,95.0,116.0,3,2,1,1,32.0,baik,SHM,11.7,23.6,0,0,0,987.0
P002673,2024-11-16,bekasi,rumah,137.0,284.0,3,8,8,1,39.0,perlu_renovasi,HGB,6.2,6.8,0,0,0,1340.5
P002930,2024-11-16,bandung,rumah,105.0,101.0,2,4,4,0,24.0,perlu_renovasi,SHM,4.1,13.9,1,1,1,642.6
P007311,2024-11-16,bekasi,rumah,100.0,92.0,2,3,2,0,,perlu_renovasi,SHM,4.2,22.1,0,0,0,434.5
P008103,2024-11-16,bandung,ruko,107.0,140.0,2,2,2,1,17.0,baik,SHM,12.3,5.1,1,1,0,1665.4
P008298,2024-11-16,tangerang_selatan,rumah,123.0,77.0,1,2,1,2,3.0,baik,SHM,8.7,10.5,0,0,0,1746.1
P009588,2024-11-16,depok,rumah,137.0,95.0,1,3,3,1,20.0,sedang,HGB,4.4,8.3,0,0,0,1245.0
P000610,2024-11-17,bekasi,ruko,67.0,113.0,3,2,2,1,30.0,baik,SHM,1.5,23.7,1,0,0,472.2
P000840,2024-11-17,depok,ruko,82.0,186.0,3,3,3,1,9.0,sedang,SHM,7.7,18.9,0,0,0,1244.5
P001886,2024-11-17,tangerang_selatan,rumah,329.0,189.0,1,6,6,4,31.0,perlu_renovasi,SHM,4.4,11.8,1,0,0,3738.6
P002139,2024-11-17,surabaya,townhouse,94.0,131.0,2,4,3,2,15.0,sedang,SHM,4.9,21.0,0,0,0,1025.5
P002226,2024-11-17,tangerang_selatan,rumah,222.0,278.0,2,8,6,2,6.0,baik,SHM,4.0,7.9,1,0,0,3821.8
P007478,2024-11-17,tangerang_selatan,rumah,207.0,271.0,2,8,7,2,9.0,baik,HGB,9.2,16.6,1,0,1,2782.3
P007825,2024-11-17,yogyakarta,ruko,74.0,150.0,3,2,2,0,16.0,perlu_renovasi,SHM,8.7,11.8,0,1,0,1132.3
P008909,2024-11-17,bekasi,rumah,145.0,358.0,3,10,8,1,17.0,baik,HGB,8.0,7.6,0,0,0,2169.0
P009888,2024-11-17,surabaya,rumah,112.0,118.0,2,3,3,1,21.0,baik,SHM,4.8,16.9,0,0,0,1215.4
P000523,2024-11-18,jakarta_barat,rumah,74.0,45.0,1,1,1,2,28.0,sedang,SHM,7.2,3.3,0,0,0,1382.8
P002839,2024-11-18,bekasi,rumah,55.0,40.0,1,1,1,0,19.0,baik,SHM,3.5,16.5,1,0,0,483.9
P000467,2024-11-19,bogor,townhouse,93.0,113.0,2,3,3,1,11.0,baik,HGB,8.3,13.4,1,0,0,860.0
P002962,2024-11-19,yogyakarta,rumah,227.0,254.0,2,6,5,2,49.0,perlu_renovasi,SHM,4.3,13.0,0,0,0,1230.6
P003410,2024-11-19,jakarta_selatan,ruko,64.0,122.0,3,1,1,1,4.0,baik,HGB,11.6,5.2,0,1,1,2674.1
P006816,2024-11-19,jakarta_barat,rumah,40.0,26.0,1,1,1,0,18.0,baik,SHM,4.5,14.0,1,0,0,449.9
P006982,2024-11-19,yogyakarta,rumah,158.0,212.0,2,5,4,3,8.0,baik,SHM,3.7,5.7,0,1,1,2154.3
P008074,2024-11-19,bekasi,rumah,90.0,83.0,2,3,2,1,,baik,SHM,6.6,13.5,0,0,1,967.8
P009783,2024-11-19,bandung,ruko,79.0,74.0,2,0,1,1,10.0,baik,SHM,6.2,7.9,1,1,0,1367.9
P009910,2024-11-19,surabaya,rumah,113.0,54.0,1,2,1,2,4.0,sedang,girik_ajb,5.7,9.7,1,1,0,959.3
P000305,2024-11-20,surabaya,rumah,111.0,69.0,1,2,2,1,24.0,sedang,SHM,5.1,22.0,0,0,0,703.4
P000865,2024-11-20,jakarta_selatan,rumah,168.0,275.0,2,8,8,2,12.0,baik,SHM,7.8,10.7,1,0,0,4935.5
P001189,2024-11-20,jakarta_barat,rumah,84.0,44.0,1,1,1,0,28.0,baik,HGB,4.8,6.8,1,0,0,1318.4
P001326,2024-11-20,semarang,townhouse,90.0,84.0,2,2,2,0,15.0,perlu_renovasi,HGB,5.2,8.1,1,1,0,625.3
P001575,2024-11-20,jakarta_selatan,townhouse,79.0,88.0,2,3,3,0,6.0,sedang,SHM,3.5,14.9,0,0,0,1665.8
P001894,2024-11-20,jakarta_selatan,rumah,123.0,154.0,2,5,5,1,12.0,sedang,SHM,10.5,14.8,1,1,0,2656.3
P002123,2024-11-20,tangerang_selatan,ruko,93.0,141.0,3,1,1,1,13.0,sedang,HGB,9.3,7.4,1,0,0,1896.7
P003609,2024-11-20,jakarta_barat,rumah,115.0,126.0,2,4,3,2,10.0,sedang,SHM,5.3,9.7,0,0,0,1652.3
P006083,2024-11-20,bogor,rumah,186.0,125.0,1,4,3,3,23.0,sedang,HGB,5.8,21.8,0,0,0,838.1
P006845,2024-11-20,bogor,rumah,87.0,40.0,1,1,1,1,2.0,perlu_renovasi,SHM,3.6,25.0,0,0,0,330.1
P007346,2024-11-20,depok,townhouse,71.0,58.0,2,2,2,0,15.0,sedang,SHM,4.6,9.1,1,0,0,833.5
P007413,2024-11-20,jakarta_selatan,ruko,86.0,146.0,3,1,1,1,40.0,sedang,SHM,7.2,2.1,1,0,1,3098.3
P008539,2024-11-20,jakarta_selatan,rumah,100.0,94.0,1,2,1,2,16.0,baik,SHM,5.5,12.7,1,1,0,2627.3
P000198,2024-11-21,semarang,rumah,114.0,51.0,1,1,1,2,6.0,baik,HGB,4.1,14.3,1,0,0,592.8
P001335,2024-11-21,yogyakarta,ruko,46.0,40.0,2,0,1,1,5.0,baik,SHM,4.8,3.9,1,0,0,626.9
P006605,2024-11-21,bandung,rumah,126.0,152.0,2,5,3,1,7.0,baik,SHM,5.3,14.5,1,0,0,1693.2
P007941,2024-11-21,jakarta_barat,townhouse,89.0,107.0,2,3,2,1,7.0,baik,SHM,6.2,12.0,0,0,1,1435.2
P008677,2024-11-21,surabaya,ruko,45.0,111.0,4,1,1,1,8.0,sedang,HGB,14.5,16.4,1,0,0,897.9
P009153,2024-11-21,depok,rumah,138.0,70.0,1,2,2,2,4.0,baik,HGB,3.3,5.9,1,0,0,1425.6
P009171,2024-11-21,jakarta_barat,rumah,56.0,71.0,2,2,2,1,3.0,baik,SHM,4.9,16.3,1,0,0,897.2
P000422,2024-11-22,jakarta_selatan,rumah,138.0,70.0,1,2,2,0,4.0,sedang,SHM,5.6,5.0,1,0,0,3634.2
P005247,2024-11-22,depok,townhouse,92.0,210.0,3,6,5,1,4.0,baik,SHM,4.6,20.8,0,0,0,1629.5
P006278,2024-11-22,bandung,rumah,176.0,197.0,2,6,7,2,,baik,HGB,3.9,20.7,0,0,0,1506.1
P007102,2024-11-22,tangerang_selatan,rumah,115.0,60.0,1,2,2,0,7.0,baik,SHM,5.0,17.3,1,0,0,1343.2
P001087,2024-11-23,surabaya,rumah,79.0,95.0,2,3,3,1,2.0,baik,SHM,2.4,18.8,0,0,1,827.6
P002192,2024-11-23,depok,rumah,144.0,68.0,1,2,2,2,32.0,perlu_renovasi,HGB,4.4,6.0,0,0,1,1153.0
P006109,2024-11-23,bekasi,rumah,117.0,83.0,1,2,1,3,21.0,sedang,SHM,4.2,26.5,1,0,0,618.6
P007382,2024-11-23,bekasi,ruko,43.0,84.0,3,0,1,0,4.0,baik,HGB,14.4,16.1,0,0,0,611.7
P008000,2024-11-23,yogyakarta,rumah,72.0,56.0,1,2,2,0,7.0,baik,HGB,2.8,7.7,1,1,0,679.8
P001213,2024-11-24,depok,rumah,123.0,46.0,1,1,1,2,19.0,perlu_renovasi,SHM,4.2,9.9,0,1,0,1281.0
P001622,2024-11-24,depok,rumah,105.0,68.0,1,2,2,1,23.0,sedang,SHM,5.8,10.6,0,1,0,889.2
P002022,2024-11-24,jakarta_selatan,rumah,190.0,319.0,3,8,5,2,5.0,baik,SHM,3.3,9.2,0,0,0,4569.9
P003728,2024-11-24,tangerang_selatan,rumah,114.0,165.0,2,4,3,2,33.0,baik,SHM,3.1,17.8,0,0,0,1070.7
P004406,2024-11-24,bogor,rumah,220.0,282.0,2,9,8,3,39.0,sedang,HGB,6.2,26.8,0,0,0,738.1
P006607,2024-11-24,surabaya,rumah,63.0,85.0,2,2,1,1,8.0,baik,SHM,4.6,24.1,0,0,0,748.5
P008011,2024-11-24,yogyakarta,rumah,172.0,338.0,3,10,8,1,32.0,sedang,SHM,7.4,15.7,0,0,0,1420.3
P008023,2024-11-24,yogyakarta,rumah,68.0,52.0,2,2,1,2,25.0,sedang,SHM,,5.6,1,1,0,779.3
P008283,2024-11-24,bekasi,rumah,100.0,146.0,2,5,5,0,7.0,sedang,SHM,5.4,28.4,0,0,0,848.5
P001127,2024-11-25,depok,townhouse,101.0,134.0,2,4,3,2,10.0,sedang,HGB,6.4,10.8,0,0,0,1272.8
P001728,2024-11-25,surabaya,ruko,39.0,59.0,3,0,1,1,7.0,baik,SHM,8.7,17.9,1,0,0,608.1
P002079,2024-11-25,tangerang_selatan,ruko,54.0,162.0,4,2,2,1,6.0,baik,SHM,9.9,5.8,1,1,1,1752.0
P006984,2024-11-25,surabaya,rumah,157.0,127.0,1,4,3,2,5.0,sedang,SHM,4.2,3.4,1,1,0,2544.4
P007284,2024-11-25,jakarta_barat,rumah,111.0,77.0,1,2,2,1,35.0,sedang,SHM,5.5,3.1,0,0,0,2182.4
P000146,2024-11-26,tangerang_selatan,townhouse,70.0,118.0,3,4,3,1,10.0,baik,SHM,2.7,23.3,0,1,0,980.2
P000669,2024-11-26,tangerang_selatan,rumah,166.0,102.0,1,3,3,2,28.0,perlu_renovasi,SHM,5.4,7.0,1,0,0,2292.0
P003450,2024-11-26,surabaya,rumah,160.0,104.0,1,3,3,3,23.0,sedang,SHM,3.1,3.4,0,0,0,1952.9
P003616,2024-11-26,bandung,townhouse,83.0,131.0,2,4,4,1,13.0,perlu_renovasi,girik_ajb,5.1,4.6,1,0,0,1161.0
P003861,2024-11-26,bekasi,rumah,158.0,141.0,1,4,3,1,13.0,sedang,SHM,4.8,15.2,0,0,0,1453.7
P007100,2024-11-26,jakarta_selatan,rumah,212.0,149.0,2,4,3,2,8.0,baik,SHM,5.3,17.5,1,0,1,3361.8
P007171,2024-11-26,depok,townhouse,126.0,188.0,2,4,4,1,15.0,sedang,HGB,,18.2,0,0,0,1106.9
P007701,2024-11-26,jakarta_barat,ruko,99.0,128.0,2,2,1,0,7.0,sedang,SHM,9.7,16.2,0,0,0,1842.2
P000681,2024-11-27,jakarta_selatan,rumah,68.0,45.0,1,2,2,1,12.0,baik,HGB,4.6,10.0,0,0,1,1324.8
P003280,2024-11-27,jakarta_selatan,rumah,177.0,78.0,1,2,2,3,28.0,perlu_renovasi,SHM,6.7,11.0,1,0,0,4066.8
P003962,2024-11-27,jakarta_barat,rumah,114.0,79.0,1,2,1,1,28.0,sedang,SHM,5.4,6.5,1,0,0,1717.2
P007391,2024-11-27,tangerang_selatan,townhouse,96.0,107.0,2,3,3,1,11.0,sedang,HGB,3.0,15.0,0,0,0,1202.8
P003103,2024-11-28,yogyakarta,townhouse,94.0,148.0,2,5,3,1,14.0,sedang,HGB,,9.4,0,0,0,1051.6
P005822,2024-11-28,surabaya,rumah,113.0,106.0,2,4,3,1,7.0,baik,HGB,2.4,9.3,0,0,1,1022.1
P007251,2024-11-28,depok,rumah,246.0,168.0,1,6,6,2,3.0,baik,SHM,4.0,17.0,0,1,0,1947.9
P009578,2024-11-28,bandung,ruko,83.0,96.0,2,0,1,1,6.0,sedang,SHM,7.8,14.6,1,0,0,1006.5
P009931,2024-11-28,jakarta_selatan,rumah,205.0,179.0,2,6,5,2,1.0,baik,HGB,3.1,17.9,0,0,0,2720.8
P001420,2024-12-02,yogyakarta,ruko,81.0,185.0,4,4,3,2,2.0,sedang,SHM,14.6,19.0,1,0,0,1274.1
P001877,2024-12-02,tangerang_selatan,rumah,109.0,63.0,1,2,2,1,3.0,baik,SHM,7.6,20.4,1,0,1,977.2
P003501,2024-12-02,bekasi,rumah,135.0,129.0,2,3,3,2,15.0,perlu_renovasi,SHM,5.6,25.4,0,1,0,744.8
P004013,2024-12-02,semarang,ruko,89.0,118.0,2,1,1,2,8.0,baik,HGB,9.8,16.2,1,0,0,855.7
P005500,2024-12-02,tangerang_selatan,townhouse,91.0,73.0,2,2,2,0,2.0,baik,SHM,3.6,6.4,0,1,0,1447.6
P007845,2024-12-02,jakarta_selatan,rumah,81.0,90.0,3,3,2,0,12.0,baik,SHM,5.7,14.0,0,0,0,1886.0
P007973,2024-12-02,depok,ruko,93.0,129.0,2,2,1,2,4.0,baik,SHM,14.7,8.8,0,0,1,1419.6
P009692,2024-12-02,jakarta_barat,rumah,134.0,204.0,3,5,4,2,5.0,baik,SHM,2.2,18.8,0,0,0,1400.0
P001538,2024-12-03,bandung,rumah,90.0,103.0,2,3,2,1,16.0,perlu_renovasi,HGB,9.8,5.3,0,0,0,1016.0
P002797,2024-12-03,bogor,ruko,87.0,172.0,3,2,2,2,31.0,perlu_renovasi,SHM,9.1,26.6,0,0,0,545.1
P003705,2024-12-03,jakarta_selatan,rumah,188.0,122.0,1,3,2,1,9.0,baik,girik_ajb,4.9,4.0,1,0,0,4934.5
P005263,2024-12-03,jakarta_barat,rumah,128.0,170.0,2,5,5,2,5.0,baik,SHM,5.1,11.3,0,1,0,1982.7
P007951,2024-12-03,bandung,rumah,147.0,193.0,2,5,5,1,6.0,baik,SHM,4.5,21.3,0,0,1,1619.5
P009098,2024-12-03,bekasi,rumah,206.0,287.0,2,8,8,3,17.0,perlu_renovasi,HGB,4.5,16.1,0,0,1,1429.8
P000559,2024-12-04,bogor,rumah,137.0,112.0,1,4,3,1,29.0,perlu_renovasi,SHM,6.9,24.7,0,0,0,441.6
P000852,2024-12-04,jakarta_barat,townhouse,94.0,90.0,2,2,2,0,15.0,baik,HGB,7.8,10.1,0,0,0,1795.6
P001078,2024-12-04,depok,rumah,158.0,98.0,1,3,2,2,16.0,sedang,SHM,3.5,14.4,0,0,0,1140.6
P004151,2024-12-04,tangerang_selatan,rumah,66.0,91.0,2,3,3,1,7.0,sedang,SHM,5.7,9.0,0,1,1,996.8
P005101,2024-12-04,depok,rumah,114.0,239.0,3,7,6,1,,sedang,SHM,6.1,16.9,1,0,0,1534.4
P005729,2024-12-04,semarang,townhouse,68.0,45.0,2,1,1,0,9.0,sedang,SHM,6.5,18.7,0,0,0,407.3
P005879,2024-12-04,bandung,rumah,200.0,245.0,2,8,7,3,12.0,baik,SHM,6.5,14.8,0,0,1,1928.9
P002657,2024-12-05,bekasi,rumah,116.0,162.0,2,5,3,1,14.0,baik,SHM,8.1,8.4,0,0,0,1565.8
P003255,2024-12-05,jakarta_selatan,rumah,35.0,30.0,2,1,1,0,20.0,baik,SHM,6.8,13.3,1,1,0,943.2
P006013,2024-12-05,jakarta_selatan,townhouse,110.0,174.0,2,4,3,1,15.0,sedang,SHM,7.4,13.5,0,0,0,2233.3
P006928,2024-12-05,semarang,rumah,212.0,181.0,1,4,3,2,4.0,sedang,girik_ajb,4.3,6.8,0,0,1,1102.7
P008230,2024-12-05,bandung,rumah,144.0,153.0,2,4,3,2,15.0,sedang,SHM,4.9,16.4,0,0,0,1215.3
P008285,2024-12-05,jakarta_selatan,rumah,45.0,29.0,1,1,1,1,,baik,SHM,4.5,14.4,1,0,0,771.0
P009900,2024-12-05,semarang,townhouse,68.0,64.0,2,2,2,2,7.0,sedang,SHM,5.2,7.2,1,0,0,553.5
P004282,2024-12-06,bekasi,rumah,179.0,120.0,1,4,4,2,3.0,baik,HGB,4.1,7.9,0,0,0,1858.5
P006027,2024-12-06,jakarta_barat,rumah,108.0,80.0,1,2,2,1,22.0,baik,HGB,5.5,16.6,1,0,0,1245.1
P006132,2024-12-06,bogor,ruko,77.0,99.0,3,1,1,0,,sedang,SHM,10.2,26.3,0,0,0,528.5
P000482,2024-12-07,jakarta_barat,rumah,122.0,56.0,1,1,1,2,17.0,baik,SHM,7.6,3.9,0,0,0,2439.4
P001823,2024-12-07,depok,rumah,187.0,231.0,2,6,6,3,42.0,baik,HGB,7.6,20.3,0,0,0,1126.3
P009282,2024-12-07,yogyakarta,rumah,152.0,374.0,3,10,8,2,11.0,baik,SHM,2.8,10.3,0,1,0,2503.2
P009358,2024-12-07,bogor,rumah,48.0,32.0,1,1,1,1,6.0,baik,SHM,7.1,4.1,0,1,0,497.6
P009551,2024-12-07,semarang,ruko,96.0,221.0,3,4,4,2,1.0,sedang,SHM,5.0,15.3,0,0,0,1232.9
P000619,2024-12-08,jakarta_barat,ruko,86.0,115.0,3,1,1,1,,baik,HGB,12.0,19.3,0,0,0,1066.0
P000761,2024-12-08,bandung,rumah,91.0,49.0,1,1,1,1,16.0,baik,girik_ajb,3.2,5.7,1,0,1,747.5
P001585,2024-12-08,bogor,rumah,166.0,100.0,1,3,2,1,29.0,sedang,HGB,3.0,26.4,0,0,1,480.8
P002698,2024-12-08,jakarta_selatan,rumah,158.0,92.0,1,2,2,2,23.0,perlu_renovasi,SHM,6.7,14.0,1,0,1,2615.7
P003566,2024-12-08,surabaya,rumah,113.0,167.0,2,5,3,2,7.0,baik,SHM,6.5,19.0,0,0,0,1428.4
P004747,2024-12-08,bekasi,rumah,112.0,97.0,1,3,3,1,2.0,baik,SHM,6.2,12.7,0,0,0,1149.4
P006552,2024-12-08,tangerang_selatan,rumah,231.0,127.0,1,3,3,3,4.0,baik,SHM,4.2,16.7,0,0,0,2131.7
P006859,2024-12-08,jakarta_barat,ruko,95.0,82.0,2,0,1,2,13.0,perlu_renovasi,SHM,8.7,3.4,1,1,0,2833.8
P007358,2024-12-08,jakarta_barat,townhouse,87.0,105.0,2,3,3,1,10.0,sedang,SHM,7.6,12.0,0,0,0,1344.5
P008412,2024-12-08,depok,rumah,78.0,104.0,2,3,2,0,7.0,baik,SHM,4.5,16.7,0,0,0,816.0
P008904,2024-12-08,tangerang_selatan,rumah,102.0,52.0,1,1,1,1,20.0,perlu_renovasi,SHM,4.3,21.7,0,0,0,725.9
P009417,2024-12-08,bekasi,townhouse,61.0,55.0,2,1,1,1,15.0,perlu_renovasi,SHM,3.3,15.9,0,0,0,447.0
P001229,2024-12-09,yogyakarta,rumah,129.0,84.0,1,2,2,1,24.0,sedang,SHM,5.9,14.1,0,0,0,1037.1
P004349,2024-12-09,depok,rumah,128.0,199.0,2,5,4,2,6.0,baik,SHM,6.4,24.5,0,0,0,1556.4
P005982,2024-12-09,depok,rumah,103.0,143.0,2,4,4,1,7.0,baik,SHM,6.3,7.6,1,0,0,1721.8
P006476,2024-12-09,jakarta_selatan,rumah,59.0,34.0,1,1,1,1,6.0,sedang,SHM,3.9,14.5,1,0,0,1171.1
P007632,2024-12-09,bandung,rumah,90.0,62.0,1,2,2,1,13.0,perlu_renovasi,SHM,2.4,18.5,1,0,1,441.4
P008353,2024-12-09,surabaya,rumah,69.0,119.0,2,4,3,1,6.0,sedang,SHM,4.9,15.1,0,0,0,951.5
P009272,2024-12-09,bandung,ruko,77.0,100.0,3,1,1,0,10.0,baik,SHM,12.5,3.5,0,0,0,1294.4
P009561,2024-12-09,bandung,rumah,285.0,428.0,2,10,8,4,27.0,sedang,SHM,8.4,3.1,1,0,0,3603.8
P009899,2024-12-09,bandung,rumah,134.0,97.0,1,2,2,0,5.0,baik,SHM,4.8,3.2,0,0,0,1932.6
P000073,2024-12-10,surabaya,rumah,133.0,129.0,2,4,4,1,10.0,sedang,SHM,6.9,9.2,0,0,0,1854.2
P000807,2024-12-10,bandung,rumah,203.0,300.0,2,8,6,3,3.0,baik,SHM,4.4,7.8,0,0,0,3111.1
P005123,2024-12-10,bekasi,ruko,98.0,256.0,4,5,3,1,18.0,baik,SHM,9.8,6.9,0,0,0,1916.7
P008626,2024-12-10,jakarta_selatan,rumah,183.0,134.0,1,4,4,1,6.0,baik,SHM,6.3,7.3,0,0,0,4900.6
P009938,2024-12-10,tangerang_selatan,rumah,212.0,121.0,1,4,3,3,,sedang,HGB,3.4,5.2,0,1,0,2855.2
P000834,2024-12-11,bandung,rumah,87.0,133.0,3,4,4,2,3.0,baik,SHM,4.8,15.7,1,0,0,1395.6
P002177,2024-12-11,bekasi,townhouse,77.0,69.0,2,2,2,1,15.0,sedang,SHM,3.0,14.9,1,0,0,736.6
P003356,2024-12-11,bekasi,rumah,148.0,256.0,2,6,5,1,4.0,sedang,girik_ajb,3.5,18.0,1,0,1,1568.4
P003748,2024-12-11,semarang,rumah,145.0,94.0,1,3,2,2,19.0,baik,SHM,3.7,10.0,0,0,0,1016.8
P004933,2024-12-11,surabaya,rumah,144.0,365.0,3,8,8,3,15.0,perlu_renovasi,SHM,5.0,21.1,1,0,0,1602.1
P005182,2024-12-11,bekasi,rumah,206.0,183.0,2,4,3,2,14.0,sedang,girik_ajb,3.4,24.7,1,0,0,1082.3
P005998,2024-12-11,surabaya,rumah,169.0,239.0,2,7,5,2,10.0,sedang,HGB,5.1,9.8,0,0,0,2254.2
P006649,2024-12-11,semarang,rumah,142.0,224.0,3,6,5,2,11.0,sedang,SHM,3.8,17.0,0,0,0,1547.9
P008020,2024-12-11,bogor,rumah,133.0,64.0,1,2,2,2,14.0,sedang,girik_ajb,4.1,17.6,0,0,0,569.0
P009183,2024-12-11,bekasi,rumah,101.0,58.0,1,1,1,2,7.0,baik,SHM,7.1,8.5,0,0,0,1140.7
P000826,2024-12-12,jakarta_selatan,rumah,198.0,82.0,1,2,2,3,3.0,baik,SHM,2.9,12.4,0,0,0,2686.5
P002169,2024-12-12,tangerang_selatan,ruko,124.0,233.0,3,5,4,3,4.0,sedang,SHM,7.3,9.1,0,0,0,2709.7
P002554,2024-12-12,yogyakarta,townhouse,68.0,64.0,2,2,2,2,5.0,baik,SHM,6.9,11.1,0,1,0,891.7
P003815,2024-12-12,bekasi,rumah,131.0,116.0,2,3,3,1,53.0,perlu_renovasi,SHM,4.6,16.9,0,0,1,514.4
P004053,2024-12-12,depok,rumah,187.0,282.0,2,9,6,2,13.0,sedang,SHM,8.1,23.9,0,0,0,1754.1
P004825,2024-12-12,bekasi,ruko,81.0,152.0,3,3,3,1,33.0,perlu_renovasi,HGB,12.6,16.0,0,0,0,655.0
P006596,2024-12-12,tangerang_selatan,rumah,202.0,123.0,1,4,3,1,11.0,baik,HGB,6.8,11.2,0,0,0,2532.2
P009734,2024-12-12,jakarta_barat,ruko,113.0,93.0,2,1,1,2,13.0,sedang,SHM,7.8,19.3,0,0,0,1363.5
P000419,2024-12-13,jakarta_barat,rumah,108.0,123.0,2,4,4,2,27.0,baik,HGB,2.6,3.3,0,0,0,1536.0
P000736,2024-12-13,bandung,rumah,212.0,113.0,1,4,3,3,,perlu_renovasi,SHM,,11.3,1,0,0,1700.1
P000815,2024-12-13,jakarta_barat,rumah,174.0,67.0,1,2,1,3,3.0,baik,SHM,,4.7,1,0,0,3272.2
P004850,2024-12-13,surabaya,rumah,173.0,229.0,2,5,5,2,2.0,baik,girik_ajb,6.6,5.2,1,0,0,2359.5
P006785,2024-12-13,bandung,rumah,221.0,198.0,1,5,4,3,2.0,sedang,SHM,8.3,12.4,0,0,0,2610.8
P007328,2024-12-13,bekasi,rumah,75.0,39.0,1,1,1,0,10.0,sedang,HGB,5.2,16.7,1,1,0,500.0
P007494,2024-12-13,jakarta_selatan,rumah,191.0,207.0,2,6,5,3,9.0,sedang,SHM,4.3,3.2,1,1,0,5902.2
P007899,2024-12-13,yogyakarta,rumah,152.0,152.0,2,5,4,2,25.0,sedang,SHM,3.1,15.9,1,1,0,1133.0
P008614,2024-12-13,jakarta_selatan,rumah,254.0,212.0,2,5,4,3,11.0,baik,girik_ajb,2.2,16.2,0,0,0,2882.8
P009258,2024-12-13,semarang,townhouse,58.0,45.0,2,1,1,1,15.0,sedang,SHM,4.2,11.3,0,0,0,409.7
P009597,2024-12-13,jakarta_barat,townhouse,82.0,74.0,2,2,1,1,6.0,baik,girik_ajb,3.1,10.8,0,0,0,1153.4
P000002,2024-12-14,bekasi,ruko,47.0,67.0,3,0,1,0,15.0,baik,SHM,10.3,22.2,0,0,0,412.9
P000477,2024-12-14,bekasi,ruko,38.0,43.0,3,0,1,0,12.0,baik,SHM,8.7,16.1,0,0,1,407.1
P000902,2024-12-14,tangerang_selatan,rumah,71.0,66.0,2,2,1,1,24.0,sedang,SHM,7.7,9.9,1,0,1,898.1
P002333,2024-12-14,surabaya,rumah,187.0,316.0,3,10,6,2,,baik,SHM,6.7,17.9,0,0,0,2638.6
P008543,2024-12-14,tangerang_selatan,ruko,74.0,162.0,3,4,3,0,19.0,sedang,SHM,9.1,19.3,0,0,0,1347.7
P001777,2024-12-15,bandung,rumah,172.0,271.0,2,8,6,3,18.0,baik,HGB,7.7,2.0,1,0,0,2719.0
P002783,2024-12-15,bogor,ruko,139.0,160.0,2,2,1,1,7.0,baik,SHM,3.7,18.8,0,0,0,1489.2
P005138,2024-12-15,jakarta_selatan,townhouse,72.0,90.0,2,3,3,2,15.0,sedang,SHM,5.0,6.0,1,0,0,2291.4
P006985,2024-12-15,tangerang_selatan,ruko,92.0,201.0,3,4,3,1,8.0,sedang,SHM,10.2,15.8,0,0,0,1945.3
P008127,2024-12-15,bekasi,townhouse,88.0,195.0,3,7,5,2,8.0,baik,SHM,6.0,11.1,0,0,1,1445.3
P008289,2024-12-15,tangerang_selatan,rumah,136.0,62.0,1,2,2,1,5.0,baik,SHM,2.6,3.6,0,0,0,1790.2
P009176,2024-12-15,yogyakarta,rumah,230.0,280.0,2,9,7,2,22.0,perlu_renovasi,SHM,7.3,6.2,0,1,0,2365.0
P009760,2024-12-15,tangerang_selatan,ruko,103.0,116.0,3,1,1,2,8.0,sedang,HGB,9.3,15.1,1,0,1,1296.2
P000430,2024-12-16,surabaya,rumah,53.0,91.0,2,2,2,0,1.0,baik,HGB,4.8,16.0,0,1,0,874.5
P003120,2024-12-16,tangerang_selatan,rumah,106.0,157.0,2,4,3,1,19.0,sedang,SHM,2.7,16.8,1,0,1,1178.5
P003922,2024-12-16,surabaya,townhouse,62.0,108.0,2,3,3,1,,perlu_renovasi,SHM,3.7,13.7,1,0,0,743.3
P005905,2024-12-16,bekasi,rumah,303.0,321.0,2,8,6,3,7.0,sedang,SHM,11.7,25.2,0,0,1,2185.5
P006317,2024-12-16,depok,townhouse,175.0,234.0,2,6,4,2,7.0,sedang,SHM,4.6,18.5,0,0,1,2116.2
P007027,2024-12-16,bogor,townhouse,94.0,161.0,3,4,3,0,,sedang,HGB,4.7,27.6,0,0,0,932.8
P009451,2024-12-16,yogyakarta,ruko,84.0,131.0,3,2,1,0,8.0,sedang,SHM,12.4,16.6,0,0,0,916.4
P000818,2024-12-17,depok,ruko,69.0,83.0,2,1,1,1,17.0,perlu_renovasi,SHM,11.2,19.0,0,1,1,710.5
P005011,2024-12-17,tangerang_selatan,rumah,227.0,253.0,2,6,5,3,10.0,baik,SHM,3.9,6.4,0,0,0,4258.7
P005587,2024-12-17,depok,rumah,89.0,141.0,2,3,2,1,15.0,sedang,HGB,10.9,5.2,0,1,0,1487.8
P005799,2024-12-17,bandung,rumah,211.0,163.0,1,5,4,3,22.0,perlu_renovasi,girik_ajb,2.9,2.1,0,0,0,1767.9
P006599,2024-12-17,jakarta_selatan,ruko,94.0,168.0,4,2,1,1,10.0,baik,SHM,7.6,15.5,0,0,0,2731.4
P007003,2024-12-17,bogor,rumah,167.0,208.0,2,5,5,1,5.0,baik,SHM,4.7,8.2,0,0,0,2020.8
P007128,2024-12-17,bekasi,rumah,90.0,63.0,1,2,2,0,17.0,baik,HGB,5.3,22.0,0,0,1,473.4
P009472,2024-12-17,jakarta_selatan,rumah,143.0,63.0,1,2,1,2,17.0,perlu_renovasi,SHM,10.1,14.4,1,0,0,2767.6
P000832,2024-12-18,depok,rumah,235.0,237.0,2,8,8,2,18.0,sedang,SHM,5.0,3.9,0,0,0,2818.6
P001259,2024-12-18,depok,rumah,101.0,106.0,2,2,1,1,9.0,baik,HGB,5.0,13.7,0,0,0,1013.2
P001669,2024-12-18,jakarta_selatan,rumah,110.0,114.0,2,4,4,0,6.0,baik,SHM,5.0,9.3,0,1,0,2582.0
P002811,2024-12-18,jakarta_selatan,ruko,70.0,124.0,3,1,1,2,,baik,SHM,12.3,13.5,0,0,1,2083.5
P002984,2024-12-18,bogor,rumah,110.0,83.0,2,2,1,2,6.0,sedang,SHM,3.8,19.4,0,0,0,652.0
P003603,2024-12-18,depok,rumah,110.0,45.0,1,1,1,1,,perlu_renovasi,HGB,4.0,12.3,0,0,0,706.1
P005805,2024-12-18,depok,rumah,117.0,94.0,1,2,1,1,2.0,baik,SHM,8.5,19.2,0,0,0,1020.3
P007521,2024-12-18,jakarta_selatan,rumah,80.0,32.0,1,1,1,1,11.0,baik,SHM,6.7,9.4,0,0,0,2046.4
P001111,2024-12-19,jakarta_barat,rumah,143.0,89.0,1,2,2,2,5.0,baik,HGB,7.8,9.6,1,0,0,2382.9
P001166,2024-12-19,surabaya,rumah,227.0,284.0,2,9,8,2,8.0,baik,SHM,7.5,15.5,0,0,0,3039.6
P001808,2024-12-19,bekasi,rumah,114.0,86.0,1,2,2,2,17.0,baik,SHM,5.0,17.0,0,0,0,703.2
P003368,2024-12-19,bogor,rumah,63.0,88.0,2,2,2,0,7.0,sedang,SHM,14.1,11.1,0,1,1,717.8
P005204,2024-12-19,bekasi,rumah,59.0,70.0,2,2,2,1,15.0,baik,SHM,3.2,24.1,1,0,0,583.9
P009135,2024-12-19,jakarta_selatan,rumah,207.0,236.0,2,7,5,2,4.0,baik,HGB,18.0,6.0,1,0,1,5651.9
P009305,2024-12-19,jakarta_selatan,rumah,65.0,39.0,1,1,1,0,20.0,baik,HGB,2.6,17.7,0,0,0,820.4
P000263,2024-12-20,tangerang_selatan,rumah,54.0,53.0,2,2,1,0,26.0,sedang,SHM,8.6,4.5,0,0,0,709.2
P000938,2024-12-20,jakarta_barat,ruko,89.0,167.0,4,4,3,1,27.0,baik,SHM,6.3,13.5,0,0,0,1711.2
P002217,2024-12-20,jakarta_selatan,townhouse,62.0,62.0,2,1,1,2,15.0,sedang,SHM,5.5,8.9,0,0,0,1661.0
P002268,2024-12-20,depok,rumah,113.0,135.0,2,4,4,0,6.0,baik,HGB,12.3,6.7,0,1,0,1673.2
P003704,2024-12-20,bandung,rumah,72.0,75.0,2,2,2,1,17.0,sedang,HGB,2.8,12.4,0,1,0,636.2
P005270,2024-12-20,depok,rumah,112.0,83.0,2,3,3,1,7.0,baik,HGB,3.2,5.3,1,0,0,1252.7
P005653,2024-12-20,bogor,rumah,135.0,89.0,1,2,2,1,,baik,HGB,3.5,26.1,0,0,0,599.6
P008181,2024-12-20,tangerang_selatan,rumah,313.0,455.0,2,10,6,4,33.0,sedang,SHM,6.8,11.9,1,1,0,4526.6
P008843,2024-12-20,jakarta_barat,rumah,236.0,179.0,1,5,3,2,,sedang,SHM,5.7,10.1,1,1,0,3590.5
P009458,2024-12-20,jakarta_barat,ruko,113.0,224.0,4,3,3,1,14.0,baik,SHM,8.6,18.8,0,0,0,1999.2
P001908,2024-12-21,jakarta_selatan,rumah,93.0,138.0,2,4,2,1,,sedang,SHM,7.2,15.0,0,0,1,1751.1
P005175,2024-12-21,jakarta_barat,rumah,64.0,31.0,1,1,1,0,13.0,sedang,SHM,12.7,3.9,0,0,0,1258.2
P007353,2024-12-21,yogyakarta,rumah,152.0,269.0,2,9,8,1,14.0,sedang,SHM,7.0,11.6,1,0,1,1798.2
P008701,2024-12-21,tangerang_selatan,rumah,68.0,96.0,2,3,3,1,11.0,sedang,HGB,5.1,15.2,0,0,1,786.8
P000152,2024-12-22,semarang,rumah,115.0,47.0,1,1,1,2,3.0,baik,SHM,4.8,18.2,0,0,1,577.9
P003677,2024-12-22,tangerang_selatan,rumah,123.0,57.0,1,2,2,2,2.0,baik,SHM,5.8,13.8,0,0,0,1310.3
P004002,2024-12-22,bekasi,rumah,257.0,248.0,2,6,6,3,19.0,baik,SHM,3.1,22.2,0,0,0,1868.5
P008581,2024-12-22,bogor,ruko,78.0,96.0,3,0,1,0,13.0,baik,SHM,9.0,9.1,0,1,1,862.8
P008903,2024-12-22,surabaya,rumah,140.0,158.0,2,4,3,2,16.0,baik,SHM,2.7,8.7,0,1,0,1803.7
P001240,2024-12-23,jakarta_barat,ruko,81.0,106.0,2,1,1,2,8.0,perlu_renovasi,girik_ajb,6.6,5.3,1,0,0,1881.1
P001314,2024-12-23,jakarta_selatan,rumah,57.0,49.0,1,2,2,1,10.0,baik,HGB,6.1,4.8,1,1,0,1759.3
P003097,2024-12-23,jakarta_selatan,townhouse,72.0,67.0,2,2,2,1,8.0,sedang,SHM,4.1,2.9,1,1,0,2581.3
P005814,2024-12-23,bandung,townhouse,57.0,48.0,2,1,1,0,5.0,baik,HGB,6.4,21.5,0,0,0,480.3
P006293,2024-12-23,semarang,rumah,138.0,180.0,2,5,5,2,28.0,sedang,SHM,3.3,6.9,0,1,0,1123.2
P008503,2024-12-23,jakarta_barat,townhouse,66.0,110.0,2,3,3,1,11.0,baik,SHM,,15.1,0,0,0,1179.9
P008776,2024-12-23,jakarta_barat,rumah,66.0,103.0,2,4,4,0,8.0,baik,SHM,2.6,10.1,0,0,0,1053.4
P009083,2024-12-23,jakarta_selatan,rumah,112.0,106.0,2,3,3,2,20.0,baik,SHM,5.3,13.7,0,0,0,2500.2
P000650,2024-12-24,jakarta_selatan,rumah,143.0,46.0,1,1,1,2,8.0,baik,HGB,3.7,5.7,1,0,0,3070.0
P002548,2024-12-24,jakarta_barat,rumah,79.0,42.0,1,1,1,1,6.0,baik,HGB,5.7,6.4,1,0,0,1142.6
P005417,2024-12-24,jakarta_selatan,rumah,106.0,174.0,2,5,4,1,5.0,baik,SHM,7.7,8.9,1,0,0,3499.2
P009213,2024-12-24,jakarta_barat,rumah,104.0,260.0,3,6,4,1,16.0,perlu_renovasi,SHM,3.8,19.6,0,0,0,1623.8
P007486,2024-12-25,surabaya,ruko,90.0,119.0,2,2,2,2,6.0,baik,HGB,10.9,2.6,1,0,0,1817.1
P009262,2024-12-25,jakarta_selatan,townhouse,88.0,128.0,3,4,4,1,15.0,baik,HGB,4.5,11.1,1,0,1,1859.1
P009752,2024-12-25,semarang,rumah,90.0,125.0,2,4,4,1,17.0,baik,SHM,5.8,15.3,0,0,0,827.7
P009980,2024-12-25,jakarta_barat,rumah,129.0,109.0,1,3,2,1,18.0,baik,HGB,4.3,8.7,1,0,0,2092.5
P000202,2024-12-26,yogyakarta,rumah,71.0,50.0,1,1,1,1,18.0,sedang,SHM,7.9,15.8,0,0,0,514.4
P000228,2024-12-26,depok,townhouse,79.0,99.0,2,3,2,1,1.0,baik,SHM,3.6,4.6,1,0,0,1379.9
P001323,2024-12-26,jakarta_selatan,rumah,71.0,98.0,2,3,2,1,11.0,sedang,SHM,3.6,10.2,1,0,0,2057.8
P003687,2024-12-26,tangerang_selatan,ruko,88.0,116.0,2,2,2,0,23.0,sedang,HGB,9.6,14.3,1,0,0,1447.5
P004098,2024-12-26,bogor,rumah,81.0,40.0,1,1,1,0,55.0,sedang,SHM,2.4,10.0,1,0,0,381.5
P004481,2024-12-26,bekasi,ruko,92.0,182.0,3,3,2,0,3.0,baik,girik_ajb,9.1,24.3,0,0,0,1218.3
P006504,2024-12-26,semarang,rumah,144.0,222.0,2,6,6,2,14.0,perlu_renovasi,SHM,7.0,15.1,0,0,0,1072.4
P006780,2024-12-26,bandung,rumah,236.0,271.0,2,8,6,2,16.0,baik,HGB,8.1,2.8,0,0,0,3540.7
P009067,2024-12-26,bekasi,rumah,54.0,72.0,2,2,2,0,32.0,sedang,SHM,6.4,17.8,0,0,0,480.8
P000838,2024-12-27,yogyakarta,rumah,74.0,35.0,1,1,1,1,6.0,sedang,SHM,7.5,14.8,0,0,1,445.2
P002401,2024-12-27,bogor,rumah,125.0,140.0,2,4,3,0,25.0,perlu_renovasi,HGB,5.6,21.1,0,0,0,573.6
P005996,2024-12-27,bekasi,rumah,147.0,133.0,2,3,2,1,14.0,sedang,SHM,1.7,18.6,0,0,0,1050.0
P006652,2024-12-27,yogyakarta,rumah,133.0,152.0,2,3,3,1,,perlu_renovasi,SHM,5.0,16.1,1,1,0,1029.0
P007496,2024-12-27,bandung,rumah,52.0,24.0,1,1,1,0,24.0,sedang,HGB,4.1,7.2,1,0,0,460.8
P007562,2024-12-27,tangerang_selatan,rumah,146.0,70.0,1,2,2,1,6.0,sedang,SHM,5.4,20.8,0,0,0,1030.1
P009094,2024-12-27,tangerang_selatan,rumah,77.0,121.0,3,4,3,0,33.0,sedang,SHM,6.9,18.7,1,0,1,823.1
P001024,2024-12-28,depok,rumah,106.0,143.0,2,3,3,1,38.0,perlu_renovasi,SHM,7.7,19.9,1,0,0,654.9
P002330,2024-12-28,depok,rumah,191.0,71.0,1,2,2,3,20.0,sedang,SHM,3.3,15.3,1,1,0,1370.2
P003496,2024-12-28,surabaya,rumah,237.0,104.0,1,3,2,3,19.0,baik,SHM,2.8,11.9,0,0,1,1998.0
P003664,2024-12-28,bandung,rumah,245.0,176.0,1,5,3,2,19.0,sedang,SHM,4.2,10.2,1,0,0,1731.4
P005312,2024-12-28,tangerang_selatan,rumah,85.0,106.0,2,2,2,0,8.0,sedang,SHM,5.2,22.1,0,0,0,1089.5
P006891,2024-12-28,bogor,rumah,185.0,138.0,1,3,3,2,19.0,sedang,HGB,4.8,7.2,0,1,1,1362.6
P007956,2024-12-28,bandung,townhouse,75.0,143.0,3,5,3,2,14.0,sedang,SHM,3.4,6.6,1,0,0,1291.0
P008243,2024-12-28,yogyakarta,rumah,175.0,65.0,1,1,1,2,13.0,baik,SHM,3.2,10.4,1,0,0,1255.8
P001000,2024-12-29,tangerang_selatan,rumah,103.0,100.0,2,3,3,2,12.0,sedang,SHM,5.6,23.0,0,0,0,1018.9
P004115,2024-12-29,surabaya,rumah,73.0,52.0,1,2,2,1,33.0,sedang,SHM,10.3,11.3,1,0,0,879.5
P004214,2024-12-29,jakarta_selatan,rumah,72.0,50.0,1,1,1,0,2.0,baik,SHM,3.1,6.3,0,1,0,2205.8
P004983,2024-12-29,tangerang_selatan,rumah,114.0,106.0,2,3,3,2,6.0,baik,SHM,6.1,23.4,0,0,0,1370.0
P005209,2024-12-29,jakarta_selatan,ruko,69.0,74.0,2,0,1,1,33.0,perlu_renovasi,SHM,7.8,7.0,1,1,0,2273.9
P005214,2024-12-29,semarang,rumah,298.0,336.0,2,9,8,3,12.0,sedang,SHM,7.2,14.2,1,0,0,2259.8
P005396,2024-12-29,bekasi,rumah,98.0,59.0,1,2,2,1,6.0,sedang,SHM,8.6,28.0,0,0,0,540.4
P005595,2024-12-29,depok,rumah,89.0,41.0,1,1,1,1,,baik,SHM,7.1,17.1,1,0,0,824.4
P006065,2024-12-29,tangerang_selatan,rumah,166.0,177.0,2,5,4,2,2.0,baik,HGB,2.7,10.6,0,1,0,2286.1
P006066,2024-12-29,semarang,rumah,88.0,44.0,1,1,1,1,,baik,HGB,11.7,19.1,0,0,0,488.9
P006629,2024-12-29,jakarta_barat,rumah,84.0,38.0,1,1,1,1,6.0,sedang,SHM,6.3,4.9,1,1,0,1896.8
P008591,2024-12-29,depok,rumah,73.0,114.0,2,4,4,0,29.0,sedang,girik_ajb,3.0,10.2,0,0,0,695.3
P008797,2024-12-29,depok,rumah,152.0,208.0,2,5,5,1,10.0,baik,SHM,3.9,7.0,1,1,0,2433.3
P001232,2025-01-01,bogor,rumah,197.0,314.0,2,7,5,2,10.0,perlu_renovasi,SHM,10.3,29.8,0,0,0,1323.9
P001621,2025-01-01,jakarta_barat,townhouse,94.0,114.0,2,3,3,1,15.0,sedang,SHM,13.8,16.4,1,0,0,1630.8
P004616,2025-01-01,tangerang_selatan,rumah,119.0,80.0,1,3,2,1,22.0,sedang,SHM,6.2,4.0,0,0,0,2141.4
P008058,2025-01-01,tangerang_selatan,rumah,117.0,50.0,1,1,1,2,6.0,baik,SHM,5.2,12.6,1,0,0,1315.4
P008110,2025-01-01,bogor,rumah,78.0,126.0,2,3,3,1,6.0,sedang,SHM,7.2,25.5,0,0,0,549.6
P008732,2025-01-01,depok,rumah,109.0,47.0,1,1,1,1,21.0,perlu_renovasi,SHM,3.5,5.4,0,0,0,1081.2
P009321,2025-01-01,bandung,ruko,74.0,100.0,4,1,1,0,7.0,sedang,SHM,6.2,6.9,0,0,0,1461.5
P009748,2025-01-01,semarang,rumah,198.0,93.0,1,3,2,3,5.0,baik,SHM,2.5,8.7,1,1,0,1349.3
P000539,2025-01-02,jakarta_barat,rumah,102.0,50.0,1,2,2,1,13.0,baik,HGB,6.5,11.8,0,0,0,1495.8
P004402,2025-01-02,bandung,rumah,81.0,97.0,3,3,2,1,13.0,baik,HGB,5.4,7.6,1,1,0,1082.2
P006475,2025-01-02,jakarta_selatan,rumah,220.0,238.0,2,6,6,1,26.0,baik,SHM,5.9,10.2,1,1,0,5653.5
P008373,2025-01-02,jakarta_barat,rumah,230.0,151.0,1,3,2,3,23.0,baik,SHM,4.1,19.4,1,0,0,2138.7
P009614,2025-01-02,tangerang_selatan,rumah,73.0,39.0,1,1,1,0,19.0,baik,SHM,3.9,10.4,1,0,0,871.4
P009795,2025-01-02,jakarta_barat,rumah,176.0,128.0,1,3,2,2,7.0,baik,HGB,5.6,17.4,0,0,0,1702.1
P000956,2025-01-03,semarang,ruko,84.0,75.0,2,0,1,2,31.0,baik,girik_ajb,12.3,19.5,0,0,0,465.9
P002057,2025-01-03,yogyakarta,ruko,57.0,149.0,4,2,1,1,9.0,baik,girik_ajb,15.2,8.4,0,1,0,1027.5
P003847,2025-01-03,bandung,rumah,77.0,62.0,1,2,2,1,3.0,sedang,SHM,2.4,17.2,1,0,0,531.9
P005046,2025-01-03,yogyakarta,ruko,97.0,284.0,4,6,4,1,21.0,sedang,SHM,7.4,18.0,0,0,0,1478.0
P007656,2025-01-03,surabaya,rumah,185.0,128.0,1,4,3,2,5.0,sedang,HGB,3.7,18.9,1,0,0,1445.5
P007658,2025-01-03,surabaya,rumah,124.0,97.0,2,3,2,2,20.0,sedang,HGB,4.4,10.9,1,0,0,1163.9
P009114,2025-01-03,depok,rumah,121.0,90.0,1,3,3,1,40.0,perlu_renovasi,SHM,3.5,13.7,1,0,0,867.7
P009276,2025-01-03,jakarta_selatan,rumah,65.0,31.0,1,1,1,2,24.0,perlu_renovasi,SHM,8.0,2.1,0,0,0,2724.9
P001943,2025-01-04,bekasi,rumah,236.0,405.0,3,10,8,3,13.0,perlu_renovasi,SHM,6.9,9.5,0,0,0,2639.8
P002560,2025-01-04,jakarta_selatan,ruko,69.0,181.0,4,3,2,0,15.0,sedang,SHM,3.1,6.1,0,0,0,2373.1
P002655,2025-01-04,bekasi,townhouse,77.0,135.0,3,3,2,2,,baik,HGB,4.2,10.2,0,0,0,1315.1
P004154,2025-01-04,depok,townhouse,55.0,76.0,2,2,2,1,15.0,sedang,SHM,3.8,4.1,0,0,0,789.9
P004221,2025-01-04,jakarta_barat,rumah,42.0,46.0,2,1,1,0,4.0,baik,HGB,4.6,10.3,1,0,0,709.4
P005920,2025-01-04,tangerang_selatan,rumah,88.0,118.0,2,4,3,1,43.0,perlu_renovasi,SHM,6.4,22.8,1,0,1,542.1
P006257,2025-01-04,bandung,townhouse,96.0,84.0,2,2,1,1,8.0,baik,SHM,5.0,14.4,1,0,0,1119.3
P007553,2025-01-04,tangerang_selatan,rumah,267.0,356.0,2,10,8,3,18.0,sedang,HGB,4.5,11.0,0,0,0,3403.0
P009010,2025-01-04,jakarta_selatan,rumah,88.0,61.0,1,2,2,0,20.0,sedang,SHM,3.3,12.9,1,1,0,2014.9
P009786,2025-01-04,bogor,townhouse,100.0,175.0,2,5,5,1,12.0,baik,SHM,3.4,12.4,1,0,0,1200.2
P002869,2025-01-05,yogyakarta,rumah,82.0,30.0,1,1,1,0,9.0,baik,SHM,2.4,4.7,1,0,0,693.9
P003428,2025-01-05,semarang,rumah,66.0,101.0,2,3,3,1,20.0,baik,SHM,4.8,10.7,0,0,0,572.3
P005837,2025-01-05,semarang,rumah,115.0,153.0,3,5,4,2,18.0,baik,SHM,3.3,4.4,0,1,0,1236.4
P006154,2025-01-05,tangerang_selatan,townhouse,73.0,140.0,3,4,3,1,12.0,sedang,SHM,9.3,13.7,1,0,0,1258.1
P007657,2025-01-05,surabaya,rumah,101.0,58.0,1,1,1,1,41.0,sedang,SHM,2.8,15.6,0,0,0,636.2
P007822,2025-01-05,bogor,ruko,48.0,71.0,4,0,1,1,20.0,sedang,HGB,6.4,8.3,0,1,0,562.0
P002282,2025-01-06,jakarta_barat,ruko,46.0,89.0,3,1,1,0,10.0,baik,SHM,9.7,19.2,1,0,0,800.2
P003212,2025-01-06,bandung,rumah,129.0,53.0,1,1,1,1,6.0,baik,SHM,2.5,9.0,1,0,1,1144.2
P005074,2025-01-06,depok,rumah,151.0,191.0,2,5,5,1,13.0,sedang,SHM,5.5,16.7,1,0,0,1393.8
P005075,2025-01-06,yogyakarta,rumah,167.0,238.0,2,7,5,2,16.0,baik,HGB,4.1,12.3,1,0,0,1835.5
P006085,2025-01-06,jakarta_selatan,ruko,98.0,158.0,4,4,3,1,2.0,baik,SHM,4.2,14.1,0,0,0,3173.6
P008293,2025-01-06,bekasi,rumah,264.0,145.0,1,5,4,2,7.0,baik,HGB,2.8,27.5,0,0,0,1433.6
P008717,2025-01-06,jakarta_barat,rumah,111.0,45.0,1,1,1,1,13.0,baik,HGB,10.7,11.5,0,0,0,1642.8
P001408,2025-01-07,jakarta_selatan,ruko,63.0,117.0,4,1,1,0,26.0,perlu_renovasi,SHM,5.2,8.0,1,1,0,2650.1
P003635,2025-01-07,bogor,rumah,112.0,85.0,1,2,1,1,16.0,baik,SHM,6.8,23.3,0,0,0,619.3
P004444,2025-01-07,semarang,rumah,267.0,181.0,1,5,4,3,11.0,baik,SHM,3.6,5.1,0,0,1,1597.4
P006110,2025-01-07,bogor,rumah,84.0,39.0,1,1,1,1,25.0,sedang,SHM,4.2,27.3,0,0,0,278.3
P006192,2025-01-07,jakarta_barat,ruko,75.0,87.0,2,0,1,0,19.0,baik,SHM,9.9,3.9,1,0,0,2079.5
P007628,2025-01-07,semarang,townhouse,134.0,160.0,2,4,3,2,15.0,sedang,SHM,3.2,18.1,0,0,0,969.6
P008027,2025-01-07,bekasi,rumah,149.0,195.0,2,6,7,2,6.0,baik,SHM,5.4,18.9,0,0,1,1453.8
P008287,2025-01-07,bekasi,rumah,119.0,186.0,3,5,5,3,3.0,sedang,HGB,5.3,15.1,0,0,0,1486.2
P009935,2025-01-07,semarang,rumah,99.0,55.0,1,1,1,1,14.0,sedang,HGB,2.8,15.0,0,0,0,438.3
P000052,2025-01-08,jakarta_selatan,rumah,221.0,303.0,2,9,6,2,4.0,sedang,HGB,7.5,2.4,1,1,0,7800.2
P001204,2025-01-08,bandung,rumah,92.0,70.0,2,2,2,0,33.0,perlu_renovasi,SHM,3.5,5.6,1,1,0,825.5
P001945,2025-01-08,surabaya,rumah,135.0,194.0,2,5,3,1,16.0,sedang,SHM,6.5,6.3,0,1,1,1824.2
P003918,2025-01-08,depok,rumah,101.0,157.0,2,6,5,1,17.0,baik,SHM,5.1,15.4,1,0,0,1239.8
P003980,2025-01-08,bandung,ruko,60.0,110.0,3,2,2,1,8.0,sedang,SHM,10.2,20.2,1,0,0,795.8
P006771,2025-01-08,tangerang_selatan,rumah,136.0,227.0,2,6,5,2,,baik,SHM,3.3,25.0,1,0,0,1531.5
P007473,2025-01-08,bekasi,townhouse,66.0,92.0,2,2,2,1,15.0,sedang,SHM,7.8,19.9,0,0,0,733.1
P008300,2025-01-08,tangerang_selatan,rumah,181.0,112.0,1,3,2,2,4.0,sedang,SHM,5.1,7.3,0,0,0,2625.0
P001843,2025-01-09,jakarta_barat,rumah,81.0,27.0,1,1,1,1,14.0,sedang,SHM,4.5,13.8,0,0,0,920.4
P002768,2025-01-09,bandung,ruko,59.0,158.0,4,2,1,0,1.0,baik,girik_ajb,9.1,8.5,0,0,1,1130.6
P004195,2025-01-09,tangerang_selatan,rumah,138.0,95.0,1,3,3,0,18.0,baik,SHM,3.5,22.8,0,0,0,1104.3
P009125,2025-01-09,surabaya,rumah,135.0,121.0,1,4,3,2,16.0,sedang,HGB,3.6,4.9,1,1,0,1950.4
P009674,2025-01-09,depok,townhouse,81.0,94.0,3,2,2,2,15.0,sedang,SHM,5.9,7.8,1,1,0,978.6
P000044,2025-01-10,tangerang_selatan,rumah,118.0,66.0,1,2,2,1,7.0,sedang,SHM,5.9,17.5,0,0,0,1087.0
P001473,2025-01-10,jakarta_selatan,ruko,54.0,111.0,3,1,1,2,3.0,baik,SHM,4.0,2.6,0,1,0,2696.8
P004010,2025-01-10,bogor,townhouse,123.0,111.0,2,3,2,2,,baik,HGB,9.0,20.1,0,0,0,831.3
P005627,2025-01-10,bandung,rumah,140.0,213.0,2,5,5,1,4.0,baik,SHM,4.6,11.0,0,0,0,2087.9
P005694,2025-01-10,surabaya,ruko,91.0,100.0,2,1,1,0,13.0,sedang,HGB,11.6,20.1,0,0,0,932.1
P006981,2025-01-10,yogyakarta,rumah,203.0,256.0,2,7,5,2,5.0,baik,HGB,7.8,16.8,1,0,0,2523.6
P007159,2025-01-10,jakarta_barat,townhouse,61.0,86.0,2,3,2,1,15.0,sedang,SHM,3.1,19.5,0,0,0,816.0
P001263,2025-01-11,tangerang_selatan,rumah,87.0,95.0,2,2,2,1,3.0,baik,SHM,8.9,15.0,0,0,0,1600.0
P001310,2025-01-11,yogyakarta,rumah,162.0,132.0,2,3,3,2,9.0,baik,SHM,5.9,6.1,0,0,0,1363.1
P001484,2025-01-11,tangerang_selatan,rumah,223.0,169.0,1,4,3,2,13.0,baik,HGB,3.6,18.4,1,0,0,2296.6
P001789,2025-01-11,surabaya,townhouse,77.0,103.0,2,3,2,0,5.0,baik,HGB,5.1,19.8,0,0,0,859.6
P001854,2025-01-11,bandung,rumah,103.0,49.0,1,1,1,1,12.0,baik,SHM,5.3,19.8,0,0,0,701.6
P002746,2025-01-11,surabaya,rumah,100.0,220.0,3,5,5,0,18.0,baik,girik_ajb,2.7,3.8,1,0,0,1396.0
P004673,2025-01-11,jakarta_selatan,rumah,95.0,46.0,1,1,1,1,10.0,sedang,SHM,3.3,10.6,0,0,1,1919.8
P006581,2025-01-11,surabaya,ruko,75.0,61.0,2,0,1,1,7.0,baik,SHM,4.3,19.9,0,0,0,777.1
P006803,2025-01-11,depok,rumah,87.0,132.0,2,3,3,1,9.0,baik,SHM,3.9,7.6,0,0,0,1319.0
P007060,2025-01-11,bekasi,rumah,112.0,152.0,2,3,2,1,,sedang,HGB,6.1,15.1,0,0,0,1268.5
P007258,2025-01-11,semarang,rumah,73.0,36.0,1,1,1,1,5.0,baik,SHM,3.5,7.9,0,0,0,435.7
P008144,2025-01-11,tangerang_selatan,rumah,97.0,194.0,3,7,8,1,30.0,perlu_renovasi,SHM,11.1,4.8,0,0,0,1515.4
P008465,2025-01-11,bandung,rumah,93.0,187.0,3,6,4,1,,perlu_renovasi,SHM,8.5,17.6,1,0,1,761.2
P009946,2025-01-11,jakarta_selatan,townhouse,72.0,60.0,2,2,1,0,4.0,sedang,SHM,,12.4,0,0,1,1430.5
P000182,2025-01-12,semarang,townhouse,93.0,110.0,2,3,3,1,12.0,baik,HGB,4.9,13.0,0,0,0,943.3
P000890,2025-01-12,bandung,rumah,289.0,348.0,2,8,7,3,39.0,sedang,HGB,2.5,3.2,0,0,0,2419.0
P000932,2025-01-12,bekasi,ruko,54.0,62.0,2,0,1,1,6.0,baik,SHM,13.0,24.3,1,0,0,557.9
P001187,2025-01-12,bekasi,townhouse,111.0,140.0,3,4,4,1,15.0,baik,SHM,6.2,28.4,0,0,0,1055.1
P002056,2025-01-12,depok,rumah,118.0,61.0,1,2,2,2,31.0,sedang,SHM,8.0,15.3,0,0,1,619.8
P002868,2025-01-12,depok,rumah,79.0,125.0,2,4,4,1,14.0,perlu_renovasi,HGB,8.9,18.0,0,0,0,698.5
P004370,2025-01-12,bekasi,rumah,105.0,92.0,2,3,2,1,9.0,baik,SHM,5.6,27.5,0,1,0,710.9
P004696,2025-01-12,bandung,rumah,209.0,360.0,2,9,7,3,4.0,sedang,SHM,3.7,16.0,0,0,0,2523.1
P001403,2025-01-13,yogyakarta,rumah,93.0,63.0,1,2,2,1,2.0,baik,SHM,10.3,5.0,0,1,0,1200.1
P003370,2025-01-13,bekasi,rumah,149.0,296.0,3,8,8,2,9.0,baik,SHM,4.2,20.1,0,0,0,1575.7
P006673,2025-01-13,depok,ruko,118.0,273.0,3,6,4,1,23.0,sedang,SHM,5.6,5.5,0,0,1,1771.1
P007982,2025-01-13,semarang,rumah,197.0,184.0,2,6,4,3,21.0,baik,SHM,5.5,11.9,1,0,0,1211.8
P008022,2025-01-13,tangerang_selatan,rumah,88.0,63.0,1,2,1,1,8.0,baik,SHM,4.0,21.3,0,0,0,908.1
P009641,2025-01-13,bandung,rumah,163.0,69.0,1,2,1,2,,perlu_renovasi,SHM,6.6,7.3,0,0,0,1387.4
P001721,2025-01-14,jakarta_selatan,ruko,75.0,90.0,3,1,1,1,15.0,perlu_renovasi,SHM,8.4,3.5,0,0,0,3148.1
P002574,2025-01-14,surabaya,rumah,123.0,255.0,3,7,7,2,15.0,sedang,HGB,,7.7,0,0,0,1634.2
P004566,2025-01-14,bandung,rumah,218.0,167.0,2,4,3,2,25.0,perlu_renovasi,SHM,5.3,12.6,0,0,0,1816.1
P009842,2025-01-14,jakarta_barat,rumah,127.0,202.0,2,5,5,2,3.0,baik,HGB,4.3,19.9,0,0,0,2120.6
P000666,2025-01-15,bandung,townhouse,83.0,159.0,3,4,4,2,3.0,baik,SHM,,14.5,0,0,0,1646.9
P000678,2025-01-15,depok,rumah,117.0,42.0,1,1,1,1,37.0,perlu_renovasi,HGB,4.7,19.5,0,0,0,474.4
P000931,2025-01-15,tangerang_selatan,townhouse,95.0,149.0,2,3,2,2,14.0,baik,HGB,8.4,8.7,0,0,0,1753.8
P000957,2025-01-15,surabaya,rumah,138.0,308.0,3,9,8,1,4.0,baik,SHM,6.5,23.8,0,0,0,2026.2
P001649,2025-01-15,semarang,rumah,30.0,21.0,1,1,1,0,9.0,baik,HGB,12.5,8.1,1,0,0,273.1
P002050,2025-01-15,tangerang_selatan,ruko,50.0,119.0,3,1,1,1,20.0,sedang,SHM,5.0,18.5,0,0,0,769.8
P002864,2025-01-15,jakarta_selatan,rumah,87.0,59.0,1,2,1,1,29.0,perlu_renovasi,HGB,2.7,4.6,1,0,0,1648.4
P004706,2025-01-15,tangerang_selatan,rumah,135.0,185.0,2,5,4,1,23.0,sedang,HGB,4.4,3.6,0,0,0,2457.2
P004991,2025-01-15,jakarta_selatan,ruko,84.0,186.0,3,4,4,1,37.0,sedang,HGB,8.6,16.6,0,0,0,1889.7
P006500,2025-01-15,bogor,rumah,114.0,143.0,3,4,4,2,19.0,sedang,HGB,5.7,9.8,0,1,0,817.5
P007403,2025-01-15,tangerang_selatan,rumah,106.0,89.0,1,2,2,1,10.0,sedang,girik_ajb,3.4,13.8,1,0,0,962.7
P008235,2025-01-15,semarang,townhouse,71.0,98.0,2,2,2,0,15.0,sedang,girik_ajb,7.2,13.5,0,0,0,648.0
P009585,2025-01-15,surabaya,ruko,123.0,192.0,4,2,1,1,9.0,baik,HGB,12.7,8.8,1,0,0,2135.0
P000863,2025-01-16,surabaya,rumah,66.0,29.0,1,1,1,0,22.0,perlu_renovasi,HGB,5.4,8.9,0,0,0,577.6
P001492,2025-01-16,surabaya,rumah,107.0,101.0,2,3,2,2,,sedang,HGB,6.0,2.6,1,1,0,1778.2
P002396,2025-01-16,yogyakarta,rumah,116.0,111.0,2,3,3,2,19.0,sedang,SHM,7.4,8.8,0,0,0,1277.8
P002611,2025-01-16,semarang,rumah,73.0,63.0,1,2,2,1,48.0,sedang,SHM,6.5,14.3,1,1,0,416.9
P004540,2025-01-16,bekasi,townhouse,86.0,105.0,2,2,2,2,5.0,baik,HGB,3.7,24.0,0,0,0,960.8
P005386,2025-01-16,surabaya,rumah,142.0,156.0,2,4,3,1,31.0,sedang,SHM,4.8,15.3,1,0,0,1306.5
P006347,2025-01-16,yogyakarta,rumah,184.0,224.0,2,7,5,2,5.0,baik,HGB,4.2,9.8,1,0,0,2272.9
P007624,2025-01-16,jakarta_barat,rumah,127.0,120.0,2,3,3,2,20.0,perlu_renovasi,SHM,6.0,14.5,1,0,1,1431.6
P001374,2025-01-17,surabaya,rumah,120.0,96.0,1,2,2,1,8.0,sedang,HGB,2.7,24.1,0,0,0,842.3
P001486,2025-01-17,jakarta_selatan,rumah,294.0,202.0,1,6,5,3,2.0,baik,SHM,4.7,10.3,1,0,0,5794.2
P003599,2025-01-17,yogyakarta,townhouse,71.0,60.0,2,2,1,1,4.0,baik,HGB,4.0,8.2,0,0,1,736.7
P003831,2025-01-17,depok,rumah,121.0,96.0,2,3,3,1,,sedang,HGB,4.5,8.1,1,0,0,1168.8
P007083,2025-01-17,surabaya,rumah,129.0,123.0,2,3,2,1,3.0,sedang,HGB,6.8,11.7,0,0,0,1398.4
P008081,2025-01-17,jakarta_barat,rumah,121.0,159.0,2,4,3,1,17.0,sedang,HGB,3.9,18.2,0,0,1,1132.6
P000934,2025-01-18,surabaya,ruko,92.0,77.0,2,0,1,2,10.0,sedang,SHM,9.8,13.6,0,0,0,1242.7
P000965,2025-01-18,yogyakarta,townhouse,65.0,57.0,2,1,1,1,15.0,baik,SHM,3.7,11.7,0,0,0,618.3
P002249,2025-01-18,bekasi,ruko,70.0,124.0,3,1,1,0,22.0,baik,HGB,11.3,17.3,0,1,0,780.1
P002728,2025-01-18,jakarta_barat,ruko,63.0,186.0,4,5,5,1,9.0,sedang,SHM,9.7,14.3,1,1,0,1790.4
P003112,2025-01-18,tangerang_selatan,rumah,180.0,150.0,2,5,4,2,18.0,perlu_renovasi,HGB,2.4,5.1,0,0,0,1977.7
P005575,2025-01-18,tangerang_selatan,rumah,137.0,45.0,1,1,1,2,27.0,perlu_renovasi,SHM,,14.2,0,0,0,1201.8
P005723,2025-01-18,jakarta_selatan,rumah,41.0,33.0,1,1,1,0,9.0,baik,HGB,1.9,15.8,0,0,0,652.8
P006401,2025-01-18,jakarta_barat,townhouse,91.0,105.0,2,2,2,2,13.0,perlu_renovasi,HGB,10.1,18.2,0,0,0,908.1
P006809,2025-01-18,bekasi,rumah,186.0,100.0,1,3,3,2,28.0,sedang,SHM,6.7,20.8,0,0,0,1106.5
P009776,2025-01-18,jakarta_selatan,rumah,67.0,46.0,1,1,1,0,7.0,baik,SHM,2.4,4.6,1,1,0,1736.3
P007903,2025-01-19,yogyakarta,rumah,183.0,138.0,1,4,4,2,14.0,perlu_renovasi,SHM,4.3,19.4,0,0,0,1115.5
P009483,2025-01-19,yogyakarta,townhouse,68.0,85.0,2,3,3,0,15.0,sedang,girik_ajb,7.2,19.9,1,0,0,559.3
P009819,2025-01-19,bekasi,rumah,152.0,101.0,1,3,3,2,32.0,sedang,HGB,6.4,24.0,0,0,0,608.4
P002288,2025-01-20,surabaya,rumah,123.0,89.0,1,3,3,1,2.0,baik,SHM,3.8,19.7,0,0,1,992.1
P002646,2025-01-20,semarang,ruko,70.0,81.0,3,0,1,1,8.0,baik,SHM,,18.1,0,0,0,565.0
P003311,2025-01-20,yogyakarta,rumah,120.0,54.0,1,2,1,0,30.0,sedang,SHM,3.3,12.3,1,0,1,652.9
P003608,2025-01-20,tangerang_selatan,rumah,58.0,41.0,1,1,1,1,3.0,baik,SHM,5.3,24.3,0,0,0,581.8
P004148,2025-01-20,bandung,rumah,114.0,122.0,3,3,3,1,12.0,baik,SHM,7.7,20.3,1,0,0,1207.2
P004378,2025-01-20,jakarta_barat,townhouse,81.0,200.0,3,5,4,2,15.0,sedang,SHM,,13.5,0,0,1,1703.9
P005494,2025-01-20,tangerang_selatan,rumah,208.0,99.0,1,2,2,2,2.0,sedang,SHM,6.8,12.1,0,0,0,2348.2
P008356,2025-01-20,surabaya,rumah,200.0,126.0,1,3,2,1,8.0,sedang,girik_ajb,6.3,2.1,1,0,0,2931.5
P008768,2025-01-20,yogyakarta,rumah,80.0,90.0,2,3,3,0,18.0,sedang,SHM,2.4,17.9,0,0,1,509.1
P005928,2025-01-21,surabaya,rumah,169.0,253.0,2,7,6,2,15.0,sedang,SHM,4.7,17.8,0,0,0,1677.8
P006765,2025-01-21,tangerang_selatan,rumah,142.0,115.0,2,3,3,1,7.0,baik,HGB,7.1,23.4,1,0,0,1805.9
P007285,2025-01-21,yogyakarta,rumah,96.0,180.0,3,5,4,2,15.0,sedang,SHM,5.8,18.2,0,0,0,1197.2
P008519,2025-01-21,depok,ruko,97.0,228.0,3,5,4,1,14.0,baik,SHM,3.4,17.4,1,0,0,1584.4
P008998,2025-01-21,bekasi,ruko,75.0,127.0,3,2,2,0,14.0,sedang,HGB,1.5,15.3,0,0,0,815.3
P009480,2025-01-21,bandung,townhouse,94.0,131.0,2,3,3,1,15.0,baik,HGB,6.7,11.5,0,0,0,1106.9
P000276,2025-01-22,bekasi,rumah,84.0,50.0,1,2,2,1,7.0,sedang,SHM,4.5,6.6,0,0,1,612.0
P001097,2025-01-22,jakarta_barat,ruko,55.0,109.0,4,1,1,0,17.0,sedang,SHM,9.7,3.9,1,1,0,1816.1
P001322,2025-01-22,bekasi,rumah,149.0,178.0,2,5,4,2,18.0,sedang,SHM,2.6,12.0,0,0,0,1110.5
P001931,2025-01-22,bogor,rumah,99.0,103.0,3,2,2,2,15.0,baik,SHM,8.9,24.3,1,0,1,594.2
P002659,2025-01-22,jakarta_selatan,rumah,70.0,78.0,2,2,2,2,13.0,baik,SHM,5.0,17.2,0,0,0,1503.4
P002874,2025-01-22,tangerang_selatan,townhouse,69.0,101.0,2,3,2,0,2.0,sedang,SHM,,20.0,1,0,0,985.9
P003359,2025-01-22,bandung,rumah,101.0,66.0,1,2,2,2,20.0,baik,SHM,3.2,10.4,1,0,0,994.1
P003739,2025-01-22,surabaya,rumah,171.0,155.0,2,4,3,2,5.0,baik,HGB,4.6,23.7,0,1,1,1746.3
P007606,2025-01-22,yogyakarta,rumah,49.0,45.0,2,1,1,1,29.0,sedang,HGB,5.1,11.1,0,0,0,339.7
P008950,2025-01-22,jakarta_barat,townhouse,61.0,67.0,2,2,2,2,15.0,baik,HGB,6.2,16.4,0,0,0,919.7
P001810,2025-01-23,jakarta_selatan,rumah,95.0,159.0,2,4,4,1,24.0,perlu_renovasi,HGB,,15.5,1,0,0,1811.8
P001895,2025-01-23,tangerang_selatan,ruko,94.0,253.0,3,6,5,1,25.0,baik,SHM,5.7,3.7,1,0,0,2418.5
P002626,2025-01-23,bekasi,rumah,130.0,133.0,2,3,3,1,9.0,baik,SHM,2.6,18.8,0,0,0,1121.3
P003856,2025-01-23,jakarta_barat,rumah,89.0,225.0,3,6,6,1,24.0,sedang,girik_ajb,4.4,12.7,0,0,0,1383.2
P004234,2025-01-23,surabaya,rumah,103.0,51.0,1,1,1,1,,sedang,girik_ajb,6.6,6.6,0,0,1,698.1
P004467,2025-01-23,jakarta_barat,rumah,106.0,130.0,2,4,3,1,27.0,sedang,SHM,5.6,5.2,1,0,0,1933.2
P000304,2025-01-24,depok,ruko,72.0,120.0,2,1,1,1,16.0,baik,SHM,10.8,15.1,1,0,0,1201.1
P002359,2025-01-24,yogyakarta,rumah,106.0,95.0,2,2,2,1,19.0,perlu_renovasi,HGB,6.0,18.6,1,0,0,730.9
P002618,2025-01-24,surabaya,rumah,173.0,240.0,2,8,7,2,17.0,baik,SHM,6.4,13.0,0,0,0,2060.5
P003281,2025-01-24,bandung,rumah,179.0,244.0,3,8,8,2,13.0,sedang,SHM,4.3,8.2,1,0,0,1969.3
P006178,2025-01-24,bekasi,rumah,155.0,129.0,2,4,4,2,29.0,perlu_renovasi,SHM,10.5,21.4,0,0,1,805.9
P006656,2025-01-24,bekasi,rumah,183.0,115.0,1,3,2,2,26.0,baik,HGB,3.5,24.2,0,0,0,1055.8
P007137,2025-01-24,jakarta_barat,rumah,171.0,192.0,2,6,5,2,3.0,baik,SHM,4.5,14.2,1,0,0,2761.0
P007791,2025-01-24,bandung,ruko,71.0,209.0,4,4,4,1,23.0,sedang,SHM,7.0,19.5,0,0,1,1048.5
P000981,2025-01-25,yogyakarta,ruko,80.0,122.0,3,2,2,1,1.0,baik,SHM,11.2,8.1,1,0,1,1203.5
P001685,2025-01-25,jakarta_selatan,rumah,254.0,115.0,1,3,3,2,39.0,sedang,SHM,10.0,15.5,1,0,0,3812.0
P007077,2025-01-25,tangerang_selatan,ruko,76.0,110.0,4,1,1,0,50.0,baik,SHM,15.3,4.5,1,1,0,1855.6
P007357,2025-01-25,bandung,townhouse,89.0,195.0,3,5,5,1,14.0,sedang,SHM,6.7,13.7,0,1,0,1270.9
P000017,2025-01-26,depok,rumah,133.0,77.0,1,2,2,1,8.0,baik,SHM,5.3,17.0,0,0,0,1122.6
P000087,2025-01-26,bandung,ruko,66.0,114.0,4,1,1,0,4.0,baik,SHM,12.8,15.9,1,0,0,976.0
P004317,2025-01-26,yogyakarta,townhouse,63.0,46.0,2,1,1,1,8.0,baik,SHM,5.9,13.1,0,0,0,565.8
P005927,2025-01-26,surabaya,rumah,119.0,98.0,2,3,3,1,19.0,sedang,HGB,5.4,20.9,0,0,0,739.4
P007326,2025-01-26,tangerang_selatan,rumah,100.0,53.0,1,2,1,1,17.0,baik,SHM,2.8,15.0,0,0,0,847.5
P008126,2025-01-26,bekasi,townhouse,91.0,117.0,2,3,2,0,15.0,sedang,HGB,7.3,16.8,0,0,0,940.0
P003890,2025-01-27,tangerang_selatan,rumah,117.0,77.0,1,2,2,2,,perlu_renovasi,SHM,3.2,6.4,0,1,0,1912.3
P008978,2025-01-27,semarang,rumah,36.0,30.0,1,1,1,0,25.0,sedang,SHM,2.2,17.6,1,0,0,199.4
P009239,2025-01-27,surabaya,rumah,100.0,77.0,1,2,1,1,32.0,perlu_renovasi,HGB,3.9,11.4,1,1,0,869.7
P001288,2025-01-28,tangerang_selatan,rumah,100.0,131.0,2,3,3,1,7.0,baik,SHM,12.4,23.5,0,0,0,1534.6
P002593,2025-01-28,bandung,rumah,108.0,167.0,2,4,4,1,4.0,baik,HGB,6.9,17.7,1,0,0,1439.8
P004820,2025-01-28,depok,ruko,46.0,51.0,2,0,1,0,11.0,baik,SHM,5.3,10.8,1,0,0,719.0
P005532,2025-01-28,surabaya,rumah,94.0,78.0,2,2,2,1,18.0,perlu_renovasi,SHM,5.4,23.7,0,0,1,509.6
P000357,2025-02-01,surabaya,rumah,100.0,45.0,1,1,1,1,18.0,sedang,HGB,11.2,13.2,1,0,0,992.6
P001442,2025-02-01,jakarta_selatan,rumah,218.0,239.0,2,6,4,3,5.0,baik,SHM,3.3,6.4,0,0,0,5197.5
P002420,2025-02-01,yogyakarta,rumah,255.0,370.0,3,10,6,3,8.0,baik,SHM,6.4,5.2,0,0,0,3363.3
P007116,2025-02-01,semarang,rumah,92.0,41.0,1,1,1,2,24.0,baik,SHM,8.4,16.8,0,0,0,431.6
P008863,2025-02-01,surabaya,rumah,128.0,270.0,3,6,5,1,1.0,baik,SHM,4.3,23.3,0,0,0,2163.1
P009211,2025-02-01,yogyakarta,rumah,140.0,78.0,1,2,2,1,16.0,sedang,SHM,3.6,15.7,0,0,0,896.0
P001048,2025-02-02,surabaya,rumah,319.0,385.0,2,10,8,4,7.0,sedang,SHM,5.8,12.3,0,0,0,3974.9
P001923,2025-02-02,depok,townhouse,79.0,120.0,2,3,3,0,11.0,baik,HGB,4.0,19.1,0,1,0,988.5
P002372,2025-02-02,tangerang_selatan,rumah,107.0,113.0,2,3,2,1,7.0,baik,SHM,3.3,7.2,1,0,0,1992.3
P004774,2025-02-02,bekasi,rumah,125.0,104.0,1,3,3,2,6.0,baik,girik_ajb,9.2,11.1,1,1,0,1420.1
P006213,2025-02-02,bekasi,townhouse,78.0,98.0,2,3,3,1,15.0,perlu_renovasi,SHM,5.9,8.6,0,0,0,741.1
P008334,2025-02-02,bogor,ruko,45.0,42.0,2,0,1,1,15.0,baik,HGB,13.4,29.3,1,0,0,277.2
P008597,2025-02-02,bandung,rumah,190.0,280.0,2,7,5,2,8.0,sedang,SHM,3.1,5.6,1,0,0,2448.3
P008874,2025-02-02,surabaya,rumah,170.0,232.0,2,8,7,2,8.0,baik,SHM,3.7,14.4,0,0,0,1982.1
P001117,2025-02-03,jakarta_barat,rumah,122.0,206.0,2,6,4,2,7.0,sedang,SHM,,5.8,0,1,1,2389.4
P001254,2025-02-03,bogor,rumah,97.0,68.0,1,2,2,1,15.0,baik,SHM,9.0,8.4,1,0,0,776.3
P002640,2025-02-03,jakarta_barat,townhouse,102.0,137.0,2,3,3,1,15.0,baik,SHM,4.7,11.3,1,0,0,1771.0
P004805,2025-02-03,surabaya,rumah,52.0,33.0,1,1,1,0,47.0,baik,SHM,9.8,16.0,0,0,0,452.9
P007340,2025-02-03,semarang,rumah,46.0,68.0,2,2,1,1,21.0,baik,SHM,5.2,4.7,1,1,1,492.2
P007388,2025-02-03,jakarta_barat,rumah,130.0,170.0,2,5,4,3,16.0,sedang,SHM,6.1,14.7,0,0,0,1616.9
P001224,2025-02-04,bogor,ruko,100.0,177.0,3,4,3,1,6.0,baik,SHM,10.6,16.0,0,0,1,1226.6
P003094,2025-02-04,yogyakarta,rumah,84.0,36.0,1,1,1,0,11.0,baik,SHM,2.5,15.7,0,0,0,473.6
P003610,2025-02-04,tangerang_selatan,townhouse,70.0,83.0,2,3,3,0,13.0,baik,SHM,5.0,9.6,0,0,0,1108.2
P004440,2025-02-04,tangerang_selatan,rumah,147.0,188.0,2,5,4,1,10.0,baik,girik_ajb,4.4,18.6,0,0,0,1440.0
P007893,2025-02-04,jakarta_selatan,rumah,235.0,176.0,1,4,3,3,17.0,perlu_renovasi,SHM,4.7,17.4,0,0,1,3185.2
P008431,2025-02-04,jakarta_selatan,rumah,65.0,56.0,1,1,1,2,8.0,sedang,SHM,5.5,12.2,0,0,0,1506.6
P008764,2025-02-04,bandung,townhouse,74.0,54.0,2,2,1,1,,baik,HGB,4.5,8.0,0,1,0,1007.2
P002577,2025-02-05,bandung,rumah,150.0,109.0,1,3,2,1,19.0,baik,SHM,6.7,10.4,0,0,0,1577.3
P004690,2025-02-05,bandung,rumah,116.0,219.0,2,7,5,2,11.0,baik,SHM,5.6,19.4,0,0,0,1749.9
P004762,2025-02-05,depok,ruko,75.0,138.0,4,2,1,0,2.0,baik,SHM,7.5,14.8,1,1,0,1293.7
P007215,2025-02-05,surabaya,ruko,64.0,106.0,3,1,1,3,3.0,sedang,SHM,9.8,6.6,0,0,0,1221.7
P001652,2025-02-06,tangerang_selatan,rumah,179.0,173.0,2,6,6,2,11.0,sedang,SHM,7.2,14.6,0,0,1,1796.0
P002600,2025-02-06,yogyakarta,rumah,264.0,224.0,2,5,5,3,15.0,baik,SHM,5.8,9.1,0,0,0,2451.2
P003134,2025-02-06,jakarta_selatan,rumah,219.0,173.0,1,4,4,2,36.0,perlu_renovasi,HGB,6.4,10.2,0,0,0,3864.3
P003210,2025-02-06,jakarta_selatan,townhouse,68.0,76.0,2,2,2,1,14.0,sedang,girik_ajb,6.3,16.5,0,0,0,1231.9
P004244,2025-02-06,depok,rumah,155.0,110.0,1,3,2,1,6.0,sedang,SHM,2.4,8.2,0,1,0,1624.9
P006239,2025-02-06,surabaya,rumah,97.0,80.0,1,2,1,1,9.0,sedang,SHM,,4.6,0,0,0,1267.6
P008751,2025-02-06,bandung,rumah,37.0,47.0,2,1,1,0,16.0,baik,SHM,2.2,8.7,1,1,0,422.9
P004289,2025-02-07,yogyakarta,ruko,117.0,305.0,4,6,5,2,8.0,baik,HGB,14.1,8.1,1,0,0,2295.3
P005570,2025-02-07,semarang,rumah,178.0,159.0,2,5,3,1,12.0,sedang,HGB,4.9,2.1,0,1,0,1530.7
P006162,2025-02-07,depok,rumah,133.0,75.0,1,3,2,0,20.0,perlu_renovasi,HGB,4.9,8.4,1,0,0,1340.1
P006355,2025-02-07,tangerang_selatan,rumah,69.0,115.0,2,3,3,0,16.0,baik,SHM,4.7,18.7,0,0,0,950.6
P006534,2025-02-07,jakarta_selatan,rumah,139.0,93.0,1,3,2,2,21.0,sedang,SHM,4.1,16.4,0,0,0,2293.2
P006638,2025-02-07,bandung,ruko,55.0,87.0,3,0,1,2,9.0,baik,SHM,12.6,18.2,0,0,1,679.1
P008916,2025-02-07,tangerang_selatan,rumah,143.0,189.0,2,5,4,2,12.0,baik,SHM,3.9,6.0,1,0,0,2987.3
P005646,2025-02-08,tangerang_selatan,rumah,83.0,129.0,2,3,2,1,11.0,baik,SHM,3.4,6.2,1,0,0,1688.1
P005855,2025-02-08,jakarta_selatan,rumah,62.0,53.0,2,2,1,1,5.0,baik,SHM,,17.5,0,0,1,857.1
P007746,2025-02-08,bogor,rumah,97.0,68.0,1,2,2,2,12.0,baik,SHM,4.6,20.1,1,0,0,523.3
P000119,2025-02-09,bekasi,rumah,110.0,79.0,2,2,2,1,17.0,sedang,SHM,6.3,15.2,0,0,0,846.4
P001435,2025-02-09,jakarta_barat,rumah,141.0,90.0,1,3,2,1,12.0,baik,HGB,5.1,11.7,0,0,0,1673.6
P002309,2025-02-09,bogor,ruko,68.0,116.0,2,1,1,1,12.0,baik,SHM,3.8,20.7,1,0,0,726.7
P004877,2025-02-09,tangerang_selatan,rumah,76.0,105.0,2,2,1,1,6.0,perlu_renovasi,HGB,5.9,23.3,0,0,0,785.1
P006933,2025-02-09,bogor,townhouse,66.0,81.0,2,2,2,0,6.0,baik,SHM,5.5,12.2,1,0,0,749.7
P007772,2025-02-09,jakarta_selatan,rumah,48.0,97.0,3,3,2,1,28.0,baik,girik_ajb,9.3,8.8,0,0,0,1124.1
P008961,2025-02-09,tangerang_selatan,rumah,250.0,151.0,1,5,4,3,,sedang,SHM,4.1,6.3,0,0,0,2898.7
P009870,2025-02-09,semarang,ruko,54.0,136.0,3,2,2,0,8.0,sedang,SHM,9.3,12.2,1,0,0,712.1
P001479,2025-02-10,depok,ruko,112.0,135.0,2,3,2,1,13.0,baik,SHM,4.8,20.6,0,0,0,1358.2
P002301,2025-02-10,yogyakarta,townhouse,115.0,162.0,2,4,4,0,6.0,baik,SHM,5.4,4.8,0,1,1,1887.6
P007564,2025-02-10,bekasi,rumah,154.0,85.0,1,3,2,2,21.0,perlu_renovasi,SHM,3.8,19.6,0,0,0,747.1
P009797,2025-02-10,jakarta_selatan,rumah,59.0,32.0,1,1,1,1,11.0,baik,SHM,5.1,13.2,0,1,0,1023.8
P000199,2025-02-11,jakarta_barat,rumah,350.0,174.0,1,6,6,4,5.0,baik,SHM,6.7,13.7,1,0,0,4633.6
P001678,2025-02-11,bekasi,rumah,62.0,32.0,1,1,1,1,14.0,baik,SHM,4.3,28.5,0,0,0,326.5
P002281,2025-02-11,bekasi,townhouse,92.0,157.0,2,4,4,1,15.0,sedang,SHM,9.3,4.1,0,1,0,1579.6
P003886,2025-02-11,jakarta_selatan,rumah,180.0,311.0,2,8,7,2,17.0,baik,SHM,3.5,11.1,0,1,0,4469.9
P003941,2025-02-11,jakarta_selatan,rumah,221.0,257.0,2,9,7,2,22.0,sedang,SHM,8.3,14.3,0,0,0,3897.2
P004940,2025-02-11,jakarta_barat,rumah,95.0,109.0,2,3,2,1,24.0,baik,SHM,5.0,6.6,0,0,0,1486.0
P007188,2025-02-11,tangerang_selatan,rumah,40.0,28.0,1,1,1,1,22.0,sedang,SHM,6.9,24.3,0,0,0,315.6
P008228,2025-02-11,jakarta_barat,rumah,119.0,57.0,1,1,1,1,7.0,sedang,SHM,4.9,9.1,0,1,0,2060.2
P009714,2025-02-11,surabaya,rumah,127.0,70.0,1,2,1,2,15.0,sedang,SHM,6.6,7.6,0,0,0,1531.6
P001357,2025-02-12,depok,ruko,128.0,215.0,3,3,2,1,2.0,baik,SHM,10.4,14.4,0,0,0,1985.4
P002313,2025-02-12,bekasi,rumah,106.0,140.0,2,5,4,1,12.0,sedang,SHM,9.9,8.1,1,1,0,1595.7
P003407,2025-02-12,depok,townhouse,83.0,133.0,2,3,3,2,15.0,baik,SHM,5.0,6.8,0,0,0,1167.2
P004059,2025-02-12,bekasi,rumah,112.0,107.0,2,3,3,1,16.0,sedang,SHM,7.0,6.3,0,0,0,1182.0
P005266,2025-02-12,jakarta_selatan,townhouse,71.0,86.0,2,3,2,1,15.0,sedang,HGB,6.9,2.3,1,0,0,2337.2
P008138,2025-02-12,jakarta_selatan,rumah,84.0,35.0,1,1,1,1,18.0,baik,HGB,3.3,17.8,0,0,0,1312.3
P001253,2025-02-13,jakarta_selatan,townhouse,101.0,142.0,2,4,4,2,15.0,sedang,SHM,7.1,5.8,1,1,0,4054.2
P001369,2025-02-13,jakarta_barat,rumah,154.0,297.0,3,8,6,2,,baik,HGB,5.0,13.7,1,0,0,3034.5
P002894,2025-02-13,bogor,rumah,273.0,383.0,2,10,8,2,28.0,baik,SHM,4.5,6.2,0,0,0,2328.9
P003148,2025-02-13,bandung,townhouse,88.0,83.0,2,2,2,0,2.0,baik,HGB,2.5,5.0,1,1,0,1548.5
P003553,2025-02-13,tangerang_selatan,rumah,93.0,48.0,1,1,1,1,8.0,baik,SHM,6.9,4.3,0,0,0,1564.0
P005143,2025-02-13,tangerang_selatan,townhouse,118.0,143.0,2,3,2,1,5.0,baik,SHM,5.4,4.0,0,0,0,2688.7
P005983,2025-02-13,surabaya,ruko,68.0,192.0,4,3,2,1,11.0,baik,SHM,8.6,18.3,0,1,1,1326.9
P006073,2025-02-13,jakarta_selatan,rumah,255.0,177.0,1,5,4,3,6.0,sedang,SHM,4.2,9.3,0,0,0,5091.2
P008178,2025-02-13,bogor,rumah,215.0,186.0,1,6,4,3,,baik,HGB,3.8,15.1,0,1,0,1854.3
P002960,2025-02-14,semarang,ruko,88.0,113.0,3,1,1,2,14.0,baik,HGB,6.3,17.2,0,0,0,766.2
P006794,2025-02-14,bogor,rumah,90.0,85.0,2,3,2,1,12.0,baik,SHM,9.2,18.9,0,0,0,566.6
P001320,2025-02-15,surabaya,ruko,73.0,77.0,2,1,1,1,3.0,sedang,HGB,6.8,7.7,0,0,0,1161.2
P003917,2025-02-15,depok,rumah,78.0,119.0,2,4,4,1,32.0,perlu_renovasi,SHM,4.1,4.5,1,0,0,860.7
P006641,2025-02-15,jakarta_selatan,rumah,312.0,419.0,2,9,8,4,6.0,baik,SHM,4.9,8.9,1,0,0,7737.8
P008105,2025-02-15,bandung,rumah,128.0,180.0,2,5,4,1,8.0,baik,SHM,4.2,6.2,0,1,1,1887.0
P008447,2025-02-15,bekasi,rumah,226.0,282.0,2,7,7,3,15.0,perlu_renovasi,SHM,6.4,16.2,1,1,0,2523.6
P009129,2025-02-15,tangerang_selatan,ruko,71.0,61.0,2,0,1,1,7.0,baik,SHM,14.4,8.8,0,0,0,1276.4
P002908,2025-02-16,jakarta_selatan,rumah,147.0,140.0,2,5,4,2,32.0,perlu_renovasi,SHM,5.3,13.2,0,0,0,2799.6
P004415,2025-02-16,tangerang_selatan,townhouse,50.0,74.0,2,2,2,0,6.0,baik,SHM,10.7,4.8,1,1,0,1280.2
P004589,2025-02-16,bogor,rumah,70.0,36.0,1,1,1,0,2.0,baik,SHM,4.3,20.4,0,1,1,362.8
P004667,2025-02-16,surabaya,rumah,116.0,89.0,1,3,3,2,38.0,sedang,HGB,5.7,3.3,0,0,0,1341.8
P006466,2025-02-16,surabaya,ruko,94.0,82.0,2,0,1,0,8.0,sedang,HGB,13.1,19.5,1,0,0,1259.9
P002843,2025-02-17,bekasi,rumah,74.0,33.0,1,1,1,1,21.0,sedang,SHM,4.5,28.1,0,0,0,292.7
P003447,2025-02-17,bandung,rumah,136.0,199.0,2,4,2,1,33.0,perlu_renovasi,SHM,6.6,21.0,0,0,0,953.6
P006712,2025-02-17,surabaya,townhouse,108.0,163.0,2,5,3,1,9.0,baik,SHM,4.6,13.3,0,0,0,1531.8
P007556,2025-02-17,semarang,rumah,96.0,109.0,2,3,3,1,6.0,sedang,SHM,5.5,3.1,0,0,0,1126.1
P000250,2025-02-18,bekasi,rumah,33.0,29.0,1,1,1,0,13.0,perlu_renovasi,SHM,6.9,28.1,0,0,0,208.1
P001556,2025-02-18,surabaya,rumah,83.0,77.0,2,2,2,1,5.0,sedang,HGB,3.9,11.9,1,0,0,907.2
P002466,2025-02-18,bandung,townhouse,98.0,150.0,2,4,4,1,15.0,sedang,girik_ajb,5.7,17.6,1,0,0,979.2
P007500,2025-02-18,jakarta_selatan,rumah,188.0,138.0,1,4,3,2,19.0,perlu_renovasi,SHM,6.4,5.9,1,0,0,5165.8
P008244,2025-02-18,bekasi,rumah,94.0,131.0,2,3,3,2,7.0,baik,SHM,3.2,15.5,1,0,0,1061.1
P008254,2025-02-18,surabaya,rumah,133.0,122.0,1,3,3,1,1.0,sedang,SHM,6.9,6.7,0,0,0,2077.7
P009298,2025-02-18,yogyakarta,rumah,116.0,126.0,2,4,3,1,12.0,baik,HGB,7.9,11.9,0,0,0,1177.9
P000055,2025-02-19,bandung,townhouse,68.0,70.0,2,2,2,1,,perlu_renovasi,SHM,4.8,18.8,1,0,0,527.3
P003380,2025-02-19,yogyakarta,rumah,133.0,64.0,1,2,1,2,27.0,baik,SHM,4.1,17.6,0,0,0,658.6
P005206,2025-02-19,jakarta_selatan,rumah,107.0,39.0,1,1,1,1,12.0,baik,HGB,7.2,12.7,1,0,0,2324.3
P005229,2025-02-19,jakarta_barat,ruko,63.0,144.0,3,2,2,1,35.0,baik,girik_ajb,7.2,5.2,0,0,0,1325.1
P005256,2025-02-19,semarang,rumah,176.0,61.0,1,1,1,2,32.0,perlu_renovasi,SHM,8.8,3.3,1,0,0,1206.8
P005459,2025-02-19,jakarta_barat,rumah,167.0,213.0,2,6,6,2,37.0,sedang,HGB,6.2,9.1,0,0,0,2675.2
P007514,2025-02-19,bandung,rumah,111.0,93.0,1,2,2,1,17.0,perlu_renovasi,HGB,3.2,8.9,0,0,0,989.8
P000077,2025-02-20,tangerang_selatan,rumah,182.0,104.0,1,3,2,1,13.0,sedang,HGB,6.9,15.3,1,1,0,2315.7
P004314,2025-02-20,surabaya,rumah,99.0,89.0,2,2,1,1,27.0,perlu_renovasi,SHM,6.7,13.1,0,0,1,910.1
P007085,2025-02-20,bogor,rumah,68.0,90.0,2,3,3,0,19.0,baik,SHM,3.9,27.1,0,0,0,467.2
P007959,2025-02-20,jakarta_selatan,rumah,109.0,53.0,1,2,2,0,9.0,baik,SHM,4.4,14.4,0,1,0,2214.8
P007972,2025-02-20,jakarta_barat,rumah,104.0,75.0,1,3,2,1,8.0,sedang,SHM,2.7,13.6,1,0,1,1061.0
P008350,2025-02-20,jakarta_selatan,rumah,98.0,121.0,2,3,2,1,2.0,baik,SHM,3.9,7.2,1,1,1,2612.7
P000555,2025-02-21,jakarta_selatan,rumah,130.0,49.0,1,1,1,2,12.0,baik,HGB,4.8,14.3,0,0,0,2341.0
P003775,2025-02-21,surabaya,rumah,69.0,54.0,1,2,2,2,23.0,sedang,SHM,2.7,22.2,0,1,1,391.2
P003994,2025-02-21,tangerang_selatan,rumah,158.0,87.0,1,3,3,2,2.0,sedang,HGB,3.3,11.0,1,0,0,1688.4
P004643,2025-02-21,depok,rumah,113.0,60.0,1,1,1,2,14.0,sedang,SHM,4.2,17.3,1,0,0,824.7
P004720,2025-02-21,jakarta_barat,rumah,144.0,76.0,1,2,2,2,10.0,baik,SHM,5.5,8.7,1,0,0,2117.9
P006393,2025-02-21,tangerang_selatan,ruko,121.0,115.0,2,1,1,1,5.0,baik,SHM,8.5,13.6,1,0,0,2148.0
P007412,2025-02-21,bandung,rumah,84.0,48.0,1,1,1,2,21.0,sedang,SHM,4.7,21.1,0,0,0,505.3
P007843,2025-02-21,jakarta_selatan,rumah,202.0,210.0,2,6,6,3,43.0,perlu_renovasi,girik_ajb,5.3,14.6,1,0,0,2763.5
P008888,2025-02-21,bogor,rumah,61.0,71.0,2,2,2,2,3.0,sedang,SHM,4.0,7.3,0,0,0,608.8
P009021,2025-02-21,tangerang_selatan,rumah,78.0,88.0,2,2,2,1,28.0,sedang,SHM,6.2,21.9,0,0,0,862.5
P009317,2025-02-21,semarang,rumah,179.0,86.0,1,3,3,1,12.0,baik,SHM,3.8,11.1,1,0,0,946.2
P009601,2025-02-21,depok,rumah,276.0,178.0,1,6,4,3,7.0,baik,SHM,5.3,12.3,1,1,0,2566.0
P000483,2025-02-22,bogor,rumah,66.0,96.0,2,3,3,1,19.0,perlu_renovasi,SHM,3.7,24.5,0,0,1,323.9
P000505,2025-02-22,depok,townhouse,61.0,139.0,3,4,4,1,6.0,baik,SHM,3.8,20.1,0,0,1,1061.9
P002178,2025-02-22,surabaya,rumah,77.0,157.0,3,4,4,0,13.0,baik,SHM,5.0,22.4,0,0,1,955.7
P003424,2025-02-22,bekasi,rumah,126.0,43.0,1,1,1,2,47.0,sedang,HGB,5.8,17.2,0,0,1,528.7
P006958,2025-02-22,depok,rumah,101.0,93.0,2,3,3,2,18.0,sedang,SHM,3.1,13.4,1,0,1,881.9
P008772,2025-02-22,yogyakarta,ruko,100.0,180.0,3,4,4,0,2.0,baik,SHM,13.8,9.8,1,0,1,1754.8
P008773,2025-02-22,bandung,ruko,68.0,61.0,2,0,1,0,15.0,sedang,HGB,8.7,6.7,1,1,0,1028.6
P001315,2025-02-23,jakarta_selatan,townhouse,106.0,167.0,3,5,4,1,5.0,sedang,SHM,6.7,3.7,1,0,0,3864.7
P002556,2025-02-23,bandung,rumah,124.0,55.0,1,2,2,1,29.0,perlu_renovasi,SHM,6.2,10.2,0,0,0,1178.1
P002773,2025-02-23,semarang,rumah,77.0,64.0,2,2,2,0,22.0,baik,girik_ajb,6.5,14.5,0,0,0,410.6
P003008,2025-02-23,jakarta_selatan,rumah,128.0,186.0,2,5,5,1,5.0,baik,HGB,5.0,8.8,1,1,1,2998.7
P005339,2025-02-23,surabaya,ruko,48.0,106.0,3,1,1,1,4.0,baik,HGB,11.3,22.7,0,0,0,772.6
P005541,2025-02-23,yogyakarta,rumah,93.0,75.0,2,2,2,1,,sedang,SHM,5.3,8.6,0,0,1,604.0
P005607,2025-02-23,jakarta_selatan,townhouse,73.0,116.0,2,4,3,0,12.0,baik,SHM,6.3,5.8,1,0,0,3094.4
P005804,2025-02-23,depok,ruko,96.0,153.0,3,3,2,2,10.0,baik,SHM,10.3,24.7,0,0,0,1229.6
P006589,2025-02-23,surabaya,rumah,105.0,73.0,1,2,2,1,13.0,baik,HGB,14.8,20.3,0,0,0,862.4
P008564,2025-02-23,tangerang_selatan,rumah,64.0,50.0,1,1,1,1,3.0,baik,SHM,5.9,3.1,0,0,0,1145.7
P002665,2025-02-24,depok,rumah,270.0,146.0,1,3,3,4,,sedang,SHM,9.2,7.4,0,0,0,2705.2
P003613,2025-02-24,bogor,ruko,66.0,179.0,4,2,1,0,13.0,baik,SHM,9.7,19.6,0,0,0,1010.7
P004090,2025-02-24,jakarta_barat,rumah,76.0,85.0,2,2,2,0,25.0,sedang,SHM,4.0,6.2,1,0,0,1345.4
P004413,2025-02-24,bandung,townhouse,99.0,130.0,2,4,3,2,15.0,sedang,SHM,4.4,3.9,0,0,0,1314.4
P004863,2025-02-24,tangerang_selatan,townhouse,86.0,79.0,2,2,2,0,15.0,sedang,SHM,2.2,9.8,0,0,1,935.5
P005658,2025-02-24,surabaya,rumah,259.0,318.0,2,9,8,2,,baik,SHM,5.2,20.0,0,0,0,1801.6
P007393,2025-02-24,jakarta_barat,rumah,111.0,77.0,1,3,2,1,8.0,baik,HGB,7.1,12.6,1,0,0,1547.3
P002243,2025-02-25,bekasi,rumah,97.0,108.0,2,3,2,1,33.0,sedang,SHM,11.4,16.9,0,0,0,725.4
P006898,2025-02-25,jakarta_selatan,rumah,138.0,119.0,1,4,3,1,16.0,perlu_renovasi,SHM,4.2,17.9,1,0,0,1957.4
P000721,2025-02-26,depok,rumah,167.0,141.0,1,4,4,1,17.0,baik,SHM,4.9,6.8,0,0,0,1591.9
P001586,2025-02-26,yogyakarta,rumah,68.0,45.0,1,1,1,2,8.0,sedang,SHM,5.0,19.5,0,0,0,453.3
P001956,2025-02-26,yogyakarta,rumah,149.0,104.0,2,3,3,3,19.0,sedang,girik_ajb,1.9,13.9,0,0,0,811.9
P002373,2025-02-26,tangerang_selatan,rumah,78.0,52.0,1,1,1,0,3.0,baik,SHM,5.2,6.4,1,0,0,1462.1
P004222,2025-02-26,jakarta_selatan,rumah,179.0,338.0,3,10,8,2,16.0,perlu_renovasi,HGB,6.2,7.1,0,0,0,5833.4
P004330,2025-02-26,semarang,rumah,115.0,47.0,1,1,1,2,21.0,sedang,SHM,5.1,5.5,0,1,1,582.6
P006339,2025-02-26,jakarta_barat,rumah,105.0,108.0,2,3,2,1,8.0,baik,SHM,6.5,11.5,0,0,0,1809.8
P007424,2025-02-26,depok,townhouse,122.0,119.0,2,3,2,1,15.0,baik,SHM,9.0,3.5,1,0,0,2121.6
P007661,2025-02-26,bekasi,townhouse,105.0,110.0,2,3,2,1,15.0,sedang,SHM,2.9,12.5,1,0,0,940.0
P009450,2025-02-26,tangerang_selatan,townhouse,52.0,60.0,2,2,2,0,15.0,sedang,SHM,3.3,24.8,0,0,0,453.2
P009976,2025-02-26,jakarta_selatan,rumah,111.0,138.0,2,5,5,2,8.0,baik,HGB,6.3,7.8,0,0,1,2175.1
P001191,2025-02-27,bekasi,ruko,50.0,68.0,2,0,1,0,15.0,baik,SHM,12.3,14.0,0,0,0,615.9
P001809,2025-02-27,bekasi,rumah,163.0,142.0,1,5,5,3,7.0,sedang,HGB,4.6,8.3,0,0,1,1451.4
P008202,2025-02-27,yogyakarta,rumah,40.0,24.0,1,1,1,0,13.0,sedang,SHM,5.6,7.5,0,1,0,431.2
P008654,2025-02-27,jakarta_selatan,rumah,75.0,29.0,1,1,1,0,6.0,baik,SHM,7.0,5.7,0,0,1,1880.2
P001236,2025-02-28,jakarta_selatan,rumah,53.0,64.0,2,2,2,1,11.0,baik,SHM,5.5,11.5,0,0,0,1366.9
P001764,2025-02-28,jakarta_selatan,rumah,93.0,151.0,2,5,4,1,4.0,baik,HGB,4.8,4.4,1,0,0,2479.0
P001898,2025-02-28,tangerang_selatan,ruko,79.0,78.0,2,1,1,1,7.0,baik,SHM,10.6,8.6,0,1,0,1667.5
P003217,2025-02-28,bekasi,rumah,103.0,90.0,2,3,3,1,5.0,baik,SHM,4.8,28.3,0,0,0,776.0
P005749,2025-02-28,yogyakarta,rumah,110.0,179.0,2,5,3,0,1.0,baik,HGB,3.4,11.3,0,0,1,1611.3
P008048,2025-02-28,yogyakarta,rumah,74.0,53.0,2,2,1,1,6.0,baik,SHM,3.9,11.6,0,0,0,723.1
P009730,2025-02-28,yogyakarta,rumah,232.0,180.0,2,5,4,3,12.0,baik,SHM,4.8,15.2,0,0,0,1843.9
P000845,2025-03-03,jakarta_selatan,rumah,117.0,75.0,1,3,2,2,37.0,sedang,SHM,3.2,5.4,1,0,0,3358.5
P000924,2025-03-03,depok,rumah,87.0,99.0,2,3,2,0,1.0,sedang,SHM,5.4,11.1,0,1,0,970.4
P001231,2025-03-03,jakarta_barat,rumah,128.0,46.0,1,1,1,1,33.0,sedang,SHM,6.6,4.0,0,0,0,2099.0
P001664,2025-03-03,jakarta_barat,rumah,113.0,141.0,2,4,3,2,,sedang,SHM,5.8,9.6,0,0,0,1499.3
P002280,2025-03-03,bogor,ruko,71.0,104.0,3,1,1,1,14.0,sedang,girik_ajb,1.9,20.7,0,0,0,480.1
P003986,2025-03-03,jakarta_selatan,rumah,105.0,161.0,2,5,3,1,12.0,sedang,girik_ajb,6.0,8.0,0,1,0,3053.0
P005121,2025-03-03,bogor,rumah,165.0,201.0,2,6,5,2,29.0,sedang,SHM,4.1,10.4,1,1,0,1101.1
P005995,2025-03-03,bogor,rumah,136.0,160.0,2,4,3,3,10.0,baik,HGB,2.3,16.0,0,0,0,1027.0
P009892,2025-03-03,depok,ruko,63.0,79.0,2,1,1,1,11.0,sedang,HGB,7.3,19.6,0,0,0,735.2
P000353,2025-03-04,depok,rumah,108.0,133.0,2,3,2,1,24.0,sedang,girik_ajb,6.6,15.3,1,1,0,911.8
P000861,2025-03-04,bandung,rumah,176.0,116.0,1,3,3,2,9.0,baik,HGB,5.3,9.8,0,1,0,1726.3
P005786,2025-03-04,bandung,rumah,191.0,154.0,2,5,5,1,27.0,sedang,girik_ajb,8.1,2.3,1,0,0,2055.8
P007052,2025-03-04,tangerang_selatan,townhouse,59.0,102.0,3,3,2,0,,baik,SHM,5.8,9.1,1,0,1,1330.1
P007462,2025-03-04,bogor,rumah,106.0,72.0,1,3,3,2,10.0,sedang,HGB,8.9,9.8,1,0,0,843.1
P008858,2025-03-04,yogyakarta,rumah,220.0,319.0,2,9,7,2,5.0,baik,SHM,3.9,19.3,1,1,1,2106.8
P009536,2025-03-04,bekasi,rumah,106.0,80.0,1,2,2,2,19.0,sedang,SHM,3.2,26.1,0,0,1,492.4
P000361,2025-03-05,yogyakarta,rumah,124.0,178.0,2,5,4,2,10.0,sedang,SHM,4.3,16.8,0,0,0,1117.5
P001331,2025-03-05,surabaya,townhouse,100.0,144.0,2,4,3,2,15.0,sedang,SHM,7.7,16.0,0,0,0,1503.5
P003812,2025-03-05,jakarta_barat,townhouse,87.0,122.0,2,3,2,0,,baik,SHM,6.1,15.0,0,0,0,1444.1
P004473,2025-03-05,bogor,rumah,149.0,115.0,1,3,3,2,9.0,sedang,SHM,4.5,6.8,0,0,1,1245.2
P005188,2025-03-05,depok,rumah,96.0,54.0,1,1,1,1,6.0,baik,SHM,,21.0,0,0,0,659.8
P006522,2025-03-05,bekasi,townhouse,102.0,137.0,2,4,3,1,15.0,baik,SHM,5.0,7.4,0,1,0,1194.1
P007067,2025-03-05,bandung,townhouse,84.0,117.0,2,3,3,0,15.0,baik,SHM,3.6,7.9,0,0,0,1187.4
P005740,2025-03-06,bekasi,rumah,172.0,82.0,1,2,2,2,22.0,sedang,SHM,3.9,16.3,1,0,0,1130.0
P008987,2025-03-06,tangerang_selatan,rumah,77.0,40.0,1,1,1,2,19.0,perlu_renovasi,HGB,6.2,4.6,0,0,0,1486.0
P009508,2025-03-06,jakarta_barat,rumah,137.0,168.0,2,5,3,2,,perlu_renovasi,SHM,3.1,13.3,0,1,0,1858.3
P000856,2025-03-07,bekasi,rumah,104.0,120.0,2,4,3,1,17.0,perlu_renovasi,SHM,6.0,10.4,1,0,0,926.9
P001938,2025-03-07,bogor,rumah,59.0,39.0,1,1,1,0,25.0,baik,SHM,4.0,30.0,0,0,0,226.0
P007664,2025-03-07,yogyakarta,rumah,80.0,73.0,2,2,2,1,2.0,sedang,SHM,4.3,15.3,1,0,0,669.6
P007823,2025-03-07,tangerang_selatan,ruko,77.0,64.0,2,0,1,2,5.0,baik,SHM,8.1,11.9,0,0,1,1221.5
P008325,2025-03-07,surabaya,rumah,281.0,211.0,1,6,6,2,5.0,baik,SHM,4.1,10.1,0,0,0,3176.9
P002612,2025-03-08,surabaya,rumah,44.0,69.0,2,2,2,0,10.0,sedang,HGB,3.8,6.5,1,0,0,650.0
P004129,2025-03-08,surabaya,rumah,93.0,214.0,3,6,6,1,21.0,baik,SHM,7.2,22.7,0,0,0,1283.3
P005012,2025-03-08,depok,rumah,164.0,199.0,2,6,6,1,12.0,baik,SHM,2.3,9.7,0,0,0,1734.8
P006155,2025-03-08,bekasi,rumah,172.0,99.0,1,3,2,3,21.0,sedang,HGB,4.2,15.3,1,0,0,1119.9
P007207,2025-03-08,depok,rumah,51.0,51.0,2,1,1,0,11.0,baik,SHM,5.2,22.7,0,0,0,446.8
P009011,2025-03-08,bekasi,townhouse,99.0,112.0,2,3,2,1,13.0,sedang,SHM,4.0,5.5,0,1,0,1312.9
P009027,2025-03-08,surabaya,ruko,70.0,76.0,2,0,1,1,30.0,sedang,SHM,8.3,4.1,1,0,0,1360.3
P000565,2025-03-09,bogor,townhouse,126.0,158.0,2,5,3,2,5.0,baik,SHM,3.0,20.0,1,0,1,1192.4
P004287,2025-03-09,semarang,rumah,69.0,45.0,1,1,1,1,15.0,sedang,SHM,9.2,12.0,0,0,0,455.2
P005120,2025-03-09,depok,rumah,98.0,68.0,1,2,1,2,4.0,baik,SHM,2.4,12.2,0,0,1,999.9
P005369,2025-03-09,surabaya,rumah,137.0,325.0,3,8,8,1,9.0,baik,SHM,6.2,8.8,1,0,1,2634.1
P005401,2025-03-09,bandung,rumah,107.0,64.0,1,2,2,3,17.0,perlu_renovasi,HGB,3.6,7.9,0,0,1,706.1
P006702,2025-03-09,bogor,rumah,152.0,165.0,2,4,2,2,4.0,baik,HGB,6.5,5.1,0,0,0,1524.9
P008391,2025-03-09,bandung,ruko,66.0,124.0,3,1,1,1,,sedang,SHM,11.2,4.0,0,1,0,1235.7
P008533,2025-03-09,jakarta_barat,rumah,125.0,85.0,1,2,2,1,7.0,baik,SHM,4.6,4.4,0,0,0,2240.9
P008786,2025-03-09,tangerang_selatan,rumah,164.0,183.0,2,4,3,1,7.0,baik,SHM,8.0,6.4,1,0,0,2508.0
P009586,2025-03-09,surabaya,rumah,189.0,207.0,2,5,5,1,12.0,baik,SHM,7.5,15.8,0,0,0,2248.9
P001084,2025-03-10,surabaya,ruko,74.0,60.0,2,0,1,1,37.0,perlu_renovasi,HGB,8.9,18.3,0,0,0,629.7
P001724,2025-03-10,depok,ruko,52.0,103.0,3,2,1,1,23.0,baik,HGB,10.1,9.8,1,0,0,815.7
P006431,2025-03-10,bekasi,rumah,158.0,130.0,1,3,2,2,,sedang,girik_ajb,4.9,23.4,0,0,0,889.9
P002717,2025-03-11,depok,rumah,107.0,59.0,1,2,2,2,21.0,sedang,SHM,4.6,14.5,0,1,0,800.5
P002840,2025-03-11,jakarta_selatan,rumah,84.0,144.0,2,4,3,1,7.0,sedang,HGB,9.0,17.9,0,0,0,1923.6
P004155,2025-03-11,bogor,rumah,313.0,542.0,2,10,6,4,36.0,sedang,SHM,5.7,13.9,0,0,0,2240.7
P004619,2025-03-11,bekasi,rumah,83.0,136.0,3,4,3,1,3.0,baik,SHM,3.1,14.0,1,1,0,1157.4
P005947,2025-03-11,jakarta_selatan,rumah,240.0,119.0,1,3,2,3,9.0,baik,SHM,4.3,2.2,0,0,0,7042.9
P007193,2025-03-11,depok,rumah,181.0,118.0,1,3,2,2,29.0,sedang,SHM,3.7,8.8,0,0,0,1300.1
P008984,2025-03-11,surabaya,rumah,137.0,112.0,2,3,2,2,36.0,sedang,HGB,3.5,2.0,1,1,0,1993.4
P009039,2025-03-11,bekasi,rumah,113.0,67.0,1,2,2,1,5.0,baik,SHM,6.6,18.9,0,0,0,1196.1
P009105,2025-03-11,bandung,ruko,114.0,140.0,3,3,3,2,17.0,sedang,SHM,5.3,3.3,0,0,0,1491.5
P000287,2025-03-12,jakarta_selatan,townhouse,72.0,64.0,2,2,1,2,13.0,sedang,SHM,6.0,16.2,0,0,0,1379.0
P002497,2025-03-12,depok,rumah,105.0,98.0,2,3,3,1,14.0,perlu_renovasi,SHM,4.7,13.0,0,0,0,818.1
P004139,2025-03-12,bandung,rumah,283.0,233.0,1,5,4,3,4.0,baik,SHM,2.6,7.0,1,0,0,3525.6
P006009,2025-03-12,surabaya,rumah,77.0,115.0,2,3,3,1,17.0,sedang,SHM,4.0,14.2,0,0,0,955.3
P006864,2025-03-12,tangerang_selatan,rumah,352.0,308.0,1,8,8,4,19.0,sedang,SHM,5.7,5.4,1,0,0,4860.2
P009923,2025-03-12,bogor,rumah,231.0,212.0,2,5,5,2,42.0,perlu_renovasi,SHM,6.6,25.4,1,0,1,592.7
P000022,2025-03-13,bekasi,ruko,67.0,182.0,4,3,2,1,25.0,sedang,SHM,7.8,10.7,1,0,0,1090.2
P000197,2025-03-13,bogor,rumah,66.0,38.0,1,1,1,0,16.0,sedang,SHM,5.3,5.7,1,1,0,504.0
P000685,2025-03-13,bogor,rumah,133.0,54.0,1,1,1,1,12.0,baik,SHM,1.6,21.8,0,0,0,497.1
P002537,2025-03-13,surabaya,rumah,245.0,285.0,2,8,6,4,,sedang,HGB,3.9,8.7,1,0,0,3305.2
P003043,2025-03-13,surabaya,rumah,116.0,91.0,1,2,1,2,21.0,perlu_renovasi,SHM,8.2,4.5,1,0,1,1509.4
P003605,2025-03-13,yogyakarta,rumah,230.0,279.0,2,8,7,1,11.0,baik,SHM,4.4,5.6,1,0,0,2465.4
P004298,2025-03-13,bogor,townhouse,70.0,83.0,3,3,3,1,6.0,baik,SHM,3.5,12.9,0,0,0,736.9
P005253,2025-03-13,tangerang_selatan,ruko,70.0,96.0,3,1,1,1,2.0,sedang,HGB,9.4,22.1,0,0,0,1016.3
P005596,2025-03-13,bogor,rumah,124.0,94.0,1,2,2,2,5.0,baik,HGB,5.2,3.9,0,0,0,1268.3
P006814,2025-03-13,jakarta_selatan,rumah,122.0,113.0,2,3,3,2,6.0,perlu_renovasi,SHM,3.6,11.1,1,0,0,2320.8
P007806,2025-03-13,bandung,rumah,103.0,80.0,2,2,2,1,3.0,baik,HGB,2.8,22.0,0,0,0,670.1
P007939,2025-03-13,jakarta_barat,rumah,111.0,52.0,1,1,1,2,2.0,sedang,SHM,6.8,9.6,0,0,0,1700.7
P008297,2025-03-13,bandung,rumah,55.0,36.0,1,1,1,1,9.0,sedang,SHM,7.5,7.4,0,1,0,681.0
P000637,2025-03-14,bandung,rumah,79.0,41.0,1,1,1,1,25.0,sedang,SHM,3.5,21.4,0,0,0,381.0
P000713,2025-03-14,surabaya,rumah,122.0,158.0,2,4,3,0,8.0,baik,SHM,8.1,13.4,0,0,0,1821.3
P000843,2025-03-14,depok,rumah,103.0,39.0,1,1,1,2,14.0,sedang,SHM,4.2,8.4,0,1,0,911.2
P002207,2025-03-14,bandung,rumah,123.0,102.0,2,3,2,2,12.0,baik,SHM,4.8,10.2,1,0,0,1432.2
P002776,2025-03-14,bekasi,rumah,91.0,58.0,1,2,1,0,10.0,baik,HGB,4.6,4.4,1,0,0,962.7
P003995,2025-03-14,tangerang_selatan,ruko,111.0,138.0,2,1,1,2,0.0,baik,SHM,12.3,11.4,0,0,1,1997.0
P004431,2025-03-14,tangerang_selatan,rumah,92.0,73.0,2,2,2,1,20.0,sedang,SHM,4.1,10.5,0,1,1,962.4
P005881,2025-03-14,tangerang_selatan,townhouse,114.0,147.0,2,5,5,0,15.0,sedang,SHM,7.0,3.7,0,1,1,2225.0
P007523,2025-03-14,bekasi,rumah,115.0,116.0,2,3,3,2,3.0,sedang,SHM,7.6,19.8,1,0,1,989.7
P009705,2025-03-14,tangerang_selatan,rumah,191.0,238.0,2,6,4,2,,baik,SHM,2.9,11.6,0,1,0,2105.9
P009837,2025-03-14,jakarta_barat,rumah,66.0,56.0,2,1,1,2,,sedang,SHM,5.9,18.9,1,0,0,735.4
P000918,2025-03-15,jakarta_barat,rumah,111.0,126.0,2,4,3,0,12.0,baik,SHM,5.1,13.5,0,0,0,1645.3
P001498,2025-03-15,bogor,rumah,270.0,216.0,1,7,6,3,10.0,baik,SHM,3.1,29.7,0,0,0,1631.2
P001663,2025-03-15,surabaya,rumah,66.0,53.0,1,2,2,1,6.0,sedang,SHM,7.3,8.9,0,1,1,806.4
P003658,2025-03-15,bekasi,rumah,65.0,61.0,2,1,1,0,3.0,baik,SHM,5.2,16.0,1,0,0,586.2
P004048,2025-03-15,tangerang_selatan,rumah,191.0,94.0,1,2,2,3,24.0,perlu_renovasi,SHM,7.2,23.6,0,0,0,1393.6
P004346,2025-03-15,yogyakarta,rumah,72.0,28.0,1,1,1,1,7.0,baik,SHM,6.6,9.0,1,0,0,753.4
P005846,2025-03-15,semarang,rumah,129.0,218.0,2,5,4,2,31.0,perlu_renovasi,SHM,4.3,7.9,0,1,0,866.2
P006456,2025-03-15,bandung,rumah,53.0,56.0,2,1,1,0,26.0,baik,SHM,5.8,16.3,0,0,1,471.9
P006770,2025-03-15,bekasi,ruko,33.0,49.0,2,0,1,0,18.0,baik,SHM,10.4,7.0,1,0,0,568.3
P007518,2025-03-15,bandung,rumah,122.0,89.0,2,3,2,2,2.0,sedang,HGB,4.0,2.2,0,0,0,1749.2
P008573,2025-03-15,surabaya,rumah,124.0,189.0,2,6,5,2,20.0,baik,HGB,6.1,11.6,0,1,0,1804.6
P000712,2025-03-16,bandung,rumah,184.0,104.0,1,3,2,3,17.0,perlu_renovasi,SHM,9.1,10.7,0,1,0,2017.4
P001910,2025-03-16,semarang,rumah,54.0,83.0,2,3,2,1,22.0,sedang,SHM,8.7,12.9,1,0,1,446.0
P001963,2025-03-16,bogor,rumah,144.0,211.0,2,7,5,2,,baik,SHM,4.5,23.4,0,0,0,939.8
P004017,2025-03-16,tangerang_selatan,townhouse,99.0,119.0,2,4,2,1,15.0,sedang,SHM,4.9,11.3,0,0,0,1402.8
P005166,2025-03-16,bandung,rumah,70.0,95.0,2,3,3,0,23.0,baik,SHM,4.6,5.9,0,0,0,927.0
P005244,2025-03-16,tangerang_selatan,rumah,94.0,111.0,2,3,3,1,23.0,baik,SHM,7.2,24.1,0,0,1,973.5
P005712,2025-03-16,depok,rumah,179.0,102.0,1,3,3,2,25.0,baik,HGB,3.9,12.1,0,0,0,1190.6
P007905,2025-03-16,yogyakarta,rumah,158.0,74.0,1,2,1,1,5.0,baik,SHM,7.4,15.9,0,0,0,1125.0
P008260,2025-03-16,depok,rumah,175.0,280.0,2,10,8,1,11.0,baik,SHM,2.2,19.2,0,0,0,2056.5
P008725,2025-03-16,depok,rumah,73.0,30.0,1,1,1,0,12.0,baik,SHM,4.9,5.1,1,0,0,802.6
P008806,2025-03-16,depok,ruko,67.0,97.0,2,1,1,0,3.0,baik,HGB,6.9,14.9,0,0,0,952.7
P009029,2025-03-16,jakarta_selatan,rumah,144.0,126.0,1,3,2,2,3.0,baik,SHM,4.5,2.2,1,1,0,5865.2
P001686,2025-03-17,tangerang_selatan,ruko,79.0,114.0,3,1,1,0,5.0,baik,HGB,4.2,21.5,0,0,0,1185.9
P002029,2025-03-17,depok,townhouse,93.0,115.0,2,3,3,1,14.0,sedang,HGB,3.4,10.6,0,0,0,949.0
P002901,2025-03-17,bekasi,rumah,103.0,123.0,2,3,3,2,7.0,sedang,HGB,7.3,9.5,1,0,0,1182.0
P003810,2025-03-17,surabaya,ruko,71.0,66.0,2,0,1,1,10.0,baik,SHM,6.0,24.1,0,0,1,763.1
P004463,2025-03-17,tangerang_selatan,rumah,129.0,165.0,2,5,5,1,21.0,sedang,HGB,3.0,17.5,0,0,0,1547.8
P004726,2025-03-17,tangerang_selatan,rumah,114.0,68.0,1,2,2,2,2.0,sedang,HGB,6.5,19.3,0,0,0,995.1
P005193,2025-03-17,jakarta_barat,rumah,101.0,61.0,1,2,2,1,1.0,sedang,SHM,,8.5,1,0,0,1605.1
P006527,2025-03-17,tangerang_selatan,rumah,127.0,267.0,3,6,4,2,18.0,baik,HGB,,7.3,0,0,0,2475.6
P006670,2025-03-17,surabaya,rumah,136.0,162.0,2,5,4,0,15.0,sedang,HGB,7.2,14.2,0,0,0,1504.8
P007046,2025-03-17,yogyakarta,rumah,208.0,103.0,1,3,3,2,16.0,baik,HGB,3.9,19.9,0,0,0,1213.7
P007927,2025-03-17,jakarta_barat,rumah,61.0,32.0,1,1,1,0,27.0,baik,HGB,5.0,9.6,0,1,0,696.6
P008123,2025-03-17,bandung,rumah,141.0,191.0,2,6,6,2,,baik,SHM,5.4,12.2,0,0,0,1339.4
P009119,2025-03-17,bogor,ruko,50.0,127.0,3,2,2,1,7.0,baik,SHM,7.3,21.1,0,0,1,613.1
P009610,2025-03-17,bekasi,rumah,86.0,53.0,1,1,1,0,28.0,sedang,SHM,6.5,8.1,0,0,0,663.8
P000625,2025-03-18,yogyakarta,rumah,75.0,161.0,3,5,5,1,30.0,baik,SHM,5.6,10.9,0,0,0,691.2
P001937,2025-03-18,depok,rumah,169.0,84.0,1,2,2,1,23.0,sedang,SHM,4.4,22.7,0,0,0,813.6
P005624,2025-03-18,bogor,rumah,69.0,33.0,1,1,1,1,5.0,baik,SHM,6.3,23.0,1,1,0,444.3
P007157,2025-03-18,surabaya,townhouse,49.0,67.0,2,2,1,0,5.0,sedang,girik_ajb,3.3,14.6,0,0,1,589.1
P008343,2025-03-18,bandung,rumah,141.0,160.0,2,4,4,2,15.0,baik,HGB,4.6,5.8,0,0,0,1667.3
P008672,2025-03-18,tangerang_selatan,rumah,199.0,169.0,2,5,5,3,,baik,HGB,4.6,17.6,0,1,0,2314.2
P000451,2025-03-19,jakarta_selatan,townhouse,46.0,65.0,2,2,1,0,15.0,sedang,HGB,8.3,9.6,0,0,0,1165.2
P000858,2025-03-19,semarang,rumah,134.0,60.0,1,2,1,2,21.0,baik,girik_ajb,6.4,14.4,0,0,0,597.1
P002542,2025-03-19,bekasi,townhouse,87.0,104.0,2,3,3,1,5.0,baik,SHM,4.2,17.9,0,0,0,993.5
P003490,2025-03-19,depok,rumah,134.0,62.0,1,2,2,2,27.0,perlu_renovasi,HGB,3.3,24.8,0,1,0,599.8
P003736,2025-03-19,yogyakarta,rumah,100.0,142.0,2,4,3,1,27.0,perlu_renovasi,SHM,4.6,16.5,0,0,0,604.0
P004001,2025-03-19,bandung,townhouse,47.0,64.0,2,2,1,0,8.0,baik,SHM,9.3,13.5,1,1,0,682.9
P004561,2025-03-19,yogyakarta,rumah,47.0,63.0,2,2,2,2,21.0,sedang,SHM,3.7,11.3,0,0,0,445.5
P007485,2025-03-19,tangerang_selatan,rumah,72.0,84.0,2,2,2,0,23.0,sedang,HGB,7.8,23.4,0,1,0,606.1
P004686,2025-03-20,tangerang_selatan,rumah,127.0,128.0,2,3,3,2,29.0,baik,HGB,5.7,23.2,0,1,0,1091.3
P006842,2025-03-20,yogyakarta,rumah,151.0,89.0,1,2,2,1,7.0,baik,SHM,4.7,9.3,0,0,0,1188.6
P009248,2025-03-20,bekasi,rumah,85.0,77.0,2,2,2,1,8.0,baik,SHM,8.7,17.3,0,0,1,735.5
P002119,2025-03-21,jakarta_selatan,townhouse,77.0,90.0,2,3,2,2,3.0,baik,SHM,5.3,3.1,1,0,0,2820.7
P004698,2025-03-21,depok,ruko,106.0,156.0,3,2,2,1,27.0,baik,SHM,5.1,21.3,0,0,0,972.2
P006550,2025-03-21,tangerang_selatan,townhouse,93.0,121.0,2,4,3,2,,sedang,HGB,3.7,13.5,0,0,0,1248.0
P008050,2025-03-21,bandung,ruko,65.0,173.0,3,2,1,0,14.0,baik,SHM,4.4,12.2,0,0,0,1184.6
P008759,2025-03-21,bekasi,rumah,87.0,37.0,1,1,1,1,6.0,perlu_renovasi,HGB,8.5,10.0,0,0,0,778.9
P009070,2025-03-21,tangerang_selatan,rumah,178.0,73.0,1,2,1,1,20.0,baik,SHM,7.9,14.3,1,1,1,2261.5
P009885,2025-03-21,tangerang_selatan,rumah,143.0,193.0,3,6,5,2,1.0,baik,SHM,3.7,10.1,0,0,0,2516.3
P003048,2025-03-22,bogor,rumah,257.0,198.0,1,6,5,1,43.0,sedang,SHM,3.8,19.5,0,0,0,1011.0
P003897,2025-03-22,tangerang_selatan,ruko,141.0,424.0,4,6,4,2,5.0,baik,SHM,10.6,11.5,1,0,0,4686.8
P004679,2025-03-22,jakarta_selatan,rumah,91.0,92.0,2,3,2,1,20.0,perlu_renovasi,SHM,11.4,4.0,0,0,0,2587.8
P007739,2025-03-22,jakarta_selatan,ruko,94.0,100.0,2,0,1,1,11.0,sedang,SHM,10.3,9.5,0,0,0,3044.4
P008491,2025-03-22,jakarta_barat,rumah,97.0,86.0,2,2,1,1,16.0,sedang,HGB,2.8,7.9,1,0,0,1338.6
P008798,2025-03-22,bogor,rumah,153.0,74.0,1,2,2,2,29.0,sedang,SHM,,12.5,0,0,1,672.7
P009175,2025-03-22,semarang,ruko,71.0,125.0,3,2,1,0,6.0,baik,HGB,10.7,18.2,0,0,0,741.0
P009263,2025-03-22,bandung,ruko,71.0,54.0,2,0,1,0,1.0,baik,SHM,11.4,15.0,0,0,0,837.8
P001761,2025-03-23,tangerang_selatan,rumah,164.0,208.0,2,5,4,1,32.0,sedang,SHM,4.2,12.4,0,1,0,2142.5
P001984,2025-03-23,tangerang_selatan,townhouse,79.0,71.0,2,2,1,0,15.0,sedang,SHM,3.9,7.3,1,1,0,1328.0
P003347,2025-03-23,surabaya,rumah,135.0,50.0,1,1,1,2,14.0,sedang,SHM,6.2,21.0,0,0,0,1051.7
P006262,2025-03-23,jakarta_barat,rumah,76.0,107.0,2,3,3,1,1.0,baik,HGB,2.9,18.1,0,1,0,1113.2
P008248,2025-03-23,jakarta_selatan,rumah,172.0,108.0,1,3,3,1,26.0,baik,HGB,3.3,11.0,0,0,0,3769.3
P008422,2025-03-23,surabaya,rumah,121.0,62.0,1,2,2,1,10.0,sedang,HGB,3.5,2.7,0,1,0,1474.2
P008466,2025-03-23,depok,rumah,95.0,81.0,2,2,2,1,31.0,perlu_renovasi,HGB,2.0,13.7,1,0,1,514.0
P008976,2025-03-23,jakarta_selatan,rumah,145.0,114.0,1,4,3,1,19.0,perlu_renovasi,HGB,6.1,5.1,1,0,0,3406.5
P001900,2025-03-24,jakarta_selatan,townhouse,75.0,66.0,2,2,2,0,3.0,baik,SHM,4.7,17.2,1,0,0,1609.0
P002756,2025-03-24,surabaya,rumah,201.0,140.0,1,4,4,3,5.0,baik,SHM,5.1,20.4,1,0,0,1607.6
P005547,2025-03-24,yogyakarta,rumah,103.0,97.0,2,3,3,2,12.0,baik,SHM,4.3,12.0,1,0,0,917.1
P005762,2025-03-24,semarang,rumah,115.0,60.0,1,2,2,1,7.0,baik,SHM,6.6,19.9,0,0,0,727.9
P008378,2025-03-24,surabaya,rumah,80.0,68.0,1,2,2,1,21.0,baik,HGB,5.2,12.5,1,0,0,877.0
P008592,2025-03-24,jakarta_selatan,rumah,96.0,105.0,2,3,3,1,13.0,sedang,HGB,7.7,7.0,0,0,0,2646.7
P009184,2025-03-24,yogyakarta,rumah,122.0,65.0,1,2,1,1,2.0,baik,SHM,8.6,10.8,0,0,0,1041.4
P000007,2025-03-25,surabaya,rumah,76.0,57.0,1,2,1,1,17.0,sedang,girik_ajb,5.6,11.1,0,0,0,672.2
P001180,2025-03-25,jakarta_barat,townhouse,82.0,168.0,3,6,6,1,4.0,baik,SHM,5.2,13.2,0,0,0,1911.1
P002334,2025-03-25,jakarta_barat,rumah,121.0,105.0,2,3,3,2,10.0,sedang,SHM,5.0,8.1,1,0,0,1820.1
P006378,2025-03-25,semarang,rumah,165.0,120.0,1,4,4,1,10.0,baik,SHM,4.4,7.4,1,0,1,1270.1
P008278,2025-03-25,bandung,ruko,72.0,181.0,3,2,1,0,15.0,sedang,HGB,8.4,16.4,0,0,0,1067.4
P008292,2025-03-25,yogyakarta,rumah,144.0,170.0,2,4,4,1,30.0,baik,SHM,7.2,8.3,1,0,0,1458.6
P008754,2025-03-25,surabaya,rumah,89.0,57.0,1,2,2,1,10.0,sedang,HGB,4.1,2.5,1,0,0,1262.6
P009046,2025-03-25,jakarta_selatan,ruko,47.0,93.0,3,0,1,1,39.0,perlu_renovasi,SHM,9.4,15.5,0,0,0,1116.9
P005567,2025-03-26,bandung,rumah,79.0,41.0,1,1,1,1,20.0,sedang,SHM,2.4,16.4,1,0,0,428.1
P006017,2025-03-26,jakarta_barat,rumah,65.0,35.0,1,1,1,0,6.0,sedang,SHM,,3.1,1,0,0,1391.3
P006495,2025-03-26,surabaya,ruko,113.0,214.0,3,3,3,1,16.0,perlu_renovasi,HGB,15.7,4.5,0,1,0,2265.9
P006775,2025-03-26,depok,rumah,86.0,107.0,3,3,3,0,16.0,sedang,HGB,2.0,13.8,0,0,0,797.2
P008118,2025-03-26,tangerang_selatan,rumah,107.0,153.0,2,4,2,1,21.0,perlu_renovasi,HGB,3.2,6.0,0,0,1,1416.1
P009574,2025-03-26,bandung,rumah,143.0,111.0,2,3,3,1,4.0,sedang,SHM,3.8,13.9,0,0,0,1323.5
P001176,2025-03-27,bandung,ruko,80.0,219.0,4,3,2,0,5.0,baik,SHM,13.5,12.2,0,0,0,1691.5
P001990,2025-03-27,jakarta_barat,rumah,124.0,135.0,2,4,3,1,30.0,baik,SHM,3.0,14.3,1,0,0,1642.9
P002234,2025-03-27,yogyakarta,rumah,171.0,180.0,2,6,5,2,9.0,sedang,SHM,3.0,3.3,1,0,0,1734.7
P002389,2025-03-27,bandung,rumah,176.0,119.0,1,3,3,2,26.0,sedang,HGB,2.6,17.0,0,0,0,969.6
P002607,2025-03-27,bogor,rumah,205.0,179.0,2,4,4,2,15.0,sedang,HGB,7.2,20.0,0,0,1,1111.3
P004420,2025-03-27,depok,townhouse,63.0,80.0,2,2,2,0,15.0,sedang,SHM,7.6,7.6,0,0,0,840.2
P004792,2025-03-27,jakarta_selatan,townhouse,83.0,119.0,2,3,3,1,5.0,baik,SHM,8.7,14.5,1,0,0,2676.9
P008209,2025-03-27,bogor,ruko,56.0,70.0,3,0,1,2,18.0,baik,HGB,12.0,4.7,1,1,0,802.4
P008857,2025-03-27,semarang,rumah,239.0,326.0,2,8,8,2,10.0,sedang,SHM,,12.0,1,0,1,2287.9
P002378,2025-03-28,bogor,townhouse,69.0,100.0,2,3,2,2,3.0,sedang,girik_ajb,5.5,26.4,0,0,0,546.8
P003058,2025-03-28,jakarta_barat,rumah,173.0,89.0,1,3,3,2,10.0,sedang,SHM,3.9,12.6,0,0,0,2246.0
P005149,2025-03-28,semarang,ruko,76.0,118.0,3,1,1,1,33.0,sedang,SHM,5.7,7.6,0,1,0,811.6
P005565,2025-03-28,yogyakarta,rumah,87.0,57.0,1,2,2,1,27.0,perlu_renovasi,SHM,3.7,12.2,1,0,0,466.5
P007926,2025-03-28,jakarta_barat,rumah,274.0,345.0,2,8,7,3,20.0,sedang,SHM,9.9,10.1,1,0,0,4928.7
P009507,2025-03-28,bogor,rumah,200.0,169.0,1,4,3,2,60.0,sedang,SHM,3.2,21.4,0,0,0,851.7
P000509,2025-03-29,depok,townhouse,77.0,131.0,3,4,4,1,6.0,sedang,SHM,2.9,3.4,1,1,0,1456.5
P000715,2025-03-29,surabaya,townhouse,71.0,111.0,2,4,4,1,15.0,sedang,SHM,3.3,16.1,0,0,0,1029.0
P002737,2025-03-29,jakarta_barat,rumah,139.0,116.0,1,4,3,0,10.0,sedang,SHM,7.1,8.3,0,0,1,2234.9
P003102,2025-03-29,jakarta_barat,rumah,111.0,85.0,1,2,2,0,26.0,baik,SHM,4.0,5.8,1,1,0,1861.3
P003627,2025-03-29,semarang,rumah,70.0,75.0,2,2,2,0,2.0,baik,SHM,6.1,14.9,1,0,0,640.9
P003945,2025-03-29,jakarta_barat,rumah,128.0,80.0,1,2,1,2,24.0,baik,HGB,4.4,4.0,0,1,0,1813.7
P004441,2025-03-29,jakarta_selatan,rumah,80.0,76.0,2,2,2,1,60.0,sedang,SHM,5.9,5.4,1,0,0,2255.7
P005014,2025-03-29,bandung,rumah,64.0,60.0,2,2,2,1,0.0,baik,HGB,7.3,17.7,0,0,0,655.8
P005236,2025-03-29,bogor,townhouse,89.0,73.0,2,2,1,1,9.0,baik,girik_ajb,3.8,27.6,0,0,0,509.2
P006460,2025-03-29,bandung,townhouse,86.0,127.0,3,3,3,0,15.0,sedang,SHM,5.8,8.8,0,0,1,1108.1
P003328,2025-03-30,surabaya,rumah,71.0,104.0,2,3,2,0,12.0,baik,HGB,4.4,7.9,0,0,1,1020.2
P003842,2025-03-30,bogor,rumah,96.0,99.0,2,3,3,1,3.0,baik,SHM,5.3,19.1,1,0,0,755.7
P006962,2025-03-30,jakarta_barat,rumah,83.0,54.0,1,1,1,1,20.0,sedang,HGB,2.6,14.6,1,1,0,710.1
P009389,2025-03-30,tangerang_selatan,rumah,73.0,40.0,1,1,1,1,7.0,baik,SHM,4.3,9.7,1,0,1,810.4
P000389,2025-04-03,jakarta_selatan,rumah,79.0,36.0,1,1,1,1,16.0,sedang,SHM,2.1,4.3,1,0,1,1502.7
P001090,2025-04-03,bekasi,rumah,91.0,59.0,1,1,1,1,17.0,sedang,HGB,4.0,18.9,1,0,0,666.3
P002754,2025-04-03,jakarta_selatan,rumah,95.0,34.0,1,1,1,2,25.0,sedang,HGB,8.1,4.4,1,0,0,3100.5
P002775,2025-04-03,bandung,rumah,136.0,162.0,2,4,3,0,11.0,baik,HGB,5.0,11.4,1,0,1,1709.2
P003983,2025-04-03,bogor,rumah,144.0,169.0,2,4,4,2,30.0,sedang,SHM,6.4,24.8,0,0,1,661.3
P004016,2025-04-03,depok,ruko,92.0,137.0,4,1,1,0,7.0,baik,SHM,1.5,12.1,0,0,0,1077.9
P004990,2025-04-03,jakarta_selatan,rumah,168.0,107.0,1,3,2,2,22.0,sedang,SHM,2.1,15.6,0,1,0,2347.6
P005200,2025-04-03,depok,rumah,145.0,268.0,2,7,5,1,55.0,sedang,SHM,3.3,16.0,0,0,0,1066.8
P006325,2025-04-03,bogor,townhouse,135.0,110.0,2,2,2,2,14.0,baik,SHM,7.4,6.8,0,0,0,1130.2
P006515,2025-04-03,jakarta_barat,ruko,91.0,114.0,3,1,1,1,4.0,baik,HGB,10.0,5.1,0,0,0,2402.3
P008345,2025-04-03,surabaya,rumah,79.0,66.0,1,1,1,1,8.0,baik,HGB,7.0,18.9,0,0,0,754.4
P008807,2025-04-03,jakarta_selatan,rumah,69.0,86.0,2,3,3,1,16.0,sedang,HGB,5.3,15.0,0,0,0,1341.9
P009319,2025-04-03,surabaya,townhouse,70.0,97.0,2,3,2,1,4.0,sedang,SHM,4.3,15.9,0,0,0,795.3
P009762,2025-04-03,jakarta_selatan,rumah,68.0,45.0,1,1,1,1,10.0,sedang,HGB,,11.0,0,0,0,1923.5
P000543,2025-04-04,surabaya,ruko,105.0,219.0,3,5,4,2,26.0,sedang,SHM,12.3,5.7,1,0,1,2000.7
P003062,2025-04-04,bekasi,rumah,164.0,252.0,2,6,6,1,3.0,baik,SHM,7.6,28.4,0,0,1,1652.7
P003182,2025-04-04,tangerang_selatan,rumah,154.0,69.0,1,2,1,2,15.0,baik,SHM,6.2,23.4,0,0,0,1100.4
P004210,2025-04-04,jakarta_barat,rumah,84.0,65.0,1,2,2,1,8.0,sedang,HGB,4.8,6.8,0,0,1,1310.3
P004754,2025-04-04,depok,rumah,194.0,118.0,1,4,3,1,33.0,perlu_renovasi,SHM,10.8,22.4,1,0,0,971.9
P006565,2025-04-04,bekasi,rumah,92.0,108.0,2,3,2,1,9.0,sedang,HGB,3.2,29.4,0,0,1,674.3
P006801,2025-04-04,bekasi,ruko,68.0,162.0,3,3,2,2,11.0,sedang,SHM,10.6,15.2,0,0,0,1029.6
P007007,2025-04-04,surabaya,rumah,128.0,182.0,2,4,4,1,4.0,baik,HGB,2.5,20.3,0,0,0,1306.6
P007450,2025-04-04,depok,rumah,198.0,79.0,1,2,2,3,10.0,baik,SHM,14.5,10.7,1,1,0,2050.2
P000066,2025-04-05,depok,rumah,100.0,130.0,2,3,3,0,14.0,sedang,SHM,,23.3,1,0,0,860.9
P000995,2025-04-05,semarang,rumah,105.0,70.0,1,2,2,1,11.0,baik,SHM,6.5,17.2,0,0,0,609.7
P001999,2025-04-05,surabaya,rumah,304.0,143.0,1,3,2,3,15.0,sedang,SHM,6.5,20.8,0,0,1,2052.6
P002072,2025-04-05,bekasi,rumah,139.0,109.0,2,4,4,1,4.0,baik,SHM,4.4,7.3,0,1,0,1518.6
P009822,2025-04-05,semarang,rumah,89.0,86.0,2,2,2,1,16.0,baik,girik_ajb,5.0,5.1,0,0,0,681.1
P001238,2025-04-06,bekasi,rumah,94.0,126.0,2,3,3,0,9.0,baik,HGB,2.7,23.4,0,0,0,871.1
P002721,2025-04-06,depok,rumah,156.0,130.0,1,3,3,2,4.0,baik,HGB,,9.5,0,1,0,1680.5
P003478,2025-04-06,semarang,rumah,87.0,75.0,2,2,2,1,8.0,sedang,SHM,7.5,13.6,1,0,0,636.2
P003525,2025-04-06,depok,ruko,93.0,236.0,4,4,4,0,,perlu_renovasi,SHM,7.8,8.8,0,0,0,1493.2
P005517,2025-04-06,jakarta_barat,ruko,67.0,106.0,3,1,1,0,21.0,sedang,SHM,5.8,12.7,0,0,0,1144.3
P006708,2025-04-06,depok,rumah,74.0,30.0,1,1,1,2,1.0,baik,SHM,4.5,13.2,0,0,0,558.8
P008193,2025-04-06,jakarta_selatan,rumah,117.0,170.0,2,4,4,1,3.0,sedang,SHM,4.6,5.6,0,0,1,3232.6
P009670,2025-04-06,semarang,ruko,97.0,153.0,3,2,2,1,14.0,sedang,girik_ajb,7.0,2.8,1,1,0,1351.5
P001733,2025-04-07,bandung,ruko,47.0,41.0,2,0,1,0,13.0,perlu_renovasi,girik_ajb,,21.3,0,0,0,286.6
P003196,2025-04-07,bekasi,rumah,86.0,38.0,1,1,1,0,14.0,baik,SHM,3.9,16.5,0,0,0,573.0
P007061,2025-04-07,jakarta_barat,townhouse,73.0,75.0,2,2,2,1,2.0,baik,HGB,9.4,19.7,0,0,0,1181.5
P008655,2025-04-07,tangerang_selatan,townhouse,86.0,88.0,2,2,2,1,14.0,baik,SHM,6.5,22.4,0,1,0,1016.8
P008783,2025-04-07,yogyakarta,rumah,98.0,119.0,2,3,3,3,11.0,sedang,SHM,4.2,5.2,1,1,0,1375.8
P001932,2025-04-08,bogor,rumah,74.0,64.0,2,2,2,1,18.0,sedang,SHM,3.0,19.1,1,0,1,415.5
P003472,2025-04-08,bekasi,rumah,45.0,41.0,2,1,1,1,5.0,baik,SHM,4.5,22.7,0,0,0,464.3
P004103,2025-04-08,depok,rumah,211.0,125.0,1,3,3,3,21.0,perlu_renovasi,HGB,7.0,22.9,0,0,0,1043.4
P004425,2025-04-08,bogor,rumah,135.0,111.0,1,4,2,2,3.0,sedang,HGB,4.0,8.8,0,0,1,1027.2
P006577,2025-04-08,bekasi,rumah,108.0,88.0,2,2,1,1,9.0,sedang,HGB,8.9,4.4,1,0,1,1090.8
P009074,2025-04-08,bandung,rumah,232.0,242.0,2,6,5,2,6.0,sedang,SHM,7.9,21.9,0,0,0,1687.0
P000508,2025-04-09,surabaya,rumah,166.0,274.0,2,8,8,2,4.0,baik,SHM,3.5,3.9,1,1,0,3431.2
P002477,2025-04-09,jakarta_barat,rumah,83.0,104.0,2,3,3,1,15.0,baik,SHM,4.4,14.1,0,0,0,1210.9
P004803,2025-04-09,jakarta_selatan,rumah,61.0,35.0,1,1,1,1,16.0,sedang,HGB,4.5,6.5,1,0,0,1908.7
P005467,2025-04-09,surabaya,ruko,152.0,170.0,2,3,2,2,10.0,baik,HGB,5.1,22.3,0,0,0,1677.6
P006000,2025-04-09,surabaya,rumah,208.0,282.0,2,9,8,2,30.0,sedang,SHM,8.3,12.3,1,0,0,2606.0
P007858,2025-04-09,tangerang_selatan,rumah,105.0,155.0,2,4,4,2,2.0,baik,girik_ajb,3.3,17.1,0,0,0,1405.1
P007945,2025-04-09,bogor,rumah,140.0,153.0,2,4,4,2,5.0,sedang,SHM,9.3,22.6,0,0,0,1032.7
P008236,2025-04-09,jakarta_selatan,rumah,101.0,132.0,2,4,4,1,,baik,SHM,7.3,13.1,1,0,0,2973.7
P008314,2025-04-09,tangerang_selatan,townhouse,58.0,76.0,3,2,1,1,15.0,baik,SHM,4.0,7.6,0,0,0,1130.0
P000059,2025-04-10,jakarta_barat,rumah,118.0,127.0,2,4,3,1,7.0,sedang,SHM,8.5,15.5,0,0,0,1737.5
P001083,2025-04-10,semarang,rumah,99.0,99.0,2,3,2,1,10.0,baik,HGB,2.6,5.5,1,1,0,1022.6
P002244,2025-04-10,tangerang_selatan,rumah,124.0,53.0,1,1,1,3,22.0,sedang,HGB,3.5,21.1,0,0,0,854.3
P005454,2025-04-10,jakarta_barat,rumah,123.0,215.0,3,6,6,1,35.0,perlu_renovasi,SHM,3.7,5.0,1,0,0,2132.8
P005785,2025-04-10,tangerang_selatan,townhouse,77.0,80.0,2,2,2,0,1.0,sedang,HGB,4.3,13.8,1,0,0,1413.9
P008719,2025-04-10,depok,rumah,89.0,34.0,1,1,1,2,11.0,sedang,SHM,6.4,7.0,0,0,0,969.2
P009865,2025-04-10,jakarta_selatan,ruko,80.0,193.0,3,2,1,0,10.0,baik,SHM,9.3,15.7,1,0,0,2501.4
P000378,2025-04-11,bekasi,townhouse,108.0,134.0,2,5,3,2,5.0,baik,SHM,4.1,9.9,0,0,0,1341.0
P000850,2025-04-11,yogyakarta,rumah,182.0,100.0,1,2,2,2,8.0,baik,SHM,8.1,11.1,0,0,0,1658.7
P001067,2025-04-11,bekasi,rumah,98.0,58.0,1,2,1,2,21.0,sedang,HGB,8.1,27.3,0,0,0,448.4
P002127,2025-04-11,tangerang_selatan,rumah,122.0,127.0,2,4,4,0,,baik,SHM,,9.6,0,0,0,1916.7
P005344,2025-04-11,bogor,rumah,52.0,25.0,1,1,1,0,2.0,baik,HGB,4.9,7.5,0,0,1,390.2
P008159,2025-04-11,tangerang_selatan,rumah,136.0,172.0,3,6,6,1,18.0,baik,SHM,4.6,24.4,0,0,0,1253.3
P008529,2025-04-11,bandung,rumah,114.0,73.0,1,2,2,1,6.0,baik,HGB,6.1,14.7,0,1,1,924.1
P000253,2025-04-12,bekasi,rumah,73.0,66.0,2,2,2,0,19.0,sedang,SHM,3.8,27.6,0,0,0,439.3
P002018,2025-04-12,jakarta_selatan,rumah,131.0,104.0,1,3,3,1,19.0,sedang,HGB,5.5,16.6,0,0,0,2287.6
P002219,2025-04-12,yogyakarta,rumah,162.0,56.0,1,1,1,2,11.0,sedang,SHM,3.2,19.7,0,0,0,844.8
P002312,2025-04-12,jakarta_selatan,ruko,107.0,248.0,3,5,5,1,2.0,baik,HGB,5.3,10.0,0,1,0,4253.2
P002399,2025-04-12,jakarta_barat,rumah,183.0,100.0,1,3,3,2,15.0,sedang,HGB,1.8,4.6,1,0,0,2136.0
P002819,2025-04-12,bekasi,townhouse,63.0,80.0,2,2,2,0,13.0,sedang,HGB,6.6,10.9,0,1,1,650.3
P006639,2025-04-12,surabaya,rumah,90.0,82.0,2,2,2,1,11.0,baik,HGB,4.5,5.4,1,0,0,1180.4
P008214,2025-04-12,bogor,rumah,43.0,73.0,3,3,2,0,2.0,sedang,SHM,4.7,9.2,0,1,0,524.3
P000441,2025-04-13,surabaya,ruko,68.0,148.0,3,3,3,1,18.0,baik,SHM,5.6,9.0,1,0,0,1584.3
P000629,2025-04-13,depok,townhouse,112.0,195.0,3,4,3,1,3.0,baik,SHM,2.5,21.8,0,0,0,1906.7
P001244,2025-04-13,jakarta_selatan,rumah,173.0,124.0,1,3,3,2,,sedang,SHM,4.9,12.3,1,1,0,4563.9
P003241,2025-04-13,semarang,ruko,79.0,232.0,4,5,5,0,12.0,baik,SHM,6.3,4.4,1,1,0,1393.9
P004060,2025-04-13,surabaya,ruko,98.0,101.0,2,1,1,1,57.0,perlu_renovasi,SHM,10.3,4.4,0,0,0,1404.4
P005763,2025-04-13,bandung,rumah,171.0,201.0,2,5,3,3,5.0,baik,SHM,3.1,9.7,0,0,0,2248.7
P005864,2025-04-13,bandung,rumah,444.0,738.0,2,10,6,6,8.0,sedang,SHM,16.0,21.4,0,0,1,4089.2
P005970,2025-04-13,surabaya,ruko,47.0,116.0,4,1,1,1,22.0,baik,SHM,6.1,16.2,0,0,0,816.1
P006021,2025-04-13,yogyakarta,rumah,56.0,85.0,2,2,1,0,10.0,baik,SHM,10.3,5.3,0,0,1,871.5
P008155,2025-04-13,bogor,rumah,142.0,136.0,2,4,3,2,5.0,sedang,SHM,4.3,16.4,0,0,0,860.3
P008915,2025-04-13,bekasi,rumah,336.0,170.0,1,4,3,3,17.0,baik,SHM,5.8,23.5,0,0,0,1775.5
P009023,2025-04-13,semarang,rumah,221.0,289.0,2,10,8,3,29.0,sedang,SHM,3.7,13.9,0,0,0,1517.4
P001140,2025-04-14,bandung,ruko,84.0,145.0,3,3,3,1,28.0,baik,SHM,9.3,5.4,0,0,1,1267.2
P001344,2025-04-14,depok,rumah,177.0,136.0,1,5,4,2,13.0,sedang,SHM,2.8,7.3,0,0,0,1522.6
P002143,2025-04-14,surabaya,ruko,71.0,155.0,3,3,3,1,10.0,sedang,girik_ajb,13.5,21.7,1,0,0,1115.7
P002572,2025-04-14,depok,rumah,132.0,138.0,2,4,4,2,21.0,sedang,HGB,4.7,23.1,0,1,0,844.1
P002679,2025-04-14,bandung,rumah,193.0,216.0,2,6,5,2,,baik,HGB,5.6,6.7,1,0,0,2217.7
P002751,2025-04-14,tangerang_selatan,townhouse,68.0,73.0,2,3,2,1,15.0,sedang,HGB,6.2,23.1,1,0,0,810.0
P003150,2025-04-14,jakarta_barat,rumah,49.0,29.0,1,1,1,0,1.0,sedang,SHM,2.7,7.2,1,1,0,652.8
P003719,2025-04-14,yogyakarta,rumah,81.0,45.0,1,1,1,0,5.0,baik,SHM,4.0,13.0,0,0,0,646.7
P004749,2025-04-14,surabaya,rumah,116.0,113.0,2,3,3,1,32.0,sedang,HGB,3.8,24.0,0,0,0,652.8
P005808,2025-04-14,surabaya,rumah,151.0,212.0,2,7,6,2,16.0,baik,SHM,10.1,2.5,1,0,0,3273.1
P007509,2025-04-14,bogor,rumah,121.0,160.0,2,5,5,1,1.0,baik,SHM,3.6,24.2,0,0,0,1071.2
P007775,2025-04-14,bandung,rumah,63.0,43.0,1,1,1,1,7.0,baik,SHM,5.7,18.0,0,0,0,455.6
P009530,2025-04-14,tangerang_selatan,rumah,141.0,94.0,1,2,2,2,7.0,baik,SHM,3.0,17.9,0,0,0,1889.1
P001712,2025-04-15,bekasi,townhouse,75.0,109.0,2,3,3,2,,sedang,SHM,4.5,4.5,0,0,0,1124.7
P004711,2025-04-15,surabaya,townhouse,62.0,54.0,2,2,1,1,11.0,sedang,SHM,7.5,6.1,1,0,0,937.7
P004862,2025-04-16,semarang,rumah,75.0,54.0,1,2,2,0,22.0,sedang,SHM,6.3,14.4,1,0,0,539.9
P005411,2025-04-16,tangerang_selatan,rumah,176.0,297.0,2,7,4,2,24.0,sedang,SHM,6.0,23.8,1,0,0,2035.0
P007627,2025-04-16,yogyakarta,rumah,57.0,80.0,2,2,1,1,25.0,sedang,SHM,8.6,9.4,0,0,0,609.4
P008442,2025-04-16,tangerang_selatan,rumah,124.0,86.0,1,3,2,0,26.0,baik,SHM,4.9,7.7,0,0,1,1485.8
P009115,2025-04-16,bekasi,ruko,69.0,88.0,2,1,1,2,24.0,baik,SHM,9.4,5.7,1,1,0,1194.7
P009497,2025-04-16,jakarta_selatan,rumah,123.0,88.0,1,3,3,1,11.0,baik,SHM,3.5,3.0,0,1,1,3902.9
P000866,2025-04-17,semarang,rumah,86.0,64.0,1,2,1,0,31.0,perlu_renovasi,SHM,5.5,6.8,0,1,0,614.3
P000897,2025-04-17,tangerang_selatan,rumah,140.0,221.0,2,6,6,3,2.0,sedang,SHM,5.5,9.6,0,1,0,3023.3
P002048,2025-04-17,depok,rumah,108.0,69.0,1,2,1,2,16.0,perlu_renovasi,SHM,7.1,11.4,0,0,0,1093.3
P002250,2025-04-17,tangerang_selatan,rumah,109.0,146.0,2,4,4,1,13.0,perlu_renovasi,SHM,8.9,12.2,1,1,1,1469.2
P002632,2025-04-17,depok,townhouse,92.0,215.0,3,6,6,1,7.0,sedang,SHM,2.8,19.0,0,0,0,1423.6
P003429,2025-04-17,semarang,rumah,251.0,223.0,2,5,3,2,6.0,baik,HGB,5.2,5.2,1,1,0,2452.2
P004051,2025-04-17,yogyakarta,rumah,57.0,22.0,1,1,1,0,5.0,sedang,HGB,6.5,7.5,1,1,0,512.8
P006617,2025-04-17,bekasi,rumah,104.0,73.0,1,2,2,1,14.0,perlu_renovasi,SHM,4.2,20.0,0,0,0,566.2
P007401,2025-04-17,depok,rumah,156.0,153.0,2,3,2,1,5.0,sedang,SHM,7.7,21.6,0,0,0,1484.3
P007946,2025-04-17,tangerang_selatan,ruko,64.0,102.0,3,2,1,0,16.0,sedang,SHM,9.5,21.2,0,0,0,830.8
P008323,2025-04-17,jakarta_selatan,rumah,105.0,80.0,2,2,1,1,25.0,sedang,HGB,4.5,15.1,0,0,0,1846.2
P000185,2025-04-18,surabaya,rumah,156.0,374.0,3,10,8,3,8.0,baik,HGB,5.7,3.0,1,1,0,3908.2
P000342,2025-04-18,yogyakarta,townhouse,65.0,91.0,2,2,2,1,9.0,baik,HGB,6.8,19.6,0,0,0,767.4
P001296,2025-04-18,bekasi,rumah,92.0,76.0,1,2,2,1,22.0,baik,HGB,,26.0,0,0,0,495.2
P002951,2025-04-18,jakarta_barat,townhouse,55.0,55.0,2,2,2,1,10.0,baik,HGB,6.6,9.6,0,1,1,945.5
P004849,2025-04-18,jakarta_barat,ruko,54.0,133.0,3,1,1,1,11.0,baik,SHM,13.2,7.2,1,0,0,1704.7
P005987,2025-04-18,jakarta_selatan,rumah,119.0,145.0,2,4,3,1,22.0,sedang,SHM,5.7,13.6,0,1,0,2417.5
P008189,2025-04-18,bogor,townhouse,86.0,128.0,2,3,3,2,15.0,sedang,HGB,4.3,17.5,0,0,1,892.7
P008537,2025-04-18,jakarta_selatan,rumah,91.0,52.0,1,1,1,1,7.0,baik,SHM,3.3,6.9,1,0,0,2682.3
P008683,2025-04-18,surabaya,rumah,221.0,205.0,2,7,6,3,12.0,baik,SHM,3.9,2.4,1,1,0,3483.1
P009579,2025-04-18,jakarta_selatan,rumah,112.0,138.0,2,5,4,2,12.0,baik,SHM,5.5,3.0,0,1,0,4286.8
P000778,2025-04-19,jakarta_barat,townhouse,46.0,52.0,2,2,2,0,7.0,baik,SHM,4.3,11.1,0,1,0,1157.8
P003730,2025-04-19,bandung,rumah,191.0,110.0,1,3,3,3,9.0,baik,SHM,6.6,20.1,0,0,0,1261.6
P005083,2025-04-19,bekasi,rumah,99.0,85.0,1,2,2,1,5.0,sedang,SHM,3.6,11.8,0,0,0,867.1
P005315,2025-04-19,tangerang_selatan,rumah,264.0,338.0,2,9,8,4,7.0,baik,HGB,4.6,12.1,1,0,1,3528.9
P007114,2025-04-19,depok,rumah,141.0,139.0,2,5,3,2,11.0,baik,SHM,6.9,20.3,0,1,0,1459.5
P008892,2025-04-19,bandung,rumah,92.0,40.0,1,1,1,1,18.0,baik,SHM,6.2,14.2,0,0,0,932.6
P003957,2025-04-20,yogyakarta,rumah,68.0,52.0,1,1,1,1,3.0,sedang,HGB,4.2,6.1,0,0,0,687.4
P004194,2025-04-20,surabaya,ruko,104.0,335.0,4,6,4,1,15.0,perlu_renovasi,SHM,12.2,22.6,0,0,0,1454.8
P000289,2025-04-21,depok,townhouse,64.0,63.0,2,2,1,1,15.0,sedang,SHM,4.5,14.0,1,0,0,684.8
P000635,2025-04-21,jakarta_selatan,rumah,86.0,137.0,3,5,5,1,35.0,perlu_renovasi,SHM,4.7,12.2,0,0,0,1807.1
P002336,2025-04-21,bandung,rumah,79.0,74.0,2,2,1,2,11.0,sedang,HGB,7.9,11.8,1,1,0,1006.6
P003402,2025-04-21,surabaya,ruko,41.0,103.0,4,1,1,1,12.0,baik,SHM,12.2,12.7,0,0,0,902.4
P004737,2025-04-21,bandung,rumah,95.0,90.0,2,2,2,2,17.0,baik,SHM,4.0,16.9,0,0,0,833.7
P005867,2025-04-21,surabaya,rumah,89.0,68.0,1,2,1,1,15.0,perlu_renovasi,HGB,2.5,13.0,0,0,0,781.7
P006946,2025-04-21,surabaya,townhouse,76.0,76.0,2,2,2,0,,perlu_renovasi,SHM,5.7,21.5,1,0,0,638.6
P003215,2025-04-22,jakarta_barat,rumah,120.0,84.0,1,2,1,1,21.0,baik,SHM,10.2,17.1,0,0,0,1238.1
P004455,2025-04-22,depok,townhouse,108.0,122.0,2,3,3,1,14.0,perlu_renovasi,SHM,4.6,19.5,0,0,0,925.3
P007186,2025-04-22,bekasi,ruko,99.0,248.0,4,6,5,1,11.0,baik,SHM,10.9,17.8,0,0,0,1707.1
P008931,2025-04-22,bogor,rumah,125.0,91.0,1,3,3,2,9.0,sedang,SHM,9.1,26.6,0,0,0,614.4
P001017,2025-04-23,bandung,rumah,78.0,47.0,1,2,2,1,19.0,baik,SHM,3.3,12.3,1,1,0,716.2
P002858,2025-04-23,bekasi,townhouse,78.0,82.0,2,2,1,2,3.0,sedang,SHM,3.2,5.1,0,0,0,1245.3
P003588,2025-04-23,depok,rumah,153.0,63.0,1,2,2,2,19.0,sedang,SHM,3.5,20.2,0,0,1,823.3
P004077,2025-04-23,bogor,rumah,55.0,66.0,3,2,1,0,25.0,baik,HGB,2.4,10.3,0,0,0,422.7
P004734,2025-04-23,tangerang_selatan,rumah,45.0,43.0,2,1,1,1,11.0,perlu_renovasi,SHM,5.0,19.3,0,0,0,385.8
P005703,2025-04-23,jakarta_selatan,townhouse,75.0,85.0,2,2,2,1,15.0,perlu_renovasi,HGB,2.2,6.8,1,0,0,1901.4
P006303,2025-04-23,depok,rumah,284.0,321.0,2,9,8,2,7.0,baik,SHM,5.8,12.6,0,0,0,3752.1
P007495,2025-04-23,semarang,rumah,165.0,245.0,2,6,6,1,21.0,sedang,HGB,7.6,11.2,0,0,0,1289.0
P008312,2025-04-23,tangerang_selatan,rumah,87.0,36.0,1,1,1,2,13.0,baik,HGB,6.6,10.1,0,0,1,1189.6
P009613,2025-04-23,bogor,rumah,111.0,78.0,1,2,2,0,19.0,sedang,SHM,3.3,16.2,1,0,0,705.6
P001042,2025-04-24,bandung,rumah,52.0,45.0,2,2,2,1,22.0,sedang,SHM,8.0,8.6,1,0,0,716.5
P003123,2025-04-24,tangerang_selatan,rumah,258.0,133.0,1,4,3,3,23.0,baik,SHM,4.1,11.5,0,0,0,2519.7
P004519,2025-04-24,surabaya,townhouse,92.0,92.0,2,3,3,2,12.0,baik,HGB,2.8,4.0,0,1,0,1282.1
P004712,2025-04-24,tangerang_selatan,ruko,123.0,259.0,3,5,3,2,11.0,baik,SHM,7.8,16.2,0,0,0,1926.3
P006420,2025-04-24,bandung,rumah,141.0,131.0,2,4,4,2,13.0,sedang,HGB,5.4,4.8,0,0,0,1738.0
P007370,2025-04-24,semarang,ruko,119.0,239.0,3,6,6,2,34.0,sedang,SHM,7.4,7.0,0,0,0,1156.5
P008758,2025-04-24,jakarta_barat,rumah,111.0,146.0,2,5,5,2,9.0,baik,SHM,8.1,8.0,1,1,0,2813.3
P009513,2025-04-24,tangerang_selatan,rumah,107.0,99.0,2,3,2,0,49.0,baik,SHM,5.0,12.2,1,0,0,990.6
P009704,2025-04-24,tangerang_selatan,rumah,135.0,178.0,2,5,5,1,16.0,baik,HGB,5.8,4.4,1,1,0,2417.5
P000413,2025-04-25,jakarta_selatan,rumah,89.0,160.0,2,4,4,1,8.0,baik,SHM,2.9,4.1,1,0,0,2778.9
P000762,2025-04-25,jakarta_barat,ruko,75.0,168.0,3,4,3,1,10.0,baik,girik_ajb,7.4,14.7,0,1,0,1618.6
P000933,2025-04-25,bekasi,townhouse,69.0,73.0,2,2,2,2,9.0,baik,HGB,7.9,22.6,0,0,0,658.9
P002922,2025-04-25,jakarta_selatan,rumah,149.0,206.0,2,5,4,2,11.0,baik,HGB,3.4,16.8,0,0,0,2845.1
P000563,2025-04-26,surabaya,rumah,108.0,51.0,1,1,1,0,2.0,baik,HGB,3.7,20.6,0,0,0,929.9
P000801,2025-04-26,bandung,rumah,48.0,76.0,2,2,2,0,15.0,perlu_renovasi,HGB,2.6,4.0,0,1,1,574.4
P004505,2025-04-26,jakarta_barat,rumah,114.0,76.0,1,2,2,0,4.0,perlu_renovasi,SHM,8.5,13.6,1,0,0,1612.8
P005042,2025-04-26,jakarta_barat,rumah,94.0,43.0,1,1,1,1,8.0,sedang,SHM,4.6,17.0,0,0,0,1106.8
P005909,2025-04-26,tangerang_selatan,rumah,64.0,80.0,2,3,3,2,1.0,sedang,SHM,4.9,11.3,0,1,0,1167.5
P009832,2025-04-26,tangerang_selatan,ruko,69.0,111.0,2,1,1,0,32.0,perlu_renovasi,HGB,13.5,23.6,0,0,0,614.9
P001339,2025-04-27,semarang,townhouse,55.0,60.0,2,2,2,0,7.0,sedang,SHM,5.5,11.1,0,0,0,530.2
P002011,2025-04-27,jakarta_selatan,rumah,88.0,33.0,1,1,1,1,14.0,sedang,HGB,3.6,17.3,0,0,0,1208.9
P006832,2025-04-27,bogor,rumah,252.0,455.0,2,10,8,4,14.0,sedang,SHM,4.9,21.6,0,0,0,1995.2
P007480,2025-04-27,semarang,rumah,70.0,55.0,2,1,1,1,24.0,baik,SHM,4.0,12.9,0,0,1,391.2
P007874,2025-04-27,jakarta_selatan,rumah,120.0,114.0,2,3,3,1,,baik,SHM,4.8,11.7,0,0,0,2571.2
P009683,2025-04-27,yogyakarta,rumah,90.0,59.0,1,2,2,2,5.0,sedang,SHM,2.9,12.2,0,1,0,603.2
P000341,2025-04-28,jakarta_barat,rumah,144.0,113.0,1,4,3,2,21.0,baik,SHM,3.7,16.1,1,0,0,1575.8
P001046,2025-04-28,tangerang_selatan,townhouse,107.0,106.0,2,3,2,0,4.0,baik,SHM,6.0,20.7,1,0,0,1341.2
P001079,2025-04-28,bogor,townhouse,76.0,54.0,2,1,1,1,13.0,sedang,SHM,,9.2,0,1,0,605.5
P003056,2025-04-28,depok,rumah,106.0,162.0,2,4,4,0,5.0,baik,SHM,6.7,8.4,1,1,1,1645.8
P003422,2025-04-28,tangerang_selatan,rumah,140.0,87.0,1,3,3,2,,baik,SHM,3.9,20.4,0,0,0,1688.8
P003530,2025-04-28,depok,rumah,114.0,149.0,2,4,3,1,8.0,baik,HGB,4.2,16.1,1,0,0,1483.3
P003718,2025-04-28,surabaya,ruko,76.0,160.0,3,2,1,1,9.0,baik,girik_ajb,14.1,7.8,0,0,0,1334.2
P005103,2025-04-28,jakarta_selatan,rumah,100.0,56.0,1,1,1,2,6.0,baik,SHM,6.1,13.9,0,0,0,2472.1
P008615,2025-04-28,jakarta_selatan,ruko,58.0,134.0,4,1,1,0,10.0,baik,SHM,2.3,10.8,1,0,0,1668.2
P008616,2025-04-28,bogor,ruko,58.0,112.0,3,2,2,1,6.0,baik,SHM,5.6,11.8,1,1,0,744.7
P000670,2025-04-29,bekasi,rumah,86.0,64.0,2,1,1,2,14.0,baik,HGB,5.9,5.8,0,1,0,845.0
P001389,2025-04-29,semarang,townhouse,34.0,40.0,3,1,1,1,4.0,baik,SHM,5.1,5.0,1,0,0,426.6
P001601,2025-04-29,semarang,rumah,77.0,63.0,1,2,2,0,7.0,sedang,SHM,5.2,17.3,0,0,0,438.0
P001834,2025-04-29,jakarta_barat,rumah,130.0,78.0,1,2,2,2,9.0,baik,HGB,6.0,10.5,0,1,0,2082.4
P002692,2025-04-29,bekasi,rumah,92.0,56.0,1,2,1,2,5.0,sedang,SHM,6.3,18.5,0,0,0,674.5
P004585,2025-04-29,bandung,rumah,134.0,196.0,2,5,5,2,2.0,baik,HGB,6.7,17.8,0,0,0,1693.9
P005598,2025-04-29,bekasi,ruko,120.0,135.0,2,1,1,2,30.0,sedang,SHM,13.3,12.4,0,0,0,1290.8
P007091,2025-04-29,depok,rumah,208.0,109.0,1,3,2,2,22.0,baik,SHM,7.7,5.0,1,0,0,2148.5
P007444,2025-04-29,jakarta_barat,ruko,67.0,145.0,4,3,2,0,9.0,baik,SHM,11.0,14.9,0,0,0,1409.9
P009653,2025-04-29,jakarta_barat,ruko,134.0,362.0,3,6,6,1,15.0,sedang,SHM,14.0,12.8,0,0,0,2705.8
P001303,2025-04-30,bandung,rumah,142.0,132.0,2,4,4,2,12.0,baik,SHM,2.7,21.2,0,0,0,896.2
P003249,2025-04-30,semarang,rumah,316.0,243.0,1,6,4,4,15.0,baik,SHM,7.8,17.8,1,0,0,1732.5
P004192,2025-04-30,bandung,rumah,117.0,41.0,1,1,1,1,1.0,sedang,SHM,10.7,17.8,0,0,0,983.6
P005691,2025-04-30,depok,rumah,167.0,113.0,1,4,3,2,10.0,sedang,SHM,6.1,4.9,1,0,1,2030.4
P006492,2025-04-30,bandung,rumah,162.0,227.0,2,7,7,1,5.0,baik,HGB,4.1,2.9,1,0,0,2526.9
P006717,2025-04-30,bandung,townhouse,82.0,106.0,2,3,2,1,3.0,baik,SHM,4.5,12.6,1,0,1,1116.9
P007310,2025-04-30,bekasi,rumah,126.0,162.0,2,4,3,1,17.0,sedang,SHM,2.5,28.0,0,0,0,1011.0
P008070,2025-04-30,yogyakarta,ruko,80.0,170.0,3,2,2,1,,sedang,SHM,11.9,6.7,0,0,0,1480.1
P008179,2025-04-30,depok,rumah,117.0,88.0,2,3,2,1,12.0,baik,SHM,8.4,21.4,0,0,0,1022.2
P008664,2025-04-30,semarang,rumah,110.0,198.0,3,5,4,1,21.0,baik,SHM,8.2,14.0,0,1,0,1126.2
P002235,2025-05-03,bandung,rumah,82.0,65.0,1,2,2,1,43.0,sedang,SHM,8.3,20.3,1,1,0,488.5
P003466,2025-05-03,surabaya,townhouse,86.0,96.0,2,3,3,1,1.0,sedang,SHM,5.5,3.8,1,0,0,1288.6
P004160,2025-05-03,jakarta_barat,townhouse,93.0,187.0,3,5,4,1,5.0,sedang,SHM,6.6,19.1,0,0,0,1665.3
P006955,2025-05-03,bandung,rumah,112.0,111.0,2,3,2,2,8.0,baik,HGB,3.9,14.6,1,0,0,1140.6
P007010,2025-05-03,depok,townhouse,79.0,95.0,2,2,1,0,15.0,perlu_renovasi,SHM,4.7,9.5,1,0,0,975.0
P001448,2025-05-04,depok,rumah,152.0,92.0,1,2,2,2,26.0,baik,girik_ajb,2.9,8.6,0,1,0,1177.9
P001824,2025-05-04,bogor,rumah,104.0,101.0,2,3,3,1,,baik,SHM,5.4,20.7,0,0,0,741.2
P002425,2025-05-04,semarang,townhouse,55.0,65.0,2,2,2,0,13.0,perlu_renovasi,SHM,3.5,6.2,0,0,0,373.2
P003971,2025-05-04,yogyakarta,ruko,63.0,71.0,2,0,1,0,12.0,sedang,SHM,11.8,16.8,0,0,0,592.9
P003166,2025-05-05,bandung,rumah,212.0,296.0,2,10,8,3,12.0,sedang,HGB,4.6,14.6,0,0,0,1954.9
P007978,2025-05-05,yogyakarta,rumah,124.0,107.0,2,3,2,0,32.0,baik,HGB,5.5,19.6,0,0,0,626.2
P008399,2025-05-05,yogyakarta,rumah,108.0,192.0,2,6,5,0,8.0,baik,SHM,6.7,18.3,0,0,0,1247.2
P008990,2025-05-05,bekasi,townhouse,71.0,100.0,3,2,2,1,1.0,baik,HGB,3.2,6.7,0,0,0,1192.2
P009759,2025-05-05,jakarta_selatan,ruko,64.0,106.0,2,1,1,1,2.0,sedang,SHM,9.0,13.2,0,0,0,1978.8
P002305,2025-05-06,bekasi,townhouse,86.0,114.0,2,4,4,1,10.0,sedang,SHM,7.9,21.0,0,0,0,725.9
P004329,2025-05-06,surabaya,rumah,133.0,153.0,2,4,3,2,23.0,perlu_renovasi,SHM,,24.2,0,0,1,1050.3
P005439,2025-05-06,yogyakarta,rumah,99.0,72.0,1,2,1,1,7.0,baik,SHM,3.7,19.2,0,0,0,621.4
P006612,2025-05-06,tangerang_selatan,townhouse,64.0,48.0,2,2,2,2,4.0,baik,SHM,7.1,10.5,0,0,0,1075.7
P007064,2025-05-06,jakarta_selatan,ruko,49.0,104.0,3,0,1,1,29.0,perlu_renovasi,HGB,2.3,11.1,0,0,0,1177.8
P008619,2025-05-06,jakarta_barat,ruko,143.0,269.0,4,4,4,2,15.0,sedang,SHM,11.5,11.9,1,1,0,3001.2
P004043,2025-05-07,jakarta_barat,rumah,194.0,236.0,2,8,6,1,10.0,baik,SHM,3.9,15.3,1,0,0,3000.7
P004671,2025-05-07,jakarta_barat,townhouse,85.0,100.0,2,3,3,2,11.0,baik,SHM,5.9,10.8,0,0,0,1455.0
P005958,2025-05-07,jakarta_selatan,rumah,226.0,320.0,2,10,6,3,8.0,baik,girik_ajb,4.0,12.4,1,0,0,5501.4
P006574,2025-05-07,bogor,rumah,158.0,119.0,1,3,3,1,4.0,baik,HGB,3.0,7.1,0,1,0,1561.7
P008770,2025-05-07,jakarta_selatan,rumah,60.0,85.0,2,2,2,1,17.0,baik,girik_ajb,6.3,15.9,1,0,0,1028.5
P000581,2025-05-08,depok,rumah,291.0,321.0,2,10,8,3,14.0,baik,SHM,16.7,20.1,1,0,0,2634.3
P001698,2025-05-08,surabaya,rumah,214.0,308.0,2,8,5,2,17.0,sedang,SHM,5.1,14.2,0,0,0,2495.9
P004015,2025-05-08,depok,rumah,95.0,147.0,2,4,3,1,22.0,sedang,SHM,,20.5,0,0,0,773.0
P004205,2025-05-08,bandung,rumah,79.0,55.0,1,1,1,1,9.0,baik,SHM,8.7,19.6,0,0,1,593.6
P004466,2025-05-08,jakarta_barat,rumah,99.0,56.0,1,1,1,2,8.0,sedang,SHM,2.5,14.3,1,0,0,1081.0
P004829,2025-05-08,surabaya,rumah,294.0,172.0,1,4,3,3,6.0,baik,SHM,4.5,12.1,0,1,1,3756.1
P006494,2025-05-08,jakarta_barat,townhouse,89.0,199.0,3,5,3,2,15.0,sedang,SHM,3.2,14.3,0,0,0,1622.7
P008371,2025-05-08,bekasi,rumah,153.0,59.0,1,2,2,1,16.0,perlu_renovasi,SHM,7.3,21.1,1,0,0,776.2
P009719,2025-05-08,surabaya,rumah,116.0,143.0,2,4,4,1,12.0,sedang,SHM,2.1,24.1,0,1,0,940.5
P000394,2025-05-09,bandung,rumah,132.0,107.0,1,3,3,1,18.0,sedang,SHM,2.4,13.4,1,0,0,984.7
P000627,2025-05-09,surabaya,rumah,155.0,106.0,1,4,3,2,15.0,sedang,SHM,6.6,7.5,1,0,1,1718.4
P001002,2025-05-09,bekasi,townhouse,56.0,53.0,2,2,2,1,15.0,sedang,SHM,5.8,4.1,0,0,0,724.8
P002129,2025-05-09,jakarta_selatan,rumah,96.0,115.0,2,3,3,2,15.0,sedang,HGB,2.3,3.3,1,1,0,2969.3
P009146,2025-05-09,bandung,rumah,198.0,175.0,2,4,3,2,17.0,baik,SHM,5.3,19.6,1,0,0,1723.5
P000789,2025-05-10,surabaya,ruko,123.0,175.0,4,2,2,2,7.0,baik,girik_ajb,4.5,2.7,1,0,0,2204.3
P003652,2025-05-10,jakarta_barat,rumah,56.0,27.0,1,1,1,0,16.0,perlu_renovasi,SHM,5.3,7.5,0,1,0,1031.9
P007185,2025-05-10,jakarta_selatan,rumah,134.0,90.0,1,3,3,2,5.0,baik,SHM,5.8,10.8,1,0,0,2979.8
P000569,2025-05-11,bekasi,rumah,125.0,62.0,1,2,2,1,18.0,sedang,SHM,4.9,11.8,0,0,0,894.3
P000797,2025-05-11,jakarta_selatan,rumah,55.0,85.0,2,3,3,0,23.0,sedang,HGB,3.3,4.9,1,0,0,1838.8
P004543,2025-05-11,yogyakarta,rumah,180.0,139.0,2,5,5,2,9.0,sedang,SHM,6.5,12.8,1,0,0,1686.7
P006049,2025-05-11,tangerang_selatan,rumah,134.0,108.0,1,3,2,2,11.0,baik,SHM,2.3,22.8,0,0,0,1141.5
P008489,2025-05-11,surabaya,rumah,159.0,59.0,1,2,2,1,6.0,baik,SHM,2.5,14.9,0,0,0,1341.3
P000630,2025-05-12,surabaya,ruko,65.0,153.0,3,2,1,0,25.0,baik,HGB,10.9,16.0,1,0,0,1016.4
P003846,2025-05-12,depok,rumah,159.0,136.0,2,3,2,3,54.0,sedang,SHM,6.6,5.6,0,0,0,1352.6
P004590,2025-05-12,semarang,rumah,162.0,263.0,2,7,7,3,8.0,baik,SHM,4.9,10.1,1,1,0,1972.0
P006774,2025-05-12,yogyakarta,rumah,101.0,79.0,1,2,2,1,6.0,baik,SHM,2.8,4.6,1,0,0,1000.1
P007317,2025-05-12,surabaya,rumah,77.0,102.0,2,3,3,1,10.0,baik,SHM,13.1,18.6,0,0,0,844.2
P007351,2025-05-12,jakarta_selatan,rumah,65.0,30.0,1,1,1,1,6.0,baik,SHM,8.6,6.3,1,0,0,1830.0
P009555,2025-05-12,jakarta_barat,townhouse,86.0,114.0,2,3,2,0,5.0,baik,SHM,5.6,6.5,0,0,0,1663.6
P000043,2025-05-13,bandung,ruko,89.0,119.0,2,1,1,1,17.0,sedang,girik_ajb,11.0,14.5,0,0,0,1015.9
P001598,2025-05-13,jakarta_barat,rumah,74.0,159.0,3,4,4,2,22.0,baik,HGB,3.9,11.1,1,0,0,1433.2
P002821,2025-05-13,tangerang_selatan,rumah,239.0,96.0,1,3,3,3,44.0,baik,HGB,5.8,7.2,0,1,0,3573.6
P003366,2025-05-13,tangerang_selatan,townhouse,58.0,46.0,2,1,1,1,15.0,baik,girik_ajb,5.7,8.3,0,0,0,694.9
P004310,2025-05-13,bogor,rumah,166.0,66.0,1,2,2,2,13.0,baik,SHM,4.7,13.0,1,0,1,704.1
P004328,2025-05-13,bandung,townhouse,87.0,87.0,2,3,3,1,14.0,baik,SHM,8.9,5.6,0,0,0,1191.6
P004655,2025-05-13,bekasi,ruko,114.0,216.0,3,4,3,2,27.0,baik,SHM,8.8,5.2,0,1,1,1513.1
P005043,2025-05-13,tangerang_selatan,rumah,71.0,74.0,2,2,1,1,19.0,sedang,SHM,7.2,5.2,0,0,0,1199.0
P006022,2025-05-13,semarang,rumah,182.0,82.0,1,2,2,2,9.0,baik,SHM,6.9,15.3,0,0,0,1100.3
P006556,2025-05-13,bekasi,rumah,163.0,257.0,2,8,7,2,7.0,baik,SHM,3.1,5.3,1,0,0,2795.0
P007069,2025-05-13,bekasi,rumah,206.0,465.0,3,10,8,2,16.0,baik,SHM,5.6,3.4,1,0,0,2929.9
P008687,2025-05-13,surabaya,rumah,294.0,497.0,2,10,8,3,15.0,sedang,SHM,6.8,3.9,1,0,0,6515.4
P000822,2025-05-14,bogor,rumah,126.0,130.0,2,4,3,1,3.0,baik,HGB,4.5,5.8,1,1,0,1415.8
P001081,2025-05-14,tangerang_selatan,rumah,92.0,52.0,1,2,1,1,9.0,baik,HGB,5.5,17.5,1,0,0,936.5
P001571,2025-05-14,bekasi,rumah,112.0,185.0,2,5,5,2,17.0,sedang,HGB,3.1,25.5,0,0,1,936.9
P005482,2025-05-14,jakarta_selatan,rumah,192.0,95.0,1,2,1,3,12.0,baik,SHM,5.9,5.4,0,1,0,5045.1
P007634,2025-05-14,bogor,ruko,52.0,125.0,4,1,1,1,13.0,sedang,SHM,7.1,27.3,0,0,0,634.5
P008748,2025-05-14,surabaya,rumah,115.0,186.0,2,6,4,1,7.0,baik,SHM,3.7,10.0,0,0,0,1782.4
P002594,2025-05-15,jakarta_barat,rumah,187.0,248.0,2,7,7,3,4.0,baik,SHM,5.2,9.2,0,0,1,3287.9
P008104,2025-05-15,bandung,rumah,108.0,56.0,1,2,2,1,6.0,baik,SHM,3.1,9.6,0,0,0,1131.1
P000108,2025-05-16,tangerang_selatan,rumah,230.0,402.0,3,9,8,2,7.0,baik,HGB,11.1,23.8,0,0,0,3282.9
P000969,2025-05-16,depok,rumah,126.0,82.0,1,2,1,1,14.0,sedang,SHM,8.8,16.3,1,0,1,916.6
P001321,2025-05-16,depok,townhouse,89.0,103.0,2,4,2,1,15.0,baik,SHM,4.4,10.7,1,0,0,1286.0
P004837,2025-05-16,jakarta_selatan,rumah,137.0,75.0,1,2,1,3,8.0,sedang,SHM,2.8,11.5,0,0,0,2472.8
P005167,2025-05-16,bekasi,townhouse,106.0,149.0,2,4,3,2,15.0,sedang,HGB,,8.2,0,1,0,1404.1
P007890,2025-05-16,bandung,rumah,69.0,68.0,2,2,2,2,26.0,sedang,SHM,2.9,9.5,0,0,0,582.1
P008039,2025-05-16,jakarta_selatan,ruko,76.0,123.0,3,1,1,0,8.0,baik,SHM,6.4,15.9,0,0,0,1937.6
P000011,2025-05-17,bekasi,rumah,211.0,149.0,1,5,4,2,10.0,baik,HGB,2.5,22.6,0,0,0,1267.5
P001555,2025-05-17,tangerang_selatan,rumah,65.0,91.0,2,2,2,1,22.0,sedang,SHM,3.7,18.5,0,0,0,755.1
P001828,2025-05-17,depok,rumah,59.0,40.0,1,1,1,0,25.0,sedang,SHM,5.5,7.0,1,0,0,573.7
P002190,2025-05-17,semarang,rumah,135.0,160.0,2,4,4,1,31.0,perlu_renovasi,HGB,14.1,4.1,1,0,0,958.0
P002749,2025-05-17,depok,rumah,39.0,22.0,1,1,1,0,5.0,baik,SHM,3.2,11.9,0,0,0,395.6
P004509,2025-05-17,bandung,townhouse,127.0,161.0,2,4,4,1,15.0,sedang,HGB,5.4,14.6,0,0,0,1443.6
P004605,2025-05-17,bandung,rumah,61.0,80.0,2,3,3,0,14.0,sedang,HGB,3.9,19.8,0,0,1,481.7
P005374,2025-05-17,bogor,rumah,275.0,172.0,1,4,4,3,3.0,baik,SHM,5.6,11.8,1,1,0,2492.2
P006535,2025-05-17,bekasi,townhouse,89.0,100.0,2,3,3,2,5.0,sedang,SHM,4.2,10.9,0,0,0,981.1
P008970,2025-05-17,depok,rumah,159.0,147.0,1,5,5,2,2.0,sedang,HGB,4.0,6.7,0,0,0,1863.7
P000323,2025-05-18,tangerang_selatan,townhouse,144.0,246.0,2,6,5,2,,baik,SHM,3.4,7.9,1,0,0,3020.2
P003452,2025-05-18,depok,rumah,70.0,52.0,1,1,1,1,7.0,perlu_renovasi,SHM,6.3,16.9,0,0,0,601.2
P004159,2025-05-18,bekasi,rumah,168.0,154.0,1,4,3,2,13.0,sedang,SHM,11.9,23.0,0,0,1,1169.5
P005347,2025-05-18,bandung,rumah,157.0,256.0,3,6,6,2,36.0,sedang,SHM,6.7,10.5,1,0,0,1871.3
P008530,2025-05-18,tangerang_selatan,rumah,173.0,66.0,1,1,1,1,,baik,SHM,3.5,3.7,1,1,0,3316.3
P001794,2025-05-19,bandung,ruko,81.0,133.0,2,1,1,1,54.0,baik,SHM,5.6,5.5,0,0,0,1090.5
P002743,2025-05-19,jakarta_barat,ruko,33.0,68.0,3,0,1,0,13.0,sedang,SHM,16.0,6.5,1,0,0,1036.5
P006222,2025-05-19,jakarta_barat,rumah,115.0,66.0,1,2,2,2,5.0,baik,SHM,6.8,11.8,1,1,1,1672.4
P007142,2025-05-19,bandung,rumah,180.0,212.0,2,5,4,3,5.0,baik,SHM,5.6,3.0,0,1,0,2278.9
P007551,2025-05-19,semarang,rumah,102.0,68.0,2,2,1,1,12.0,baik,SHM,5.2,9.0,0,0,0,685.8
P007682,2025-05-19,bandung,rumah,181.0,260.0,2,8,5,1,,sedang,SHM,9.6,10.4,0,1,0,2340.1
P008071,2025-05-19,bekasi,ruko,60.0,81.0,2,1,1,1,7.0,perlu_renovasi,SHM,8.5,22.3,0,0,0,595.1
P008680,2025-05-19,bandung,rumah,205.0,341.0,2,10,8,3,6.0,baik,HGB,5.9,14.8,0,0,0,3424.8
P009637,2025-05-19,bogor,rumah,48.0,21.0,1,1,1,0,10.0,sedang,SHM,6.0,22.1,0,0,0,250.5
P000029,2025-05-20,jakarta_barat,rumah,60.0,25.0,1,1,1,1,20.0,baik,SHM,3.5,17.9,0,0,0,588.6
P000310,2025-05-20,jakarta_barat,rumah,186.0,148.0,2,4,4,2,7.0,baik,SHM,4.6,5.2,0,0,0,3839.6
P000614,2025-05-20,yogyakarta,rumah,120.0,194.0,2,7,5,1,9.0,baik,SHM,6.8,4.6,0,1,0,2077.6
P003229,2025-05-20,bogor,ruko,101.0,186.0,3,4,4,1,12.0,baik,SHM,8.2,7.9,1,0,0,1543.3
P003900,2025-05-20,jakarta_barat,rumah,67.0,82.0,2,3,2,0,,sedang,SHM,6.7,12.5,1,0,0,1164.1
P004494,2025-05-20,jakarta_selatan,rumah,95.0,74.0,2,2,2,1,2.0,baik,HGB,1.5,16.3,0,0,0,1624.2
P005052,2025-05-20,bekasi,ruko,80.0,124.0,4,2,2,1,3.0,sedang,girik_ajb,10.9,25.9,0,0,0,859.2
P006609,2025-05-20,jakarta_selatan,rumah,56.0,75.0,2,2,1,1,14.0,sedang,HGB,2.7,2.4,1,1,0,1508.1
P006690,2025-05-20,depok,rumah,134.0,88.0,2,2,2,1,5.0,sedang,SHM,6.4,18.9,0,0,0,1059.8
P007706,2025-05-20,depok,rumah,147.0,188.0,2,5,3,2,2.0,sedang,SHM,6.9,11.9,1,0,0,1963.6
P009303,2025-05-20,tangerang_selatan,rumah,354.0,180.0,1,4,3,5,32.0,baik,HGB,6.3,22.0,0,1,0,3335.9
P000329,2025-05-21,bogor,townhouse,92.0,185.0,3,6,5,1,15.0,baik,HGB,6.5,13.0,0,0,0,1216.8
P004323,2025-05-21,bogor,rumah,254.0,223.0,2,6,5,3,22.0,sedang,SHM,4.0,26.3,0,0,1,1237.4
P006064,2025-05-21,bekasi,rumah,169.0,84.0,1,3,3,2,16.0,baik,SHM,6.4,13.0,1,0,0,1180.0
P007901,2025-05-21,bekasi,rumah,96.0,51.0,1,1,1,2,2.0,baik,HGB,6.6,16.3,0,0,0,690.4
P001239,2025-05-22,jakarta_barat,rumah,75.0,82.0,2,2,2,0,6.0,baik,SHM,3.3,15.6,0,0,0,1037.3
P001554,2025-05-22,bekasi,rumah,213.0,200.0,2,5,5,2,9.0,baik,girik_ajb,8.7,6.0,0,0,0,2435.2
P001760,2025-05-22,semarang,townhouse,99.0,241.0,3,7,8,1,12.0,baik,SHM,5.0,12.5,0,0,0,1656.6
P005616,2025-05-22,tangerang_selatan,ruko,103.0,233.0,3,3,2,1,8.0,baik,SHM,4.9,19.5,0,0,0,2062.6
P009037,2025-05-22,semarang,ruko,87.0,261.0,4,4,4,1,20.0,perlu_renovasi,SHM,5.2,6.5,1,0,0,998.5
P001753,2025-05-23,semarang,ruko,72.0,124.0,2,2,2,0,0.0,baik,HGB,10.3,13.2,0,0,0,959.0
P002503,2025-05-23,yogyakarta,rumah,71.0,117.0,2,3,3,1,6.0,baik,SHM,2.8,6.4,0,0,0,1057.9
P005081,2025-05-23,jakarta_barat,rumah,300.0,223.0,2,8,5,3,30.0,baik,HGB,5.9,9.2,0,0,0,3512.6
P005173,2025-05-23,surabaya,rumah,81.0,79.0,2,2,2,1,31.0,sedang,SHM,2.0,10.8,0,0,0,677.5
P007650,2025-05-23,bandung,rumah,140.0,206.0,2,5,5,2,5.0,baik,HGB,4.8,18.0,0,1,0,1816.2
P003759,2025-05-24,semarang,rumah,256.0,198.0,1,5,5,3,9.0,baik,SHM,3.8,5.5,1,0,0,2008.6
P004269,2025-05-24,surabaya,rumah,208.0,333.0,2,8,7,2,8.0,sedang,HGB,4.4,16.5,0,0,0,2476.7
P004498,2025-05-24,depok,rumah,111.0,67.0,1,2,1,1,2.0,baik,SHM,4.2,8.4,0,1,0,1424.0
P005063,2025-05-24,tangerang_selatan,rumah,96.0,49.0,1,2,1,1,30.0,baik,HGB,2.8,15.0,1,1,0,946.2
P005227,2025-05-24,jakarta_barat,rumah,149.0,93.0,1,2,2,2,20.0,sedang,SHM,7.4,8.3,0,1,0,2219.6
P005297,2025-05-24,yogyakarta,rumah,179.0,122.0,2,3,2,3,6.0,baik,HGB,12.5,4.0,0,0,0,2181.5
P005684,2025-05-24,bogor,rumah,115.0,81.0,2,2,2,2,6.0,baik,HGB,4.5,24.6,0,0,0,596.4
P005809,2025-05-24,jakarta_selatan,rumah,51.0,67.0,2,2,2,1,1.0,baik,HGB,2.4,2.9,0,0,0,1444.3
P006242,2025-05-24,jakarta_barat,ruko,132.0,150.0,3,1,1,2,3.0,baik,HGB,13.0,18.0,1,1,1,2148.5
P006380,2025-05-24,bekasi,ruko,78.0,220.0,4,3,3,1,22.0,sedang,SHM,7.1,12.4,0,1,0,1183.2
P006817,2025-05-24,bogor,rumah,115.0,101.0,1,3,2,2,3.0,baik,SHM,4.0,26.6,1,0,0,808.7
P008187,2025-05-24,bekasi,rumah,73.0,80.0,2,2,1,0,35.0,perlu_renovasi,SHM,4.3,12.8,1,1,1,477.9
P004150,2025-05-25,bekasi,rumah,87.0,47.0,1,1,1,1,8.0,sedang,SHM,6.1,24.7,0,0,0,519.3
P006179,2025-05-25,bekasi,rumah,125.0,112.0,1,3,3,1,2.0,baik,SHM,4.9,10.7,1,0,0,1582.6
P009811,2025-05-25,tangerang_selatan,rumah,112.0,193.0,3,6,5,1,14.0,sedang,HGB,5.8,11.5,0,0,0,1796.4
P001027,2025-05-26,yogyakarta,townhouse,86.0,118.0,2,3,2,1,6.0,baik,SHM,4.9,2.4,0,0,0,1228.7
P003252,2025-05-26,depok,ruko,47.0,38.0,2,0,1,1,13.0,sedang,SHM,9.9,3.3,0,0,1,779.8
P003944,2025-05-26,bogor,rumah,87.0,73.0,2,2,2,1,18.0,sedang,SHM,10.3,8.6,0,0,0,700.4
P007750,2025-05-26,surabaya,ruko,71.0,122.0,3,2,1,0,10.0,sedang,SHM,11.0,11.3,0,1,0,1377.1
P009845,2025-05-26,jakarta_barat,rumah,91.0,116.0,2,3,2,1,18.0,baik,HGB,3.9,19.2,0,0,0,1037.9
P000720,2025-05-27,yogyakarta,rumah,58.0,39.0,1,1,1,1,23.0,baik,SHM,3.2,12.2,1,0,0,430.0
P002686,2025-05-27,bandung,ruko,49.0,59.0,3,0,1,1,2.0,baik,SHM,8.7,11.3,0,0,0,703.8
P003522,2025-05-27,surabaya,rumah,148.0,153.0,2,4,4,2,9.0,baik,HGB,6.6,21.2,0,0,0,1520.9
P004041,2025-05-27,bekasi,rumah,121.0,50.0,1,1,1,2,7.0,baik,SHM,5.7,17.9,0,0,0,805.9
P004682,2025-05-27,jakarta_selatan,townhouse,79.0,106.0,2,3,3,1,4.0,baik,HGB,5.6,14.6,1,0,0,1727.4
P005379,2025-05-27,jakarta_barat,rumah,108.0,46.0,1,1,1,1,5.0,baik,HGB,5.7,9.0,1,1,0,1741.2
P007099,2025-05-27,tangerang_selatan,ruko,52.0,89.0,3,1,1,0,16.0,sedang,HGB,5.0,21.9,0,0,0,803.9
P007616,2025-05-27,surabaya,rumah,104.0,38.0,1,1,1,1,6.0,sedang,girik_ajb,3.6,17.3,1,0,0,675.2
P009988,2025-05-27,surabaya,rumah,77.0,126.0,2,3,3,1,7.0,baik,SHM,4.0,16.9,0,0,0,1165.7
P001234,2025-05-28,bandung,rumah,40.0,37.0,2,1,1,1,11.0,baik,SHM,3.3,18.5,0,0,0,345.0
P001400,2025-05-28,bekasi,rumah,177.0,234.0,2,8,6,1,4.0,baik,SHM,5.9,29.4,0,0,0,1804.2
P001597,2025-05-28,jakarta_barat,rumah,77.0,32.0,1,1,1,1,45.0,perlu_renovasi,SHM,6.7,9.5,0,1,1,1138.7
P001600,2025-05-28,tangerang_selatan,ruko,86.0,130.0,3,1,1,1,12.0,baik,SHM,8.2,5.0,0,0,0,2219.0
P002511,2025-05-28,bekasi,rumah,173.0,88.0,1,2,2,2,0.0,baik,SHM,5.7,3.1,0,1,0,2258.3
P004919,2025-05-28,semarang,rumah,63.0,29.0,1,1,1,1,2.0,baik,SHM,4.5,16.7,1,0,0,418.2
P005115,2025-05-28,jakarta_selatan,rumah,70.0,25.0,1,1,1,0,1.0,baik,SHM,6.8,2.5,0,0,0,2192.5
P006323,2025-05-28,surabaya,rumah,79.0,90.0,2,2,2,0,35.0,baik,HGB,5.7,6.6,0,1,0,924.3
P008182,2025-05-28,bandung,rumah,138.0,192.0,2,6,6,2,17.0,sedang,HGB,,8.0,1,1,0,1680.1
P009244,2025-05-28,tangerang_selatan,rumah,248.0,231.0,2,5,5,3,30.0,perlu_renovasi,SHM,4.5,20.1,0,0,0,2379.1
P000444,2025-05-29,jakarta_barat,rumah,140.0,137.0,2,5,5,2,10.0,baik,SHM,3.0,13.5,0,1,0,1697.6
P001767,2025-05-29,yogyakarta,rumah,127.0,208.0,2,5,4,1,25.0,baik,SHM,6.0,12.6,0,0,0,1307.4
P001978,2025-05-29,yogyakarta,rumah,109.0,301.0,3,9,6,1,,baik,HGB,4.9,10.4,0,0,0,2382.2
P002605,2025-05-29,jakarta_selatan,rumah,79.0,99.0,2,2,2,1,7.0,sedang,SHM,4.8,5.3,0,0,0,2438.4
P004339,2025-05-29,depok,ruko,71.0,64.0,2,0,1,1,8.0,baik,SHM,9.2,10.5,0,0,0,1034.9
P004716,2025-05-29,jakarta_barat,rumah,116.0,213.0,2,7,6,2,9.0,baik,SHM,13.0,3.8,0,0,0,2886.3
P005732,2025-05-29,semarang,townhouse,93.0,143.0,2,4,3,1,12.0,sedang,SHM,9.5,11.7,1,0,0,960.7
P006384,2025-05-29,bandung,ruko,117.0,303.0,3,5,5,1,6.0,baik,HGB,4.4,3.7,1,0,0,2464.7
P006665,2025-05-29,tangerang_selatan,rumah,121.0,67.0,1,2,1,1,4.0,baik,SHM,6.8,17.7,0,0,0,1445.2
P006894,2025-05-29,jakarta_barat,rumah,149.0,146.0,2,5,5,2,3.0,baik,SHM,8.6,6.5,1,1,0,3979.2
P007957,2025-05-29,bekasi,rumah,289.0,392.0,2,10,8,3,1.0,baik,SHM,4.0,21.1,1,0,0,2985.0
P000677,2025-05-30,semarang,ruko,65.0,110.0,3,1,1,0,26.0,sedang,SHM,10.5,10.7,0,0,0,675.6
P005416,2025-05-30,bekasi,townhouse,79.0,63.0,2,2,2,2,15.0,sedang,HGB,6.3,6.8,0,0,0,805.2
P005437,2025-05-30,surabaya,rumah,40.0,51.0,2,1,1,0,21.0,sedang,HGB,6.9,10.0,0,1,1,435.5
P007121,2025-05-30,bekasi,rumah,412.0,234.0,1,6,7,6,14.0,sedang,HGB,6.1,12.4,1,0,0,2917.9
P008121,2025-05-30,bekasi,townhouse,60.0,47.0,2,2,2,1,11.0,sedang,girik_ajb,4.3,21.7,1,0,0,347.6
P000188,2025-06-03,jakarta_selatan,rumah,65.0,44.0,1,1,1,2,19.0,sedang,SHM,6.7,7.6,1,0,0,2017.2
P000367,2025-06-03,surabaya,rumah,77.0,55.0,1,2,2,1,12.0,baik,SHM,5.5,20.2,0,0,0,678.4
P000443,2025-06-03,bandung,rumah,66.0,108.0,2,4,3,1,15.0,baik,HGB,5.1,21.8,1,0,0,696.4
P000693,2025-06-03,tangerang_selatan,rumah,91.0,98.0,2,3,3,1,4.0,baik,SHM,3.8,4.5,1,0,0,1955.4
P000941,2025-06-03,tangerang_selatan,townhouse,78.0,66.0,2,2,2,1,15.0,sedang,SHM,4.8,17.5,0,0,0,870.0
P000962,2025-06-03,bekasi,rumah,179.0,274.0,2,9,8,1,17.0,sedang,HGB,7.9,8.1,1,1,0,2353.7
P001144,2025-06-03,surabaya,rumah,148.0,125.0,1,4,4,2,11.0,baik,girik_ajb,3.9,2.6,1,0,0,1906.1
P003055,2025-06-03,bogor,rumah,139.0,76.0,1,2,1,2,40.0,perlu_renovasi,HGB,8.7,10.6,0,0,0,602.2
P005276,2025-06-03,bandung,townhouse,73.0,163.0,3,6,5,1,15.0,sedang,SHM,6.1,19.6,0,0,0,935.0
P006482,2025-06-03,bekasi,rumah,148.0,173.0,2,5,3,3,2.0,sedang,SHM,10.2,25.2,0,0,0,1207.9
P006861,2025-06-03,jakarta_barat,ruko,78.0,121.0,3,2,2,0,12.0,baik,SHM,10.5,16.7,0,0,0,1361.6
P006905,2025-06-03,depok,rumah,209.0,310.0,2,10,6,1,2.0,sedang,SHM,5.1,8.9,0,0,0,2874.5
P007615,2025-06-03,bekasi,townhouse,78.0,70.0,2,2,2,0,15.0,perlu_renovasi,SHM,9.1,12.4,0,0,0,624.8
P007764,2025-06-03,tangerang_selatan,townhouse,95.0,88.0,2,3,3,1,,baik,SHM,6.2,12.3,1,0,0,1483.4
P008443,2025-06-03,tangerang_selatan,townhouse,69.0,79.0,2,2,1,0,8.0,sedang,SHM,3.5,5.2,0,1,0,1566.4
P009025,2025-06-03,bandung,rumah,86.0,53.0,1,1,1,1,8.0,baik,HGB,5.1,18.7,1,0,0,687.7
P001345,2025-06-04,yogyakarta,townhouse,134.0,102.0,2,2,2,1,9.0,baik,SHM,6.2,14.5,0,1,0,1495.7
P002392,2025-06-04,bandung,ruko,96.0,234.0,3,4,4,1,25.0,sedang,SHM,9.6,12.4,0,0,0,1527.8
P002487,2025-06-04,surabaya,rumah,148.0,80.0,1,2,2,1,5.0,sedang,HGB,5.1,6.1,0,0,0,1903.4
P004204,2025-06-04,bogor,rumah,179.0,159.0,2,5,5,3,7.0,sedang,HGB,3.5,22.6,0,0,0,1109.4
P004348,2025-06-04,semarang,ruko,83.0,75.0,2,0,1,0,13.0,sedang,SHM,8.1,18.0,0,0,0,590.1
P008319,2025-06-04,tangerang_selatan,rumah,81.0,88.0,2,2,1,2,12.0,baik,HGB,1.5,10.7,0,1,0,1019.4
P003028,2025-06-05,surabaya,townhouse,75.0,107.0,2,3,2,1,6.0,sedang,SHM,4.0,12.9,0,0,0,1196.6
P003095,2025-06-05,bekasi,rumah,56.0,112.0,3,4,3,0,21.0,baik,SHM,4.5,13.5,0,1,1,734.1
P007053,2025-06-05,bekasi,rumah,147.0,146.0,2,4,4,2,13.0,sedang,HGB,2.2,21.7,0,0,0,952.9
P007344,2025-06-05,jakarta_selatan,ruko,68.0,82.0,2,0,1,1,8.0,perlu_renovasi,SHM,6.1,11.3,0,0,0,1879.7
P008315,2025-06-05,jakarta_barat,ruko,104.0,203.0,4,3,3,2,8.0,sedang,girik_ajb,6.6,3.7,1,0,0,2654.2
P009846,2025-06-05,depok,townhouse,95.0,129.0,2,3,3,1,10.0,baik,HGB,6.7,10.8,0,0,0,1421.3
P001010,2025-06-06,bekasi,townhouse,89.0,126.0,2,4,2,1,1.0,baik,girik_ajb,4.4,26.9,0,0,0,944.3
P001988,2025-06-06,bandung,rumah,205.0,264.0,2,6,4,2,20.0,perlu_renovasi,HGB,4.6,5.8,1,0,0,2582.3
P002689,2025-06-06,tangerang_selatan,rumah,178.0,91.0,1,3,2,2,3.0,baik,SHM,7.4,6.2,1,1,0,3140.1
P005248,2025-06-06,jakarta_barat,ruko,80.0,127.0,3,1,1,1,8.0,sedang,HGB,11.2,8.0,0,0,0,1737.7
P009149,2025-06-06,bekasi,rumah,42.0,21.0,1,1,1,1,6.0,sedang,SHM,3.6,12.7,0,0,0,327.1
P009612,2025-06-06,bandung,rumah,85.0,50.0,1,2,2,1,15.0,baik,SHM,3.8,18.4,0,0,0,587.4
P009936,2025-06-06,tangerang_selatan,rumah,71.0,91.0,2,3,3,0,17.0,baik,HGB,6.5,24.6,0,0,0,816.9
P000118,2025-06-07,bandung,rumah,105.0,66.0,1,1,1,2,26.0,sedang,HGB,5.0,12.9,1,0,1,652.1
P001183,2025-06-07,jakarta_selatan,townhouse,66.0,82.0,2,3,2,0,15.0,baik,HGB,3.4,11.9,0,0,0,1243.4
P002154,2025-06-07,surabaya,ruko,63.0,117.0,4,2,1,1,23.0,perlu_renovasi,HGB,4.9,14.1,1,0,0,719.4
P003871,2025-06-07,bekasi,rumah,116.0,69.0,1,2,2,1,9.0,baik,SHM,3.3,12.7,1,0,0,1108.3
P004412,2025-06-07,jakarta_selatan,rumah,117.0,147.0,2,3,2,1,35.0,baik,SHM,6.7,2.0,1,1,0,5041.6
P005096,2025-06-07,depok,townhouse,55.0,77.0,3,2,2,2,5.0,baik,HGB,4.5,24.1,1,0,0,582.9
P007019,2025-06-07,jakarta_selatan,ruko,82.0,131.0,3,2,2,1,9.0,baik,HGB,7.2,12.6,0,0,0,2296.8
P009122,2025-06-07,yogyakarta,ruko,65.0,73.0,3,0,1,1,5.0,baik,SHM,14.4,5.8,0,0,0,1110.3
P009687,2025-06-07,surabaya,rumah,98.0,62.0,1,2,2,1,8.0,baik,HGB,6.2,12.9,1,0,0,1214.8
P009914,2025-06-07,tangerang_selatan,rumah,87.0,157.0,3,5,5,1,17.0,perlu_renovasi,HGB,5.6,21.0,0,0,0,924.1
P000948,2025-06-08,surabaya,townhouse,99.0,127.0,2,3,3,1,15.0,baik,HGB,7.2,20.8,0,0,0,1014.0
P005497,2025-06-08,yogyakarta,rumah,114.0,66.0,1,2,1,0,16.0,sedang,HGB,10.7,14.9,0,0,0,753.9
P007335,2025-06-08,bekasi,townhouse,79.0,53.0,2,1,1,0,15.0,sedang,SHM,5.8,3.7,0,0,0,785.9
P008545,2025-06-08,tangerang_selatan,rumah,109.0,192.0,3,5,4,2,29.0,sedang,SHM,6.6,21.0,0,0,0,1251.8
P000257,2025-06-09,surabaya,townhouse,103.0,102.0,2,2,2,1,15.0,sedang,SHM,,22.4,0,0,0,829.9
P001407,2025-06-09,yogyakarta,rumah,62.0,27.0,1,1,1,0,5.0,baik,SHM,6.9,14.2,0,1,0,432.6
P003662,2025-06-09,semarang,townhouse,76.0,129.0,3,5,4,1,5.0,baik,SHM,3.6,12.0,0,0,0,1373.1
P004500,2025-06-09,surabaya,rumah,235.0,280.0,2,8,8,2,17.0,perlu_renovasi,HGB,3.4,22.9,0,0,0,1502.9
P007468,2025-06-09,jakarta_barat,rumah,89.0,70.0,1,2,1,2,8.0,baik,SHM,4.2,9.2,1,1,0,1699.8
P009943,2025-06-09,surabaya,ruko,104.0,149.0,2,3,2,1,17.0,baik,SHM,12.8,4.7,1,0,0,2018.9
P000976,2025-06-10,bogor,townhouse,87.0,59.0,2,1,1,1,7.0,sedang,SHM,6.0,10.5,1,0,0,761.3
P002067,2025-06-10,depok,ruko,153.0,281.0,4,6,6,2,6.0,baik,SHM,8.6,6.7,0,1,0,2870.5
P004563,2025-06-10,tangerang_selatan,rumah,125.0,88.0,1,3,2,1,8.0,baik,SHM,8.2,25.0,0,0,0,1079.8
P005534,2025-06-10,tangerang_selatan,rumah,147.0,259.0,2,6,6,2,14.0,perlu_renovasi,HGB,2.6,23.8,0,0,0,1362.4
P008737,2025-06-10,depok,rumah,86.0,48.0,1,1,1,1,22.0,baik,SHM,6.7,7.9,1,0,0,1007.9
P009583,2025-06-10,tangerang_selatan,ruko,56.0,128.0,3,2,2,1,8.0,baik,SHM,8.2,7.4,1,0,0,1471.2
P000730,2025-06-11,depok,rumah,213.0,318.0,2,10,7,2,11.0,baik,SHM,7.2,22.7,0,0,0,2947.1
P000848,2025-06-11,bandung,rumah,62.0,39.0,1,1,1,1,4.0,sedang,girik_ajb,7.6,3.1,1,0,0,608.9
P002544,2025-06-11,tangerang_selatan,rumah,47.0,39.0,2,1,1,0,1.0,baik,HGB,4.1,15.0,1,1,0,567.1
P005737,2025-06-11,bogor,rumah,84.0,54.0,1,1,1,2,4.0,baik,SHM,4.3,12.3,1,0,0,621.8
P006960,2025-06-11,semarang,townhouse,73.0,70.0,2,2,1,0,15.0,perlu_renovasi,SHM,5.6,5.1,1,0,0,659.1
P007369,2025-06-11,semarang,rumah,222.0,99.0,1,2,1,2,5.0,baik,SHM,4.8,12.8,1,0,0,1406.7
P008676,2025-06-11,bandung,ruko,85.0,171.0,3,3,3,0,27.0,sedang,SHM,8.0,2.5,1,0,0,1739.9
P008679,2025-06-11,surabaya,rumah,239.0,201.0,1,5,5,3,19.0,sedang,SHM,7.3,20.8,0,0,0,1984.2
P008881,2025-06-11,bandung,rumah,64.0,33.0,1,1,1,0,6.0,baik,SHM,2.8,8.8,0,1,0,567.2
P008967,2025-06-11,depok,rumah,132.0,136.0,2,4,3,2,7.0,sedang,SHM,6.5,19.7,0,0,0,1338.2
P000648,2025-06-12,depok,townhouse,101.0,106.0,2,3,3,1,1.0,baik,HGB,3.3,21.0,0,0,0,981.6
P000692,2025-06-12,semarang,rumah,103.0,91.0,2,3,3,1,3.0,sedang,HGB,3.1,11.2,0,0,0,736.8
P000750,2025-06-12,surabaya,townhouse,62.0,87.0,3,3,3,1,15.0,perlu_renovasi,SHM,6.3,5.7,1,1,0,1390.1
P005966,2025-06-12,tangerang_selatan,ruko,94.0,254.0,4,6,7,1,36.0,perlu_renovasi,SHM,8.3,20.6,1,0,0,1363.4
P006143,2025-06-12,jakarta_selatan,rumah,148.0,76.0,1,2,2,2,11.0,sedang,HGB,4.0,5.2,0,0,0,3286.4
P006371,2025-06-12,semarang,rumah,102.0,36.0,1,1,1,1,7.0,baik,SHM,4.2,8.6,1,0,0,583.9
P007037,2025-06-12,jakarta_selatan,rumah,106.0,44.0,1,1,1,0,58.0,perlu_renovasi,SHM,3.5,17.4,0,0,1,1481.2
P008171,2025-06-12,yogyakarta,rumah,164.0,94.0,1,3,2,2,3.0,baik,SHM,2.2,15.2,0,0,0,1009.4
P008509,2025-06-12,yogyakarta,ruko,132.0,307.0,3,6,6,1,2.0,baik,SHM,8.7,9.2,0,0,0,2528.4
P009509,2025-06-12,bandung,rumah,70.0,62.0,1,2,2,0,31.0,perlu_renovasi,SHM,3.3,6.1,1,1,0,687.3
P000496,2025-06-13,depok,townhouse,58.0,122.0,3,4,3,2,9.0,baik,SHM,3.2,22.1,0,1,1,946.5
P000987,2025-06-13,tangerang_selatan,townhouse,83.0,72.0,2,2,2,0,7.0,sedang,HGB,4.0,5.6,1,0,1,1246.2
P003451,2025-06-13,bandung,rumah,153.0,210.0,2,5,3,3,18.0,sedang,SHM,5.3,10.3,0,0,0,1640.2
P004137,2025-06-13,depok,rumah,132.0,155.0,2,4,4,2,33.0,sedang,SHM,3.9,16.1,1,0,0,849.6
P004795,2025-06-13,tangerang_selatan,ruko,111.0,317.0,4,6,4,1,8.0,sedang,SHM,10.9,12.1,0,0,0,2383.5
P005015,2025-06-13,jakarta_barat,rumah,102.0,141.0,2,5,5,2,19.0,sedang,SHM,4.7,10.4,0,0,0,1549.5
P006707,2025-06-13,jakarta_barat,rumah,80.0,110.0,2,3,3,1,8.0,baik,HGB,2.8,8.7,0,0,1,1301.0
P008745,2025-06-13,depok,rumah,85.0,89.0,2,2,1,1,,baik,SHM,8.4,12.7,0,0,0,1246.3
P000803,2025-06-14,semarang,ruko,79.0,100.0,2,1,1,1,,sedang,SHM,10.3,12.7,1,0,0,888.8
P001920,2025-06-14,yogyakarta,ruko,85.0,97.0,2,1,1,2,,baik,SHM,9.4,9.9,1,0,0,1297.8
P002480,2025-06-14,yogyakarta,rumah,84.0,116.0,2,3,2,0,7.0,baik,SHM,5.5,10.5,0,1,0,1102.0
P002641,2025-06-14,bandung,townhouse,61.0,62.0,2,2,2,2,15.0,perlu_renovasi,SHM,7.1,13.4,0,0,0,577.0
P006007,2025-06-14,bandung,ruko,75.0,88.0,2,1,1,1,26.0,sedang,SHM,5.7,17.8,0,0,0,736.2
P007576,2025-06-14,yogyakarta,townhouse,68.0,71.0,2,2,1,1,8.0,sedang,SHM,2.7,11.5,0,0,1,551.5
P009774,2025-06-14,depok,rumah,78.0,77.0,2,2,2,0,,sedang,HGB,3.8,16.8,0,0,0,762.4
P000432,2025-06-15,surabaya,ruko,84.0,183.0,3,2,1,1,,sedang,SHM,9.2,16.4,0,0,1,1247.6
P002019,2025-06-15,bogor,townhouse,81.0,104.0,2,4,4,1,10.0,baik,HGB,3.4,18.8,0,0,0,807.7
P002323,2025-06-15,bekasi,townhouse,91.0,137.0,2,5,3,1,6.0,baik,girik_ajb,7.0,5.8,1,1,0,1590.8
P003199,2025-06-15,jakarta_barat,townhouse,72.0,135.0,3,4,3,1,15.0,sedang,SHM,7.0,3.2,0,0,0,1817.1
P003279,2025-06-15,tangerang_selatan,townhouse,74.0,85.0,2,2,2,1,10.0,baik,girik_ajb,3.0,9.8,1,0,1,1127.1
P004648,2025-06-15,jakarta_barat,townhouse,74.0,51.0,2,2,2,0,4.0,sedang,SHM,2.9,17.2,0,0,0,682.0
P005997,2025-06-15,bogor,rumah,44.0,70.0,3,2,2,0,5.0,baik,SHM,7.1,28.8,0,0,0,492.0
P000792,2025-06-16,bekasi,rumah,105.0,74.0,1,2,1,0,18.0,perlu_renovasi,SHM,8.9,25.0,0,0,0,459.6
P003720,2025-06-16,depok,rumah,228.0,328.0,2,8,8,2,3.0,baik,SHM,4.2,5.0,1,0,0,4265.4
P005348,2025-06-16,bandung,ruko,45.0,66.0,3,0,1,0,17.0,sedang,SHM,4.0,10.5,0,0,0,557.1
P006224,2025-06-16,jakarta_barat,rumah,109.0,152.0,2,4,2,1,3.0,sedang,HGB,3.1,17.0,0,0,1,1196.4
P008498,2025-06-16,semarang,townhouse,127.0,136.0,2,3,3,1,2.0,baik,HGB,7.1,13.5,1,0,0,1301.9
P009020,2025-06-16,surabaya,rumah,195.0,131.0,1,4,4,3,24.0,sedang,SHM,9.1,7.1,0,0,0,2411.3
P001011,2025-06-17,bandung,rumah,233.0,134.0,1,4,3,2,8.0,baik,SHM,3.3,13.3,0,0,0,2024.4
P001589,2025-06-17,tangerang_selatan,ruko,94.0,239.0,4,6,6,1,16.0,sedang,SHM,12.8,5.5,0,0,1,2369.5
P002899,2025-06-17,bogor,rumah,96.0,35.0,1,1,1,1,7.0,sedang,HGB,4.8,24.3,0,0,1,282.4
P005161,2025-06-17,yogyakarta,ruko,91.0,165.0,3,2,1,1,14.0,sedang,SHM,12.1,4.1,1,0,0,1434.8
P007885,2025-06-17,jakarta_selatan,rumah,187.0,128.0,2,4,3,3,21.0,sedang,SHM,4.4,8.1,1,0,0,4526.3
P008322,2025-06-17,depok,rumah,94.0,38.0,1,1,1,0,1.0,sedang,SHM,3.5,16.2,1,1,0,765.6
P008366,2025-06-17,yogyakarta,rumah,123.0,171.0,2,4,3,2,1.0,baik,HGB,4.7,8.8,0,0,0,1678.6
P008458,2025-06-17,semarang,rumah,168.0,334.0,3,9,6,3,31.0,perlu_renovasi,SHM,4.8,7.5,0,0,0,1381.6
P008708,2025-06-17,jakarta_selatan,rumah,105.0,94.0,2,3,2,1,,sedang,SHM,6.1,5.6,1,1,0,4256.7
P009756,2025-06-17,bekasi,rumah,96.0,221.0,3,7,6,1,32.0,sedang,HGB,2.3,20.3,0,0,0,718.1
P000098,2025-06-18,jakarta_selatan,rumah,531.0,388.0,1,10,7,6,0.0,sedang,HGB,4.9,17.5,1,0,0,10832.4
P000302,2025-06-18,jakarta_barat,rumah,61.0,42.0,1,1,1,1,5.0,baik,HGB,5.2,12.7,0,0,1,744.5
P000737,2025-06-18,jakarta_barat,rumah,114.0,63.0,1,2,2,2,5.0,baik,HGB,3.2,9.1,1,1,0,1482.1
P002854,2025-06-18,tangerang_selatan,rumah,204.0,151.0,2,4,3,2,8.0,baik,SHM,6.3,8.4,0,0,1,3012.9
P004857,2025-06-18,bekasi,townhouse,65.0,80.0,3,3,2,1,2.0,baik,HGB,3.0,19.6,0,0,0,815.4
P008477,2025-06-18,surabaya,ruko,187.0,615.0,4,6,4,3,3.0,baik,SHM,11.9,23.5,0,0,0,4319.4
P009267,2025-06-18,bekasi,rumah,42.0,65.0,2,2,1,0,3.0,baik,girik_ajb,3.5,28.7,0,0,0,455.2
P003045,2025-06-19,bandung,townhouse,100.0,85.0,2,2,2,0,5.0,baik,HGB,3.8,21.2,0,0,0,958.9
P004088,2025-06-19,bogor,townhouse,62.0,90.0,2,2,1,0,10.0,baik,SHM,5.8,5.3,0,0,1,702.3
P004840,2025-06-19,jakarta_barat,rumah,130.0,147.0,3,5,3,0,8.0,baik,SHM,2.2,3.8,1,0,0,2350.7
P005819,2025-06-19,bekasi,rumah,131.0,212.0,3,7,7,2,4.0,sedang,HGB,3.8,3.7,1,0,0,2065.4
P006106,2025-06-19,yogyakarta,ruko,103.0,118.0,2,1,1,1,12.0,baik,SHM,3.9,6.6,1,1,0,1508.4
P007691,2025-06-19,jakarta_selatan,rumah,71.0,42.0,1,1,1,1,7.0,baik,girik_ajb,3.4,2.1,1,0,0,1663.2
P008107,2025-06-19,tangerang_selatan,rumah,231.0,79.0,1,3,3,3,15.0,sedang,HGB,3.7,5.5,1,0,0,3760.1
P009808,2025-06-19,jakarta_selatan,rumah,190.0,82.0,1,2,2,2,8.0,baik,SHM,5.1,12.8,0,0,0,2891.2
P000910,2025-06-20,tangerang_selatan,rumah,319.0,623.0,3,10,8,3,,baik,SHM,4.3,23.4,0,0,0,4872.3
P001609,2025-06-20,bekasi,rumah,121.0,132.0,2,5,5,1,13.0,perlu_renovasi,SHM,3.3,5.5,0,0,0,1187.8
P001906,2025-06-20,bekasi,rumah,219.0,97.0,1,3,3,2,,baik,SHM,3.9,22.3,1,0,0,1384.5
P004142,2025-06-20,depok,ruko,90.0,208.0,4,5,4,1,10.0,perlu_renovasi,HGB,5.4,6.9,1,1,0,1489.5
P005647,2025-06-20,bogor,rumah,109.0,70.0,1,2,2,1,5.0,baik,SHM,5.4,16.5,0,0,0,771.4
P006681,2025-06-20,bandung,ruko,49.0,112.0,3,2,2,1,15.0,baik,girik_ajb,8.0,7.4,1,1,0,889.2
P008428,2025-06-20,tangerang_selatan,ruko,64.0,62.0,2,0,1,1,11.0,baik,SHM,8.3,23.6,1,0,0,768.5
P009081,2025-06-20,bekasi,rumah,153.0,100.0,1,3,3,2,35.0,perlu_renovasi,SHM,5.3,18.7,0,0,1,515.7
P009366,2025-06-20,tangerang_selatan,rumah,195.0,109.0,1,3,2,3,10.0,sedang,SHM,5.4,22.1,0,0,0,1611.9
P000377,2025-06-21,yogyakarta,ruko,153.0,320.0,3,6,5,3,2.0,baik,SHM,8.7,12.2,0,0,0,2919.0
P000891,2025-06-21,tangerang_selatan,rumah,110.0,123.0,2,4,3,0,7.0,baik,SHM,8.4,9.4,1,0,0,2091.7
P003193,2025-06-21,depok,rumah,228.0,328.0,2,9,8,3,22.0,sedang,HGB,4.7,7.0,0,0,0,2144.0
P003660,2025-06-21,jakarta_selatan,rumah,62.0,104.0,2,3,3,1,9.0,baik,SHM,7.3,3.9,0,0,0,2333.7
P005502,2025-06-21,depok,townhouse,65.0,102.0,3,3,3,0,15.0,sedang,SHM,6.3,24.1,0,0,1,650.1
P006226,2025-06-21,jakarta_selatan,rumah,198.0,258.0,2,6,6,3,3.0,baik,SHM,3.1,9.0,1,1,0,6889.9
P007780,2025-06-21,bandung,townhouse,74.0,89.0,2,3,3,0,8.0,baik,SHM,4.2,8.4,1,0,1,1035.3
P008272,2025-06-21,jakarta_barat,rumah,71.0,123.0,2,4,4,1,19.0,perlu_renovasi,SHM,4.8,19.8,0,0,0,755.5
P009681,2025-06-21,bogor,rumah,73.0,40.0,1,1,1,0,25.0,baik,HGB,3.4,7.4,1,0,1,491.5
P000318,2025-06-22,bandung,rumah,80.0,78.0,2,2,2,2,9.0,baik,SHM,4.4,12.2,1,1,0,1000.7
P000841,2025-06-22,jakarta_selatan,rumah,130.0,170.0,2,6,6,1,11.0,baik,SHM,4.1,14.4,1,0,1,2603.5
P001539,2025-06-22,surabaya,rumah,90.0,116.0,3,3,2,1,4.0,baik,SHM,5.1,20.2,0,0,0,1024.1
P004095,2025-06-22,jakarta_barat,rumah,133.0,107.0,1,3,3,3,8.0,baik,SHM,4.9,3.5,0,0,0,2647.3
P007487,2025-06-22,tangerang_selatan,townhouse,66.0,72.0,2,2,2,2,10.0,baik,SHM,4.3,15.0,0,0,0,939.9
P009235,2025-06-22,jakarta_selatan,rumah,333.0,218.0,1,5,3,3,16.0,sedang,SHM,,17.3,0,0,0,5817.3
P001901,2025-06-23,bogor,rumah,73.0,44.0,1,1,1,1,17.0,baik,SHM,5.1,5.7,0,0,0,571.7
P002224,2025-06-23,jakarta_barat,rumah,78.0,111.0,2,3,3,2,9.0,baik,SHM,5.4,15.3,1,1,0,1467.8
P003830,2025-06-23,bogor,rumah,232.0,234.0,2,7,5,3,23.0,sedang,SHM,5.2,3.2,0,1,0,1878.4
P004923,2025-06-23,tangerang_selatan,rumah,69.0,29.0,1,1,1,0,27.0,sedang,SHM,10.4,11.4,1,1,0,1082.2
P006043,2025-06-23,surabaya,townhouse,62.0,97.0,2,3,3,1,4.0,baik,SHM,3.9,6.4,1,0,0,1180.8
P008130,2025-06-23,bekasi,rumah,151.0,138.0,1,3,3,2,19.0,sedang,HGB,6.0,17.5,0,0,0,1349.8
P008320,2025-06-23,bekasi,rumah,82.0,112.0,2,3,2,1,5.0,sedang,SHM,6.0,3.2,0,1,0,1536.4
P009791,2025-06-23,tangerang_selatan,rumah,50.0,78.0,2,2,2,1,0.0,baik,SHM,,6.0,1,1,0,1269.4
P000110,2025-06-24,semarang,rumah,49.0,40.0,2,1,1,2,7.0,baik,SHM,5.6,8.5,0,1,0,473.9
P001606,2025-06-24,tangerang_selatan,townhouse,76.0,90.0,2,2,2,1,15.0,baik,SHM,6.6,5.2,0,0,0,1723.5
P004193,2025-06-24,depok,rumah,145.0,188.0,2,4,2,3,15.0,baik,SHM,9.9,18.9,0,0,0,1729.7
P008450,2025-06-24,surabaya,rumah,136.0,60.0,1,2,1,2,7.0,sedang,SHM,3.6,9.9,1,0,0,1301.1
P005572,2025-06-25,jakarta_selatan,rumah,478.0,213.0,1,5,4,6,4.0,baik,SHM,3.5,17.2,1,0,0,8333.7
P007981,2025-06-25,bekasi,rumah,115.0,72.0,1,2,2,1,9.0,baik,HGB,6.5,29.5,0,0,0,651.6
P008816,2025-06-25,tangerang_selatan,rumah,204.0,139.0,2,4,4,2,8.0,sedang,SHM,2.8,23.0,1,0,0,1551.1
P009739,2025-06-25,bogor,rumah,132.0,79.0,1,2,1,1,19.0,baik,SHM,6.2,12.2,0,0,0,772.3
P002130,2025-06-26,jakarta_selatan,townhouse,119.0,98.0,2,2,1,2,11.0,sedang,SHM,6.1,15.9,1,0,0,2487.5
P002377,2025-06-26,semarang,rumah,112.0,87.0,2,3,3,2,14.0,perlu_renovasi,SHM,2.5,3.4,1,0,0,710.2
P004350,2025-06-26,surabaya,rumah,128.0,177.0,2,5,4,2,5.0,baik,HGB,4.8,21.8,0,0,0,1390.5
P004954,2025-06-26,yogyakarta,townhouse,65.0,105.0,2,4,3,1,15.0,sedang,SHM,3.8,7.8,0,1,0,1042.0
P005259,2025-06-26,bekasi,rumah,152.0,99.0,1,3,3,1,5.0,baik,SHM,5.2,8.3,1,1,0,1784.0
P005304,2025-06-26,tangerang_selatan,rumah,87.0,120.0,2,3,2,1,9.0,baik,SHM,6.2,8.4,0,0,0,1611.1
P005645,2025-06-26,bogor,rumah,141.0,216.0,2,5,4,2,25.0,perlu_renovasi,SHM,10.8,25.9,0,0,0,821.5
P007987,2025-06-26,yogyakarta,rumah,94.0,130.0,2,4,3,2,6.0,baik,HGB,12.9,2.5,1,0,0,1493.1
P008066,2025-06-26,jakarta_barat,ruko,101.0,266.0,3,5,3,2,10.0,baik,HGB,5.0,15.4,0,0,0,2134.3
P008969,2025-06-26,semarang,ruko,69.0,109.0,2,1,1,0,17.0,perlu_renovasi,SHM,7.6,11.5,0,0,1,497.2
P000284,2025-06-27,tangerang_selatan,rumah,116.0,83.0,1,2,1,1,15.0,perlu_renovasi,SHM,5.2,24.0,0,0,1,766.4
P000336,2025-06-27,bogor,rumah,153.0,86.0,1,3,3,1,12.0,sedang,SHM,3.1,28.1,0,0,0,594.9
P002923,2025-06-27,jakarta_barat,townhouse,109.0,73.0,2,2,1,1,11.0,baik,HGB,3.9,6.0,1,1,0,1892.3
P003471,2025-06-27,bekasi,rumah,115.0,106.0,2,3,2,1,15.0,baik,SHM,3.3,20.6,0,0,0,934.9
P003964,2025-06-27,tangerang_selatan,townhouse,141.0,160.0,2,5,5,2,,baik,SHM,2.7,13.6,0,0,0,2318.5
P004021,2025-06-27,tangerang_selatan,ruko,72.0,92.0,3,0,1,1,5.0,baik,HGB,9.5,18.4,0,0,0,1276.6
P008668,2025-06-27,bandung,rumah,109.0,95.0,2,3,2,1,19.0,baik,SHM,5.8,19.4,0,0,0,840.0
P009788,2025-06-27,bekasi,townhouse,104.0,146.0,2,3,3,1,15.0,baik,HGB,3.8,27.4,0,0,0,838.7
P009973,2025-06-27,yogyakarta,rumah,112.0,49.0,1,2,2,2,,sedang,SHM,7.7,18.3,0,0,0,769.5
P000567,2025-06-28,surabaya,rumah,93.0,71.0,1,2,1,1,7.0,baik,HGB,3.0,6.0,0,0,1,1074.0
P000728,2025-06-28,jakarta_selatan,rumah,122.0,255.0,3,7,7,2,2.0,baik,girik_ajb,7.5,11.8,0,0,0,3157.5
P001660,2025-06-28,jakarta_selatan,townhouse,90.0,169.0,3,6,4,1,14.0,perlu_renovasi,SHM,3.3,17.9,0,0,0,1755.6
P001702,2025-06-28,yogyakarta,townhouse,72.0,63.0,2,2,2,0,5.0,baik,SHM,5.5,16.1,0,0,0,665.3
P001713,2025-06-28,yogyakarta,rumah,142.0,61.0,1,1,1,2,6.0,sedang,HGB,7.8,3.7,1,0,0,1437.6
P001746,2025-06-28,bogor,ruko,91.0,172.0,3,4,4,1,7.0,baik,SHM,11.3,27.4,0,0,0,1090.7
P002996,2025-06-28,depok,rumah,119.0,60.0,1,2,1,1,28.0,baik,SHM,2.8,11.3,0,0,0,686.3
P006298,2025-06-28,bogor,rumah,149.0,203.0,2,5,4,3,4.0,sedang,SHM,5.1,29.0,0,0,0,1154.0
P006441,2025-06-28,depok,rumah,91.0,43.0,1,1,1,3,8.0,baik,HGB,8.2,9.5,1,0,0,849.1
P008660,2025-06-28,bekasi,townhouse,115.0,135.0,3,3,3,1,15.0,baik,HGB,4.1,17.2,0,1,1,979.4
P001872,2025-06-29,bekasi,ruko,78.0,143.0,3,1,1,1,14.0,sedang,SHM,17.5,19.4,0,0,1,867.1
P002606,2025-06-29,jakarta_barat,rumah,345.0,141.0,1,4,4,4,10.0,baik,SHM,1.5,15.8,0,0,1,2677.4
P003320,2025-06-29,tangerang_selatan,rumah,112.0,68.0,1,2,2,1,5.0,baik,girik_ajb,4.4,3.9,0,0,0,1361.1
P001004,2025-06-30,jakarta_barat,townhouse,52.0,48.0,2,1,1,0,15.0,perlu_renovasi,HGB,4.5,19.5,0,0,0,660.6
P002204,2025-06-30,jakarta_barat,rumah,234.0,249.0,2,6,5,3,21.0,sedang,SHM,3.3,18.4,0,0,0,2372.2
P002331,2025-06-30,bogor,rumah,182.0,209.0,2,5,5,2,3.0,baik,SHM,7.0,10.3,0,1,0,2064.3
P006050,2025-06-30,depok,rumah,122.0,77.0,1,2,1,2,28.0,baik,SHM,3.8,20.0,0,0,0,766.5
P007503,2025-06-30,jakarta_barat,rumah,137.0,66.0,1,2,1,1,8.0,sedang,girik_ajb,3.7,4.9,0,0,0,1826.8
P002397,2025-07-03,tangerang_selatan,townhouse,64.0,63.0,2,1,1,1,15.0,sedang,SHM,11.1,7.9,0,1,0,1103.5
P001383,2025-07-04,depok,rumah,87.0,116.0,2,3,2,2,6.0,perlu_renovasi,SHM,8.5,13.1,0,1,0,1141.6
P002322,2025-07-04,jakarta_selatan,rumah,134.0,102.0,1,3,2,1,13.0,baik,SHM,4.4,8.6,1,0,0,3103.8
P002731,2025-07-04,jakarta_selatan,rumah,141.0,175.0,2,5,4,2,20.0,perlu_renovasi,SHM,5.3,17.0,0,0,0,2222.4
P005178,2025-07-04,jakarta_selatan,rumah,117.0,80.0,1,3,3,1,,sedang,HGB,12.9,2.7,1,0,0,3875.9
P005713,2025-07-04,yogyakarta,rumah,138.0,131.0,2,4,4,1,16.0,sedang,SHM,7.1,9.8,0,0,0,1316.5
P006514,2025-07-04,bandung,rumah,112.0,96.0,2,2,2,1,15.0,perlu_renovasi,SHM,6.8,17.3,0,0,1,776.3
P008648,2025-07-04,tangerang_selatan,rumah,331.0,156.0,1,4,4,3,20.0,baik,SHM,5.5,22.7,0,0,0,2915.1
P008801,2025-07-04,jakarta_barat,rumah,137.0,177.0,2,4,3,2,4.0,sedang,SHM,5.4,6.6,0,0,0,3093.8
P009403,2025-07-04,depok,rumah,174.0,109.0,1,2,2,3,4.0,baik,HGB,8.6,19.9,0,1,0,1202.0
P009908,2025-07-04,surabaya,rumah,99.0,42.0,1,1,1,1,6.0,baik,SHM,5.3,6.8,1,1,0,1375.2
P000431,2025-07-05,semarang,rumah,225.0,511.0,3,10,8,2,4.0,sedang,SHM,9.7,2.1,0,0,0,3755.8
P001186,2025-07-05,surabaya,rumah,94.0,102.0,2,3,3,1,5.0,sedang,SHM,8.5,11.1,0,0,1,1362.1
P005399,2025-07-05,bandung,rumah,123.0,96.0,1,2,1,2,18.0,baik,HGB,4.2,21.2,0,0,0,895.2
P005766,2025-07-05,bekasi,rumah,107.0,62.0,1,2,2,2,17.0,perlu_renovasi,SHM,11.0,10.8,0,0,0,875.0
P005833,2025-07-05,tangerang_selatan,rumah,179.0,124.0,2,4,3,2,26.0,baik,SHM,4.1,23.6,0,0,0,1407.8
P000973,2025-07-06,jakarta_selatan,rumah,106.0,65.0,1,2,2,1,42.0,sedang,SHM,4.1,16.6,1,0,0,1517.9
P001164,2025-07-06,jakarta_barat,rumah,289.0,102.0,1,3,3,4,12.0,baik,SHM,3.9,18.8,0,0,0,2860.3
P001662,2025-07-06,bogor,ruko,59.0,143.0,4,1,1,1,8.0,baik,SHM,17.5,14.3,1,0,0,964.7
P001942,2025-07-06,bekasi,rumah,195.0,300.0,2,7,5,2,12.0,baik,SHM,3.4,15.3,0,0,0,2502.2
P003362,2025-07-06,tangerang_selatan,ruko,55.0,126.0,4,2,2,0,8.0,baik,HGB,11.1,3.5,1,1,0,1721.4
P004722,2025-07-06,depok,rumah,143.0,92.0,1,2,2,1,15.0,baik,SHM,6.8,8.0,0,0,0,1795.6
P005582,2025-07-06,bekasi,rumah,112.0,54.0,1,2,1,2,13.0,baik,girik_ajb,5.9,8.8,1,0,0,842.3
P005975,2025-07-06,yogyakarta,rumah,63.0,82.0,2,2,2,1,20.0,baik,girik_ajb,4.9,11.7,1,0,0,659.3
P006764,2025-07-06,bandung,rumah,78.0,39.0,1,1,1,1,6.0,baik,SHM,7.7,2.8,1,1,0,1165.9
P009073,2025-07-06,bandung,ruko,70.0,172.0,4,2,1,1,3.0,baik,SHM,9.1,20.7,0,0,0,1298.9
P001691,2025-07-07,surabaya,rumah,54.0,45.0,1,1,1,1,9.0,sedang,girik_ajb,7.2,6.7,0,0,0,578.8
P002137,2025-07-07,tangerang_selatan,ruko,143.0,196.0,2,3,3,2,25.0,baik,SHM,6.1,13.6,0,1,0,3277.3
P002806,2025-07-07,tangerang_selatan,rumah,94.0,112.0,2,3,3,1,21.0,baik,SHM,4.5,7.7,0,0,0,1217.5
P004251,2025-07-07,tangerang_selatan,rumah,125.0,59.0,1,1,1,1,9.0,sedang,HGB,3.5,19.3,0,0,1,898.4
P004629,2025-07-07,jakarta_barat,rumah,81.0,45.0,1,1,1,0,37.0,perlu_renovasi,HGB,9.0,15.1,0,0,0,800.3
P004756,2025-07-07,depok,rumah,214.0,253.0,3,6,4,3,19.0,sedang,SHM,6.3,20.7,0,0,0,1801.1
P005111,2025-07-07,jakarta_barat,townhouse,119.0,187.0,2,5,3,2,9.0,baik,SHM,5.6,6.5,1,1,1,2267.5
P005531,2025-07-07,tangerang_selatan,rumah,121.0,129.0,2,3,3,3,14.0,sedang,SHM,4.5,24.0,1,0,0,1235.0
P005973,2025-07-07,depok,rumah,118.0,139.0,2,5,5,2,21.0,sedang,HGB,4.5,18.4,0,0,0,1053.8
P008617,2025-07-07,bogor,rumah,116.0,50.0,1,2,1,1,3.0,baik,SHM,9.2,3.3,1,0,0,1012.7
P000037,2025-07-08,jakarta_barat,rumah,153.0,275.0,3,8,7,3,11.0,sedang,HGB,2.4,18.2,1,0,0,1942.7
P000871,2025-07-08,bandung,rumah,136.0,61.0,1,2,2,2,36.0,baik,SHM,,11.1,0,0,0,851.9
P001684,2025-07-08,tangerang_selatan,ruko,66.0,96.0,3,1,1,1,13.0,sedang,HGB,9.4,24.2,1,0,1,865.9
P002608,2025-07-08,tangerang_selatan,ruko,39.0,58.0,4,0,1,1,5.0,perlu_renovasi,HGB,11.1,22.9,0,0,0,492.1
P004486,2025-07-08,tangerang_selatan,rumah,107.0,140.0,2,5,5,1,3.0,baik,SHM,6.0,17.9,0,0,0,1741.4
P005383,2025-07-08,surabaya,rumah,62.0,48.0,2,1,1,1,25.0,sedang,SHM,6.4,22.7,0,0,0,541.0
P005657,2025-07-08,semarang,rumah,85.0,77.0,2,2,2,1,3.0,sedang,HGB,3.6,6.1,0,0,0,885.9
P006448,2025-07-08,bekasi,rumah,162.0,217.0,2,7,4,2,1.0,baik,SHM,,5.8,0,0,0,2476.2
P006689,2025-07-08,depok,rumah,133.0,102.0,2,4,4,1,5.0,baik,HGB,5.8,14.2,0,0,0,1139.3
P002231,2025-07-09,tangerang_selatan,townhouse,86.0,149.0,2,4,4,1,,sedang,SHM,5.5,14.0,1,0,0,1698.4
P002715,2025-07-09,surabaya,rumah,95.0,99.0,2,3,3,1,11.0,sedang,SHM,,5.5,0,0,0,1319.7
P003485,2025-07-09,bandung,rumah,123.0,180.0,2,5,3,1,16.0,sedang,SHM,5.7,9.9,0,1,0,1256.5
P005354,2025-07-09,bandung,rumah,64.0,31.0,1,1,1,0,0.0,baik,SHM,6.0,16.7,0,0,0,465.4
P005835,2025-07-09,depok,rumah,147.0,145.0,2,4,4,1,5.0,baik,SHM,4.6,3.6,1,0,0,2307.7
P006742,2025-07-09,bekasi,townhouse,111.0,78.0,2,2,2,2,12.0,sedang,girik_ajb,5.7,20.4,0,0,1,630.8
P009769,2025-07-09,bandung,rumah,55.0,41.0,2,1,1,1,7.0,sedang,SHM,5.7,17.6,0,0,1,370.5
P000396,2025-07-10,bekasi,ruko,64.0,79.0,3,0,1,0,16.0,perlu_renovasi,HGB,9.0,14.9,0,0,0,690.5
P001361,2025-07-10,bandung,rumah,109.0,118.0,2,3,2,1,13.0,sedang,SHM,6.5,18.5,0,0,1,873.6
P003514,2025-07-10,yogyakarta,rumah,88.0,40.0,1,1,1,2,12.0,baik,SHM,1.9,11.2,1,1,0,564.3
P003539,2025-07-10,jakarta_barat,ruko,77.0,90.0,3,1,1,1,2.0,perlu_renovasi,SHM,13.3,7.5,0,0,0,2027.7
P008344,2025-07-10,bekasi,townhouse,77.0,85.0,2,2,2,1,15.0,sedang,SHM,,19.2,0,0,0,662.9
P008996,2025-07-10,yogyakarta,rumah,67.0,72.0,2,2,2,0,32.0,perlu_renovasi,SHM,3.4,18.0,0,0,0,363.2
P009411,2025-07-10,tangerang_selatan,rumah,419.0,557.0,2,10,8,4,,perlu_renovasi,SHM,4.5,20.7,0,0,0,3288.9
P000193,2025-07-11,jakarta_barat,rumah,270.0,293.0,2,7,5,3,10.0,baik,SHM,,8.2,1,0,1,4542.7
P002238,2025-07-11,tangerang_selatan,rumah,104.0,67.0,1,2,1,2,28.0,perlu_renovasi,SHM,4.4,8.4,1,0,0,1515.1
P003630,2025-07-11,jakarta_barat,rumah,161.0,154.0,2,4,3,1,28.0,baik,HGB,2.6,10.8,1,0,0,1871.0
P005207,2025-07-11,jakarta_selatan,rumah,150.0,268.0,2,6,5,1,20.0,sedang,SHM,3.2,12.3,1,0,0,3297.8
P005655,2025-07-11,tangerang_selatan,rumah,123.0,79.0,1,2,2,2,20.0,sedang,SHM,3.5,3.7,0,0,0,1889.0
P006008,2025-07-11,surabaya,rumah,58.0,29.0,1,1,1,0,5.0,baik,SHM,7.5,7.6,0,0,0,835.7
P007520,2025-07-11,jakarta_selatan,townhouse,91.0,117.0,2,3,3,1,15.0,baik,SHM,4.1,15.2,0,1,0,2499.5
P009223,2025-07-11,tangerang_selatan,rumah,144.0,135.0,2,4,3,2,6.0,baik,SHM,11.3,10.6,0,0,0,2408.3
P001826,2025-07-12,jakarta_selatan,rumah,67.0,37.0,1,1,1,1,8.0,sedang,SHM,2.9,6.6,1,0,0,1372.5
P003348,2025-07-12,bogor,ruko,50.0,100.0,4,1,1,1,2.0,baik,SHM,5.5,24.1,1,0,0,671.4
P004700,2025-07-12,surabaya,townhouse,94.0,111.0,2,4,3,0,7.0,baik,SHM,4.0,14.5,0,0,0,1322.3
P004981,2025-07-12,semarang,rumah,133.0,109.0,2,2,2,1,25.0,sedang,SHM,5.5,2.5,0,0,0,1048.5
P006099,2025-07-12,bogor,rumah,153.0,76.0,1,2,2,1,15.0,sedang,SHM,5.5,13.9,0,0,1,780.3
P007659,2025-07-12,jakarta_barat,ruko,136.0,273.0,3,6,5,2,12.0,sedang,SHM,13.4,7.5,0,0,0,3041.6
P008671,2025-07-12,jakarta_selatan,rumah,101.0,43.0,1,1,1,1,26.0,sedang,SHM,6.6,17.1,0,0,0,1683.3
P000473,2025-07-13,jakarta_selatan,rumah,83.0,144.0,2,5,4,0,7.0,baik,HGB,4.2,14.3,0,0,0,1642.9
P005752,2025-07-13,bekasi,rumah,119.0,90.0,1,3,3,0,2.0,baik,SHM,4.7,24.2,0,0,0,877.5
P005772,2025-07-13,semarang,townhouse,84.0,119.0,2,4,4,1,7.0,sedang,SHM,4.1,2.1,0,1,0,1221.5
P006811,2025-07-13,jakarta_barat,townhouse,67.0,86.0,2,3,3,0,7.0,sedang,SHM,4.5,18.8,0,0,0,960.4
P007030,2025-07-13,semarang,rumah,141.0,212.0,2,5,4,3,5.0,sedang,SHM,6.3,17.1,0,0,0,1163.7
P007813,2025-07-13,bandung,rumah,74.0,91.0,2,2,1,0,19.0,sedang,SHM,12.0,11.5,0,0,0,674.2
P007958,2025-07-13,tangerang_selatan,rumah,123.0,211.0,2,7,7,1,9.0,sedang,SHM,4.8,23.6,0,0,0,1522.3
P009252,2025-07-13,tangerang_selatan,rumah,124.0,174.0,2,4,3,1,16.0,sedang,SHM,2.3,8.6,0,1,0,2037.6
P009502,2025-07-13,bogor,rumah,267.0,244.0,2,7,7,3,18.0,sedang,SHM,3.8,5.0,0,1,0,2130.4
P001644,2025-07-14,jakarta_barat,rumah,135.0,281.0,3,8,6,1,5.0,baik,HGB,9.3,13.3,0,0,0,3487.0
P002165,2025-07-14,semarang,rumah,76.0,63.0,1,1,1,1,4.0,baik,SHM,3.5,3.3,0,0,0,716.8
P003184,2025-07-14,jakarta_barat,ruko,53.0,122.0,3,2,2,1,13.0,baik,HGB,13.5,6.1,0,0,0,1274.5
P003416,2025-07-14,tangerang_selatan,rumah,98.0,43.0,1,1,1,2,36.0,sedang,SHM,7.1,9.6,0,1,1,1157.6
P003835,2025-07-14,tangerang_selatan,rumah,76.0,100.0,2,3,3,0,16.0,sedang,SHM,4.5,19.2,1,0,0,1037.0
P003880,2025-07-14,bekasi,ruko,78.0,250.0,4,6,6,1,16.0,perlu_renovasi,SHM,4.8,11.8,1,0,0,1241.4
P004834,2025-07-14,bandung,rumah,86.0,118.0,2,3,2,2,26.0,perlu_renovasi,HGB,4.7,6.7,1,1,0,1055.1
P006863,2025-07-14,jakarta_selatan,rumah,79.0,134.0,3,3,3,1,,sedang,SHM,3.7,3.4,1,1,0,3452.3
P007165,2025-07-14,yogyakarta,rumah,167.0,154.0,2,4,3,2,19.0,perlu_renovasi,HGB,4.1,14.9,0,1,0,1035.9
P007179,2025-07-14,semarang,townhouse,92.0,130.0,2,4,3,2,14.0,sedang,girik_ajb,5.4,17.5,0,1,0,848.6
P007997,2025-07-14,jakarta_barat,rumah,140.0,168.0,2,6,6,2,9.0,baik,HGB,3.4,13.8,1,0,0,2409.7
P008410,2025-07-14,bandung,townhouse,63.0,87.0,2,3,2,0,9.0,sedang,SHM,1.9,14.5,0,1,0,664.1
P009399,2025-07-14,surabaya,ruko,66.0,108.0,3,1,1,0,16.0,baik,SHM,9.8,21.6,0,0,0,1000.1
P009898,2025-07-14,surabaya,townhouse,59.0,57.0,2,2,1,1,5.0,baik,HGB,12.3,14.1,0,0,0,762.3
P000092,2025-07-15,bandung,townhouse,98.0,107.0,2,2,2,0,15.0,sedang,SHM,4.6,4.1,0,0,1,1368.5
P001257,2025-07-15,bandung,rumah,200.0,178.0,2,4,3,2,18.0,baik,HGB,4.1,6.6,1,1,0,2567.5
P001797,2025-07-15,depok,townhouse,89.0,74.0,2,2,2,1,6.0,baik,SHM,4.2,13.8,1,0,1,920.1
P003197,2025-07-15,depok,rumah,107.0,65.0,1,2,1,1,18.0,sedang,HGB,3.7,22.2,0,0,0,678.8
P004442,2025-07-15,tangerang_selatan,rumah,116.0,190.0,3,4,4,1,25.0,baik,SHM,5.9,17.2,0,0,0,1764.7
P004844,2025-07-15,bekasi,rumah,92.0,139.0,2,3,2,1,11.0,baik,HGB,3.7,19.6,0,0,0,1083.0
P004855,2025-07-15,jakarta_selatan,ruko,66.0,134.0,3,1,1,0,16.0,sedang,SHM,9.8,15.7,0,0,0,2023.6
P007035,2025-07-15,jakarta_barat,rumah,42.0,53.0,2,2,2,0,29.0,sedang,SHM,2.2,9.0,0,0,0,502.7
P007314,2025-07-15,bogor,ruko,106.0,195.0,4,4,4,2,19.0,sedang,HGB,8.0,27.5,0,0,0,812.2
P007948,2025-07-15,bekasi,rumah,337.0,233.0,1,7,4,3,14.0,sedang,SHM,7.3,17.5,1,0,1,1861.7
P008341,2025-07-15,jakarta_barat,rumah,82.0,93.0,2,3,2,2,18.0,sedang,SHM,10.5,9.2,0,0,0,1273.0
P008385,2025-07-15,jakarta_barat,rumah,152.0,96.0,1,2,2,2,3.0,baik,SHM,5.4,13.2,0,0,1,1834.8
P009077,2025-07-15,surabaya,rumah,129.0,270.0,3,6,4,2,16.0,perlu_renovasi,girik_ajb,5.0,12.1,0,0,1,1397.8
P009622,2025-07-15,bandung,rumah,74.0,43.0,1,1,1,1,20.0,perlu_renovasi,HGB,6.0,16.3,0,0,0,454.7
P000237,2025-07-16,bekasi,rumah,139.0,360.0,3,10,8,2,13.0,perlu_renovasi,SHM,3.8,25.2,0,0,1,1276.0
P000944,2025-07-16,bekasi,townhouse,65.0,82.0,2,2,1,0,5.0,sedang,SHM,3.6,15.3,0,0,0,769.7
P003873,2025-07-16,jakarta_selatan,ruko,58.0,47.0,2,0,1,2,22.0,sedang,HGB,8.2,16.3,1,0,0,1462.6
P004515,2025-07-16,jakarta_selatan,townhouse,82.0,82.0,2,2,2,1,0.0,sedang,SHM,7.7,10.8,0,1,0,2649.8
P005648,2025-07-16,jakarta_selatan,rumah,96.0,50.0,1,2,1,1,,baik,HGB,5.4,14.6,0,0,1,1667.8
P007693,2025-07-16,bekasi,rumah,198.0,174.0,1,5,4,3,20.0,sedang,HGB,3.7,29.4,0,0,0,980.3
P009961,2025-07-16,bekasi,rumah,154.0,72.0,1,2,2,2,25.0,sedang,SHM,4.8,21.7,0,0,1,654.7
P001258,2025-07-17,surabaya,ruko,90.0,142.0,2,2,2,1,14.0,sedang,SHM,9.2,10.1,1,1,0,1874.3
P002403,2025-07-17,bandung,rumah,92.0,44.0,1,1,1,1,7.0,baik,SHM,7.9,15.0,1,0,0,799.8
P003329,2025-07-17,depok,rumah,199.0,102.0,1,3,3,1,14.0,sedang,HGB,6.6,4.5,1,0,0,2236.1
P007268,2025-07-17,bogor,rumah,238.0,215.0,2,5,5,3,6.0,baik,SHM,5.6,10.6,0,1,0,2230.7
P007587,2025-07-17,jakarta_barat,rumah,92.0,68.0,1,2,1,1,14.0,baik,HGB,8.5,17.6,0,0,1,984.0
P007819,2025-07-17,yogyakarta,rumah,113.0,49.0,1,2,1,1,3.0,baik,SHM,4.0,10.0,0,0,0,850.6
P008832,2025-07-17,depok,townhouse,68.0,79.0,2,2,2,1,15.0,perlu_renovasi,SHM,6.6,20.4,0,0,0,684.9
P000106,2025-07-18,bandung,rumah,54.0,45.0,1,1,1,0,9.0,sedang,HGB,4.4,7.7,0,0,0,511.8
P000251,2025-07-18,bandung,rumah,101.0,145.0,2,5,5,0,2.0,sedang,HGB,10.2,17.8,0,0,0,1160.4
P001561,2025-07-18,yogyakarta,rumah,118.0,247.0,3,7,6,1,11.0,sedang,HGB,7.8,17.3,0,0,0,1700.1
P001762,2025-07-18,jakarta_barat,ruko,115.0,119.0,2,2,2,1,,sedang,SHM,8.2,11.1,1,0,0,2332.5
P001899,2025-07-18,jakarta_selatan,ruko,39.0,52.0,3,0,1,1,22.0,perlu_renovasi,SHM,12.0,8.1,0,0,1,1405.5
P002201,2025-07-18,jakarta_selatan,townhouse,78.0,99.0,2,2,1,0,3.0,sedang,girik_ajb,9.6,15.6,0,0,0,1470.7
P002225,2025-07-18,semarang,rumah,241.0,320.0,2,10,7,2,15.0,baik,HGB,10.6,3.2,0,1,0,3057.9
P003388,2025-07-18,yogyakarta,rumah,124.0,56.0,1,2,2,1,29.0,sedang,SHM,,17.2,1,0,0,734.5
P003615,2025-07-18,bogor,ruko,77.0,115.0,2,1,1,0,8.0,baik,HGB,9.6,26.5,0,0,0,723.2
P007345,2025-07-18,tangerang_selatan,ruko,79.0,100.0,2,1,1,1,10.0,baik,HGB,9.3,3.0,1,1,1,2152.1
P007531,2025-07-18,jakarta_selatan,rumah,276.0,359.0,2,10,8,4,,baik,SHM,6.6,12.8,0,0,0,6977.5
P005484,2025-07-19,bekasi,rumah,80.0,33.0,1,1,1,0,,sedang,SHM,8.2,6.4,0,0,1,670.4
P007110,2025-07-19,jakarta_barat,rumah,154.0,165.0,2,5,3,1,28.0,sedang,SHM,4.3,12.9,0,0,0,1985.2
P008911,2025-07-19,bekasi,rumah,135.0,218.0,2,7,5,1,39.0,sedang,SHM,3.6,5.2,1,0,0,1347.7
P000590,2025-07-20,jakarta_selatan,rumah,100.0,50.0,1,2,2,1,10.0,sedang,SHM,4.6,11.2,1,1,0,2767.2
P000768,2025-07-20,jakarta_selatan,rumah,144.0,116.0,2,3,2,1,4.0,baik,SHM,8.7,8.9,0,0,0,4593.4
P001220,2025-07-20,jakarta_selatan,rumah,163.0,187.0,2,5,4,3,21.0,sedang,SHM,5.3,14.3,1,0,0,2985.0
P002108,2025-07-20,yogyakarta,rumah,66.0,70.0,2,2,1,1,4.0,baik,HGB,6.4,3.9,0,0,0,1069.0
P003461,2025-07-20,bekasi,rumah,212.0,494.0,3,10,6,1,7.0,baik,SHM,3.6,4.5,1,0,0,4485.7
P006900,2025-07-20,yogyakarta,townhouse,56.0,75.0,2,2,2,1,5.0,baik,SHM,3.4,9.8,0,0,0,678.6
P007662,2025-07-20,yogyakarta,rumah,132.0,202.0,2,5,5,0,21.0,sedang,girik_ajb,5.5,5.6,1,0,0,1272.4
P008611,2025-07-20,jakarta_barat,rumah,237.0,115.0,1,3,2,2,28.0,sedang,SHM,3.7,12.9,0,1,0,3206.9
P000010,2025-07-21,bekasi,rumah,258.0,97.0,1,3,3,2,15.0,sedang,SHM,2.2,11.6,1,0,0,1794.8
P001200,2025-07-21,bandung,rumah,119.0,100.0,1,3,2,1,8.0,baik,SHM,4.8,4.0,0,0,0,1674.3
P001422,2025-07-21,depok,rumah,285.0,208.0,1,6,5,4,4.0,sedang,HGB,8.2,5.3,0,1,0,3562.7
P003883,2025-07-21,bandung,rumah,121.0,119.0,2,3,2,2,20.0,baik,SHM,7.4,11.6,0,0,0,1202.1
P004248,2025-07-21,jakarta_selatan,townhouse,105.0,270.0,3,7,7,1,15.0,sedang,HGB,9.9,8.6,0,0,0,2982.6
P005586,2025-07-21,yogyakarta,ruko,66.0,140.0,3,2,2,1,15.0,sedang,SHM,9.5,13.3,0,0,0,919.0
P007156,2025-07-21,bandung,ruko,70.0,114.0,3,1,1,0,28.0,baik,SHM,7.2,12.2,0,0,0,862.8
P007172,2025-07-21,depok,rumah,66.0,82.0,2,2,2,1,11.0,baik,HGB,9.0,18.8,1,0,0,749.6
P007828,2025-07-21,jakarta_barat,rumah,77.0,75.0,2,2,2,1,,baik,SHM,,10.5,0,0,0,1256.1
P008497,2025-07-21,jakarta_barat,rumah,75.0,60.0,1,2,2,0,5.0,baik,SHM,3.1,4.6,1,0,0,1465.6
P009438,2025-07-21,bandung,rumah,76.0,91.0,2,3,2,1,20.0,sedang,HGB,2.5,14.3,0,0,0,639.5
P009929,2025-07-21,surabaya,rumah,280.0,365.0,2,9,8,4,9.0,baik,SHM,6.3,16.5,1,0,0,3475.6
P004120,2025-07-22,depok,townhouse,63.0,104.0,3,3,2,0,9.0,sedang,HGB,4.1,9.0,0,1,0,912.5
P006057,2025-07-22,jakarta_barat,townhouse,73.0,106.0,2,3,2,0,14.0,baik,SHM,4.3,18.2,0,0,0,1062.2
P007126,2025-07-22,yogyakarta,rumah,142.0,84.0,1,2,1,1,24.0,sedang,SHM,6.0,19.1,0,0,0,882.7
P001390,2025-07-23,jakarta_selatan,rumah,192.0,292.0,2,8,5,2,5.0,baik,SHM,10.3,6.7,1,1,0,6608.7
P002585,2025-07-23,jakarta_selatan,rumah,136.0,116.0,1,4,4,3,9.0,baik,SHM,2.7,12.2,0,0,0,2454.0
P005435,2025-07-23,bandung,townhouse,72.0,159.0,3,4,3,2,3.0,baik,SHM,4.6,6.4,0,0,0,1580.0
P008698,2025-07-23,bekasi,townhouse,77.0,118.0,2,3,2,0,4.0,baik,HGB,3.3,21.2,0,0,1,1022.5
P009063,2025-07-23,depok,rumah,209.0,130.0,1,3,2,0,,sedang,SHM,2.5,13.3,0,0,0,1310.5
P000221,2025-07-24,tangerang_selatan,rumah,104.0,73.0,1,2,1,1,10.0,baik,SHM,5.3,20.7,0,0,0,998.2
P002162,2025-07-24,tangerang_selatan,rumah,89.0,141.0,2,4,4,1,6.0,baik,SHM,4.9,16.8,0,0,0,1726.8
P003099,2025-07-24,tangerang_selatan,rumah,84.0,47.0,1,1,1,1,17.0,baik,HGB,4.5,20.2,0,0,0,734.9
P009449,2025-07-24,tangerang_selatan,rumah,173.0,148.0,1,4,3,2,30.0,perlu_renovasi,SHM,1.8,23.9,0,0,0,1059.3
P000314,2025-07-25,bekasi,rumah,197.0,300.0,2,10,6,3,11.0,baik,SHM,4.8,30.0,0,0,0,2000.9
P001026,2025-07-25,tangerang_selatan,rumah,190.0,98.0,1,3,3,2,18.0,baik,SHM,7.2,18.8,1,0,0,2091.6
P001741,2025-07-25,tangerang_selatan,rumah,209.0,184.0,1,6,4,2,15.0,sedang,SHM,5.6,15.7,0,0,0,2371.5
P004123,2025-07-25,semarang,rumah,135.0,99.0,1,3,3,2,4.0,baik,SHM,4.3,9.2,0,0,0,1084.5
P006030,2025-07-25,jakarta_barat,rumah,146.0,110.0,2,3,2,1,14.0,sedang,SHM,8.5,11.4,0,0,0,1850.7
P006537,2025-07-25,jakarta_barat,ruko,112.0,144.0,2,1,1,1,3.0,baik,SHM,6.9,10.0,0,1,1,2440.8
P008575,2025-07-25,yogyakarta,rumah,86.0,40.0,1,1,1,1,20.0,perlu_renovasi,SHM,4.2,12.3,1,0,0,541.3
P009349,2025-07-25,bandung,rumah,80.0,64.0,1,2,1,1,2.0,sedang,SHM,2.6,18.3,0,0,1,620.4
P009662,2025-07-25,bandung,rumah,142.0,231.0,2,7,6,1,10.0,baik,SHM,9.1,19.7,1,0,0,1712.2
P000978,2025-07-26,bekasi,rumah,167.0,128.0,2,4,2,2,,sedang,SHM,6.6,8.9,0,0,0,1686.0
P002089,2025-07-26,bandung,rumah,114.0,51.0,1,1,1,1,35.0,sedang,SHM,2.2,3.5,0,0,0,897.5
P006336,2025-07-26,bekasi,rumah,117.0,75.0,1,2,1,1,4.0,perlu_renovasi,SHM,7.1,11.9,0,0,0,1051.5
P006487,2025-07-26,tangerang_selatan,townhouse,80.0,85.0,2,3,3,1,5.0,baik,HGB,6.0,16.6,0,0,0,1203.4
P007302,2025-07-26,bandung,rumah,110.0,76.0,1,2,2,3,16.0,baik,SHM,13.1,9.9,1,1,0,1243.8
P008212,2025-07-26,yogyakarta,rumah,174.0,87.0,1,3,3,2,35.0,perlu_renovasi,SHM,13.3,15.8,0,0,0,816.1
P009467,2025-07-26,jakarta_barat,rumah,254.0,114.0,1,4,4,2,8.0,baik,HGB,1.8,7.1,0,0,0,2989.8
P003535,2025-07-27,bandung,ruko,84.0,146.0,3,2,2,0,,baik,SHM,15.0,13.4,1,0,0,1012.0
P004675,2025-07-27,bandung,rumah,239.0,254.0,2,7,6,2,7.0,baik,HGB,15.2,21.1,0,0,0,2005.7
P004755,2025-07-27,semarang,rumah,119.0,56.0,1,1,1,0,3.0,sedang,SHM,4.9,18.7,0,0,1,601.4
P008621,2025-07-27,yogyakarta,ruko,65.0,92.0,3,0,1,0,14.0,sedang,SHM,20.0,5.4,0,0,0,1010.0
P000363,2025-07-28,jakarta_selatan,ruko,86.0,103.0,2,1,1,0,26.0,sedang,SHM,11.1,5.1,0,1,0,3654.0
P001181,2025-07-28,bandung,rumah,126.0,258.0,3,6,4,1,25.0,sedang,HGB,5.8,6.5,0,1,0,1617.5
P002304,2025-07-28,depok,rumah,64.0,68.0,2,2,2,1,7.0,baik,SHM,6.2,12.9,1,0,0,910.1
P004143,2025-07-28,jakarta_selatan,townhouse,90.0,141.0,2,4,4,2,11.0,sedang,SHM,4.0,12.3,0,0,0,1776.3
P004986,2025-07-28,tangerang_selatan,rumah,303.0,222.0,2,7,7,3,8.0,sedang,SHM,6.1,21.2,1,0,0,3075.3
P005495,2025-07-28,surabaya,rumah,176.0,73.0,1,2,2,2,22.0,baik,HGB,4.1,8.9,0,0,0,1460.3
P005877,2025-07-28,bogor,ruko,62.0,55.0,2,0,1,1,13.0,baik,SHM,8.7,27.3,0,0,0,451.4
P006591,2025-07-28,tangerang_selatan,rumah,200.0,238.0,2,6,5,3,19.0,perlu_renovasi,HGB,4.9,22.5,0,0,0,1657.8
P006754,2025-07-28,semarang,rumah,96.0,47.0,1,1,1,0,,baik,SHM,5.9,14.2,1,0,0,505.3
P008506,2025-07-28,tangerang_selatan,rumah,74.0,162.0,3,5,5,1,23.0,sedang,SHM,6.3,17.6,0,0,0,1138.4
P000674,2025-07-29,bandung,rumah,92.0,129.0,2,3,2,1,7.0,baik,SHM,8.1,17.1,0,0,0,1125.7
P003659,2025-07-29,semarang,rumah,99.0,96.0,2,3,2,2,34.0,perlu_renovasi,SHM,3.9,12.9,1,0,0,525.1
P004322,2025-07-29,depok,rumah,162.0,117.0,1,4,4,2,,sedang,SHM,4.6,18.2,0,0,0,1200.5
P004480,2025-07-29,yogyakarta,rumah,112.0,92.0,2,2,2,1,22.0,sedang,HGB,6.7,10.5,1,0,0,1001.2
P006104,2025-07-29,surabaya,rumah,120.0,71.0,1,2,2,1,,perlu_renovasi,SHM,4.9,10.4,0,0,0,1222.9
P008865,2025-07-29,jakarta_selatan,ruko,67.0,105.0,3,1,1,1,16.0,baik,SHM,9.3,14.5,0,0,0,1852.9
P000813,2025-07-30,yogyakarta,rumah,59.0,69.0,2,2,2,1,7.0,sedang,SHM,3.7,7.4,0,1,0,714.8
P001547,2025-07-30,tangerang_selatan,ruko,80.0,210.0,3,4,4,0,11.0,sedang,HGB,10.6,16.0,1,0,0,1776.9
P003499,2025-07-30,bekasi,rumah,59.0,32.0,1,1,1,0,25.0,baik,HGB,4.6,5.6,0,0,0,524.1
P003771,2025-07-30,yogyakarta,rumah,77.0,122.0,2,3,3,2,6.0,baik,SHM,6.0,19.1,0,0,0,1132.3
P004525,2025-07-30,bandung,townhouse,85.0,141.0,2,5,5,1,4.0,sedang,SHM,4.7,21.3,0,0,0,1210.6
P006503,2025-07-30,bogor,rumah,103.0,152.0,2,5,5,0,22.0,perlu_renovasi,SHM,5.2,6.5,1,0,0,1042.8
P006967,2025-07-30,depok,rumah,98.0,36.0,1,1,1,1,21.0,baik,HGB,5.8,11.5,0,0,0,794.5
P007428,2025-07-30,jakarta_barat,rumah,84.0,102.0,2,3,3,2,6.0,baik,HGB,5.5,3.4,0,1,1,1575.0
P008250,2025-07-30,jakarta_selatan,rumah,90.0,224.0,3,7,5,1,10.0,baik,SHM,3.4,6.6,0,0,0,2748.9
P001919,2025-08-02,bogor,rumah,89.0,127.0,2,3,2,1,2.0,baik,SHM,5.8,29.5,0,0,0,859.6
P006796,2025-08-02,depok,ruko,99.0,253.0,4,5,5,1,,baik,SHM,8.5,15.6,0,0,0,2006.5
P008380,2025-08-02,bekasi,rumah,180.0,130.0,2,3,2,1,29.0,sedang,SHM,5.8,27.4,0,0,0,825.5
P009818,2025-08-02,jakarta_selatan,rumah,172.0,223.0,2,7,8,1,7.0,sedang,SHM,10.0,8.1,0,1,0,5078.1
P002146,2025-08-03,semarang,rumah,333.0,485.0,2,10,8,4,12.0,sedang,HGB,4.3,3.0,1,0,0,3804.4
P003504,2025-08-03,bogor,rumah,260.0,310.0,3,9,8,3,21.0,baik,SHM,5.6,9.3,0,0,0,2344.6
P004366,2025-08-03,jakarta_selatan,rumah,125.0,54.0,1,1,1,2,16.0,baik,SHM,5.9,14.4,1,0,0,2589.6
P004697,2025-08-03,bekasi,ruko,87.0,95.0,3,1,1,2,25.0,sedang,HGB,4.5,7.9,1,0,0,1030.0
P006511,2025-08-03,surabaya,townhouse,61.0,79.0,2,3,2,1,15.0,sedang,SHM,6.7,8.4,1,0,0,897.4
P006889,2025-08-03,bogor,rumah,53.0,24.0,1,1,1,2,15.0,sedang,SHM,4.7,5.3,1,0,0,447.8
P007599,2025-08-03,bekasi,rumah,42.0,44.0,2,2,2,1,10.0,baik,SHM,4.5,6.8,1,0,0,503.8
P009549,2025-08-03,depok,rumah,154.0,78.0,1,2,2,2,15.0,sedang,SHM,4.2,15.5,1,0,0,1324.2
P000448,2025-08-04,bogor,rumah,128.0,178.0,2,4,3,1,30.0,sedang,HGB,7.8,5.3,0,0,0,1059.7
P001325,2025-08-04,tangerang_selatan,rumah,74.0,103.0,2,3,2,2,21.0,baik,SHM,2.3,6.3,1,1,1,1027.9
P005403,2025-08-04,bekasi,rumah,57.0,55.0,2,1,1,1,4.0,sedang,SHM,8.4,7.4,1,0,0,678.0
P005535,2025-08-04,surabaya,rumah,122.0,98.0,2,2,2,1,13.0,baik,SHM,4.6,19.8,0,1,0,1307.7
P006316,2025-08-04,depok,townhouse,65.0,115.0,2,3,3,2,9.0,baik,SHM,7.8,24.9,0,0,0,944.2
P007205,2025-08-04,bogor,ruko,74.0,114.0,2,1,1,1,,baik,SHM,8.3,8.7,0,1,0,903.8
P008012,2025-08-04,bandung,rumah,107.0,105.0,2,4,3,1,21.0,baik,HGB,3.7,19.3,0,0,0,811.7
P008336,2025-08-04,bandung,rumah,63.0,53.0,1,2,2,1,9.0,baik,SHM,3.1,11.5,0,0,0,674.1
P001940,2025-08-05,jakarta_selatan,rumah,397.0,236.0,1,6,4,5,22.0,baik,SHM,4.4,13.6,0,0,0,6250.1
P002535,2025-08-05,yogyakarta,townhouse,71.0,100.0,2,3,3,1,5.0,baik,HGB,5.3,7.6,0,0,0,1080.3
P002588,2025-08-05,jakarta_barat,rumah,101.0,136.0,2,5,4,1,6.0,baik,SHM,5.5,11.0,0,0,0,1757.1
P002889,2025-08-05,jakarta_selatan,townhouse,51.0,73.0,2,2,2,0,14.0,perlu_renovasi,SHM,2.5,16.3,1,0,0,1025.5
P003257,2025-08-05,jakarta_selatan,rumah,178.0,226.0,2,8,5,3,11.0,baik,SHM,4.6,9.4,1,0,0,4904.7
P005457,2025-08-05,jakarta_barat,townhouse,61.0,60.0,2,2,2,1,7.0,baik,SHM,4.0,16.2,1,0,0,860.5
P006250,2025-08-05,bekasi,rumah,114.0,75.0,1,2,2,2,21.0,baik,girik_ajb,6.1,25.0,0,0,0,569.8
P007550,2025-08-05,jakarta_selatan,rumah,128.0,192.0,2,5,4,2,9.0,baik,HGB,10.0,4.6,1,0,0,4916.8
P007875,2025-08-05,depok,rumah,234.0,136.0,1,5,3,3,11.0,sedang,SHM,4.4,5.2,1,0,0,2795.8
P009006,2025-08-05,bandung,ruko,88.0,121.0,3,1,1,1,16.0,sedang,SHM,11.8,17.4,0,0,0,932.8
P001459,2025-08-06,yogyakarta,rumah,102.0,97.0,2,3,3,1,5.0,sedang,SHM,9.9,18.2,1,0,0,698.0
P001522,2025-08-06,depok,ruko,67.0,122.0,3,2,1,1,8.0,sedang,girik_ajb,,4.2,1,1,0,1472.9
P002100,2025-08-06,tangerang_selatan,rumah,116.0,58.0,1,1,1,1,5.0,baik,HGB,2.7,16.4,1,0,0,998.3
P002524,2025-08-06,bogor,rumah,69.0,47.0,1,1,1,1,23.0,sedang,HGB,4.7,9.5,0,1,0,530.1
P003137,2025-08-06,surabaya,townhouse,77.0,85.0,2,3,2,0,13.0,baik,SHM,6.8,4.5,1,1,0,1366.6
P003536,2025-08-06,surabaya,townhouse,97.0,114.0,2,4,4,1,15.0,perlu_renovasi,SHM,4.4,12.5,0,0,0,980.2
P004854,2025-08-06,jakarta_barat,rumah,82.0,53.0,1,1,1,2,32.0,sedang,SHM,6.9,7.7,0,1,0,1291.1
P005051,2025-08-06,tangerang_selatan,rumah,219.0,250.0,2,7,7,3,2.0,perlu_renovasi,HGB,5.6,21.7,0,0,0,1975.8
P006426,2025-08-06,jakarta_selatan,rumah,155.0,201.0,2,6,4,2,1.0,sedang,SHM,16.7,4.0,1,0,0,5798.5
P007300,2025-08-06,bogor,townhouse,71.0,142.0,3,5,5,1,1.0,sedang,SHM,3.9,3.7,1,1,0,1419.4
P009388,2025-08-06,surabaya,rumah,76.0,107.0,2,3,3,1,14.0,perlu_renovasi,SHM,2.4,12.5,1,1,0,910.4
P000320,2025-08-07,yogyakarta,rumah,155.0,69.0,1,2,1,1,3.0,baik,SHM,3.6,9.5,0,1,0,1409.1
P001130,2025-08-07,yogyakarta,rumah,135.0,359.0,3,8,8,2,1.0,baik,SHM,9.5,16.2,0,0,0,3520.8
P001754,2025-08-07,surabaya,rumah,86.0,70.0,1,2,2,1,2.0,baik,SHM,3.8,15.0,1,0,0,1205.0
P002315,2025-08-07,bekasi,rumah,311.0,172.0,1,4,4,3,7.0,sedang,HGB,6.7,21.2,0,0,0,1750.3
P002825,2025-08-07,yogyakarta,rumah,145.0,86.0,1,2,2,2,8.0,sedang,HGB,6.7,13.8,0,0,0,1081.6
P003345,2025-08-07,depok,rumah,97.0,33.0,1,1,1,1,12.0,baik,SHM,4.8,6.5,0,0,0,906.4
P003926,2025-08-07,depok,rumah,113.0,107.0,2,3,2,2,16.0,sedang,HGB,8.4,14.3,0,0,0,1203.9
P004237,2025-08-07,bekasi,rumah,46.0,51.0,2,2,1,2,3.0,baik,SHM,6.6,28.5,0,0,0,415.9
P004470,2025-08-07,tangerang_selatan,rumah,203.0,180.0,2,5,4,3,26.0,baik,SHM,2.6,23.6,0,0,0,1503.4
P005977,2025-08-07,bandung,ruko,79.0,183.0,4,4,3,0,12.0,baik,SHM,,11.4,1,1,0,1781.6
P006059,2025-08-07,surabaya,ruko,73.0,90.0,2,0,1,0,16.0,baik,SHM,7.5,19.6,0,0,1,953.1
P007078,2025-08-07,yogyakarta,rumah,106.0,76.0,1,2,2,1,1.0,baik,SHM,3.4,16.2,0,0,0,860.5
P009294,2025-08-07,jakarta_selatan,rumah,106.0,55.0,1,2,1,1,4.0,baik,SHM,5.5,2.7,1,0,0,3287.6
P001052,2025-08-08,jakarta_barat,rumah,102.0,51.0,1,2,1,1,6.0,baik,SHM,5.4,9.2,0,1,0,1712.0
P001327,2025-08-08,bekasi,rumah,118.0,52.0,1,2,2,2,,baik,SHM,5.1,21.7,1,0,0,667.3
P001977,2025-08-08,bekasi,rumah,178.0,210.0,2,5,4,2,3.0,sedang,SHM,6.3,5.0,0,0,0,2406.1
P002707,2025-08-08,semarang,rumah,169.0,164.0,2,4,2,1,,baik,SHM,3.5,6.3,1,0,0,1085.0
P003009,2025-08-08,jakarta_selatan,rumah,98.0,153.0,3,4,4,1,10.0,baik,SHM,7.4,14.1,0,0,1,2367.1
P004433,2025-08-08,surabaya,rumah,184.0,101.0,1,2,2,2,10.0,baik,HGB,5.9,20.5,0,0,0,1252.3
P006166,2025-08-08,bandung,ruko,98.0,131.0,3,1,1,1,11.0,baik,SHM,10.4,3.5,1,0,0,2240.4
P007070,2025-08-08,bandung,rumah,166.0,112.0,1,3,3,1,8.0,sedang,SHM,5.3,5.4,1,0,0,2100.5
P009493,2025-08-08,semarang,rumah,111.0,154.0,2,4,3,0,3.0,baik,SHM,10.3,7.4,1,0,0,1527.4
P009778,2025-08-08,bandung,rumah,117.0,65.0,1,2,2,1,13.0,baik,SHM,6.8,7.9,1,1,0,1541.3
P002283,2025-08-09,tangerang_selatan,rumah,68.0,32.0,1,1,1,0,27.0,sedang,HGB,5.3,24.0,0,0,0,441.7
P002764,2025-08-09,tangerang_selatan,rumah,49.0,67.0,2,2,2,1,24.0,perlu_renovasi,SHM,4.2,18.8,0,0,0,634.9
P007289,2025-08-09,bogor,townhouse,105.0,116.0,2,4,3,1,10.0,sedang,girik_ajb,5.0,12.7,0,0,0,897.0
P009201,2025-08-09,jakarta_barat,rumah,79.0,61.0,1,2,1,1,10.0,baik,SHM,4.6,15.7,0,0,1,876.2
P009326,2025-08-09,depok,rumah,82.0,69.0,1,2,2,0,0.0,baik,SHM,3.7,3.1,0,0,0,1262.9
P009350,2025-08-09,jakarta_selatan,rumah,185.0,257.0,2,6,4,2,2.0,baik,SHM,6.6,15.0,0,0,0,5347.3
P009488,2025-08-09,depok,ruko,69.0,193.0,4,4,4,1,3.0,baik,SHM,6.0,17.7,0,0,0,1378.6
P000391,2025-08-10,bogor,rumah,65.0,68.0,2,2,2,1,8.0,baik,SHM,6.2,21.4,0,0,0,486.0
P004208,2025-08-10,jakarta_selatan,townhouse,82.0,73.0,2,2,2,0,4.0,sedang,SHM,4.9,17.5,1,0,1,1173.0
P005021,2025-08-10,semarang,ruko,71.0,85.0,3,0,1,1,14.0,sedang,SHM,7.4,17.4,0,0,0,568.0
P007319,2025-08-10,bekasi,rumah,52.0,21.0,1,1,1,0,1.0,baik,SHM,5.1,13.4,1,0,0,362.7
P009745,2025-08-10,surabaya,rumah,66.0,44.0,1,1,1,0,3.0,sedang,SHM,8.8,7.2,0,0,0,779.9
P009799,2025-08-10,jakarta_selatan,rumah,234.0,272.0,2,8,7,3,3.0,sedang,SHM,6.1,11.6,1,1,0,7065.0
P001086,2025-08-11,bandung,rumah,138.0,164.0,2,5,4,2,1.0,sedang,SHM,6.3,22.0,1,0,1,1342.8
P001104,2025-08-11,surabaya,rumah,214.0,333.0,2,10,8,3,22.0,sedang,SHM,7.6,16.1,0,1,0,2865.9
P001729,2025-08-11,jakarta_selatan,rumah,68.0,31.0,1,1,1,0,11.0,baik,SHM,4.3,13.2,1,0,0,1254.8
P002404,2025-08-11,semarang,rumah,78.0,71.0,2,2,2,1,19.0,sedang,SHM,6.4,9.1,0,0,1,639.4
P002445,2025-08-11,depok,rumah,113.0,114.0,2,3,3,1,1.0,baik,SHM,7.1,13.6,0,0,0,1378.2
P002817,2025-08-11,tangerang_selatan,rumah,144.0,192.0,2,7,6,2,18.0,perlu_renovasi,HGB,10.9,24.0,0,0,0,1343.5
P004460,2025-08-11,surabaya,rumah,157.0,175.0,2,5,4,2,20.0,perlu_renovasi,SHM,7.6,10.4,0,0,0,1962.0
P004597,2025-08-11,bekasi,rumah,60.0,41.0,1,1,1,1,17.0,perlu_renovasi,SHM,6.7,8.4,0,1,0,673.1
P005086,2025-08-11,bekasi,townhouse,126.0,137.0,2,5,5,1,10.0,baik,SHM,4.0,25.4,0,0,1,954.2
P006198,2025-08-11,jakarta_barat,rumah,144.0,112.0,2,4,3,2,10.0,sedang,SHM,4.0,7.3,1,1,0,2669.2
P000372,2025-08-12,tangerang_selatan,rumah,201.0,213.0,2,6,6,3,,sedang,SHM,5.0,3.4,0,1,0,3874.9
P002700,2025-08-12,semarang,ruko,91.0,82.0,2,0,1,1,32.0,perlu_renovasi,SHM,10.1,11.7,1,0,0,612.1
P004802,2025-08-12,jakarta_barat,rumah,127.0,103.0,2,3,2,1,6.0,perlu_renovasi,SHM,5.6,14.5,1,0,1,1515.3
P005371,2025-08-12,jakarta_barat,townhouse,85.0,110.0,2,4,4,0,9.0,sedang,SHM,4.6,17.9,0,0,0,1197.7
P008997,2025-08-12,surabaya,rumah,95.0,67.0,1,2,1,1,10.0,sedang,SHM,9.4,12.9,0,1,1,1175.7
P001591,2025-08-13,jakarta_barat,rumah,96.0,49.0,1,1,1,0,2.0,baik,SHM,4.3,10.2,0,0,0,1377.2
P004238,2025-08-13,surabaya,ruko,45.0,47.0,2,0,1,1,9.0,baik,SHM,6.3,15.5,0,1,0,776.2
P004449,2025-08-13,depok,townhouse,77.0,53.0,2,2,2,1,15.0,baik,SHM,3.1,16.7,0,0,0,617.5
P006362,2025-08-13,bogor,rumah,61.0,32.0,1,1,1,1,17.0,sedang,SHM,7.7,11.5,0,0,0,397.8
P007118,2025-08-13,bandung,townhouse,77.0,86.0,2,2,1,1,15.0,sedang,SHM,6.3,2.9,1,1,0,1011.2
P008535,2025-08-13,bandung,ruko,90.0,87.0,2,0,1,1,31.0,sedang,SHM,7.7,8.6,0,1,0,1208.6
P009621,2025-08-13,jakarta_barat,rumah,107.0,167.0,2,4,4,2,9.0,baik,SHM,7.9,13.8,0,0,0,2411.3
P000241,2025-08-14,surabaya,townhouse,95.0,192.0,3,4,3,1,4.0,sedang,HGB,15.9,8.9,1,0,0,1681.5
P001349,2025-08-14,bekasi,rumah,96.0,76.0,1,2,2,2,12.0,baik,SHM,3.8,14.5,1,0,0,936.9
P003473,2025-08-14,depok,ruko,68.0,61.0,2,0,1,0,18.0,sedang,SHM,10.3,4.1,0,1,0,1074.9
P003801,2025-08-14,jakarta_selatan,rumah,202.0,142.0,1,3,2,1,7.0,baik,HGB,7.9,7.1,0,0,0,4882.1
P004773,2025-08-14,jakarta_selatan,rumah,90.0,47.0,1,2,1,1,3.0,baik,HGB,4.8,9.3,0,1,0,1893.8
P006846,2025-08-14,jakarta_selatan,rumah,94.0,107.0,2,3,3,2,10.0,baik,SHM,10.4,4.6,1,0,0,3344.4
P001558,2025-08-15,depok,rumah,150.0,178.0,2,4,4,2,9.0,sedang,HGB,3.3,24.1,0,0,0,1422.0
P004612,2025-08-15,tangerang_selatan,townhouse,78.0,123.0,2,3,2,1,5.0,sedang,SHM,7.8,10.2,0,0,0,1671.7
P004658,2025-08-15,jakarta_selatan,townhouse,64.0,66.0,2,2,1,0,10.0,baik,SHM,4.3,7.3,1,1,0,1967.4
P005753,2025-08-15,bandung,rumah,82.0,45.0,1,1,1,0,31.0,sedang,SHM,5.8,11.9,0,0,0,618.7
P009517,2025-08-15,semarang,rumah,109.0,237.0,3,7,6,1,18.0,baik,SHM,3.2,2.1,0,0,0,1785.4
P000265,2025-08-16,semarang,rumah,177.0,206.0,2,6,5,2,21.0,sedang,HGB,4.2,7.4,0,0,0,1384.3
P001054,2025-08-16,jakarta_barat,rumah,137.0,167.0,2,6,5,2,8.0,sedang,girik_ajb,4.8,10.1,0,0,0,1947.0
P005332,2025-08-16,bandung,rumah,87.0,159.0,2,4,4,1,20.0,sedang,SHM,6.3,15.7,0,0,0,1087.0
P006705,2025-08-16,bekasi,rumah,122.0,74.0,1,2,2,1,16.0,baik,SHM,4.8,13.0,0,0,0,1062.8
P007036,2025-08-16,bogor,rumah,139.0,157.0,2,4,3,1,7.0,sedang,HGB,5.5,23.3,0,0,0,979.4
P007246,2025-08-16,yogyakarta,rumah,93.0,49.0,1,1,1,1,23.0,baik,SHM,3.3,7.7,0,0,0,720.6
P009460,2025-08-16,yogyakarta,rumah,156.0,113.0,2,3,2,2,3.0,baik,SHM,3.4,7.4,1,0,0,1722.0
P009928,2025-08-16,jakarta_selatan,townhouse,76.0,172.0,3,5,4,1,15.0,sedang,SHM,6.7,10.9,1,0,0,2597.3
P000159,2025-08-17,bandung,rumah,103.0,135.0,2,4,3,2,12.0,sedang,SHM,9.7,8.4,1,0,0,1222.7
P001205,2025-08-17,jakarta_selatan,ruko,87.0,214.0,3,3,3,2,13.0,baik,SHM,6.9,3.9,0,0,0,3634.7
P001876,2025-08-17,surabaya,ruko,81.0,140.0,3,1,1,0,11.0,baik,SHM,9.3,10.7,0,1,1,1562.2
P005559,2025-08-17,bandung,rumah,195.0,266.0,2,9,6,3,14.0,sedang,SHM,4.8,3.1,0,1,0,3008.6
P007900,2025-08-17,tangerang_selatan,rumah,113.0,142.0,2,4,3,1,10.0,baik,HGB,3.9,12.5,0,0,1,1550.5
P009839,2025-08-17,surabaya,ruko,88.0,188.0,3,4,3,2,9.0,sedang,SHM,10.6,13.6,0,0,1,1424.6
P000112,2025-08-18,jakarta_barat,rumah,49.0,69.0,3,2,2,1,1.0,baik,SHM,3.7,8.1,0,0,0,1050.4
P004559,2025-08-18,jakarta_selatan,ruko,60.0,133.0,3,2,2,0,20.0,sedang,HGB,7.7,4.3,1,1,0,3121.6
P005845,2025-08-18,bekasi,ruko,66.0,87.0,3,0,1,0,17.0,sedang,SHM,7.9,28.1,0,0,1,596.4
P009909,2025-08-18,tangerang_selatan,rumah,204.0,113.0,1,3,2,2,13.0,sedang,HGB,3.6,24.1,0,0,0,1309.8
P000019,2025-08-19,surabaya,rumah,126.0,101.0,1,3,2,1,7.0,sedang,HGB,4.5,8.1,1,0,0,1604.5
P000020,2025-08-19,bogor,rumah,146.0,228.0,2,7,5,2,5.0,baik,SHM,6.9,22.6,0,0,0,1482.0
P002799,2025-08-19,bandung,rumah,210.0,150.0,1,5,4,3,8.0,baik,SHM,8.9,13.2,0,0,1,2100.8
P002815,2025-08-19,jakarta_selatan,ruko,47.0,88.0,4,0,1,1,55.0,sedang,girik_ajb,8.1,5.3,0,0,0,1336.8
P003037,2025-08-19,bogor,ruko,47.0,70.0,2,0,1,0,29.0,baik,SHM,7.9,28.1,1,0,0,277.1
P003750,2025-08-19,jakarta_barat,rumah,79.0,74.0,2,2,1,0,10.0,baik,HGB,3.1,12.8,1,0,0,1124.9
P004758,2025-08-19,yogyakarta,rumah,200.0,92.0,1,3,3,2,32.0,sedang,HGB,4.4,18.0,1,0,0,975.5
P005825,2025-08-19,bekasi,rumah,119.0,164.0,2,4,4,2,2.0,sedang,HGB,7.5,12.9,0,0,0,1405.0
P006359,2025-08-19,depok,rumah,72.0,95.0,2,2,1,0,4.0,baik,SHM,6.1,14.5,0,0,0,1097.8
P006988,2025-08-19,jakarta_selatan,townhouse,81.0,70.0,2,2,2,1,4.0,baik,SHM,2.9,9.4,0,0,0,1568.1
P007925,2025-08-19,surabaya,rumah,189.0,243.0,2,6,4,3,3.0,baik,HGB,5.7,24.1,0,0,0,2501.8
P007963,2025-08-19,bandung,rumah,77.0,102.0,3,3,2,1,12.0,perlu_renovasi,SHM,8.0,9.9,1,0,0,962.3
P009573,2025-08-19,bekasi,rumah,185.0,87.0,1,2,2,3,18.0,sedang,SHM,2.6,26.1,0,0,0,683.0
P000254,2025-08-20,tangerang_selatan,rumah,223.0,248.0,2,8,8,2,38.0,perlu_renovasi,SHM,2.4,9.9,1,0,1,2082.7
P005464,2025-08-20,bandung,ruko,74.0,90.0,3,0,1,0,15.0,baik,SHM,9.4,3.1,1,0,0,1396.4
P005493,2025-08-20,tangerang_selatan,ruko,47.0,60.0,3,0,1,2,33.0,perlu_renovasi,SHM,,22.7,0,0,0,518.9
P005754,2025-08-20,bandung,rumah,208.0,96.0,1,3,3,3,31.0,sedang,HGB,7.4,12.8,1,0,0,1500.1
P007685,2025-08-20,jakarta_selatan,rumah,114.0,91.0,1,3,2,2,58.0,perlu_renovasi,HGB,4.6,11.7,1,1,0,2362.5
P007727,2025-08-20,jakarta_selatan,ruko,70.0,112.0,3,2,1,1,5.0,baik,SHM,3.9,5.4,0,0,0,2535.9
P008284,2025-08-20,depok,rumah,329.0,157.0,1,5,5,4,8.0,sedang,SHM,3.3,11.4,0,1,0,2802.7
P001170,2025-08-21,jakarta_selatan,rumah,88.0,133.0,2,3,3,1,5.0,baik,SHM,5.0,14.6,0,0,0,1995.6
P001616,2025-08-21,jakarta_barat,rumah,190.0,231.0,2,6,4,2,,baik,SHM,11.2,5.5,0,0,0,3550.7
P002095,2025-08-21,semarang,townhouse,65.0,78.0,2,3,3,0,3.0,baik,HGB,3.8,10.9,1,1,0,700.6
P002791,2025-08-21,surabaya,rumah,49.0,33.0,2,1,1,0,10.0,baik,SHM,4.3,17.0,0,0,0,481.2
P002855,2025-08-21,bandung,rumah,194.0,115.0,1,3,3,3,23.0,baik,SHM,6.6,20.6,0,0,0,1521.5
P003100,2025-08-21,jakarta_barat,rumah,199.0,253.0,2,6,4,2,11.0,sedang,SHM,7.3,9.5,0,0,1,3261.1
P003600,2025-08-21,bekasi,rumah,91.0,228.0,3,5,5,0,9.0,sedang,SHM,4.2,19.8,0,0,0,1352.9
P007854,2025-08-21,depok,rumah,75.0,41.0,1,1,1,2,32.0,baik,SHM,3.7,8.0,0,1,0,804.5
P001360,2025-08-22,jakarta_barat,rumah,74.0,54.0,1,1,1,0,9.0,baik,SHM,4.2,4.8,1,0,0,1452.7
P001379,2025-08-22,bogor,rumah,63.0,84.0,2,2,1,1,13.0,baik,SHM,13.7,19.1,1,0,0,594.9
P001800,2025-08-22,bogor,rumah,140.0,47.0,1,1,1,1,8.0,baik,SHM,8.4,10.8,0,0,0,1064.7
P004081,2025-08-22,bekasi,rumah,76.0,136.0,3,4,3,2,18.0,sedang,HGB,8.6,16.5,0,0,0,985.9
P004767,2025-08-22,bandung,rumah,215.0,152.0,2,4,3,2,8.0,perlu_renovasi,HGB,2.7,3.5,1,0,0,2065.0
P006394,2025-08-22,jakarta_barat,rumah,188.0,136.0,1,5,5,2,5.0,sedang,girik_ajb,4.2,19.7,1,0,0,1719.6
P009128,2025-08-22,bogor,ruko,91.0,201.0,3,3,3,2,2.0,baik,HGB,15.7,10.6,1,0,1,1406.8
P009607,2025-08-22,depok,rumah,88.0,103.0,2,3,2,0,11.0,baik,HGB,4.1,24.0,0,0,0,691.1
P001852,2025-08-23,semarang,townhouse,107.0,197.0,3,6,5,1,15.0,sedang,SHM,5.2,6.5,1,0,0,1237.4
P003240,2025-08-23,tangerang_selatan,rumah,51.0,27.0,1,1,1,0,24.0,baik,HGB,3.4,5.5,1,0,0,749.9
P004073,2025-08-23,bekasi,rumah,232.0,99.0,1,2,2,3,7.0,baik,HGB,6.3,16.4,0,0,0,1525.8
P004400,2025-08-23,surabaya,townhouse,72.0,83.0,2,2,2,0,15.0,sedang,SHM,4.3,18.4,0,0,0,836.9
P004753,2025-08-23,bekasi,townhouse,102.0,147.0,2,3,3,1,14.0,sedang,SHM,5.6,12.8,1,0,0,1230.9
P006193,2025-08-23,jakarta_barat,rumah,161.0,109.0,1,3,3,2,1.0,baik,SHM,5.1,19.8,0,0,0,1741.7
P009879,2025-08-23,jakarta_barat,rumah,143.0,81.0,1,3,2,1,6.0,baik,girik_ajb,2.9,5.4,0,1,0,1915.9
P000920,2025-08-24,depok,rumah,83.0,121.0,2,4,4,1,15.0,baik,SHM,4.2,3.0,0,0,0,1245.1
P002016,2025-08-24,depok,rumah,134.0,184.0,2,6,4,2,12.0,sedang,girik_ajb,,4.2,0,0,0,1651.4
P002135,2025-08-24,depok,rumah,83.0,156.0,2,3,2,1,6.0,baik,SHM,4.3,22.1,0,0,0,1073.0
P002968,2025-08-24,tangerang_selatan,rumah,83.0,116.0,2,4,4,1,13.0,sedang,HGB,2.0,7.4,1,1,0,1316.5
P005902,2025-08-24,jakarta_selatan,rumah,373.0,171.0,1,5,3,3,30.0,sedang,SHM,2.9,7.1,0,1,0,7258.1
P007013,2025-08-24,jakarta_selatan,rumah,201.0,274.0,2,8,7,3,3.0,sedang,HGB,3.8,17.6,0,0,0,3342.2
P007415,2025-08-24,bandung,ruko,80.0,98.0,3,0,1,0,8.0,baik,girik_ajb,7.7,15.2,0,0,0,905.1
P009036,2025-08-24,tangerang_selatan,rumah,183.0,456.0,3,10,8,3,19.0,perlu_renovasi,SHM,7.0,17.4,0,0,0,2961.4
P009121,2025-08-24,bogor,rumah,102.0,168.0,2,4,4,1,36.0,perlu_renovasi,HGB,3.4,11.5,1,0,0,618.5
P000829,2025-08-25,semarang,rumah,118.0,163.0,2,4,3,1,7.0,baik,SHM,5.5,13.0,0,1,0,1146.4
P006244,2025-08-25,surabaya,rumah,95.0,51.0,1,1,1,1,18.0,baik,SHM,4.1,2.3,1,0,0,1448.7
P006700,2025-08-25,depok,townhouse,70.0,53.0,2,1,1,0,8.0,baik,SHM,11.2,23.6,0,1,1,573.6
P008651,2025-08-25,tangerang_selatan,ruko,46.0,66.0,3,0,1,1,3.0,sedang,HGB,14.3,17.7,0,0,0,814.3
P009217,2025-08-25,yogyakarta,ruko,40.0,54.0,4,0,1,1,23.0,baik,HGB,6.3,18.5,0,0,0,363.5
P000386,2025-08-26,yogyakarta,ruko,90.0,200.0,4,3,2,1,,baik,SHM,14.0,7.5,0,0,0,2121.5
P000447,2025-08-26,yogyakarta,rumah,78.0,49.0,1,2,1,1,,perlu_renovasi,HGB,3.7,17.3,1,0,1,351.6
P002278,2025-08-26,jakarta_barat,townhouse,86.0,128.0,2,4,3,1,2.0,sedang,HGB,4.1,14.3,0,1,0,1906.4
P002319,2025-08-26,depok,rumah,123.0,88.0,1,3,2,2,3.0,baik,SHM,5.8,13.3,0,1,0,1261.3
P003557,2025-08-26,depok,rumah,499.0,327.0,1,9,8,5,17.0,baik,SHM,3.7,14.6,0,0,0,3962.8
P003840,2025-08-26,tangerang_selatan,rumah,102.0,159.0,2,4,4,1,14.0,sedang,SHM,4.1,14.2,1,0,0,1618.1
P004999,2025-08-26,bekasi,rumah,106.0,73.0,1,2,2,1,9.0,sedang,HGB,5.6,11.2,0,0,0,749.6
P005851,2025-08-26,yogyakarta,rumah,185.0,73.0,1,2,2,2,1.0,sedang,HGB,5.7,8.3,1,1,0,1550.2
P006924,2025-08-26,depok,townhouse,108.0,109.0,2,4,3,1,15.0,sedang,SHM,4.5,19.2,0,0,0,972.8
P007112,2025-08-26,bogor,townhouse,70.0,71.0,2,2,1,1,15.0,sedang,SHM,3.8,22.8,0,0,0,382.6
P000313,2025-08-27,tangerang_selatan,rumah,271.0,246.0,2,6,4,3,7.0,sedang,SHM,8.9,15.6,0,0,0,3283.1
P004491,2025-08-27,depok,rumah,100.0,66.0,1,2,2,1,20.0,sedang,SHM,3.9,19.8,0,0,0,734.8
P004694,2025-08-27,surabaya,rumah,89.0,60.0,1,1,1,1,9.0,sedang,HGB,6.5,6.7,0,0,0,1313.1
P004870,2025-08-27,bogor,rumah,240.0,266.0,2,9,6,3,22.0,perlu_renovasi,SHM,8.2,11.1,1,0,0,1876.6
P005429,2025-08-27,semarang,rumah,203.0,339.0,2,10,8,3,12.0,sedang,HGB,5.5,2.6,1,0,0,2178.0
P005540,2025-08-27,jakarta_selatan,ruko,58.0,88.0,2,0,1,2,4.0,sedang,SHM,1.5,16.9,0,0,0,1525.3
P000469,2025-08-28,jakarta_barat,ruko,64.0,95.0,3,0,1,1,19.0,baik,SHM,5.1,11.0,0,0,0,1196.4
P004826,2025-08-28,bekasi,rumah,82.0,118.0,3,3,3,1,14.0,sedang,SHM,6.2,23.7,0,0,0,724.7
P009952,2025-08-28,yogyakarta,rumah,91.0,58.0,1,1,1,1,8.0,baik,SHM,3.9,12.3,0,0,0,917.8
P001509,2025-08-29,jakarta_barat,townhouse,71.0,56.0,2,1,1,1,2.0,baik,HGB,5.1,17.6,0,0,1,834.6
P004461,2025-08-29,bekasi,rumah,257.0,296.0,2,7,5,3,6.0,baik,girik_ajb,6.9,21.0,0,0,0,2155.2
P005007,2025-08-29,surabaya,rumah,120.0,59.0,1,2,2,1,6.0,baik,SHM,8.3,9.2,1,0,1,1393.6
P005945,2025-08-29,jakarta_selatan,rumah,62.0,41.0,1,1,1,0,23.0,perlu_renovasi,SHM,2.5,5.7,1,0,0,1232.3
P006207,2025-08-29,bekasi,rumah,200.0,359.0,3,10,6,2,20.0,baik,HGB,5.5,28.7,0,0,0,1839.7
P006741,2025-08-29,bogor,rumah,107.0,48.0,1,1,1,1,1.0,sedang,HGB,3.4,22.6,0,0,1,465.0
P006911,2025-08-29,bandung,rumah,123.0,103.0,1,3,3,1,2.0,baik,SHM,4.1,11.3,0,0,1,1209.7
P008670,2025-08-29,semarang,rumah,71.0,80.0,2,2,2,1,10.0,baik,SHM,6.7,11.9,1,1,0,673.0
P008724,2025-08-29,bandung,ruko,58.0,57.0,2,0,1,0,52.0,sedang,SHM,14.7,18.8,1,0,0,576.7
P004344,2025-09-02,tangerang_selatan,ruko,57.0,72.0,2,0,1,1,7.0,baik,HGB,12.1,11.5,0,0,0,1185.3
P006251,2025-09-02,surabaya,rumah,210.0,90.0,1,2,1,2,22.0,perlu_renovasi,SHM,4.7,6.0,1,1,0,2389.6
P007316,2025-09-02,jakarta_barat,rumah,184.0,86.0,1,2,1,3,8.0,baik,SHM,5.4,18.1,0,0,1,1734.1
P007705,2025-09-02,bekasi,rumah,126.0,71.0,1,2,1,1,9.0,baik,HGB,3.6,25.2,0,0,0,778.4
P007758,2025-09-02,jakarta_selatan,ruko,96.0,180.0,3,2,2,2,8.0,sedang,HGB,11.7,16.2,0,1,0,2866.2
P008191,2025-09-02,bandung,townhouse,103.0,152.0,2,5,5,0,13.0,sedang,HGB,3.8,20.6,0,1,0,1267.3
P008459,2025-09-02,bandung,ruko,122.0,230.0,3,5,5,2,12.0,baik,SHM,5.9,18.6,1,0,0,1610.7
P008831,2025-09-02,jakarta_selatan,ruko,59.0,55.0,2,0,1,0,11.0,baik,SHM,10.1,16.0,0,0,0,1478.0
P003679,2025-09-03,tangerang_selatan,rumah,74.0,113.0,2,4,4,1,4.0,sedang,SHM,11.0,14.8,0,0,0,1356.6
P000140,2025-09-04,jakarta_selatan,rumah,79.0,58.0,2,2,1,1,5.0,baik,SHM,6.1,2.7,1,0,0,3448.0
P002024,2025-09-04,tangerang_selatan,ruko,94.0,83.0,2,0,1,1,8.0,baik,SHM,9.5,3.5,0,0,0,2662.9
P002512,2025-09-04,bekasi,ruko,105.0,106.0,2,1,1,1,23.0,sedang,SHM,9.3,8.6,0,0,0,1279.0
P002668,2025-09-04,jakarta_selatan,townhouse,67.0,72.0,2,2,2,2,15.0,baik,SHM,3.7,13.2,0,0,0,1520.3
P002954,2025-09-04,semarang,ruko,56.0,72.0,3,0,1,0,2.0,sedang,SHM,7.6,11.6,0,0,1,521.7
P003012,2025-09-04,semarang,rumah,83.0,55.0,1,1,1,0,23.0,perlu_renovasi,SHM,1.8,12.9,0,0,0,368.0
P004768,2025-09-04,depok,ruko,82.0,88.0,3,0,1,0,10.0,baik,SHM,10.7,13.9,0,0,0,1109.8
P009269,2025-09-04,semarang,townhouse,68.0,71.0,2,2,2,0,15.0,baik,SHM,3.4,12.5,1,0,0,612.0
P000986,2025-09-05,semarang,rumah,120.0,148.0,2,5,3,1,15.0,baik,HGB,6.0,6.0,1,0,0,1435.9
P004202,2025-09-05,surabaya,rumah,121.0,176.0,2,4,3,2,,baik,HGB,4.9,23.1,0,0,1,836.5
P005305,2025-09-05,jakarta_selatan,rumah,108.0,152.0,2,4,3,0,,perlu_renovasi,SHM,4.0,5.6,1,0,0,3386.1
P006651,2025-09-05,bandung,rumah,154.0,70.0,1,2,2,3,5.0,baik,SHM,11.6,7.9,0,1,1,1534.7
P008375,2025-09-05,bogor,rumah,246.0,269.0,2,6,5,2,4.0,baik,HGB,9.4,3.6,0,0,0,2825.9
P000167,2025-09-06,surabaya,rumah,83.0,137.0,2,4,3,1,13.0,sedang,SHM,4.0,22.8,0,0,0,806.3
P000519,2025-09-06,jakarta_selatan,ruko,49.0,82.0,2,0,1,0,25.0,sedang,girik_ajb,8.5,11.5,0,1,0,1316.9
P001332,2025-09-06,depok,rumah,137.0,174.0,2,4,3,2,26.0,sedang,SHM,5.5,24.0,0,0,0,1139.8
P001726,2025-09-06,jakarta_selatan,rumah,125.0,114.0,2,3,2,1,2.0,baik,HGB,5.7,2.8,0,1,0,4832.4
P001933,2025-09-06,surabaya,townhouse,96.0,172.0,3,4,4,2,15.0,sedang,SHM,5.3,5.2,0,0,0,1636.6
P003469,2025-09-06,tangerang_selatan,townhouse,79.0,147.0,3,3,3,2,,baik,HGB,,6.2,0,0,0,1752.9
P006616,2025-09-06,jakarta_barat,rumah,132.0,89.0,1,3,3,1,8.0,baik,SHM,4.9,17.0,0,0,0,1816.6
P006762,2025-09-06,bogor,ruko,72.0,101.0,3,0,1,0,4.0,baik,girik_ajb,9.5,23.5,0,0,0,708.8
P007633,2025-09-06,semarang,rumah,58.0,39.0,2,1,1,0,25.0,sedang,SHM,4.4,5.2,0,1,0,463.5
P008394,2025-09-06,bandung,rumah,125.0,51.0,1,1,1,1,31.0,perlu_renovasi,SHM,6.1,20.4,0,0,0,824.1
P009072,2025-09-06,tangerang_selatan,townhouse,71.0,111.0,2,3,2,0,15.0,sedang,HGB,2.8,23.7,0,0,0,943.8
P000459,2025-09-07,surabaya,townhouse,57.0,71.0,2,2,1,0,14.0,baik,HGB,8.8,11.1,1,0,0,791.8
P000657,2025-09-07,surabaya,townhouse,63.0,91.0,2,3,3,1,3.0,baik,SHM,4.3,18.1,0,0,0,992.3
P003386,2025-09-07,bandung,rumah,101.0,105.0,2,2,1,1,4.0,baik,SHM,5.4,10.6,0,1,0,1037.3
P003757,2025-09-07,tangerang_selatan,rumah,165.0,99.0,1,3,3,1,10.0,baik,SHM,5.2,23.7,0,0,0,1521.6
P004903,2025-09-07,jakarta_barat,rumah,125.0,54.0,1,1,1,1,36.0,sedang,SHM,5.3,4.5,1,0,0,2100.9
P007286,2025-09-07,semarang,rumah,73.0,89.0,2,2,1,2,20.0,sedang,SHM,2.9,5.1,0,0,1,523.4
P000285,2025-09-08,bogor,rumah,173.0,161.0,2,4,3,3,21.0,baik,SHM,3.3,8.4,1,0,0,1665.4
P001474,2025-09-08,depok,rumah,112.0,61.0,1,1,1,1,8.0,baik,SHM,3.2,4.8,0,0,0,1180.2
P002157,2025-09-08,jakarta_selatan,rumah,82.0,50.0,1,2,1,1,3.0,baik,HGB,2.1,15.5,1,0,0,1127.4
P004211,2025-09-08,bandung,rumah,46.0,81.0,2,2,2,0,4.0,sedang,HGB,2.7,17.9,0,0,0,536.9
P004307,2025-09-08,depok,rumah,95.0,107.0,2,3,3,0,11.0,sedang,SHM,4.8,8.9,1,0,1,914.8
P004806,2025-09-08,bandung,ruko,46.0,98.0,3,0,1,1,20.0,sedang,SHM,3.5,16.6,1,0,0,471.4
P007787,2025-09-08,bandung,rumah,150.0,113.0,1,3,3,1,21.0,perlu_renovasi,SHM,8.8,9.8,0,1,0,1556.4
P007876,2025-09-08,jakarta_barat,rumah,103.0,136.0,2,4,3,2,9.0,baik,SHM,,4.6,0,0,0,2556.4
P008508,2025-09-08,tangerang_selatan,rumah,78.0,43.0,1,1,1,1,15.0,baik,SHM,4.0,10.0,0,0,0,1030.1
P000376,2025-09-09,jakarta_barat,rumah,171.0,155.0,2,4,3,2,21.0,sedang,SHM,7.5,16.2,0,0,0,2440.6
P002045,2025-09-09,yogyakarta,townhouse,77.0,140.0,2,4,3,2,15.0,perlu_renovasi,SHM,3.9,4.2,0,0,0,745.6
P002431,2025-09-09,surabaya,rumah,193.0,180.0,2,4,3,2,7.0,sedang,SHM,4.8,8.0,1,0,0,2397.7
P002974,2025-09-09,yogyakarta,rumah,145.0,100.0,1,3,3,1,4.0,sedang,SHM,5.0,17.2,0,0,0,1082.9
P004286,2025-09-09,jakarta_barat,rumah,69.0,84.0,2,2,2,0,31.0,perlu_renovasi,SHM,3.8,5.7,0,0,0,1135.2
P006822,2025-09-09,yogyakarta,rumah,86.0,107.0,2,3,2,2,9.0,baik,SHM,4.1,20.0,0,0,1,790.9
P005216,2025-09-10,bekasi,rumah,128.0,102.0,2,3,3,1,7.0,baik,girik_ajb,5.8,15.2,1,0,0,908.5
P005661,2025-09-10,bekasi,rumah,61.0,65.0,2,2,2,0,6.0,sedang,HGB,6.7,29.1,0,1,0,459.6
P000180,2025-09-11,bandung,townhouse,77.0,110.0,2,3,2,2,3.0,baik,HGB,13.5,15.2,1,0,0,1199.9
P001276,2025-09-11,tangerang_selatan,townhouse,66.0,159.0,3,5,4,0,2.0,sedang,SHM,3.6,10.8,1,1,0,2134.8
P001774,2025-09-11,semarang,rumah,115.0,52.0,1,2,1,1,,sedang,HGB,3.8,13.7,0,0,0,486.0
P004984,2025-09-11,jakarta_barat,rumah,269.0,132.0,1,4,3,3,15.0,baik,HGB,2.4,13.9,0,0,1,2306.6
P008507,2025-09-11,depok,rumah,328.0,187.0,1,6,4,4,8.0,baik,SHM,3.5,19.5,0,0,0,2183.3
P000449,2025-09-12,jakarta_selatan,townhouse,76.0,95.0,3,2,2,0,1.0,baik,HGB,5.5,2.8,0,0,0,2599.4
P001570,2025-09-12,depok,ruko,143.0,307.0,3,6,5,2,5.0,sedang,SHM,7.8,16.0,0,0,0,2327.3
P001801,2025-09-12,bogor,rumah,146.0,113.0,1,3,3,2,6.0,baik,HGB,4.2,23.6,0,0,0,758.5
P004568,2025-09-12,jakarta_selatan,rumah,125.0,126.0,2,4,4,2,16.0,sedang,SHM,11.5,4.3,0,0,0,4376.0
P004788,2025-09-12,bandung,rumah,78.0,102.0,2,3,2,1,5.0,baik,girik_ajb,4.8,19.8,0,0,0,746.5
P007474,2025-09-12,bekasi,rumah,214.0,78.0,1,2,1,2,54.0,sedang,SHM,4.4,19.7,0,0,0,1167.7
P009359,2025-09-12,bogor,townhouse,69.0,116.0,2,4,2,0,6.0,perlu_renovasi,HGB,5.6,24.1,0,0,0,644.8
P009836,2025-09-12,jakarta_selatan,rumah,90.0,44.0,1,1,1,1,12.0,baik,SHM,5.3,14.1,1,0,0,1534.5
P004956,2025-09-13,tangerang_selatan,rumah,36.0,22.0,1,1,1,0,17.0,sedang,SHM,7.0,11.1,1,0,0,509.3
P005169,2025-09-13,jakarta_barat,rumah,85.0,188.0,3,6,6,2,,baik,SHM,3.9,4.8,1,0,0,2406.5
P007792,2025-09-13,depok,rumah,176.0,179.0,2,6,4,3,,baik,SHM,6.1,4.0,1,0,0,3177.6
P008943,2025-09-13,jakarta_selatan,rumah,167.0,99.0,1,2,2,1,13.0,baik,SHM,5.7,7.1,0,0,0,4496.1
P003301,2025-09-14,yogyakarta,rumah,159.0,239.0,2,6,5,1,7.0,baik,SHM,6.4,13.8,0,0,0,2068.2
P003541,2025-09-14,semarang,ruko,70.0,132.0,3,1,1,1,7.0,perlu_renovasi,SHM,8.4,4.0,1,1,0,1117.3
P003643,2025-09-14,surabaya,ruko,61.0,88.0,3,1,1,0,7.0,baik,HGB,7.4,11.3,0,0,0,1020.7
P004784,2025-09-14,bogor,rumah,118.0,212.0,3,7,5,1,16.0,sedang,SHM,3.9,25.0,0,0,0,878.5
P005721,2025-09-14,surabaya,rumah,182.0,128.0,1,4,4,2,,sedang,SHM,3.7,21.8,0,0,0,1506.0
P001818,2025-09-15,depok,townhouse,54.0,74.0,3,2,2,1,15.0,perlu_renovasi,SHM,1.5,8.2,1,0,1,554.5
P003322,2025-09-15,bekasi,rumah,76.0,104.0,2,3,2,0,42.0,sedang,SHM,4.1,3.6,0,0,0,889.4
P003445,2025-09-15,semarang,rumah,182.0,159.0,2,4,4,2,3.0,baik,SHM,3.2,9.3,0,0,1,1281.6
P003753,2025-09-15,bekasi,ruko,104.0,121.0,2,1,1,1,19.0,baik,SHM,11.9,27.0,0,0,0,928.1
P004488,2025-09-15,jakarta_selatan,rumah,110.0,172.0,2,5,5,2,13.0,baik,HGB,5.7,15.1,0,0,0,2541.7
P005122,2025-09-15,tangerang_selatan,townhouse,75.0,95.0,2,2,2,2,15.0,baik,SHM,7.1,15.5,1,0,0,1266.8
P005509,2025-09-15,surabaya,townhouse,82.0,132.0,3,4,3,1,8.0,baik,SHM,6.9,4.5,0,1,0,1720.8
P005796,2025-09-15,bogor,townhouse,94.0,143.0,2,4,3,2,7.0,baik,SHM,6.6,21.5,0,0,0,1063.4
P007846,2025-09-15,tangerang_selatan,ruko,57.0,144.0,3,2,2,1,19.0,sedang,SHM,5.8,11.0,0,0,0,1118.5
P008164,2025-09-15,tangerang_selatan,ruko,47.0,43.0,2,0,1,0,10.0,baik,SHM,11.2,20.0,1,0,0,534.7
P008673,2025-09-15,yogyakarta,rumah,205.0,126.0,1,3,3,3,24.0,sedang,HGB,3.0,7.0,0,1,0,1652.6
P008811,2025-09-15,surabaya,rumah,99.0,65.0,1,2,2,0,17.0,sedang,SHM,8.1,19.4,0,1,0,851.6
P000985,2025-09-16,jakarta_barat,rumah,85.0,91.0,2,2,2,2,17.0,baik,SHM,3.3,15.1,0,0,0,1129.7
P002209,2025-09-16,jakarta_barat,rumah,86.0,93.0,2,3,2,1,14.0,sedang,SHM,2.5,8.6,1,0,1,1270.9
P004162,2025-09-16,tangerang_selatan,rumah,289.0,275.0,2,6,4,3,12.0,sedang,SHM,3.6,16.7,1,0,0,3624.4
P004377,2025-09-16,bandung,rumah,92.0,149.0,3,5,4,1,27.0,baik,girik_ajb,4.6,7.7,0,1,0,915.2
P005224,2025-09-16,jakarta_selatan,rumah,82.0,94.0,2,3,2,1,20.0,baik,HGB,5.5,10.0,1,0,0,2016.7
P005428,2025-09-16,surabaya,rumah,223.0,93.0,1,3,3,2,30.0,sedang,SHM,3.6,18.6,0,0,0,1692.6
P006768,2025-09-16,depok,rumah,47.0,47.0,2,1,1,0,,baik,SHM,14.9,18.1,0,0,0,413.6
P007755,2025-09-16,bekasi,rumah,83.0,68.0,1,2,2,1,19.0,sedang,SHM,4.9,14.1,1,0,1,566.5
P008528,2025-09-16,bandung,rumah,220.0,223.0,2,5,4,3,5.0,sedang,SHM,3.3,7.9,1,0,1,2007.8
P000440,2025-09-17,bogor,rumah,57.0,39.0,1,1,1,0,31.0,sedang,SHM,6.0,14.4,1,0,0,335.4
P000883,2025-09-17,yogyakarta,townhouse,92.0,133.0,2,3,3,2,15.0,baik,SHM,4.2,15.8,1,0,0,1154.2
P003981,2025-09-17,jakarta_selatan,rumah,120.0,81.0,2,2,2,1,17.0,baik,SHM,8.7,11.6,0,0,0,2651.3
P004008,2025-09-17,jakarta_barat,townhouse,78.0,165.0,3,4,3,2,15.0,sedang,SHM,3.9,19.6,0,0,0,1156.9
P006897,2025-09-17,semarang,townhouse,62.0,100.0,2,3,2,1,13.0,baik,SHM,5.5,16.3,0,0,0,694.3
P007625,2025-09-17,bekasi,rumah,48.0,64.0,2,2,2,1,6.0,baik,SHM,4.7,29.2,0,0,1,515.8
P008009,2025-09-17,surabaya,rumah,38.0,52.0,3,1,1,0,4.0,baik,SHM,4.7,4.3,1,1,0,783.7
P008388,2025-09-17,bogor,rumah,105.0,47.0,1,1,1,1,5.0,sedang,SHM,17.3,11.3,0,0,0,842.9
P009152,2025-09-17,bekasi,townhouse,116.0,155.0,2,4,3,1,4.0,baik,HGB,6.9,25.0,0,0,0,1327.4
P003560,2025-09-18,depok,rumah,104.0,76.0,1,2,1,1,5.0,baik,SHM,7.2,18.7,0,0,0,959.6
P003745,2025-09-18,jakarta_selatan,rumah,74.0,100.0,2,3,3,1,29.0,sedang,SHM,4.7,10.9,1,0,0,1567.1
P004865,2025-09-18,bandung,rumah,70.0,56.0,2,1,1,1,20.0,baik,HGB,5.7,5.0,1,1,0,838.2
P005127,2025-09-18,bekasi,rumah,136.0,82.0,1,2,1,2,15.0,sedang,SHM,7.3,25.7,0,0,0,761.0
P008496,2025-09-18,depok,rumah,64.0,68.0,2,2,2,1,12.0,baik,SHM,6.5,18.3,0,0,1,713.4
P000039,2025-09-19,tangerang_selatan,rumah,117.0,65.0,1,2,2,1,1.0,baik,SHM,5.0,14.5,0,0,0,1735.1
P007768,2025-09-19,bekasi,rumah,90.0,93.0,2,3,3,1,2.0,sedang,SHM,11.8,18.7,0,0,0,1057.3
P009266,2025-09-19,bandung,townhouse,79.0,102.0,2,3,3,0,2.0,baik,girik_ajb,6.8,20.4,0,0,0,889.6
P009286,2025-09-19,jakarta_selatan,rumah,204.0,178.0,2,5,4,2,16.0,sedang,girik_ajb,5.6,15.7,1,0,0,3352.1
P000596,2025-09-20,tangerang_selatan,rumah,129.0,72.0,1,2,1,1,8.0,baik,SHM,,13.0,0,0,0,1632.7
P004727,2025-09-20,surabaya,rumah,70.0,102.0,2,3,3,0,13.0,sedang,SHM,3.1,14.2,0,0,0,817.9
P007626,2025-09-20,jakarta_selatan,townhouse,88.0,66.0,2,2,1,1,15.0,baik,HGB,6.7,13.4,1,0,0,1682.6
P009246,2025-09-20,bogor,rumah,100.0,116.0,2,3,3,1,20.0,perlu_renovasi,SHM,7.4,6.2,1,0,0,948.1
P001367,2025-09-21,jakarta_barat,rumah,66.0,29.0,1,1,1,0,8.0,baik,SHM,5.7,5.9,0,0,0,983.5
P004646,2025-09-21,yogyakarta,ruko,64.0,127.0,3,2,1,0,6.0,sedang,HGB,10.5,18.6,0,0,0,756.5
P002196,2025-09-22,surabaya,ruko,74.0,87.0,2,0,1,0,,sedang,SHM,11.8,5.4,0,1,0,1436.7
P004478,2025-09-22,tangerang_selatan,townhouse,115.0,241.0,3,7,7,0,6.0,baik,SHM,2.0,21.5,0,0,0,2122.5
P009904,2025-09-22,depok,rumah,121.0,193.0,2,4,3,2,7.0,baik,HGB,4.3,7.6,0,1,0,1997.1
P009997,2025-09-22,tangerang_selatan,rumah,128.0,120.0,2,4,3,1,14.0,baik,girik_ajb,7.9,14.6,0,1,0,1797.0
P000870,2025-09-23,jakarta_barat,ruko,56.0,81.0,3,0,1,0,5.0,baik,girik_ajb,13.5,19.5,0,0,0,904.1
P004941,2025-09-23,surabaya,townhouse,83.0,98.0,2,3,3,1,15.0,sedang,SHM,6.2,15.0,1,0,0,1361.8
P006252,2025-09-23,jakarta_barat,rumah,57.0,58.0,2,1,1,0,22.0,perlu_renovasi,SHM,3.5,14.9,0,0,0,796.0
P007816,2025-09-23,tangerang_selatan,rumah,80.0,32.0,1,1,1,2,15.0,sedang,SHM,4.5,15.7,1,0,0,807.7
P008120,2025-09-23,bandung,rumah,116.0,111.0,2,3,3,1,24.0,perlu_renovasi,HGB,2.8,16.1,0,0,0,757.2
P009518,2025-09-23,bekasi,rumah,48.0,23.0,1,1,1,0,20.0,perlu_renovasi,SHM,4.6,7.2,1,0,0,515.3
P000194,2025-09-24,surabaya,rumah,102.0,69.0,1,2,2,1,6.0,baik,SHM,4.2,12.8,1,0,0,1241.3
P000885,2025-09-24,jakarta_barat,rumah,99.0,149.0,2,4,4,1,38.0,sedang,girik_ajb,3.0,18.2,0,0,0,833.3
P001365,2025-09-24,bekasi,rumah,145.0,119.0,1,4,3,2,11.0,baik,SHM,5.3,19.9,1,0,0,1164.1
P002579,2025-09-24,jakarta_barat,rumah,139.0,97.0,1,2,2,3,3.0,baik,SHM,4.0,7.7,1,0,1,2455.0
P003548,2025-09-24,yogyakarta,rumah,95.0,146.0,2,4,4,1,15.0,baik,SHM,3.2,7.3,1,0,0,1229.2
P003581,2025-09-24,surabaya,rumah,244.0,148.0,1,5,4,2,30.0,sedang,SHM,6.4,10.5,0,0,0,2588.4
P004485,2025-09-24,surabaya,rumah,87.0,88.0,2,2,2,1,2.0,baik,SHM,4.5,13.5,0,0,0,1216.0
P004608,2025-09-24,jakarta_barat,rumah,65.0,24.0,1,1,1,0,13.0,sedang,SHM,11.2,12.0,1,0,0,962.3
P004746,2025-09-24,jakarta_selatan,townhouse,51.0,40.0,2,1,1,0,15.0,sedang,HGB,10.3,15.1,0,0,0,1040.7
P008028,2025-09-24,bandung,rumah,186.0,105.0,1,3,3,3,5.0,sedang,SHM,10.9,5.5,0,0,0,2144.0
P008065,2025-09-24,yogyakarta,ruko,62.0,107.0,3,1,1,1,20.0,sedang,SHM,10.9,15.2,0,0,0,888.7
P000290,2025-09-25,jakarta_selatan,rumah,121.0,88.0,1,2,1,1,2.0,baik,HGB,7.3,4.0,0,0,1,3414.3
P004601,2025-09-25,bogor,rumah,83.0,72.0,2,2,2,1,10.0,baik,HGB,4.0,22.5,0,0,0,558.4
P008208,2025-09-25,tangerang_selatan,ruko,118.0,166.0,3,2,2,2,41.0,perlu_renovasi,HGB,11.4,23.2,0,0,0,1060.0
P008695,2025-09-25,surabaya,ruko,76.0,56.0,2,0,1,1,2.0,baik,SHM,10.2,13.2,1,0,0,962.2
P009271,2025-09-25,jakarta_selatan,ruko,36.0,86.0,3,0,1,0,3.0,baik,SHM,6.5,2.8,1,0,1,2067.5
P009558,2025-09-25,bogor,rumah,85.0,45.0,1,1,1,2,17.0,sedang,SHM,5.8,27.1,0,0,0,282.0
P001976,2025-09-26,jakarta_barat,townhouse,96.0,82.0,2,2,2,1,15.0,baik,HGB,4.9,7.1,0,0,0,1710.3
P003070,2025-09-26,bekasi,rumah,56.0,69.0,2,2,2,0,14.0,sedang,girik_ajb,5.5,19.9,0,0,0,438.5
P007923,2025-09-26,surabaya,townhouse,93.0,171.0,3,5,3,1,15.0,sedang,SHM,3.7,23.3,0,0,0,1046.7
P008902,2025-09-26,semarang,rumah,57.0,105.0,3,3,3,1,17.0,perlu_renovasi,SHM,5.8,6.5,1,0,0,439.2
P000906,2025-09-27,bandung,rumah,107.0,64.0,1,2,1,2,12.0,baik,SHM,10.1,3.3,1,1,0,1402.7
P001053,2025-09-27,tangerang_selatan,townhouse,73.0,62.0,2,2,2,0,13.0,sedang,SHM,2.9,22.2,0,0,0,761.9
P002789,2025-09-27,yogyakarta,townhouse,50.0,92.0,3,3,3,0,15.0,sedang,SHM,2.5,16.0,0,0,0,598.3
P004891,2025-09-27,tangerang_selatan,rumah,155.0,88.0,1,2,2,1,15.0,baik,HGB,6.1,24.9,0,0,0,1329.0
P008075,2025-09-27,yogyakarta,rumah,156.0,166.0,2,5,4,2,21.0,sedang,SHM,7.0,10.1,1,0,0,1474.8
P002848,2025-09-28,jakarta_selatan,rumah,76.0,144.0,3,5,4,1,9.0,baik,SHM,8.1,14.8,1,1,0,2367.1
P004132,2025-09-28,bogor,rumah,146.0,81.0,1,2,2,2,16.0,baik,SHM,4.5,28.9,0,0,1,589.8
P001214,2025-09-29,bekasi,rumah,190.0,178.0,2,6,6,2,15.0,sedang,HGB,4.1,5.2,0,0,0,2289.3
P002082,2025-09-29,jakarta_barat,rumah,60.0,92.0,2,2,2,1,9.0,baik,SHM,5.6,17.9,0,0,0,872.9
P003052,2025-09-29,jakarta_selatan,ruko,86.0,138.0,3,1,1,2,,baik,SHM,10.8,15.3,0,0,0,2428.1
P007619,2025-09-29,bandung,rumah,100.0,166.0,3,4,4,2,9.0,baik,HGB,10.5,20.8,1,1,0,1641.2
P009109,2025-09-29,surabaya,rumah,38.0,21.0,1,1,1,0,8.0,baik,HGB,5.8,21.2,0,0,0,270.7
P000339,2025-10-02,jakarta_selatan,rumah,174.0,166.0,2,5,4,2,8.0,baik,SHM,4.5,7.0,0,1,0,4562.7
P000738,2025-10-02,tangerang_selatan,rumah,122.0,110.0,2,3,2,2,9.0,baik,SHM,6.8,11.6,1,0,0,1796.5
P000748,2025-10-02,bekasi,rumah,285.0,346.0,2,9,8,3,24.0,sedang,HGB,4.5,25.6,0,0,0,1632.7
P004426,2025-10-02,bekasi,rumah,77.0,142.0,2,4,4,0,24.0,baik,SHM,3.4,14.9,0,1,1,873.8
P005422,2025-10-02,depok,townhouse,70.0,111.0,3,4,4,2,4.0,baik,HGB,4.4,7.4,1,0,0,1194.6
P005538,2025-10-02,bogor,rumah,70.0,96.0,2,3,3,1,6.0,baik,SHM,2.8,3.9,0,0,0,917.4
P006443,2025-10-02,surabaya,townhouse,73.0,145.0,3,4,4,2,9.0,baik,HGB,4.8,7.2,0,1,1,1652.0
P006751,2025-10-02,jakarta_selatan,townhouse,84.0,138.0,2,3,3,1,15.0,sedang,SHM,8.5,5.2,0,1,1,2624.8
P008636,2025-10-02,depok,ruko,88.0,139.0,3,2,1,1,8.0,baik,SHM,11.4,20.4,0,1,0,1266.1
P009983,2025-10-02,yogyakarta,rumah,149.0,99.0,1,3,3,1,12.0,sedang,SHM,5.5,14.4,0,0,1,949.9
P000574,2025-10-03,surabaya,townhouse,98.0,96.0,2,2,1,1,1.0,sedang,HGB,4.8,11.2,0,0,0,999.6
P002750,2025-10-03,jakarta_selatan,rumah,118.0,75.0,1,2,2,2,16.0,perlu_renovasi,SHM,8.4,7.4,0,1,0,3581.7
P003650,2025-10-03,surabaya,rumah,97.0,156.0,2,5,4,1,20.0,perlu_renovasi,SHM,5.0,12.5,0,0,0,1023.3
P003863,2025-10-03,bandung,ruko,104.0,197.0,3,3,2,2,16.0,baik,SHM,10.5,10.9,1,0,0,1471.4
P006077,2025-10-03,bogor,rumah,215.0,370.0,2,10,8,2,5.0,sedang,SHM,8.0,5.0,0,0,0,3162.4
P008122,2025-10-03,bogor,rumah,100.0,51.0,1,1,1,0,22.0,baik,SHM,2.7,11.6,0,0,0,595.0
P008174,2025-10-03,depok,rumah,183.0,119.0,1,3,2,3,,sedang,SHM,5.4,23.1,0,0,0,1097.4
P000191,2025-10-04,yogyakarta,rumah,188.0,93.0,1,2,2,1,15.0,sedang,SHM,,19.1,0,0,0,1155.4
P000545,2025-10-04,jakarta_barat,rumah,110.0,97.0,2,2,2,1,18.0,sedang,SHM,4.1,7.1,1,0,1,1313.6
P001395,2025-10-04,surabaya,rumah,77.0,31.0,1,1,1,2,11.0,baik,SHM,3.2,22.0,0,0,0,580.1
P001725,2025-10-04,depok,rumah,89.0,37.0,1,1,1,2,22.0,baik,SHM,6.7,4.0,1,0,0,1162.7
P004482,2025-10-04,bogor,rumah,185.0,110.0,1,3,3,1,,perlu_renovasi,SHM,4.4,21.2,0,0,0,787.8
P005650,2025-10-04,jakarta_barat,rumah,70.0,36.0,1,1,1,0,7.0,baik,SHM,4.5,5.9,1,0,0,1370.7
P006249,2025-10-04,bogor,rumah,440.0,692.0,2,10,8,5,11.0,baik,SHM,4.6,13.5,0,0,0,4882.8
P006256,2025-10-04,semarang,rumah,120.0,172.0,3,4,3,1,12.0,baik,girik_ajb,4.9,4.5,0,1,0,1236.7
P007141,2025-10-04,bekasi,townhouse,69.0,90.0,2,2,2,1,6.0,sedang,HGB,7.9,26.6,0,0,0,714.1
P007914,2025-10-04,semarang,townhouse,72.0,52.0,2,1,1,0,10.0,sedang,SHM,6.5,19.9,1,1,0,522.3
P008878,2025-10-04,bandung,rumah,140.0,219.0,3,8,5,2,24.0,sedang,SHM,3.7,3.4,1,1,0,2242.0
P008972,2025-10-04,bekasi,ruko,93.0,133.0,4,2,1,1,3.0,baik,girik_ajb,12.9,6.9,0,1,0,1496.7
P001875,2025-10-05,semarang,rumah,70.0,69.0,2,2,2,0,17.0,perlu_renovasi,girik_ajb,5.6,11.2,0,1,0,460.6
P005044,2025-10-05,bekasi,rumah,167.0,205.0,2,5,4,2,3.0,baik,SHM,5.8,16.8,1,0,1,1646.8
P006006,2025-10-05,depok,rumah,74.0,41.0,1,1,1,0,13.0,baik,SHM,5.0,24.1,0,0,1,489.5
P006044,2025-10-05,yogyakarta,ruko,82.0,110.0,3,1,1,1,4.0,sedang,SHM,10.2,6.9,0,0,0,1290.6
P006068,2025-10-05,tangerang_selatan,townhouse,59.0,114.0,3,4,4,1,13.0,sedang,HGB,2.8,21.3,0,0,1,745.0
P007309,2025-10-05,jakarta_barat,rumah,224.0,203.0,2,7,6,2,18.0,sedang,SHM,3.0,17.7,1,0,0,2641.5
P008079,2025-10-05,yogyakarta,townhouse,93.0,101.0,2,3,3,0,9.0,baik,SHM,6.1,6.0,0,1,0,1343.6
P000725,2025-10-06,jakarta_selatan,rumah,177.0,179.0,2,5,4,3,1.0,baik,girik_ajb,10.6,17.8,0,0,0,3537.1
P002260,2025-10-06,bekasi,rumah,144.0,191.0,2,6,6,2,8.0,baik,SHM,,23.6,0,0,0,1604.4
P002320,2025-10-06,semarang,rumah,137.0,58.0,1,1,1,3,21.0,sedang,SHM,4.5,17.5,0,0,0,424.9
P003558,2025-10-06,semarang,rumah,103.0,82.0,2,2,2,1,11.0,baik,SHM,3.1,19.9,1,0,0,601.4
P005644,2025-10-06,bekasi,rumah,66.0,61.0,2,1,1,0,35.0,perlu_renovasi,SHM,5.1,3.1,0,0,0,587.3
P006016,2025-10-06,jakarta_selatan,rumah,161.0,200.0,2,6,5,1,13.0,sedang,HGB,8.5,5.4,0,0,0,3902.3
P009953,2025-10-06,surabaya,rumah,85.0,96.0,2,3,2,1,19.0,sedang,SHM,3.9,13.1,1,0,0,1008.3
P002429,2025-10-07,bogor,rumah,68.0,24.0,1,1,1,0,14.0,sedang,HGB,3.4,29.9,0,0,0,186.2
P002774,2025-10-07,jakarta_selatan,rumah,201.0,174.0,1,4,4,2,21.0,sedang,HGB,9.6,2.5,0,1,1,5617.8
P004102,2025-10-07,bandung,rumah,84.0,82.0,2,3,3,2,6.0,baik,SHM,,6.8,0,1,0,1187.2
P008218,2025-10-07,bogor,rumah,147.0,78.0,1,2,1,2,7.0,baik,SHM,,7.4,1,0,0,1395.0
P009971,2025-10-07,bandung,rumah,146.0,59.0,1,2,1,2,39.0,baik,HGB,4.3,20.0,0,0,0,712.5
P000247,2025-10-08,bogor,rumah,92.0,52.0,1,1,1,1,9.0,baik,SHM,9.3,4.3,0,0,0,913.7
P000507,2025-10-08,tangerang_selatan,rumah,167.0,224.0,2,6,5,1,,sedang,HGB,5.5,15.8,0,0,0,2356.8
P001106,2025-10-08,surabaya,rumah,64.0,99.0,2,3,2,1,18.0,baik,SHM,4.4,6.0,1,0,0,1042.0
P003130,2025-10-08,yogyakarta,rumah,204.0,259.0,2,8,6,3,19.0,sedang,SHM,3.7,4.2,1,0,0,2543.9
P003741,2025-10-08,jakarta_barat,ruko,81.0,91.0,2,1,1,1,,baik,SHM,12.0,12.2,0,0,0,1763.2
P004300,2025-10-08,bandung,townhouse,103.0,105.0,2,3,3,0,3.0,sedang,SHM,6.1,13.2,0,0,0,1335.3
P005190,2025-10-08,bogor,rumah,53.0,51.0,2,2,2,1,8.0,perlu_renovasi,SHM,5.0,7.8,0,0,0,392.1
P005916,2025-10-08,bogor,rumah,247.0,336.0,2,9,6,2,14.0,sedang,HGB,3.3,4.6,1,1,1,2625.2
P006622,2025-10-08,tangerang_selatan,ruko,60.0,95.0,3,1,1,0,8.0,baik,SHM,6.7,13.2,0,1,0,1328.8
P006682,2025-10-08,semarang,rumah,97.0,75.0,1,2,1,1,4.0,sedang,SHM,3.5,13.0,1,0,0,805.3
P008160,2025-10-08,tangerang_selatan,rumah,92.0,72.0,2,2,2,1,15.0,sedang,SHM,8.3,11.8,1,1,0,1634.5
P009362,2025-10-08,bekasi,townhouse,94.0,127.0,2,4,3,1,7.0,baik,HGB,3.3,29.0,0,0,0,802.6
P002168,2025-10-09,bekasi,ruko,102.0,160.0,3,2,2,1,46.0,perlu_renovasi,SHM,5.6,29.8,0,0,0,439.1
P002259,2025-10-09,jakarta_selatan,rumah,204.0,137.0,1,4,3,1,9.0,baik,HGB,2.5,7.0,1,1,0,5705.5
P003682,2025-10-09,jakarta_barat,rumah,144.0,101.0,2,3,2,1,19.0,sedang,SHM,5.5,5.5,0,0,1,2029.4
P007240,2025-10-09,surabaya,rumah,124.0,162.0,2,5,3,2,21.0,sedang,HGB,3.0,2.2,0,1,0,2382.3
P009293,2025-10-09,bandung,ruko,44.0,46.0,2,0,1,0,15.0,baik,SHM,9.5,13.9,0,0,0,513.8
P000831,2025-10-10,bogor,rumah,161.0,315.0,3,9,7,2,32.0,sedang,SHM,9.3,23.5,0,0,0,1006.3
P001366,2025-10-10,depok,ruko,66.0,79.0,3,1,1,0,2.0,baik,SHM,7.8,23.3,0,0,0,794.4
P002020,2025-10-10,bekasi,rumah,42.0,21.0,1,1,1,1,10.0,baik,girik_ajb,6.2,8.9,0,0,0,352.9
P004263,2025-10-10,tangerang_selatan,rumah,245.0,154.0,1,4,3,2,,sedang,HGB,4.3,7.5,1,0,1,3331.1
P007063,2025-10-10,tangerang_selatan,rumah,142.0,91.0,1,3,3,2,19.0,baik,HGB,4.6,20.8,0,0,0,1410.5
P003315,2025-10-11,tangerang_selatan,ruko,57.0,90.0,2,0,1,0,3.0,baik,HGB,8.6,6.9,1,0,0,1578.4
P003952,2025-10-11,yogyakarta,rumah,200.0,166.0,2,4,4,3,11.0,sedang,SHM,4.2,16.2,1,0,0,1523.8
P004479,2025-10-11,surabaya,townhouse,76.0,152.0,3,4,3,1,5.0,baik,HGB,8.9,3.1,0,0,0,1784.8
P005557,2025-10-11,tangerang_selatan,townhouse,91.0,166.0,3,5,5,1,10.0,baik,HGB,2.5,22.1,0,0,1,1191.4
P001889,2025-10-12,surabaya,rumah,71.0,60.0,2,2,2,1,39.0,sedang,SHM,6.0,20.3,0,0,0,440.8
P001995,2025-10-12,depok,ruko,73.0,85.0,2,0,1,1,24.0,sedang,SHM,8.4,6.2,0,1,0,1207.7
P006667,2025-10-12,surabaya,rumah,121.0,103.0,2,2,2,2,,sedang,SHM,4.3,19.0,0,0,0,1216.8
P008775,2025-10-12,bandung,rumah,190.0,115.0,1,4,4,2,34.0,sedang,SHM,2.7,13.9,0,0,0,950.6
P009516,2025-10-12,yogyakarta,ruko,75.0,73.0,2,0,1,3,17.0,sedang,SHM,8.2,6.5,1,0,0,1176.7
P002948,2025-10-13,surabaya,rumah,44.0,33.0,1,1,1,1,22.0,baik,SHM,5.1,13.9,1,0,0,495.3
P002988,2025-10-13,depok,rumah,67.0,66.0,2,2,2,2,19.0,baik,girik_ajb,6.6,3.8,1,1,1,690.3
P003201,2025-10-13,surabaya,rumah,146.0,138.0,2,3,3,2,8.0,baik,SHM,5.1,21.0,1,0,0,1595.6
P004158,2025-10-13,jakarta_selatan,rumah,68.0,109.0,2,3,2,1,11.0,baik,SHM,4.0,15.6,0,0,0,1538.9
P005626,2025-10-13,bogor,rumah,170.0,114.0,1,3,3,2,13.0,baik,SHM,4.6,17.8,0,0,0,1138.1
P007796,2025-10-13,bandung,ruko,59.0,134.0,3,2,2,1,14.0,baik,HGB,11.4,12.2,0,1,1,892.4
P008377,2025-10-13,bandung,rumah,161.0,207.0,2,5,4,2,4.0,baik,HGB,8.3,15.5,1,0,0,2013.9
P008577,2025-10-13,jakarta_selatan,rumah,204.0,112.0,1,3,3,3,23.0,sedang,SHM,9.0,12.4,0,0,0,4135.1
P008741,2025-10-13,jakarta_selatan,rumah,213.0,186.0,2,5,3,2,22.0,perlu_renovasi,HGB,4.9,14.2,0,0,0,3487.6
P008920,2025-10-13,bandung,rumah,182.0,247.0,2,7,5,2,29.0,perlu_renovasi,SHM,6.2,10.7,0,1,0,1896.1
P000691,2025-10-14,tangerang_selatan,ruko,101.0,211.0,3,5,4,2,29.0,sedang,HGB,8.6,22.2,1,0,0,1316.5
P001465,2025-10-14,bandung,rumah,173.0,149.0,1,4,4,2,13.0,sedang,SHM,5.1,19.5,0,0,1,1232.1
P001996,2025-10-14,bandung,rumah,59.0,54.0,1,1,1,0,12.0,baik,SHM,4.7,18.1,1,0,0,509.7
P002434,2025-10-14,tangerang_selatan,rumah,144.0,108.0,1,3,3,2,3.0,baik,HGB,3.5,24.4,0,0,0,1392.3
P005219,2025-10-14,tangerang_selatan,rumah,166.0,150.0,2,3,3,3,28.0,sedang,SHM,5.0,3.0,0,0,0,2910.1
P006147,2025-10-14,surabaya,rumah,175.0,245.0,2,6,6,3,6.0,baik,HGB,5.1,4.1,0,0,0,3365.3
P006286,2025-10-14,depok,rumah,113.0,64.0,1,1,1,0,7.0,baik,SHM,3.1,17.9,1,0,1,790.0
P006855,2025-10-14,jakarta_barat,rumah,84.0,113.0,2,4,3,1,3.0,sedang,SHM,6.4,16.5,0,0,0,1562.1
P007341,2025-10-14,depok,rumah,93.0,42.0,1,1,1,0,18.0,perlu_renovasi,HGB,4.1,15.5,1,0,0,547.9
P009033,2025-10-14,bekasi,townhouse,82.0,95.0,2,3,2,0,15.0,sedang,SHM,7.6,22.3,0,0,0,814.0
P000143,2025-10-15,yogyakarta,rumah,133.0,139.0,2,4,4,2,14.0,sedang,SHM,4.8,7.8,0,0,0,1376.7
P000882,2025-10-15,bogor,rumah,268.0,403.0,2,9,8,3,,baik,SHM,5.0,26.1,0,0,0,2994.5
P001023,2025-10-15,yogyakarta,rumah,147.0,109.0,2,3,3,2,24.0,baik,HGB,5.7,19.4,0,0,0,866.2
P002945,2025-10-15,tangerang_selatan,rumah,36.0,29.0,1,1,1,0,16.0,sedang,SHM,6.2,14.3,0,0,0,400.9
P003794,2025-10-15,jakarta_barat,rumah,218.0,332.0,2,8,6,3,16.0,baik,SHM,5.8,13.8,0,0,0,3717.9
P007980,2025-10-15,bekasi,ruko,100.0,232.0,4,5,5,2,3.0,baik,SHM,9.7,5.8,0,1,0,3119.8
P008628,2025-10-15,semarang,ruko,87.0,147.0,3,2,1,2,23.0,baik,SHM,9.1,6.0,1,0,0,1044.5
P009982,2025-10-15,jakarta_selatan,rumah,66.0,59.0,2,2,2,0,20.0,baik,SHM,12.3,10.3,1,0,0,1785.2
P001888,2025-10-16,jakarta_barat,rumah,58.0,54.0,2,2,2,1,15.0,perlu_renovasi,SHM,4.1,4.8,1,0,0,1169.9
P003484,2025-10-16,depok,rumah,63.0,48.0,2,1,1,2,5.0,baik,girik_ajb,5.0,6.3,0,1,1,722.8
P005839,2025-10-16,depok,rumah,42.0,66.0,2,2,2,0,15.0,sedang,SHM,5.9,23.9,0,0,0,492.0
P008194,2025-10-16,semarang,rumah,150.0,112.0,1,4,3,2,5.0,baik,SHM,5.3,9.1,0,0,0,1114.1
P009380,2025-10-16,jakarta_barat,rumah,169.0,119.0,1,3,2,2,5.0,baik,SHM,2.5,16.3,0,0,1,1839.0
P002479,2025-10-17,bekasi,rumah,210.0,405.0,3,10,7,2,22.0,sedang,SHM,2.6,29.1,0,0,0,1599.9
P003092,2025-10-17,semarang,rumah,234.0,371.0,2,10,6,3,,baik,SHM,5.6,14.4,1,0,0,2567.2
P003211,2025-10-17,bekasi,rumah,132.0,95.0,2,3,2,2,11.0,baik,SHM,6.5,22.6,0,0,0,1089.4
P004063,2025-10-17,jakarta_barat,rumah,95.0,32.0,1,1,1,0,10.0,baik,HGB,2.1,15.8,0,0,0,763.6
P006058,2025-10-17,bogor,rumah,104.0,97.0,2,2,1,2,34.0,perlu_renovasi,HGB,,23.0,0,0,0,334.5
P006544,2025-10-17,depok,rumah,262.0,251.0,2,9,7,2,7.0,baik,SHM,3.3,22.7,0,0,0,2353.6
P008547,2025-10-17,bandung,townhouse,77.0,60.0,2,1,1,1,7.0,sedang,SHM,11.4,4.5,0,0,1,920.1
P008763,2025-10-17,tangerang_selatan,townhouse,82.0,103.0,2,2,2,0,9.0,baik,SHM,3.5,19.3,0,1,0,1246.8
P009547,2025-10-17,bandung,rumah,286.0,165.0,1,4,4,2,7.0,baik,SHM,4.4,13.9,1,0,1,1963.0
P000025,2025-10-18,surabaya,ruko,96.0,192.0,3,4,3,1,12.0,baik,girik_ajb,13.2,6.9,0,0,0,1751.3
P001967,2025-10-18,bandung,rumah,116.0,84.0,1,2,2,2,33.0,sedang,SHM,6.9,16.4,0,0,1,651.2
P004296,2025-10-18,bekasi,rumah,92.0,36.0,1,1,1,2,24.0,perlu_renovasi,SHM,5.0,26.9,0,0,0,350.9
P004584,2025-10-18,yogyakarta,townhouse,81.0,84.0,2,2,2,0,15.0,baik,SHM,4.2,13.8,0,1,0,685.7
P004695,2025-10-18,bekasi,rumah,110.0,85.0,1,2,2,1,33.0,sedang,SHM,9.0,24.0,0,0,1,501.2
P004745,2025-10-18,jakarta_selatan,rumah,197.0,159.0,1,6,5,2,12.0,sedang,HGB,4.4,17.0,0,0,0,3690.4
P005341,2025-10-18,tangerang_selatan,townhouse,104.0,124.0,2,3,2,1,15.0,sedang,girik_ajb,8.3,7.6,0,0,0,1506.9
P005828,2025-10-18,tangerang_selatan,townhouse,80.0,147.0,3,3,3,1,15.0,baik,SHM,2.4,22.3,1,0,0,851.0
P006062,2025-10-18,bekasi,rumah,306.0,161.0,1,4,4,3,4.0,baik,SHM,3.9,8.2,0,0,0,2966.8
P007717,2025-10-18,depok,ruko,139.0,175.0,3,4,4,3,14.0,baik,HGB,11.7,13.8,0,0,0,1912.2
P002713,2025-10-19,tangerang_selatan,rumah,47.0,64.0,2,2,2,0,5.0,baik,SHM,4.6,17.4,0,0,0,754.8
P003596,2025-10-19,yogyakarta,rumah,103.0,63.0,1,2,1,1,3.0,sedang,SHM,3.6,10.4,1,0,0,957.7
P003804,2025-10-19,jakarta_barat,rumah,130.0,60.0,1,1,1,1,27.0,sedang,HGB,4.3,12.5,1,1,0,1702.5
P006973,2025-10-19,tangerang_selatan,ruko,73.0,98.0,2,1,1,0,6.0,baik,SHM,4.3,22.6,0,0,0,1029.1
P007390,2025-10-19,tangerang_selatan,rumah,53.0,36.0,2,1,1,0,,baik,SHM,5.2,24.5,0,0,0,520.2
P007621,2025-10-19,tangerang_selatan,rumah,140.0,114.0,1,4,3,1,14.0,sedang,SHM,3.2,4.6,1,1,0,2791.2
P008944,2025-10-19,surabaya,rumah,209.0,184.0,2,6,5,1,30.0,sedang,SHM,4.3,15.2,1,0,0,1786.9
P009533,2025-10-19,yogyakarta,rumah,318.0,360.0,2,10,8,2,22.0,baik,SHM,5.3,12.1,1,0,0,3019.6
P000914,2025-10-20,yogyakarta,townhouse,89.0,113.0,2,4,3,1,15.0,sedang,SHM,2.7,13.7,0,0,0,1016.4
P000960,2025-10-20,depok,ruko,69.0,96.0,2,1,1,2,10.0,baik,SHM,1.5,24.7,0,0,0,701.4
P001302,2025-10-20,depok,rumah,129.0,65.0,1,1,1,2,6.0,baik,SHM,4.8,24.7,0,0,1,772.1
P002395,2025-10-20,bogor,townhouse,69.0,74.0,2,2,2,1,15.0,sedang,SHM,15.1,4.9,1,0,0,834.5
P002965,2025-10-20,tangerang_selatan,rumah,116.0,58.0,1,1,1,2,5.0,baik,SHM,6.2,13.8,1,0,0,2002.9
P003756,2025-10-20,tangerang_selatan,ruko,93.0,204.0,3,3,2,1,5.0,baik,HGB,8.4,22.0,0,0,0,2256.3
P004535,2025-10-20,depok,rumah,73.0,103.0,3,3,3,1,19.0,perlu_renovasi,SHM,5.5,23.1,1,0,0,543.9
P007707,2025-10-20,jakarta_barat,rumah,83.0,41.0,1,1,1,1,12.0,sedang,SHM,10.3,12.3,1,0,0,1180.3
P008638,2025-10-20,bekasi,rumah,89.0,165.0,3,4,2,1,29.0,sedang,SHM,5.8,24.8,0,0,0,667.8
P000090,2025-10-21,depok,rumah,120.0,180.0,2,4,4,1,7.0,baik,HGB,4.6,13.9,0,0,1,1569.0
P001278,2025-10-21,jakarta_selatan,rumah,120.0,175.0,2,6,6,1,11.0,sedang,HGB,4.4,4.0,0,0,0,3366.1
P002394,2025-10-21,jakarta_selatan,rumah,118.0,124.0,2,4,4,1,35.0,baik,SHM,4.7,2.9,0,1,0,3540.4
P002904,2025-10-21,yogyakarta,townhouse,68.0,118.0,2,3,3,1,15.0,sedang,SHM,5.0,19.2,1,0,0,660.2
P004384,2025-10-21,depok,rumah,138.0,66.0,1,2,1,2,7.0,baik,SHM,3.8,5.2,1,0,0,1706.8
P005071,2025-10-21,tangerang_selatan,rumah,170.0,119.0,1,4,4,2,14.0,sedang,SHM,4.2,3.5,1,0,0,2780.9
P006080,2025-10-21,surabaya,rumah,122.0,206.0,2,5,3,1,31.0,baik,SHM,6.3,3.4,0,0,1,2033.6
P008222,2025-10-21,surabaya,rumah,68.0,95.0,2,3,3,0,8.0,baik,SHM,4.3,19.9,0,0,0,973.2
P009194,2025-10-21,tangerang_selatan,townhouse,58.0,83.0,2,2,2,0,15.0,baik,HGB,4.4,21.4,1,0,0,738.5
P000027,2025-10-22,bekasi,rumah,35.0,21.0,1,1,1,1,28.0,sedang,SHM,,28.0,0,0,0,215.5
P000321,2025-10-22,semarang,rumah,143.0,207.0,2,5,3,1,4.0,baik,SHM,6.9,16.5,0,1,0,1589.6
P000424,2025-10-22,jakarta_selatan,rumah,121.0,133.0,2,3,2,1,14.0,baik,SHM,2.5,6.2,1,0,1,2607.1
P004558,2025-10-22,bandung,rumah,147.0,268.0,2,6,5,2,18.0,sedang,girik_ajb,3.8,18.8,1,0,0,1654.8
P004617,2025-10-22,jakarta_barat,rumah,83.0,120.0,2,4,4,0,21.0,perlu_renovasi,HGB,3.5,9.1,0,1,0,1291.0
P005258,2025-10-22,bekasi,rumah,224.0,184.0,1,5,5,3,10.0,baik,SHM,9.1,8.0,0,0,0,2384.4
P005608,2025-10-22,bogor,ruko,93.0,126.0,2,1,1,2,12.0,baik,HGB,,17.0,1,0,0,950.9
P007020,2025-10-22,depok,rumah,192.0,469.0,3,10,8,2,4.0,sedang,HGB,2.3,10.9,0,0,0,3266.7
P000724,2025-10-23,yogyakarta,rumah,46.0,66.0,2,2,2,1,33.0,sedang,HGB,3.0,5.1,1,1,0,504.4
P000857,2025-10-23,bandung,rumah,128.0,53.0,1,2,1,1,13.0,sedang,SHM,5.1,14.6,0,1,0,991.3
P002325,2025-10-23,tangerang_selatan,rumah,64.0,39.0,1,1,1,1,6.0,sedang,SHM,5.1,11.7,0,0,0,831.9
P004031,2025-10-23,depok,rumah,142.0,166.0,2,5,5,2,8.0,baik,SHM,,11.6,0,0,0,2017.7
P004185,2025-10-23,semarang,rumah,88.0,88.0,2,2,2,0,13.0,sedang,SHM,3.6,18.6,0,0,0,489.0
P004663,2025-10-23,bekasi,rumah,163.0,116.0,1,3,2,3,8.0,baik,HGB,3.0,24.3,0,0,0,1028.0
P005592,2025-10-23,surabaya,rumah,121.0,52.0,1,1,1,1,11.0,baik,SHM,,2.1,1,0,0,1940.9
P007362,2025-10-23,surabaya,rumah,87.0,87.0,2,2,2,0,20.0,sedang,SHM,3.1,2.9,1,0,0,1629.7
P007594,2025-10-23,surabaya,ruko,60.0,106.0,2,1,1,1,,baik,SHM,8.4,14.8,0,0,0,913.8
P001262,2025-10-24,bekasi,rumah,129.0,132.0,2,3,2,1,2.0,baik,HGB,2.8,26.7,0,0,0,1062.2
P007680,2025-10-24,yogyakarta,rumah,118.0,102.0,2,4,3,1,11.0,sedang,SHM,5.0,11.2,1,0,0,1121.6
P008453,2025-10-24,jakarta_barat,rumah,89.0,58.0,1,2,2,0,10.0,sedang,SHM,11.9,13.8,0,0,1,883.7
P000047,2025-10-25,bekasi,townhouse,89.0,145.0,2,5,3,0,3.0,baik,SHM,2.0,20.2,1,0,0,1274.0
P001028,2025-10-25,bekasi,rumah,100.0,123.0,2,3,3,0,26.0,baik,SHM,3.6,25.3,0,0,1,728.4
P001073,2025-10-25,bekasi,ruko,80.0,100.0,2,1,1,0,9.0,baik,SHM,9.8,26.5,0,0,0,818.0
P001291,2025-10-25,bekasi,ruko,76.0,115.0,2,2,2,1,20.0,sedang,HGB,7.4,25.5,0,0,1,557.0
P002106,2025-10-25,bandung,townhouse,74.0,67.0,2,2,2,1,15.0,sedang,HGB,,14.9,0,0,0,708.0
P003440,2025-10-25,bogor,rumah,114.0,62.0,1,2,2,1,10.0,baik,SHM,5.7,6.2,1,0,0,1118.8
P004183,2025-10-25,bandung,rumah,51.0,26.0,1,1,1,0,2.0,baik,SHM,4.9,13.4,0,0,0,448.2
P004562,2025-10-25,tangerang_selatan,rumah,114.0,195.0,2,6,6,0,7.0,baik,HGB,7.7,23.5,0,0,0,1622.5
P006127,2025-10-25,tangerang_selatan,rumah,314.0,367.0,2,10,8,2,11.0,baik,SHM,5.4,22.4,0,0,0,3510.9
P006957,2025-10-25,tangerang_selatan,townhouse,93.0,82.0,2,2,2,1,15.0,sedang,SHM,6.1,6.6,0,1,0,1762.0
P006994,2025-10-25,depok,townhouse,69.0,107.0,3,3,3,0,6.0,baik,HGB,7.1,18.1,1,0,0,1037.7
P008550,2025-10-25,bandung,ruko,93.0,175.0,3,4,3,1,10.0,baik,SHM,14.0,16.1,0,0,0,1461.2
P008705,2025-10-25,depok,rumah,66.0,70.0,2,2,1,1,3.0,sedang,girik_ajb,4.7,5.3,1,0,1,757.1
P001316,2025-10-26,bandung,townhouse,99.0,133.0,2,3,3,1,15.0,perlu_renovasi,SHM,2.0,6.4,0,1,0,1103.9
P003364,2025-10-26,bogor,ruko,48.0,95.0,4,1,1,1,11.0,sedang,SHM,12.5,29.2,0,0,0,478.3
P004086,2025-10-26,semarang,rumah,171.0,92.0,1,2,1,2,12.0,sedang,HGB,,8.0,1,0,0,1115.0
P006966,2025-10-26,depok,rumah,79.0,67.0,2,2,2,0,18.0,sedang,SHM,6.8,19.1,0,0,0,682.0
P000175,2025-10-27,jakarta_barat,rumah,93.0,56.0,1,1,1,2,33.0,perlu_renovasi,SHM,2.4,6.7,1,0,0,1126.3
P002271,2025-10-27,bogor,rumah,100.0,106.0,2,3,3,1,60.0,perlu_renovasi,girik_ajb,4.3,26.5,0,0,0,219.3
P002498,2025-10-27,jakarta_barat,rumah,118.0,89.0,1,3,3,1,8.0,baik,HGB,5.3,9.6,0,0,0,1604.7
P002866,2025-10-27,jakarta_barat,rumah,80.0,135.0,2,3,3,1,2.0,baik,SHM,6.6,18.0,0,1,0,1674.5
P003819,2025-10-27,bandung,rumah,113.0,132.0,2,4,3,0,2.0,baik,HGB,,7.3,1,1,0,1662.4
P006722,2025-10-27,bekasi,rumah,118.0,64.0,1,1,1,1,9.0,baik,HGB,5.4,20.7,0,0,0,722.5
P008953,2025-10-27,tangerang_selatan,rumah,122.0,134.0,2,4,2,2,19.0,perlu_renovasi,SHM,3.0,23.3,1,0,0,1114.5
P009414,2025-10-27,yogyakarta,rumah,161.0,100.0,1,3,3,1,43.0,perlu_renovasi,SHM,3.2,11.3,0,1,1,925.8
P009544,2025-10-27,depok,townhouse,78.0,77.0,2,2,2,2,9.0,sedang,HGB,3.8,15.4,1,0,0,738.5
P000129,2025-10-28,jakarta_selatan,rumah,233.0,340.0,2,9,8,3,23.0,baik,HGB,4.0,4.0,0,0,0,6633.8
P000206,2025-10-28,tangerang_selatan,townhouse,95.0,167.0,3,5,3,1,8.0,baik,SHM,4.1,15.5,0,0,0,1587.1
P000280,2025-10-28,surabaya,townhouse,98.0,123.0,2,4,3,2,15.0,perlu_renovasi,SHM,4.9,24.6,0,0,0,827.8
P002010,2025-10-28,bandung,ruko,72.0,143.0,3,2,2,1,12.0,sedang,HGB,9.4,11.1,1,0,0,1246.6
P002432,2025-10-28,bandung,ruko,117.0,158.0,3,2,2,1,14.0,sedang,HGB,3.2,19.1,0,0,0,1131.8
P003467,2025-10-28,bogor,rumah,267.0,171.0,1,5,4,1,9.0,baik,SHM,2.9,8.6,0,1,0,2019.6
P004524,2025-10-28,surabaya,ruko,74.0,98.0,2,1,1,1,19.0,perlu_renovasi,HGB,10.4,20.4,0,0,0,628.9
P005529,2025-10-28,yogyakarta,rumah,132.0,92.0,1,3,3,2,20.0,baik,HGB,4.2,11.2,1,1,0,1326.4
P005930,2025-10-28,jakarta_selatan,rumah,47.0,31.0,1,1,1,0,15.0,baik,SHM,4.3,4.7,0,1,0,1458.6
P006405,2025-10-28,jakarta_barat,ruko,111.0,337.0,4,6,4,1,47.0,sedang,SHM,3.9,11.3,0,0,0,1810.4
P006872,2025-10-28,depok,rumah,306.0,102.0,1,4,4,3,13.0,sedang,SHM,3.7,17.9,1,0,0,2271.6
P007386,2025-10-28,surabaya,rumah,112.0,189.0,2,6,5,2,9.0,sedang,SHM,7.2,3.1,1,1,0,2338.2
P000699,2025-10-29,bandung,ruko,78.0,77.0,2,1,1,1,6.0,baik,SHM,10.2,19.6,1,0,0,827.1
P003121,2025-10-29,jakarta_barat,ruko,63.0,59.0,2,0,1,1,31.0,baik,SHM,7.7,6.1,0,0,1,1001.5
P003412,2025-10-29,jakarta_barat,rumah,70.0,77.0,2,2,2,1,35.0,sedang,HGB,7.6,7.0,0,1,0,1493.2
P004070,2025-10-29,jakarta_barat,townhouse,62.0,69.0,2,2,2,0,1.0,baik,SHM,3.2,15.6,0,0,0,1096.8
P004144,2025-10-29,bekasi,rumah,381.0,336.0,2,10,8,4,15.0,baik,SHM,12.8,24.4,0,1,0,3223.1
P005415,2025-10-29,bandung,townhouse,116.0,122.0,2,4,4,3,5.0,baik,SHM,4.2,6.9,0,0,0,1727.1
P006874,2025-10-29,bekasi,rumah,240.0,151.0,1,5,5,3,9.0,baik,HGB,10.6,28.9,0,0,0,1445.2
P007409,2025-10-29,bogor,rumah,189.0,157.0,2,6,6,3,6.0,sedang,SHM,8.3,28.1,0,0,0,1205.3
P008765,2025-10-29,bekasi,rumah,154.0,77.0,1,2,2,2,10.0,sedang,girik_ajb,7.3,14.5,0,0,0,1035.4
P009559,2025-10-29,depok,rumah,301.0,264.0,1,9,5,4,10.0,baik,SHM,3.8,20.7,0,0,0,2586.2
P009709,2025-10-29,surabaya,rumah,84.0,58.0,1,2,2,1,17.0,baik,SHM,3.8,9.6,1,0,0,886.6
P002151,2025-11-02,bandung,townhouse,72.0,61.0,2,2,1,1,3.0,baik,SHM,,2.7,1,1,0,1208.9
P003259,2025-11-02,depok,ruko,86.0,86.0,3,1,1,0,34.0,sedang,SHM,9.9,4.0,1,0,0,1187.9
P004265,2025-11-02,bandung,ruko,61.0,126.0,3,1,1,1,5.0,baik,SHM,10.3,15.8,0,0,0,1154.3
P007598,2025-11-02,bandung,ruko,98.0,106.0,2,1,1,3,,sedang,HGB,4.7,20.9,0,0,0,924.2
P007683,2025-11-02,bekasi,townhouse,68.0,90.0,2,2,2,1,15.0,sedang,girik_ajb,6.8,14.5,0,1,1,679.5
P008390,2025-11-02,depok,rumah,131.0,71.0,1,2,2,1,16.0,baik,HGB,8.7,21.3,0,0,0,995.2
P009379,2025-11-02,tangerang_selatan,ruko,63.0,111.0,4,1,1,1,14.0,baik,HGB,8.5,17.0,0,0,1,948.3
P005313,2025-11-03,tangerang_selatan,rumah,67.0,79.0,2,2,1,0,16.0,perlu_renovasi,SHM,5.0,11.0,0,0,0,892.0
P008464,2025-11-03,surabaya,rumah,84.0,48.0,1,1,1,1,,baik,SHM,8.2,12.7,0,0,0,952.6
P000908,2025-11-04,jakarta_selatan,ruko,78.0,81.0,3,0,1,2,2.0,baik,SHM,9.5,2.4,0,0,0,3667.2
P001796,2025-11-04,tangerang_selatan,rumah,128.0,154.0,2,4,3,1,19.0,sedang,SHM,4.1,19.2,0,0,0,1603.5
P004385,2025-11-04,surabaya,rumah,73.0,35.0,1,1,1,0,24.0,sedang,SHM,5.0,3.1,1,1,0,1333.5
P004410,2025-11-04,jakarta_barat,ruko,125.0,293.0,3,5,5,1,11.0,baik,SHM,7.0,14.9,0,0,0,2500.5
P004812,2025-11-04,bandung,rumah,104.0,131.0,3,4,3,1,13.0,baik,girik_ajb,3.8,7.3,0,0,0,1060.4
P006479,2025-11-04,tangerang_selatan,townhouse,112.0,151.0,2,4,3,2,3.0,baik,HGB,5.3,19.3,0,0,0,1761.2
P006704,2025-11-04,jakarta_barat,rumah,132.0,90.0,1,3,2,2,6.0,sedang,SHM,2.9,14.1,1,0,0,1372.6
P006804,2025-11-04,bekasi,townhouse,89.0,148.0,3,4,4,0,8.0,sedang,SHM,4.3,22.6,0,0,0,1005.1
P007935,2025-11-04,bogor,townhouse,64.0,79.0,2,2,2,1,15.0,sedang,SHM,5.7,9.2,0,0,0,541.4
P008368,2025-11-04,bandung,ruko,95.0,196.0,3,3,2,0,9.0,baik,SHM,6.5,12.4,1,1,0,1856.4
P008694,2025-11-04,jakarta_selatan,rumah,117.0,74.0,1,2,1,2,16.0,perlu_renovasi,SHM,,9.5,0,1,0,2318.6
P009717,2025-11-04,tangerang_selatan,rumah,54.0,27.0,1,1,1,1,16.0,sedang,SHM,5.3,21.2,0,0,0,406.4
P003563,2025-11-05,semarang,rumah,188.0,79.0,1,2,2,2,21.0,baik,SHM,4.4,16.3,1,0,0,914.5
P003733,2025-11-05,bogor,townhouse,97.0,123.0,2,4,3,1,5.0,baik,SHM,3.1,14.7,0,0,0,1195.6
P004135,2025-11-05,depok,townhouse,124.0,122.0,2,3,2,2,3.0,sedang,SHM,6.7,18.9,0,0,1,1081.6
P004799,2025-11-05,surabaya,rumah,156.0,179.0,2,5,4,2,6.0,baik,HGB,3.5,20.9,1,0,0,1588.5
P005184,2025-11-05,bandung,rumah,89.0,34.0,1,1,1,2,5.0,baik,HGB,3.3,14.0,0,0,1,746.4
P006799,2025-11-05,depok,rumah,106.0,229.0,3,6,5,1,8.0,baik,SHM,6.8,12.5,0,0,0,2022.7
P007147,2025-11-05,tangerang_selatan,ruko,85.0,127.0,2,2,2,1,7.0,baik,HGB,7.7,21.3,1,0,0,1362.8
P007164,2025-11-05,surabaya,rumah,173.0,98.0,1,2,2,1,6.0,baik,SHM,5.5,3.3,1,1,1,2574.8
P009978,2025-11-05,surabaya,rumah,38.0,29.0,1,1,1,1,10.0,sedang,HGB,4.2,9.4,1,0,1,380.6
P002911,2025-11-06,bandung,rumah,103.0,47.0,1,2,1,2,9.0,baik,SHM,5.1,12.2,0,1,0,1017.5
P005999,2025-11-06,surabaya,rumah,198.0,211.0,2,6,4,2,8.0,baik,SHM,5.2,19.2,0,0,0,1648.7
P006852,2025-11-06,bekasi,rumah,152.0,129.0,2,4,3,1,16.0,perlu_renovasi,HGB,2.3,17.6,0,0,0,779.5
P007912,2025-11-06,jakarta_barat,rumah,140.0,77.0,1,2,1,2,2.0,baik,SHM,4.7,15.4,1,0,1,1495.7
P009913,2025-11-06,semarang,rumah,125.0,203.0,2,6,6,1,1.0,baik,HGB,2.4,6.3,1,0,0,1909.1
P001275,2025-11-07,jakarta_barat,rumah,184.0,122.0,1,3,2,2,8.0,baik,SHM,4.1,4.1,0,0,0,3476.2
P002070,2025-11-07,depok,rumah,78.0,164.0,3,6,5,1,11.0,sedang,SHM,3.7,17.3,0,0,1,1268.2
P004858,2025-11-07,bogor,rumah,58.0,38.0,1,1,1,1,17.0,baik,HGB,5.4,8.7,0,1,0,427.4
P008186,2025-11-07,semarang,rumah,89.0,49.0,1,1,1,1,12.0,perlu_renovasi,SHM,3.2,4.5,0,0,0,694.1
P000771,2025-11-08,tangerang_selatan,rumah,86.0,82.0,2,2,2,1,6.0,baik,HGB,20.0,3.7,0,0,0,1573.5
P001305,2025-11-08,surabaya,rumah,78.0,68.0,2,2,2,1,21.0,baik,SHM,5.9,19.8,0,0,0,845.7
P005674,2025-11-08,depok,ruko,67.0,50.0,2,0,1,1,3.0,baik,SHM,9.6,14.8,0,0,0,956.3
P006288,2025-11-08,yogyakarta,rumah,173.0,138.0,2,4,4,2,10.0,sedang,HGB,3.0,11.2,0,1,1,1373.8
P006938,2025-11-08,depok,rumah,152.0,98.0,1,2,1,2,3.0,baik,SHM,4.8,15.6,1,0,0,1689.4
P009584,2025-11-08,surabaya,ruko,55.0,125.0,3,1,1,0,5.0,baik,HGB,12.5,8.3,1,0,0,1305.0
P009996,2025-11-08,bekasi,townhouse,92.0,216.0,3,6,6,1,15.0,baik,SHM,5.4,24.9,0,0,0,1789.2
P001015,2025-11-09,tangerang_selatan,ruko,84.0,266.0,4,5,3,0,17.0,baik,SHM,13.2,24.5,0,0,0,1849.5
P001376,2025-11-09,jakarta_selatan,rumah,37.0,54.0,2,1,1,1,3.0,baik,SHM,7.7,3.0,1,1,0,1640.1
P003021,2025-11-09,bekasi,townhouse,106.0,138.0,2,4,3,1,14.0,perlu_renovasi,SHM,4.5,27.1,0,0,1,657.7
P003308,2025-11-09,jakarta_selatan,rumah,37.0,24.0,1,1,1,1,,baik,HGB,,4.8,0,1,0,971.2
P004620,2025-11-09,depok,rumah,171.0,197.0,2,7,6,1,31.0,baik,HGB,2.8,6.2,1,0,0,1651.8
P006587,2025-11-09,jakarta_selatan,rumah,84.0,43.0,1,1,1,0,8.0,sedang,SHM,2.2,13.6,0,0,0,1314.5
P007417,2025-11-09,jakarta_barat,rumah,107.0,77.0,2,2,2,2,13.0,sedang,HGB,3.5,4.9,0,1,0,1938.7
P009059,2025-11-09,jakarta_selatan,rumah,56.0,70.0,3,2,2,1,5.0,baik,SHM,1.8,7.4,1,0,0,1478.9
P009229,2025-11-09,surabaya,townhouse,58.0,62.0,2,2,1,0,15.0,baik,HGB,2.9,19.2,0,0,0,471.8
P009560,2025-11-09,bandung,ruko,57.0,140.0,3,2,2,0,12.0,baik,SHM,4.8,2.6,1,0,0,1541.5
P001250,2025-11-10,semarang,townhouse,75.0,97.0,2,3,3,0,15.0,sedang,SHM,4.0,11.5,0,1,0,639.7
P002092,2025-11-10,surabaya,ruko,73.0,124.0,4,2,2,1,24.0,sedang,SHM,7.9,7.5,1,0,0,1193.9
P003661,2025-11-10,jakarta_barat,ruko,70.0,115.0,4,2,2,1,8.0,baik,SHM,8.0,13.4,0,0,0,1585.9
P003938,2025-11-10,bogor,rumah,128.0,278.0,3,8,5,1,32.0,sedang,SHM,3.7,11.8,0,0,1,947.0
P005233,2025-11-10,bekasi,rumah,73.0,68.0,2,2,1,0,30.0,baik,SHM,9.3,10.0,0,0,0,672.0
P006793,2025-11-10,bandung,rumah,72.0,71.0,2,2,1,0,13.0,sedang,SHM,6.5,10.6,0,1,0,937.8
P007151,2025-11-10,depok,rumah,76.0,58.0,1,1,1,1,11.0,sedang,girik_ajb,,22.2,0,0,0,495.8
P007438,2025-11-10,bekasi,rumah,96.0,234.0,3,6,5,1,12.0,sedang,SHM,3.7,14.5,0,0,0,1538.3
P008855,2025-11-10,depok,rumah,193.0,205.0,2,5,3,2,8.0,baik,HGB,6.7,20.3,0,0,0,1854.6
P009470,2025-11-10,tangerang_selatan,rumah,125.0,131.0,2,3,3,1,6.0,baik,SHM,5.5,9.6,0,0,0,1809.7
P002262,2025-11-11,yogyakarta,ruko,96.0,173.0,3,2,1,1,10.0,baik,SHM,10.3,10.4,1,0,0,1834.6
P003188,2025-11-11,surabaya,townhouse,68.0,84.0,2,2,2,1,10.0,baik,HGB,3.0,4.2,1,0,0,1052.9
P005017,2025-11-11,depok,rumah,86.0,69.0,1,2,1,2,4.0,baik,SHM,2.9,11.4,0,0,0,799.2
P008631,2025-11-11,depok,rumah,135.0,94.0,1,3,3,1,26.0,baik,HGB,1.7,8.0,0,0,0,1320.2
P008889,2025-11-11,surabaya,rumah,129.0,108.0,1,4,3,2,4.0,sedang,SHM,8.7,17.8,0,0,0,1715.0
P001813,2025-11-12,bandung,townhouse,89.0,76.0,2,2,2,1,12.0,baik,HGB,7.8,20.7,0,0,0,695.4
P002043,2025-11-12,bogor,rumah,105.0,118.0,2,3,3,1,9.0,baik,HGB,4.4,27.9,0,0,0,729.2
P004352,2025-11-12,jakarta_selatan,rumah,145.0,184.0,2,5,5,2,19.0,sedang,HGB,4.7,14.0,0,1,0,2527.4
P006920,2025-11-12,bogor,ruko,66.0,80.0,2,0,1,1,13.0,sedang,SHM,11.2,6.1,0,0,0,941.7
P007571,2025-11-12,bandung,townhouse,65.0,62.0,2,2,2,2,15.0,perlu_renovasi,HGB,9.2,11.4,1,0,0,589.6
P007762,2025-11-12,yogyakarta,rumah,215.0,142.0,1,4,3,2,1.0,baik,SHM,7.6,11.1,1,1,0,2430.6
P009004,2025-11-12,jakarta_selatan,rumah,204.0,191.0,2,4,3,2,25.0,sedang,SHM,,6.5,0,0,0,5463.2
P009694,2025-11-12,jakarta_selatan,rumah,66.0,76.0,2,3,3,1,18.0,sedang,SHM,5.1,10.0,0,0,0,1313.0
P001128,2025-11-13,bandung,rumah,73.0,34.0,1,1,1,1,2.0,sedang,SHM,5.4,6.5,1,0,1,741.2
P001883,2025-11-13,bekasi,townhouse,33.0,43.0,2,1,1,0,,baik,SHM,,19.0,0,0,0,387.2
P002517,2025-11-13,jakarta_barat,rumah,76.0,38.0,1,1,1,0,9.0,baik,SHM,3.5,11.7,0,0,0,929.1
P002760,2025-11-13,depok,rumah,142.0,135.0,2,3,3,1,31.0,perlu_renovasi,SHM,13.0,11.9,0,0,0,1353.2
P003531,2025-11-13,jakarta_selatan,rumah,163.0,103.0,1,3,2,2,13.0,sedang,HGB,5.2,14.6,0,0,1,2658.3
P003818,2025-11-13,tangerang_selatan,rumah,222.0,247.0,2,7,7,2,5.0,baik,SHM,7.3,21.4,0,0,0,2587.3
P003910,2025-11-13,surabaya,ruko,73.0,80.0,2,0,1,1,6.0,baik,SHM,8.0,10.4,1,0,0,1207.3
P004196,2025-11-13,depok,rumah,76.0,73.0,2,3,3,0,18.0,sedang,HGB,5.7,20.1,0,0,0,625.2
P004846,2025-11-13,tangerang_selatan,rumah,82.0,107.0,2,3,3,1,16.0,sedang,SHM,3.9,6.7,1,0,0,1615.9
P005562,2025-11-13,bekasi,rumah,242.0,346.0,2,9,6,1,10.0,sedang,SHM,5.0,27.4,0,0,0,2196.9
P006220,2025-11-13,bekasi,ruko,61.0,71.0,3,0,1,0,15.0,baik,SHM,14.3,18.4,0,0,0,722.7
P006390,2025-11-13,jakarta_barat,ruko,71.0,200.0,4,5,4,1,6.0,baik,HGB,3.3,11.3,0,0,0,1664.0
P007076,2025-11-13,bekasi,rumah,104.0,254.0,3,7,6,0,2.0,sedang,SHM,3.5,17.8,0,0,0,1955.7
P007723,2025-11-13,jakarta_selatan,rumah,130.0,100.0,1,3,2,2,3.0,baik,SHM,5.4,13.2,0,0,0,2457.9
P002088,2025-11-14,tangerang_selatan,rumah,165.0,91.0,1,3,3,1,5.0,sedang,SHM,2.6,6.4,0,0,0,2214.5
P003698,2025-11-14,jakarta_selatan,townhouse,101.0,137.0,2,5,5,1,15.0,sedang,SHM,6.0,7.6,0,0,0,2866.2
P006631,2025-11-14,bandung,rumah,186.0,261.0,2,6,6,1,,baik,HGB,2.8,2.3,1,0,0,2865.5
P006757,2025-11-14,surabaya,rumah,203.0,146.0,1,4,3,2,12.0,sedang,SHM,2.8,7.8,0,0,0,1810.8
P006947,2025-11-14,bandung,rumah,210.0,193.0,2,5,3,2,20.0,sedang,SHM,7.4,20.2,0,0,0,1454.0
P007642,2025-11-14,semarang,townhouse,122.0,109.0,2,4,3,1,,sedang,SHM,5.2,19.1,0,1,0,1047.1
P009606,2025-11-14,yogyakarta,rumah,236.0,302.0,2,8,7,3,5.0,baik,HGB,2.7,12.2,1,0,0,2351.0
P000977,2025-11-15,bekasi,rumah,55.0,31.0,1,1,1,2,16.0,baik,girik_ajb,5.5,15.2,0,0,0,323.7
P001096,2025-11-15,bekasi,rumah,261.0,167.0,1,6,7,3,4.0,sedang,SHM,4.0,25.0,0,0,1,1614.4
P001267,2025-11-15,jakarta_barat,townhouse,75.0,163.0,3,4,4,1,8.0,baik,SHM,6.1,12.5,1,0,0,1599.3
P001595,2025-11-15,surabaya,rumah,72.0,40.0,1,1,1,0,11.0,sedang,girik_ajb,6.1,11.6,1,0,0,683.6
P003543,2025-11-15,semarang,townhouse,67.0,100.0,2,2,2,0,,baik,SHM,7.4,5.0,1,1,0,1097.6
P004484,2025-11-15,tangerang_selatan,rumah,98.0,45.0,1,1,1,1,26.0,baik,SHM,3.2,9.0,0,0,1,1050.4
P008299,2025-11-15,jakarta_selatan,ruko,58.0,101.0,4,0,1,1,,sedang,SHM,11.8,15.0,0,0,0,1818.6
P009143,2025-11-15,tangerang_selatan,rumah,119.0,70.0,1,2,2,1,,baik,HGB,8.1,8.8,1,0,1,1622.9
P001563,2025-11-16,semarang,rumah,134.0,86.0,1,3,2,1,2.0,sedang,SHM,3.7,9.9,0,0,0,923.6
P002274,2025-11-16,surabaya,rumah,277.0,376.0,2,10,8,4,13.0,baik,HGB,7.2,5.2,0,0,0,4788.0
P005481,2025-11-16,jakarta_selatan,rumah,97.0,44.0,1,1,1,1,55.0,sedang,SHM,2.7,3.6,0,0,0,2518.2
P006434,2025-11-16,semarang,ruko,97.0,127.0,2,1,1,2,23.0,sedang,SHM,6.0,18.3,0,0,0,633.7
P007437,2025-11-16,jakarta_selatan,rumah,145.0,111.0,1,3,3,2,37.0,baik,SHM,7.5,9.9,0,1,0,4183.8
P007881,2025-11-16,tangerang_selatan,ruko,68.0,150.0,3,2,2,1,26.0,sedang,SHM,11.9,12.5,0,0,0,1183.7
P008176,2025-11-16,semarang,rumah,113.0,122.0,2,4,4,1,10.0,sedang,SHM,5.7,2.6,1,1,0,1409.6
P008242,2025-11-16,yogyakarta,rumah,308.0,106.0,1,2,2,2,8.0,baik,SHM,5.2,2.8,0,1,0,3135.1
P009053,2025-11-16,semarang,rumah,85.0,84.0,2,3,2,2,18.0,baik,girik_ajb,6.0,13.0,0,1,0,586.0
P000015,2025-11-17,bekasi,rumah,56.0,57.0,2,2,2,0,16.0,baik,SHM,9.6,28.3,0,0,1,468.3
P000057,2025-11-17,bekasi,ruko,66.0,154.0,3,2,2,2,45.0,sedang,HGB,2.6,3.4,1,0,0,1045.7
P001579,2025-11-17,yogyakarta,rumah,201.0,174.0,1,4,3,3,24.0,sedang,HGB,3.7,14.0,0,1,0,1414.9
P002107,2025-11-17,bandung,rumah,110.0,77.0,1,3,2,2,10.0,sedang,HGB,2.5,16.0,0,1,0,778.4
P004262,2025-11-17,semarang,townhouse,70.0,104.0,2,3,2,0,14.0,baik,SHM,4.5,13.0,0,1,0,697.4
P004914,2025-11-17,yogyakarta,rumah,107.0,76.0,2,2,2,2,18.0,sedang,SHM,4.9,9.3,1,0,0,998.3
P006412,2025-11-17,bandung,rumah,37.0,24.0,1,1,1,1,29.0,sedang,SHM,6.0,17.2,1,0,0,282.6
P006661,2025-11-17,tangerang_selatan,rumah,93.0,69.0,2,2,2,1,30.0,baik,HGB,2.5,4.9,0,1,0,1248.9
P008766,2025-11-17,bekasi,rumah,98.0,87.0,2,3,2,2,9.0,sedang,SHM,5.3,17.2,1,0,0,700.5
P009866,2025-11-17,bekasi,townhouse,111.0,142.0,2,5,4,1,3.0,baik,SHM,4.9,16.2,1,0,1,1407.5
P009873,2025-11-17,bandung,rumah,159.0,94.0,1,2,2,3,14.0,baik,SHM,8.9,17.7,0,0,0,1386.3
P000751,2025-11-18,tangerang_selatan,rumah,68.0,48.0,1,2,1,1,11.0,baik,HGB,2.7,9.9,0,1,0,757.7
P003186,2025-11-18,jakarta_selatan,rumah,82.0,65.0,1,2,2,1,9.0,sedang,SHM,4.7,6.3,1,1,0,2316.7
P003353,2025-11-18,jakarta_selatan,rumah,125.0,109.0,2,3,3,1,,sedang,SHM,9.0,13.7,0,0,0,2872.1
P003667,2025-11-18,jakarta_barat,rumah,289.0,416.0,2,10,8,4,15.0,baik,HGB,3.4,12.8,1,1,0,4196.6
P003975,2025-11-18,jakarta_selatan,ruko,87.0,183.0,3,3,2,2,14.0,baik,SHM,12.8,4.7,0,1,0,3916.3
P006137,2025-11-18,yogyakarta,rumah,119.0,163.0,2,4,3,2,11.0,sedang,HGB,4.2,17.7,0,0,0,1116.9
P008419,2025-11-18,tangerang_selatan,rumah,155.0,222.0,3,6,5,1,31.0,perlu_renovasi,SHM,4.4,20.5,0,1,0,1615.8
P008877,2025-11-18,semarang,rumah,90.0,140.0,2,4,3,1,30.0,sedang,HGB,3.7,3.0,1,1,0,928.9
P009515,2025-11-18,jakarta_barat,rumah,195.0,259.0,2,6,6,1,18.0,sedang,SHM,4.5,7.1,1,0,0,4416.0
P006582,2025-11-19,bogor,rumah,194.0,90.0,1,3,3,3,22.0,sedang,SHM,4.6,26.4,0,0,0,787.3
P006749,2025-11-19,bekasi,rumah,138.0,179.0,2,5,5,1,16.0,sedang,SHM,3.5,20.5,0,0,0,1135.6
P007220,2025-11-19,jakarta_barat,rumah,85.0,98.0,2,2,2,1,13.0,sedang,SHM,5.1,10.4,0,0,1,1310.2
P008567,2025-11-19,semarang,ruko,71.0,95.0,3,1,1,1,2.0,baik,SHM,14.8,13.3,1,0,1,803.4
P008814,2025-11-19,yogyakarta,rumah,195.0,238.0,2,6,5,1,2.0,baik,SHM,4.2,3.7,1,1,0,3370.9
P009134,2025-11-19,bogor,rumah,115.0,54.0,1,2,2,2,15.0,sedang,SHM,7.1,17.3,0,0,0,631.0
P002349,2025-11-20,jakarta_selatan,ruko,45.0,94.0,3,1,1,0,12.0,baik,SHM,4.7,16.7,0,0,0,1134.1
P002834,2025-11-20,surabaya,rumah,216.0,313.0,2,7,7,2,3.0,baik,SHM,3.7,5.6,0,1,0,4384.4
P003346,2025-11-20,bandung,ruko,42.0,82.0,4,1,1,1,6.0,baik,SHM,10.8,19.0,0,0,1,609.2
P004336,2025-11-20,jakarta_selatan,townhouse,102.0,114.0,2,4,3,0,15.0,perlu_renovasi,SHM,5.2,4.0,1,0,0,3459.0
P004548,2025-11-20,tangerang_selatan,rumah,163.0,236.0,3,7,7,2,8.0,sedang,SHM,9.0,3.8,1,0,0,4167.4
P001061,2025-11-21,yogyakarta,ruko,88.0,116.0,2,1,1,1,,sedang,SHM,5.5,9.5,0,1,0,1422.5
P001720,2025-11-21,surabaya,rumah,125.0,116.0,2,3,3,2,2.0,baik,SHM,2.5,24.6,0,0,0,1031.0
P001723,2025-11-21,bandung,rumah,170.0,98.0,1,3,2,2,23.0,baik,HGB,4.4,13.9,0,0,0,1163.2
P002012,2025-11-21,tangerang_selatan,rumah,93.0,49.0,1,1,1,1,26.0,baik,SHM,2.6,4.2,1,1,0,1383.0
P002099,2025-11-21,jakarta_barat,ruko,71.0,80.0,3,0,1,0,60.0,sedang,SHM,4.9,17.7,0,0,0,825.3
P003127,2025-11-21,depok,rumah,198.0,101.0,1,2,1,2,12.0,sedang,SHM,4.6,16.6,0,0,0,1406.3
P003154,2025-11-21,jakarta_barat,ruko,114.0,207.0,2,5,5,2,5.0,baik,SHM,7.8,14.2,1,1,0,3332.9
P004926,2025-11-21,tangerang_selatan,townhouse,72.0,106.0,2,3,2,0,15.0,sedang,SHM,7.0,17.8,0,0,0,931.9
P005832,2025-11-21,tangerang_selatan,rumah,72.0,89.0,2,3,2,0,10.0,baik,HGB,9.1,10.4,1,1,0,1335.7
P006696,2025-11-21,tangerang_selatan,ruko,46.0,105.0,3,1,1,2,9.0,baik,HGB,10.4,12.4,0,0,1,1015.0
P008128,2025-11-21,bandung,rumah,67.0,30.0,1,1,1,0,23.0,sedang,SHM,3.7,7.2,1,0,0,608.1
P009384,2025-11-21,semarang,rumah,125.0,47.0,1,2,2,2,34.0,perlu_renovasi,SHM,16.9,15.3,0,0,0,598.1
P000414,2025-11-22,semarang,ruko,100.0,180.0,3,3,3,1,41.0,sedang,SHM,10.4,11.3,0,0,0,740.5
P002117,2025-11-22,tangerang_selatan,rumah,137.0,58.0,1,2,2,0,22.0,sedang,SHM,7.5,11.4,1,1,0,1900.7
P003352,2025-11-22,jakarta_selatan,rumah,116.0,103.0,2,3,3,1,31.0,sedang,HGB,8.3,16.2,1,0,1,1841.6
P004252,2025-11-22,jakarta_barat,townhouse,83.0,75.0,2,2,2,1,2.0,sedang,SHM,4.4,7.0,1,0,0,1604.9
P004654,2025-11-22,jakarta_barat,rumah,175.0,128.0,2,3,2,1,8.0,sedang,SHM,6.2,13.4,0,0,0,2719.7
P005392,2025-11-22,bekasi,rumah,117.0,156.0,2,4,4,2,9.0,baik,SHM,4.0,9.9,0,1,0,1524.3
P009337,2025-11-22,bekasi,rumah,161.0,255.0,2,7,5,2,17.0,perlu_renovasi,HGB,4.7,24.4,0,0,1,984.7
P000586,2025-11-23,bogor,rumah,90.0,64.0,1,2,2,1,10.0,baik,SHM,12.5,21.5,0,0,0,553.4
P000954,2025-11-23,jakarta_barat,rumah,113.0,137.0,2,4,3,1,4.0,baik,SHM,3.1,15.9,0,0,0,1683.8
P002292,2025-11-23,bandung,townhouse,144.0,193.0,3,5,5,2,6.0,sedang,SHM,5.5,16.3,0,0,0,1745.7
P002723,2025-11-23,bekasi,rumah,103.0,158.0,3,4,3,1,2.0,sedang,SHM,4.8,3.7,0,0,0,1529.3
P003537,2025-11-23,tangerang_selatan,rumah,190.0,128.0,1,4,4,2,10.0,baik,SHM,9.8,19.4,1,0,0,2150.0
P003568,2025-11-23,depok,rumah,61.0,146.0,3,3,3,1,6.0,baik,HGB,5.4,6.2,1,0,1,1466.2
P006161,2025-11-23,bandung,rumah,118.0,83.0,1,2,2,2,19.0,perlu_renovasi,SHM,3.3,5.6,1,0,1,1149.0
P006693,2025-11-23,semarang,rumah,76.0,114.0,2,4,4,0,14.0,perlu_renovasi,HGB,2.0,12.5,0,0,0,429.4
P008216,2025-11-23,jakarta_selatan,rumah,83.0,103.0,2,3,2,1,2.0,baik,SHM,6.1,16.0,0,0,1,1740.7
P001256,2025-11-24,surabaya,rumah,111.0,107.0,2,3,2,1,33.0,sedang,SHM,5.3,3.2,1,0,1,1476.0
P004649,2025-11-24,tangerang_selatan,rumah,177.0,80.0,1,2,2,3,5.0,baik,SHM,2.8,22.7,0,0,1,1079.2
P005834,2025-11-24,bandung,rumah,114.0,75.0,1,2,1,1,8.0,baik,HGB,5.5,14.1,0,0,0,854.5
P005858,2025-11-24,depok,rumah,159.0,66.0,1,2,1,2,23.0,sedang,HGB,7.5,5.0,0,1,0,1918.1
P009542,2025-11-24,yogyakarta,rumah,181.0,114.0,1,3,3,3,12.0,baik,SHM,4.4,14.9,1,0,0,1378.5
P000046,2025-11-25,surabaya,rumah,76.0,31.0,1,1,1,1,11.0,baik,SHM,4.1,12.8,1,0,0,642.4
P000775,2025-11-25,jakarta_selatan,townhouse,71.0,107.0,2,4,3,0,14.0,perlu_renovasi,SHM,7.9,4.4,1,0,0,2518.3
P002502,2025-11-25,bandung,rumah,92.0,148.0,2,4,4,1,8.0,sedang,SHM,3.7,3.6,1,1,0,1704.9
P004539,2025-11-25,jakarta_barat,rumah,55.0,28.0,1,1,1,1,6.0,baik,SHM,8.3,19.2,0,0,1,573.4
P006285,2025-11-25,surabaya,rumah,126.0,96.0,1,3,3,1,7.0,baik,HGB,4.7,18.7,0,0,0,1084.8
P008363,2025-11-25,depok,rumah,99.0,75.0,1,2,2,0,6.0,baik,SHM,2.6,4.0,0,0,1,1085.1
P000001,2025-11-26,surabaya,townhouse,96.0,225.0,3,7,6,1,3.0,baik,SHM,8.7,18.6,0,0,0,2123.4
P001825,2025-11-26,bandung,rumah,56.0,32.0,1,1,1,0,11.0,baik,HGB,9.2,15.9,1,0,0,415.6
P002712,2025-11-26,tangerang_selatan,ruko,95.0,138.0,3,2,2,0,30.0,baik,SHM,4.5,8.1,1,0,0,1725.1
P005776,2025-11-26,jakarta_selatan,rumah,101.0,40.0,1,1,1,1,11.0,baik,SHM,6.0,15.5,0,0,0,1940.7
P006576,2025-11-26,bogor,townhouse,82.0,97.0,2,3,2,0,2.0,sedang,SHM,3.7,11.7,0,0,0,819.4
P009446,2025-11-26,tangerang_selatan,rumah,72.0,99.0,2,3,3,0,,baik,SHM,3.9,15.3,0,0,0,1126.4
P000466,2025-11-27,bandung,rumah,159.0,117.0,1,3,3,1,9.0,baik,SHM,4.3,19.2,1,0,0,1444.5
P000816,2025-11-27,semarang,ruko,79.0,116.0,3,1,1,1,14.0,baik,HGB,1.5,3.3,0,0,0,852.0
P000927,2025-11-27,jakarta_barat,rumah,74.0,38.0,1,1,1,1,9.0,baik,HGB,5.0,12.5,0,0,0,826.4
P004278,2025-11-27,surabaya,rumah,198.0,176.0,2,4,4,1,11.0,baik,SHM,5.2,6.0,0,1,0,3281.4
P004897,2025-11-27,tangerang_selatan,rumah,66.0,40.0,1,1,1,0,14.0,sedang,SHM,7.5,4.3,0,0,0,1018.8
P005897,2025-11-27,jakarta_selatan,rumah,110.0,87.0,1,2,2,2,13.0,sedang,girik_ajb,3.4,4.9,1,0,0,2533.6
P007969,2025-11-27,jakarta_selatan,rumah,159.0,182.0,2,5,3,2,7.0,baik,SHM,4.7,7.0,1,1,0,5308.9
P009096,2025-11-27,bogor,rumah,253.0,186.0,2,6,4,2,4.0,sedang,HGB,3.1,16.1,1,0,0,1616.5
P005249,2025-11-28,jakarta_selatan,rumah,171.0,69.0,1,2,1,2,12.0,baik,SHM,6.6,11.3,0,0,0,4208.2
P007872,2025-11-28,jakarta_selatan,rumah,224.0,108.0,1,3,2,1,21.0,sedang,SHM,4.0,16.5,0,1,0,4460.1
P008734,2025-11-28,depok,rumah,63.0,40.0,1,1,1,0,18.0,perlu_renovasi,HGB,3.8,23.3,0,0,1,396.2
P008872,2025-11-28,semarang,rumah,185.0,130.0,1,3,3,2,15.0,baik,SHM,5.3,2.1,1,0,0,1417.9
P000893,2025-11-29,tangerang_selatan,rumah,174.0,180.0,2,6,6,2,60.0,perlu_renovasi,HGB,3.7,22.1,0,0,1,837.2
P000926,2025-11-29,tangerang_selatan,ruko,102.0,154.0,3,3,3,0,27.0,baik,SHM,11.7,7.0,1,1,0,2984.8
P001881,2025-11-29,depok,townhouse,100.0,259.0,3,8,8,1,9.0,baik,SHM,,16.0,0,0,0,2219.5
P003524,2025-11-29,bekasi,rumah,111.0,57.0,1,1,1,1,4.0,sedang,HGB,4.6,9.0,1,0,1,855.3
P003961,2025-11-29,tangerang_selatan,rumah,104.0,118.0,2,3,2,1,,baik,SHM,6.3,23.5,0,0,0,1405.2
P004602,2025-11-29,semarang,rumah,228.0,307.0,2,9,8,3,9.0,baik,SHM,4.4,17.7,0,0,1,1864.1
P004731,2025-11-29,tangerang_selatan,townhouse,96.0,113.0,2,4,3,2,,baik,SHM,8.1,19.4,1,0,0,1327.0
P007676,2025-11-29,depok,rumah,91.0,125.0,2,4,4,1,10.0,baik,SHM,4.1,10.0,0,1,0,1332.0
P007962,2025-11-29,tangerang_selatan,ruko,61.0,76.0,2,0,1,1,15.0,sedang,SHM,10.3,23.4,0,0,0,708.1
P001108,2025-12-02,bekasi,rumah,54.0,49.0,2,1,1,2,20.0,sedang,SHM,7.0,15.2,0,0,0,470.3
P001268,2025-12-02,yogyakarta,rumah,115.0,74.0,1,2,1,1,,sedang,SHM,5.7,14.3,0,0,1,497.3
P001830,2025-12-02,depok,rumah,227.0,180.0,2,5,3,3,10.0,baik,SHM,2.7,5.0,0,0,0,2339.3
P003088,2025-12-02,bekasi,townhouse,67.0,91.0,3,2,1,0,4.0,baik,SHM,4.5,6.5,1,1,1,1190.6
P005633,2025-12-02,bekasi,rumah,156.0,134.0,1,3,2,1,5.0,baik,SHM,2.4,6.6,1,1,0,1998.1
P007869,2025-12-02,bogor,ruko,75.0,208.0,4,3,2,0,5.0,sedang,girik_ajb,9.9,21.5,0,0,0,1244.0
P008850,2025-12-02,yogyakarta,rumah,142.0,158.0,2,5,5,1,17.0,sedang,SHM,4.2,3.8,0,0,0,2139.2
P001699,2025-12-03,yogyakarta,rumah,74.0,72.0,2,2,2,1,9.0,baik,SHM,3.3,16.8,0,0,0,805.6
P002702,2025-12-03,depok,rumah,116.0,90.0,2,2,2,1,30.0,sedang,HGB,7.1,18.8,0,0,0,695.5
P002708,2025-12-03,tangerang_selatan,rumah,66.0,74.0,2,2,1,1,3.0,sedang,SHM,6.5,6.4,1,0,0,1347.7
P005676,2025-12-03,semarang,rumah,73.0,37.0,1,1,1,1,13.0,perlu_renovasi,SHM,8.7,5.0,0,1,1,574.0
P006691,2025-12-03,bekasi,rumah,87.0,158.0,3,5,3,0,8.0,sedang,SHM,3.7,7.3,0,0,0,1517.9
P007124,2025-12-03,surabaya,rumah,97.0,50.0,1,2,2,1,7.0,baik,girik_ajb,6.4,24.7,0,0,1,609.6
P008146,2025-12-03,bogor,townhouse,47.0,61.0,2,2,1,0,12.0,sedang,SHM,5.1,10.5,0,1,1,497.0
P009193,2025-12-03,depok,rumah,111.0,184.0,3,4,4,2,8.0,baik,HGB,4.1,11.9,1,1,0,1594.5
P003122,2025-12-04,tangerang_selatan,rumah,81.0,131.0,2,3,3,1,0.0,baik,girik_ajb,2.8,14.9,0,0,1,1188.5
P003401,2025-12-04,jakarta_selatan,rumah,202.0,233.0,2,6,4,2,35.0,perlu_renovasi,SHM,5.5,5.6,0,0,0,4925.1
P005520,2025-12-04,bogor,rumah,98.0,55.0,1,2,1,0,11.0,baik,SHM,5.6,23.3,0,0,0,541.7
P005812,2025-12-04,jakarta_selatan,rumah,103.0,134.0,2,4,4,2,20.0,perlu_renovasi,SHM,7.2,12.0,1,0,0,2615.4
P006019,2025-12-04,bandung,rumah,136.0,287.0,3,9,7,1,8.0,sedang,SHM,2.6,16.1,0,0,0,1884.4
P007592,2025-12-04,semarang,rumah,92.0,55.0,1,2,2,1,8.0,baik,SHM,5.8,10.7,0,0,0,662.2
P000256,2025-12-05,bandung,rumah,181.0,83.0,1,2,1,2,12.0,sedang,SHM,2.3,8.1,1,0,0,1347.8
P001749,2025-12-05,depok,rumah,193.0,221.0,2,6,5,2,10.0,sedang,SHM,2.7,9.8,0,0,0,1940.7
P001929,2025-12-05,jakarta_selatan,rumah,102.0,55.0,1,1,1,1,9.0,baik,SHM,3.7,13.5,0,0,0,2244.5
P005949,2025-12-05,bekasi,rumah,130.0,70.0,1,2,1,1,2.0,baik,SHM,3.4,9.7,0,0,1,1231.8
P006759,2025-12-05,bekasi,townhouse,68.0,59.0,2,2,2,1,15.0,sedang,HGB,3.8,15.5,0,0,0,593.6
P006761,2025-12-05,jakarta_selatan,rumah,128.0,106.0,2,2,2,2,39.0,baik,HGB,4.8,16.3,0,0,0,2272.4
P007149,2025-12-05,bandung,ruko,58.0,91.0,3,0,1,1,16.0,sedang,SHM,13.8,6.7,0,0,0,974.4
P008367,2025-12-05,jakarta_selatan,rumah,155.0,214.0,2,6,6,2,22.0,sedang,SHM,5.6,17.8,0,0,0,3025.5
P008381,2025-12-05,depok,rumah,108.0,44.0,1,1,1,1,15.0,sedang,SHM,2.2,6.1,1,0,0,843.5
P000899,2025-12-06,jakarta_barat,rumah,51.0,48.0,2,1,1,0,7.0,sedang,SHM,6.4,3.4,1,1,0,1309.7
P001687,2025-12-06,depok,townhouse,84.0,87.0,2,3,3,1,4.0,sedang,SHM,1.5,7.4,0,0,0,1234.4
P003291,2025-12-06,bekasi,rumah,99.0,75.0,2,2,1,2,6.0,sedang,HGB,3.2,23.7,0,0,0,674.4
P004316,2025-12-06,bogor,ruko,45.0,161.0,4,2,1,0,14.0,baik,HGB,6.8,5.3,0,0,0,942.0
P005743,2025-12-06,surabaya,rumah,102.0,33.0,1,1,1,1,12.0,baik,SHM,4.0,19.4,1,0,0,729.7
P006903,2025-12-06,bandung,rumah,121.0,100.0,2,3,3,1,22.0,sedang,HGB,6.1,12.6,1,0,0,1166.2
P007607,2025-12-06,surabaya,rumah,106.0,164.0,2,5,4,1,3.0,perlu_renovasi,girik_ajb,5.6,21.4,0,0,0,836.3
P000658,2025-12-07,tangerang_selatan,rumah,133.0,167.0,3,4,4,2,5.0,sedang,HGB,2.7,19.7,0,0,0,1448.4
P001009,2025-12-07,bandung,rumah,153.0,65.0,1,2,1,1,38.0,perlu_renovasi,SHM,6.9,8.8,1,0,0,1529.1
P001076,2025-12-07,tangerang_selatan,rumah,146.0,91.0,1,2,2,2,2.0,baik,HGB,5.1,9.9,0,0,0,1980.3
P002007,2025-12-07,depok,rumah,66.0,30.0,1,1,1,0,13.0,sedang,SHM,5.8,8.2,1,1,1,599.0
P008361,2025-12-07,jakarta_barat,rumah,69.0,31.0,1,1,1,0,11.0,baik,SHM,4.4,13.2,0,0,1,699.0
P002286,2025-12-08,jakarta_selatan,rumah,120.0,45.0,1,1,1,1,22.0,baik,SHM,4.5,5.2,0,0,0,2985.1
P003326,2025-12-08,surabaya,rumah,162.0,133.0,1,4,4,2,3.0,sedang,SHM,3.1,15.6,0,0,0,1961.2
P004707,2025-12-08,jakarta_selatan,rumah,74.0,45.0,1,1,1,2,11.0,sedang,HGB,3.9,7.3,0,1,0,1956.9
P004725,2025-12-08,jakarta_selatan,rumah,102.0,85.0,1,2,2,0,9.0,sedang,HGB,5.6,4.6,1,0,0,2979.9
P005981,2025-12-08,depok,townhouse,71.0,54.0,2,2,2,1,15.0,baik,HGB,6.0,3.7,1,1,0,1068.5
P006151,2025-12-08,surabaya,rumah,72.0,55.0,1,2,1,1,6.0,baik,SHM,9.4,7.3,1,0,0,1119.1
P006640,2025-12-08,bekasi,rumah,61.0,49.0,1,2,2,1,2.0,baik,SHM,4.1,14.3,0,0,0,683.4
P008035,2025-12-08,jakarta_selatan,rumah,131.0,52.0,1,1,1,2,16.0,sedang,SHM,4.5,8.8,0,0,1,2969.4
P008511,2025-12-08,tangerang_selatan,rumah,111.0,47.0,1,2,2,1,10.0,baik,SHM,3.5,15.6,0,0,0,1182.7
P009616,2025-12-08,bekasi,rumah,112.0,74.0,1,2,1,1,22.0,sedang,SHM,7.6,10.4,1,1,0,1088.8
P000485,2025-12-09,jakarta_selatan,townhouse,54.0,56.0,2,1,1,0,15.0,sedang,SHM,8.0,6.2,1,1,1,1675.9
P000686,2025-12-09,tangerang_selatan,rumah,140.0,92.0,1,2,2,2,10.0,baik,SHM,6.0,14.7,0,0,0,1823.5
P001959,2025-12-09,surabaya,rumah,166.0,288.0,2,7,5,1,9.0,baik,SHM,5.0,19.6,0,0,0,2538.8
P004687,2025-12-09,tangerang_selatan,townhouse,81.0,123.0,2,4,4,1,,baik,SHM,5.7,8.0,1,0,0,2084.2
P006930,2025-12-09,yogyakarta,ruko,62.0,105.0,3,1,1,0,12.0,baik,SHM,13.1,4.8,0,1,0,1136.6
P008327,2025-12-09,bandung,ruko,61.0,179.0,4,2,2,0,34.0,perlu_renovasi,SHM,8.7,10.1,0,0,0,741.9
P008860,2025-12-09,jakarta_barat,rumah,327.0,284.0,2,9,8,4,7.0,baik,HGB,5.2,16.7,0,0,0,3723.0
P009652,2025-12-09,surabaya,ruko,74.0,121.0,3,2,2,2,31.0,baik,SHM,13.1,8.5,1,0,0,1306.5
P009707,2025-12-09,bandung,ruko,85.0,135.0,3,2,2,1,19.0,perlu_renovasi,HGB,5.3,16.3,1,0,0,1037.5
P009941,2025-12-09,semarang,rumah,52.0,28.0,1,1,1,1,10.0,baik,SHM,4.1,19.9,0,0,0,283.6
P009951,2025-12-09,jakarta_selatan,rumah,122.0,99.0,2,3,3,1,14.0,perlu_renovasi,HGB,4.6,15.2,1,1,0,2490.0
P000049,2025-12-10,bandung,rumah,149.0,124.0,2,3,3,1,,sedang,SHM,5.0,21.2,0,0,0,832.9
P000267,2025-12-10,tangerang_selatan,rumah,40.0,56.0,2,2,2,0,14.0,baik,SHM,4.2,13.4,0,0,0,601.6
P002375,2025-12-10,bekasi,rumah,75.0,83.0,2,2,1,1,8.0,baik,SHM,5.1,7.9,0,0,1,913.0
P003107,2025-12-10,tangerang_selatan,rumah,124.0,97.0,1,2,2,2,29.0,baik,SHM,12.5,21.9,0,0,0,1045.5
P003202,2025-12-10,semarang,rumah,59.0,49.0,2,1,1,1,6.0,baik,SHM,5.5,2.0,1,0,0,657.0
P004456,2025-12-10,tangerang_selatan,townhouse,101.0,100.0,2,3,3,1,15.0,sedang,SHM,4.9,7.8,0,0,0,1828.1
P005343,2025-12-10,surabaya,rumah,83.0,138.0,2,4,3,0,11.0,baik,SHM,3.1,14.6,0,0,0,1374.3
P005929,2025-12-10,semarang,rumah,89.0,100.0,2,2,1,2,4.0,sedang,HGB,5.7,8.8,0,1,0,941.2
P006024,2025-12-10,semarang,rumah,129.0,79.0,1,2,2,1,8.0,sedang,SHM,3.6,13.6,0,0,0,907.0
P006101,2025-12-10,depok,rumah,96.0,66.0,1,2,2,1,5.0,baik,HGB,5.4,18.3,1,0,0,882.8
P008569,2025-12-10,bandung,rumah,140.0,164.0,2,4,4,1,22.0,sedang,HGB,4.3,18.2,0,0,0,1078.0
P001626,2025-12-11,bandung,rumah,88.0,82.0,2,2,1,1,5.0,baik,HGB,4.0,8.0,1,0,0,1185.6
P002897,2025-12-11,yogyakarta,rumah,94.0,69.0,1,2,2,1,10.0,baik,SHM,8.7,6.9,0,1,0,1208.6
P004437,2025-12-11,surabaya,rumah,91.0,90.0,2,2,2,1,11.0,sedang,SHM,5.6,5.4,0,0,0,1233.8
P004578,2025-12-11,jakarta_selatan,rumah,168.0,258.0,2,8,5,1,19.0,baik,SHM,4.4,3.2,0,1,0,5281.5
P000170,2025-12-12,yogyakarta,rumah,131.0,303.0,3,9,6,1,15.0,sedang,SHM,3.2,4.6,1,1,0,2293.1
P001098,2025-12-12,surabaya,rumah,209.0,92.0,1,2,2,3,12.0,sedang,SHM,12.5,17.5,0,0,0,1719.2
P001196,2025-12-12,jakarta_barat,rumah,242.0,292.0,2,7,8,4,5.0,baik,SHM,5.0,13.4,0,0,0,3870.3
P005029,2025-12-12,bogor,rumah,103.0,63.0,1,2,2,2,,baik,HGB,11.6,20.8,0,0,0,653.3
P006219,2025-12-12,jakarta_barat,ruko,60.0,77.0,3,1,1,1,22.0,sedang,HGB,5.1,13.9,0,1,0,1079.3
P007673,2025-12-12,yogyakarta,rumah,51.0,34.0,1,1,1,0,19.0,sedang,SHM,6.9,9.1,1,1,0,450.0
P007879,2025-12-12,yogyakarta,rumah,46.0,39.0,1,1,1,2,5.0,baik,girik_ajb,10.6,4.7,0,0,0,505.3
P000360,2025-12-13,bogor,townhouse,63.0,140.0,3,5,4,2,8.0,sedang,SHM,5.7,22.2,0,0,0,629.6
P000837,2025-12-13,bandung,townhouse,67.0,97.0,2,2,1,1,15.0,sedang,HGB,5.1,8.9,0,0,0,843.6
P001184,2025-12-13,jakarta_barat,rumah,340.0,243.0,1,7,7,3,28.0,sedang,SHM,3.5,17.7,0,0,0,3746.0
P007936,2025-12-13,tangerang_selatan,rumah,121.0,113.0,2,3,2,2,3.0,baik,SHM,7.7,13.9,1,1,0,2263.2
P008004,2025-12-13,jakarta_selatan,rumah,213.0,192.0,2,4,3,3,29.0,baik,HGB,13.3,7.8,0,0,0,5633.1
P008546,2025-12-13,depok,rumah,174.0,68.0,1,2,2,3,10.0,baik,SHM,5.6,17.1,1,0,0,1568.8
P008627,2025-12-13,tangerang_selatan,rumah,188.0,186.0,2,5,5,2,15.0,baik,SHM,4.8,12.5,0,0,0,2385.0
P009034,2025-12-13,semarang,rumah,148.0,90.0,1,2,2,1,34.0,sedang,SHM,4.7,16.8,1,0,0,561.8
P009964,2025-12-13,yogyakarta,rumah,105.0,60.0,1,2,1,1,3.0,baik,SHM,4.9,19.2,1,1,0,802.2
P002110,2025-12-14,jakarta_barat,townhouse,100.0,205.0,3,7,5,1,10.0,baik,HGB,7.5,3.3,1,1,0,3117.9
P004946,2025-12-14,surabaya,rumah,172.0,162.0,2,4,4,2,9.0,baik,SHM,3.4,12.2,0,0,0,2035.9
P006086,2025-12-14,surabaya,rumah,49.0,23.0,1,1,1,1,4.0,baik,SHM,3.7,14.3,1,0,0,547.0
P006299,2025-12-14,tangerang_selatan,rumah,99.0,164.0,2,6,5,1,24.0,sedang,SHM,2.9,7.9,0,1,0,1563.0
P008093,2025-12-14,tangerang_selatan,rumah,127.0,83.0,1,2,1,2,60.0,baik,SHM,6.9,10.6,1,0,1,1385.5
P009969,2025-12-14,jakarta_barat,rumah,136.0,78.0,1,2,1,2,4.0,baik,SHM,4.7,14.7,1,0,0,1858.5
P000338,2025-12-15,bandung,rumah,147.0,73.0,1,2,2,1,13.0,perlu_renovasi,SHM,6.4,20.6,0,0,0,756.8
P002034,2025-12-15,bekasi,rumah,99.0,85.0,2,3,3,1,6.0,sedang,SHM,3.0,7.1,1,0,0,1127.2
P005735,2025-12-15,jakarta_barat,rumah,157.0,194.0,2,5,5,2,17.0,perlu_renovasi,HGB,5.1,17.2,0,1,1,1569.9
P007696,2025-12-15,bogor,ruko,56.0,97.0,3,0,1,0,26.0,baik,SHM,1.5,27.8,0,0,0,387.5
P007776,2025-12-15,bekasi,ruko,84.0,113.0,3,1,1,1,11.0,baik,HGB,11.3,10.3,0,0,0,1556.3
P000222,2025-12-16,depok,townhouse,69.0,82.0,2,2,2,1,3.0,sedang,SHM,8.5,18.8,0,0,1,811.3
P002918,2025-12-16,surabaya,rumah,117.0,130.0,2,3,3,2,38.0,baik,SHM,4.9,21.3,1,0,0,851.4
P003171,2025-12-16,yogyakarta,rumah,68.0,128.0,3,3,3,0,2.0,baik,HGB,3.3,19.9,0,0,1,912.4
P003432,2025-12-16,depok,rumah,269.0,193.0,2,6,6,3,15.0,sedang,SHM,6.0,12.6,0,0,0,3077.9
P006264,2025-12-16,bandung,rumah,87.0,55.0,1,2,2,1,9.0,baik,SHM,4.1,2.9,0,0,0,1147.7
P006566,2025-12-16,bandung,rumah,256.0,335.0,2,8,5,2,10.0,sedang,HGB,3.1,15.6,1,0,0,2391.5
P009737,2025-12-16,jakarta_selatan,ruko,90.0,218.0,3,4,4,1,4.0,sedang,SHM,11.6,12.2,0,1,0,2981.7
P001677,2025-12-17,bandung,townhouse,81.0,104.0,3,3,2,1,14.0,perlu_renovasi,girik_ajb,5.7,7.9,0,0,0,777.7
P002943,2025-12-17,surabaya,rumah,259.0,196.0,1,5,4,4,5.0,sedang,SHM,4.0,16.0,0,1,0,2477.5
P009566,2025-12-17,depok,ruko,79.0,160.0,3,2,2,1,11.0,baik,HGB,5.8,16.0,0,0,1,1154.2
P009777,2025-12-17,jakarta_selatan,townhouse,81.0,78.0,2,2,2,1,13.0,baik,SHM,2.3,6.8,0,1,0,1733.9
P009828,2025-12-17,depok,ruko,88.0,201.0,3,3,2,1,13.0,sedang,SHM,7.7,7.1,1,0,0,1762.6
P001703,2025-12-18,bekasi,rumah,118.0,141.0,2,4,4,2,19.0,baik,SHM,4.6,8.6,0,0,0,1389.7
P001962,2025-12-18,bekasi,ruko,71.0,91.0,2,1,1,1,27.0,sedang,SHM,8.5,7.8,1,0,0,872.1
P003109,2025-12-18,jakarta_barat,rumah,116.0,93.0,2,2,2,2,5.0,sedang,HGB,8.6,16.6,1,0,0,1596.9
P004887,2025-12-18,jakarta_selatan,rumah,107.0,167.0,2,4,4,1,13.0,sedang,HGB,10.3,11.0,0,0,0,2540.8
P005326,2025-12-18,jakarta_barat,rumah,160.0,216.0,2,6,4,1,11.0,baik,girik_ajb,2.3,8.4,0,0,0,2264.4
P006153,2025-12-18,bekasi,rumah,232.0,141.0,1,3,2,2,5.0,baik,girik_ajb,5.8,13.2,0,0,0,1457.7
P006464,2025-12-18,tangerang_selatan,ruko,100.0,232.0,3,4,3,1,7.0,baik,SHM,11.8,4.3,1,0,0,3564.6
P007663,2025-12-18,bandung,ruko,55.0,43.0,2,0,1,1,17.0,baik,SHM,12.7,4.7,0,0,0,986.6
P008063,2025-12-18,depok,rumah,364.0,195.0,1,5,4,4,14.0,baik,HGB,,22.0,0,0,0,2221.3
P008425,2025-12-18,tangerang_selatan,rumah,247.0,362.0,2,9,8,3,3.0,sedang,SHM,3.3,17.7,0,0,1,3444.3
P009998,2025-12-18,jakarta_barat,rumah,196.0,100.0,1,2,1,3,17.0,perlu_renovasi,SHM,3.3,17.4,0,0,0,1645.3
P002448,2025-12-19,bekasi,ruko,42.0,103.0,3,1,1,0,11.0,baik,SHM,9.9,19.4,0,0,0,726.7
P004104,2025-12-19,tangerang_selatan,rumah,85.0,164.0,3,4,4,1,19.0,sedang,SHM,5.7,24.8,0,0,0,1003.7
P004284,2025-12-19,jakarta_barat,rumah,74.0,57.0,2,2,2,1,12.0,baik,SHM,9.5,14.9,1,0,0,1104.3
P008042,2025-12-19,bekasi,ruko,64.0,122.0,3,2,2,2,37.0,sedang,SHM,12.7,28.0,0,0,0,454.3
P008879,2025-12-19,jakarta_barat,townhouse,73.0,112.0,2,3,3,2,4.0,sedang,SHM,7.7,11.3,1,0,0,1462.9
P009381,2025-12-19,bekasi,rumah,122.0,80.0,1,3,3,0,4.0,baik,SHM,6.8,4.0,1,1,1,1712.3
P009391,2025-12-19,bogor,rumah,127.0,118.0,2,4,4,1,,baik,SHM,4.0,11.2,0,0,0,775.7
P000404,2025-12-20,jakarta_selatan,rumah,77.0,110.0,2,3,3,1,12.0,baik,SHM,4.2,11.4,1,0,0,1935.1
P002955,2025-12-20,depok,rumah,141.0,385.0,3,10,8,1,30.0,baik,SHM,2.6,23.2,0,0,0,1582.7
P005285,2025-12-20,jakarta_barat,rumah,109.0,66.0,1,2,1,1,24.0,sedang,SHM,5.2,6.6,0,0,0,1655.4
P007313,2025-12-20,bekasi,townhouse,140.0,144.0,2,5,4,3,15.0,baik,SHM,9.4,8.3,0,0,0,1726.5
P007490,2025-12-20,jakarta_selatan,ruko,55.0,55.0,2,0,1,1,27.0,baik,HGB,3.9,14.0,0,0,1,1261.7
P009259,2025-12-20,bekasi,ruko,56.0,96.0,3,1,1,1,5.0,sedang,SHM,7.4,28.1,0,0,0,629.0
P009278,2025-12-20,jakarta_selatan,rumah,65.0,159.0,3,5,4,2,23.0,baik,HGB,3.0,8.5,0,1,0,2031.1
P009453,2025-12-20,surabaya,rumah,132.0,107.0,1,3,2,2,6.0,baik,SHM,5.0,18.8,0,0,0,1165.4
P009994,2025-12-20,jakarta_barat,rumah,93.0,104.0,2,3,3,2,4.0,sedang,SHM,4.9,6.5,0,0,0,2057.2
P003776,2025-12-21,depok,rumah,239.0,407.0,2,10,6,3,5.0,baik,SHM,2.5,11.1,0,0,1,3381.2
P003988,2025-12-21,bekasi,rumah,253.0,366.0,2,9,8,4,12.0,baik,HGB,3.6,30.0,1,0,0,2273.3
P004112,2025-12-21,surabaya,rumah,103.0,177.0,2,4,4,1,9.0,baik,HGB,3.9,12.1,0,0,0,1574.0
P006190,2025-12-21,bogor,ruko,103.0,167.0,3,3,3,1,21.0,baik,SHM,4.2,7.7,0,1,0,1454.6
P007422,2025-12-21,jakarta_barat,rumah,154.0,341.0,3,8,7,2,13.0,sedang,SHM,3.4,13.8,0,0,0,2608.4
P007559,2025-12-21,surabaya,rumah,247.0,283.0,2,7,7,2,2.0,perlu_renovasi,SHM,3.8,2.1,1,0,1,3681.0
P008364,2025-12-21,bekasi,rumah,101.0,111.0,2,3,3,0,21.0,baik,SHM,7.5,19.0,1,1,0,941.3
P000141,2025-12-22,depok,rumah,216.0,123.0,1,4,4,2,2.0,baik,HGB,6.0,3.2,0,0,0,2753.6
P000916,2025-12-22,yogyakarta,rumah,80.0,47.0,1,1,1,2,22.0,sedang,SHM,3.8,19.4,0,0,1,376.3
P001893,2025-12-22,depok,rumah,96.0,75.0,2,2,2,0,29.0,baik,SHM,5.8,16.2,1,0,0,709.6
P003955,2025-12-22,jakarta_selatan,rumah,222.0,196.0,2,4,2,1,8.0,sedang,SHM,6.5,17.6,0,0,0,4975.3
P004014,2025-12-22,jakarta_selatan,rumah,127.0,94.0,2,2,2,1,21.0,perlu_renovasi,SHM,4.3,17.3,0,0,0,2400.0
P005668,2025-12-22,semarang,rumah,75.0,130.0,2,4,3,1,23.0,sedang,SHM,4.4,19.6,0,0,1,579.6
P005716,2025-12-22,jakarta_barat,rumah,140.0,162.0,2,5,4,1,22.0,baik,SHM,5.8,8.1,1,0,0,2260.0
P008062,2025-12-22,tangerang_selatan,rumah,83.0,86.0,2,2,2,0,14.0,sedang,SHM,3.9,3.2,1,0,0,1710.7
P009582,2025-12-22,jakarta_selatan,rumah,87.0,123.0,2,4,3,2,9.0,baik,SHM,4.4,8.5,0,1,0,2749.5
P001488,2025-12-23,bekasi,rumah,76.0,121.0,2,4,3,1,11.0,baik,SHM,5.1,26.5,0,0,0,747.7
P001979,2025-12-23,bandung,rumah,73.0,104.0,2,3,3,1,12.0,baik,SHM,4.4,7.0,0,0,0,1084.4
P002361,2025-12-23,surabaya,rumah,101.0,75.0,1,2,2,2,29.0,perlu_renovasi,HGB,5.9,3.2,0,0,1,990.9
P003185,2025-12-23,jakarta_selatan,rumah,212.0,112.0,1,4,3,2,19.0,sedang,SHM,8.7,11.5,0,0,0,4467.1
P003223,2025-12-23,bandung,rumah,93.0,105.0,2,3,2,2,,baik,SHM,3.6,15.1,1,0,0,919.3
P004893,2025-12-23,bekasi,rumah,104.0,102.0,2,3,2,1,17.0,sedang,HGB,6.6,7.6,1,1,0,1103.8
P002081,2025-12-24,bekasi,townhouse,125.0,112.0,2,3,2,2,9.0,baik,SHM,8.4,27.4,0,0,1,904.4
P008652,2025-12-24,yogyakarta,rumah,155.0,103.0,2,3,2,1,9.0,baik,SHM,8.5,16.1,0,0,0,1283.0
P009283,2025-12-24,depok,rumah,139.0,124.0,2,3,2,1,15.0,baik,girik_ajb,5.8,19.6,0,0,1,960.2
P009408,2025-12-24,jakarta_barat,rumah,161.0,118.0,1,4,3,2,8.0,baik,HGB,5.5,6.0,1,1,0,2854.5
P009798,2025-12-24,tangerang_selatan,rumah,162.0,132.0,1,3,2,1,25.0,baik,SHM,3.8,7.0,0,0,0,2534.5
P000749,2025-12-25,surabaya,rumah,92.0,127.0,2,4,3,3,8.0,baik,SHM,3.3,11.8,0,1,0,1377.6
P002193,2025-12-25,bandung,rumah,125.0,70.0,1,2,1,1,14.0,baik,SHM,4.8,3.7,0,1,1,1449.8
P005852,2025-12-25,surabaya,rumah,174.0,123.0,1,4,3,2,12.0,baik,SHM,6.7,8.0,0,0,0,2477.2
P007222,2025-12-25,jakarta_barat,rumah,64.0,67.0,2,2,2,0,16.0,perlu_renovasi,SHM,3.0,8.3,0,1,0,1260.7
P007287,2025-12-25,surabaya,rumah,125.0,154.0,2,5,5,2,21.0,baik,SHM,5.3,14.9,0,1,0,1771.9
P009361,2025-12-25,tangerang_selatan,rumah,75.0,58.0,2,1,1,1,19.0,baik,SHM,3.2,21.7,0,0,0,829.6
P009871,2025-12-25,jakarta_selatan,rumah,91.0,62.0,2,2,2,1,2.0,sedang,SHM,3.4,8.2,0,0,0,2065.7
P000770,2025-12-26,bogor,townhouse,98.0,205.0,3,6,5,1,,perlu_renovasi,SHM,3.5,24.5,0,0,1,767.0
P001629,2025-12-26,jakarta_barat,rumah,115.0,95.0,2,3,2,2,5.0,sedang,girik_ajb,5.1,8.4,1,0,0,1533.9
P004521,2025-12-26,jakarta_selatan,rumah,145.0,134.0,2,3,2,2,17.0,perlu_renovasi,SHM,6.0,7.0,1,0,0,4367.5
P006419,2025-12-26,semarang,townhouse,78.0,136.0,2,5,5,0,15.0,baik,SHM,3.1,9.9,0,0,0,1095.7
P006848,2025-12-26,bekasi,ruko,73.0,70.0,2,0,1,0,12.0,baik,SHM,5.0,5.8,1,1,0,1093.7
P007148,2025-12-26,surabaya,rumah,126.0,252.0,3,6,5,1,4.0,perlu_renovasi,SHM,7.1,10.5,1,0,0,2489.0
P008215,2025-12-26,tangerang_selatan,rumah,68.0,30.0,1,1,1,1,7.0,sedang,SHM,3.8,22.6,1,0,0,598.9
P001593,2025-12-27,yogyakarta,rumah,169.0,72.0,1,2,2,2,5.0,sedang,SHM,4.8,18.2,0,0,1,870.3
P001607,2025-12-27,yogyakarta,rumah,115.0,183.0,3,6,6,1,16.0,baik,HGB,5.6,13.5,0,1,1,1331.5
P002546,2025-12-27,bekasi,townhouse,76.0,73.0,2,2,2,2,10.0,baik,SHM,2.0,23.5,1,0,0,634.3
P002599,2025-12-27,yogyakarta,rumah,213.0,234.0,2,7,7,3,7.0,perlu_renovasi,SHM,7.4,13.7,0,0,1,1836.9
P003784,2025-12-27,tangerang_selatan,ruko,108.0,164.0,3,2,2,1,,baik,SHM,11.4,3.2,1,1,0,3676.0
P004595,2025-12-27,jakarta_barat,townhouse,61.0,70.0,3,2,1,0,,sedang,HGB,4.3,5.3,0,0,1,997.9
P006747,2025-12-27,bogor,rumah,126.0,86.0,1,2,2,0,3.0,baik,SHM,5.1,5.8,1,0,0,1034.6
P009471,2025-12-27,bandung,ruko,106.0,126.0,2,1,1,1,7.0,baik,SHM,5.3,9.7,1,0,0,1427.1
P001035,2025-12-28,bekasi,rumah,108.0,74.0,2,2,2,1,31.0,baik,SHM,3.9,26.3,0,0,0,546.4
P002015,2025-12-28,bekasi,rumah,208.0,102.0,1,3,3,1,6.0,sedang,SHM,6.4,13.6,0,0,0,2173.4
P006650,2025-12-28,tangerang_selatan,rumah,57.0,29.0,1,1,1,1,20.0,sedang,HGB,5.5,24.2,0,0,0,440.6
P009501,2025-12-28,bandung,townhouse,65.0,109.0,3,3,3,1,,sedang,HGB,19.7,20.3,0,0,0,751.2
P009981,2025-12-28,tangerang_selatan,rumah,85.0,46.0,1,1,1,1,9.0,baik,SHM,7.2,6.9,0,0,0,1250.0
P000070,2025-12-29,bekasi,rumah,135.0,99.0,1,2,2,2,10.0,baik,SHM,10.6,5.9,1,1,0,1452.1
P001225,2025-12-29,jakarta_barat,townhouse,89.0,211.0,3,5,4,1,8.0,sedang,SHM,3.1,4.6,1,0,0,2509.2
P004124,2025-12-29,bekasi,ruko,100.0,152.0,3,2,1,1,15.0,baik,HGB,10.5,17.8,0,0,0,1237.8
P004418,2025-12-29,jakarta_selatan,rumah,248.0,455.0,3,10,6,3,9.0,baik,SHM,6.4,13.9,1,1,0,7600.3
P004423,2025-12-29,bogor,rumah,95.0,90.0,2,3,2,1,11.0,sedang,SHM,4.8,13.9,1,1,0,794.4
P004662,2025-12-29,semarang,rumah,150.0,60.0,1,2,2,2,5.0,baik,HGB,5.6,10.5,1,0,0,852.3
